index,target
0,0.0005119096558659223
1,0.0010818754080812285
2,0.001421599801152519
3,0.0006581440100421091
4,0.0010465643452748
5,0.00010499349099598195
6,0.0018939520868240412
7,0.0004629980642250069
8,5.698973819648046e-05
9,0.0003515539685250434
10,0.00014045542093031198
11,0.0008061611905952782
12,0.0004570080883965294
13,0.00020272809722875332
14,0.00015723072483067032
15,0.00023461282371265804
16,3.136336487519469e-05
17,2.3097463655273157e-05
18,0.0008326861861149473
19,0.00013428710547836714
20,0.0003160270319649364
21,0.00011852625017395012
22,4.038614692358974e-05
23,0.0009978971024165628
24,0.000656601282825188
25,0.0007046875874209852
26,0.00018610806295486852
27,0.00021076828057664553
28,0.0004507320296391713
29,0.9995444726472623
30,0.0001663745948456346
31,8.96911421570265e-05
32,0.00017700089898197878
33,0.0010428932326138445
34,0.00014292440139234813
35,0.0005634910684588503
36,0.00036225005730962693
37,1.8850480169377554e-05
38,5.824471942291136e-05
39,0.0020686590924821695
40,0.018332549741301687
41,4.3596125955621185e-05
42,0.0007701293435493354
43,0.0001815294260409695
44,0.0004575342065777404
45,0.0015725520560745127
46,6.434684613211428e-05
47,9.26160508217901e-05
48,0.0003304881184011542
49,0.000198955428724907
50,0.00018018677078534005
51,0.0002090008073593357
52,0.00013667363651195387
53,4.8243903739522635e-05
54,4.921821529896924e-05
55,0.0006982741533977315
56,3.0011143146368393e-05
57,0.00040303900881838016
58,0.00013225213675950842
59,0.0005117788382079883
60,3.4177297268644476e-05
61,9.341062168018621e-05
62,0.005143539128361884
63,5.862970730310185e-05
64,0.001075152675434989
65,0.00040328477008526884
66,0.0007643499866109261
67,0.00019155573556657745
68,0.0009686628134399574
69,0.0003449665163306372
70,0.0002692117702817535
71,0.00016169807582050853
72,5.713722803967397e-05
73,0.00010156786433459828
74,0.0003629387120123612
75,0.00036531148643539554
76,0.0001982152257854767
77,0.0005498621145136895
78,0.0012516615640819676
79,0.0009102825128358175
80,0.00046053133383945854
81,0.00034571452088152406
82,0.00011397685388794937
83,7.953461355534191e-05
84,0.00016372806146942956
85,0.0014780873377744262
86,0.05356373407446198
87,0.00725181949092501
88,0.0007078005744788661
89,0.00013581381090089882
90,0.00037709877169611334
91,3.4556407578311364e-05
92,6.934759433891684e-05
93,1.9115264906007526e-05
94,2.5486322375429502e-05
95,0.00018605745930711323
96,2.8585071404127428e-05
97,2.1041997078224663e-05
98,4.482151138565742e-05
99,0.0001405528091427661
100,0.0004892625435763044
101,0.9996538666372761
102,0.00034952864945672206
103,0.0004969584080195647
104,5.87930663082855e-05
105,3.35051734612592e-05
106,0.0005277120305894511
107,0.0005832059321306575
108,0.0001400412269381184
109,3.269796392764636e-05
110,4.4254861575669736e-05
111,0.0023419073309825624
112,3.5547649889498896e-05
113,2.939115316607732e-05
114,0.00013175879602551693
115,0.0002498376035818532
116,0.00018317998327337402
117,0.00013109462017893815
118,0.00014037881050674915
119,0.00015472638385892365
120,3.440918866079758e-05
121,0.008187696939884703
122,4.635394183157428e-05
123,4.4513815334183766e-05
124,0.0002573358122022973
125,0.0002575931931100337
126,0.0004596388250750147
127,0.002600630999922392
128,7.74710109048416e-05
129,0.017031906871941643
130,0.0606568781206405
131,0.010863860431146479
132,0.999586673575458
133,0.00019536687548217603
134,0.003496615027469504
135,0.00021138765117399258
136,0.00022835311282176093
137,5.870278155651559e-05
138,1.6288869231951646e-05
139,0.00010593914240303536
140,0.0016630672429514437
141,0.00014140955638593824
142,0.00036334635050887037
143,9.907845131574193e-05
144,0.0013027039289709651
145,0.00026870238859423416
146,6.891356634926849e-05
147,0.004841674112479064
148,9.32974260049089e-05
149,0.15148630964732165
150,0.6747502021604292
151,4.5313541273013245e-05
152,0.00012127997535119962
153,0.0002739003209443571
154,9.482971137437993e-05
155,0.00022956811127317926
156,0.00014507106189456275
157,0.0005471567826701622
158,0.03712365889159424
159,0.0012402038319487868
160,6.119289603878946e-05
161,0.0012911285295831142
162,0.0018888431753110442
163,0.0001502646132113006
164,0.0006478620395937836
165,0.0009859669525546116
166,0.8956721860121751
167,0.0013198497302250136
168,0.0001308857853212583
169,3.254508559769525e-05
170,2.030587975895667e-05
171,0.004359988858062663
172,7.905629842180282e-05
173,0.0002526920284933252
174,0.0032262040732730494
175,0.00024429202742124026
176,0.0007935624196559018
177,0.0012587680493525721
178,1.63227188105687e-05
179,0.000435905202140025
180,2.057849299501146e-05
181,2.4479983994031236e-05
182,0.0002786332683707837
183,0.00044813621950380724
184,0.00011192182100834246
185,0.00011921175987049726
186,0.00021812194599203438
187,0.00031378422939292545
188,0.012771264986628977
189,8.625912893986652e-05
190,6.687029826787312e-05
191,0.00013441261992253858
192,0.0002048438900807621
193,0.0017817389724826174
194,0.005466207066924875
195,0.000908704910637357
196,0.0004916265707596697
197,4.418187006786368e-05
198,6.974511124542383e-05
199,0.00012786290652870794
200,0.00010783431149940042
201,0.0003075077148690473
202,0.00011345582856053888
203,0.00044074104062698683
204,0.0003266238785394933
205,0.00012501375566605674
206,5.050600345690658e-05
207,9.254020534775775e-05
208,2.1844268300837086e-05
209,0.0002129106142116632
210,0.0002719001473192608
211,0.0030111469758860848
212,9.155775817680857e-05
213,0.0008554320589099333
214,0.0005155773917684158
215,8.544628757524909e-05
216,0.003956105040570265
217,9.200478443115497e-05
218,0.00020668470885489956
219,0.00011036183207905732
220,3.861843985970713e-05
221,4.823804249607561e-05
222,8.970871332898285e-05
223,6.842343634301216e-05
224,0.010791243926414404
225,0.09117174211581172
226,7.006344181485195e-05
227,5.2750060974801625e-05
228,2.992359510187799e-05
229,0.00010969660645655879
230,5.2122087884359214e-05
231,0.0002428132174112761
232,5.454696985471705e-05
233,5.7754620037350445e-05
234,0.00013020533177209042
235,0.002214217384769953
236,0.0001464177519851841
237,0.0003273618732864805
238,0.9911401310777641
239,0.00020824037353930582
240,0.0004908999162953528
241,0.010039901618652345
242,0.0071079888861915
243,0.00013992107659445774
244,0.000258909378545717
245,0.00025903520661582744
246,3.215534855402086e-05
247,2.5125524341112695e-05
248,2.789959153921157e-05
249,2.2256540436784688e-05
250,2.980127917236753e-05
251,0.00028487419976504116
252,6.912543728536392e-05
253,0.00319760040299234
254,0.001274900659790987
255,4.669143574507851e-05
256,5.8244204330217703e-05
257,7.82233488860016e-05
258,5.3717790510551205e-05
259,0.0017779681791882818
260,0.0003500064494810752
261,9.7195264942392e-05
262,0.00015863465730027627
263,7.788909834981432e-05
264,0.00012204467549755832
265,0.00020978699903411753
266,4.449687836068527e-05
267,5.739609350188258e-05
268,0.00042347138686539885
269,0.0009920863224742193
270,2.6758647766571553e-05
271,2.72370530034142e-05
272,2.7699224074136396e-05
273,8.678664970238303e-05
274,0.0004071258899418574
275,2.9913437655846517e-05
276,0.00016150657753443966
277,6.550467474759672e-05
278,6.545929360349874e-05
279,0.00036492537687287454
280,0.00010915264964301956
281,0.001453019655613943
282,0.00018199583303134777
283,0.0001351415873871609
284,2.3010116573410743e-05
285,0.00012785148302881945
286,3.6101801544313784e-05
287,3.9252288617199126e-05
288,0.0003076996893227429
289,0.0003314573742300226
290,0.0003925295431359972
291,7.037706964089388e-05
292,5.301495255205939e-05
293,6.991096314832355e-05
294,2.8100661056584457e-05
295,8.878639702870942e-05
296,0.0007451827827409141
297,0.004069074474705806
298,0.0017744376585626935
299,0.00023910985230767107
300,4.520101502839367e-05
301,7.819709700769797e-05
302,0.00020216014809358113
303,2.7594134006749796e-05
304,2.5005050444462953e-05
305,7.792214842812946e-05
306,1.7250906391393265e-05
307,0.0004007533371809597
308,5.382968124397276e-05
309,9.434442854081837e-05
310,9.010092505720049e-05
311,0.00039579321451276467
312,0.00013141643833929675
313,4.597069135884496e-05
314,0.0002707709553485721
315,0.0002796595792616598
316,4.254097368694621e-05
317,0.0004495836322427352
318,8.932641633897923e-05
319,0.0002961702759520458
320,2.564474492366099e-05
321,7.616147101445744e-05
322,4.579275731539971e-05
323,3.498162490440709e-05
324,3.146001631434892e-05
325,8.497209313707168e-05
326,2.2430203072481347e-05
327,0.00010528794218899727
328,5.9197002306283923e-05
329,7.03253279889298e-05
330,0.0007554620758287373
331,0.0009459727370711255
332,0.0003618922741081337
333,0.00032037590656387667
334,0.00011011844713924304
335,4.695961284743329e-05
336,6.213029525154275e-05
337,0.00018676475179868016
338,0.00016472477050504046
339,8.213409616740783e-05
340,3.9236962292729924e-05
341,0.00015273146285967108
342,0.00015088817004551652
343,0.003058242164695112
344,0.0006027376142207486
345,8.832110432219513e-05
346,0.0006805393598710665
347,0.0001572814388246761
348,0.00038188297706514033
349,0.0001245166797359699
350,0.0004059255814558091
351,0.03214153241407443
352,0.07159196261121976
353,0.00014858183250557119
354,0.00011189709914365673
355,0.00013956967546593132
356,0.0010299875918197536
357,0.0014653300510584072
358,0.00012718373515273565
359,0.0017493343405068653
360,0.0011093154524567485
361,0.0033853558706235963
362,0.00033071651241825827
363,9.633974901184904e-05
364,3.2692965785436885e-05
365,7.458005277878173e-05
366,0.0019092477761703311
367,0.00013478132730872523
368,6.135240445302771e-05
369,0.0013883492042064364
370,0.0003241136393234015
371,0.0001870807914865551
372,0.00010591510681628325
373,0.00013609746525992017
374,0.00013078316245052922
375,2.7891622096889604e-05
376,0.004240252084235172
377,0.00028430879658201757
378,0.015102455610112397
379,0.0019258122219989603
380,0.00010018520943883085
381,0.00033423399218830084
382,0.00025236179353662946
383,0.00010380460260393567
384,0.0003216325005428949
385,6.157013386536902e-05
386,2.909849715212557e-05
387,0.00013535724931112422
388,0.00033499061472724417
389,0.000419910882686959
390,2.894631812323064e-05
391,1.8785680122866212e-05
392,2.660645291072699e-05
393,2.5026256639080546e-05
394,3.062336933225061e-05
395,3.547424374548087e-05
396,3.039733633538113e-05
397,0.01597740007098586
398,0.0022322823281627014
399,0.00023674895691222367
400,0.000235809781879313
401,0.009357423662804953
402,0.009911522097535702
403,0.00011856250182091885
404,0.005082520597398135
405,0.0065420138019393614
406,0.005908271110565964
407,0.00011201996119357929
408,0.00017982359049670602
409,0.0001472452789088673
410,4.857060033718555e-05
411,5.6702392149278965e-05
412,4.690680360357686e-05
413,0.00010801620885092167
414,3.543999675660717e-05
415,3.4737981754242575e-05
416,0.00027235928408488405
417,0.0020914027186435744
418,0.0006657926680703615
419,0.00017647507647673732
420,0.0002507002183296408
421,0.0007794988704809163
422,4.255551865637313e-05
423,2.8926400112119608e-05
424,0.9902826314746285
425,8.763647724524578e-05
426,0.0004830059559636815
427,0.0011010562900398548
428,4.267828984433638e-05
429,4.857258565041475e-05
430,0.00010658330613055235
431,0.0010446923781545203
432,0.00012140336922081347
433,1.779186144357223e-05
434,4.0921687560623064e-05
435,0.0017407348579752415
436,0.0006718500234704352
437,2.359573682292529e-05
438,3.687871405139542e-05
439,0.00010448246479954292
440,8.083776696433766e-05
441,4.09131539767046e-05
442,0.00022191611048540198
443,0.00016016501295963725
444,4.706988635751913e-05
445,0.00024736561846222516
446,0.0003175397242504578
447,8.521852437263042e-05
448,9.320393580046877e-05
449,5.966078440428054e-05
450,3.542249552010618e-05
451,0.00020396121144400015
452,0.0011687214917989164
453,0.0007934936157859305
454,0.00010429252231926969
455,0.0005487477945629852
456,3.710629804181774e-05
457,0.0002912113406462086
458,3.598274146475703e-05
459,3.559558645126395e-05
460,7.448358888748142e-05
461,8.044558436493279e-05
462,0.000647471525977477
463,0.0005774758192325005
464,3.1559861997126477e-05
465,3.615529962844575e-05
466,2.3307274043723622e-05
467,6.217136601320881e-05
468,6.99099570570726e-05
469,9.957809422227348e-05
470,5.4545945213616314e-05
471,0.0002557471579274722
472,5.7825277832709444e-05
473,6.956892287178687e-05
474,4.43162335805894e-05
475,0.00037741061448202896
476,0.0001308750275944435
477,0.0004555055598020979
478,0.0004970035355487518
479,0.00035845332258840695
480,0.00045464629238461073
481,0.00016873326883394996
482,0.00015572257992991983
483,0.0010600634765090802
484,6.233683181393062e-05
485,0.00023736434784843522
486,0.0005648069823162312
487,7.581422121737482e-05
488,0.0001539384046304363
489,9.558794338519478e-05
490,0.00015963869610356984
491,0.0001289837003114406
492,0.0010843686399045103
493,6.9939729812095e-05
494,8.576463148296622e-05
495,7.22625078064602e-05
496,3.32845138407923e-05
497,0.00011873067684483826
498,0.00020967264336420893
499,9.771598550068706e-05
500,0.00016880794981043496
501,9.687638017511551e-05
502,0.00017189539592576744
503,0.020951876341076894
504,0.0005409167332959961
505,0.0001921519500469543
506,9.822667780870833e-05
507,0.0001299168851406851
508,0.0005253306625901783
509,9.819801733804197e-05
510,0.0012336606247694447
511,8.585910226900527e-05
512,0.00026720118326334087
513,0.005844420618948196
514,0.0002614230400775715
515,0.00010187158805754752
516,1.998563208160938e-05
517,0.00017074384562168214
518,2.2444667234117984e-05
519,1.7949634069653262e-05
520,0.002999583192480543
521,0.0019786532926373535
522,0.0002625173697204535
523,0.0001033324532065838
524,4.6780867285058274e-05
525,0.0002984157002672023
526,5.7790275345355444e-05
527,6.680031231263426e-05
528,0.00036981849390014295
529,0.00027283724788628393
530,4.119721325422737e-05
531,6.450711053145435e-05
532,0.00045523570562536745
533,0.0002284021575583689
534,5.437166438014385e-05
535,0.0004936296850565926
536,6.1032316405626384e-05
537,0.0001356500751428984
538,0.001224212266638801
539,0.0010193536793202122
540,0.0008703076281907139
541,0.0002573689471479668
542,8.783933927733893e-05
543,6.803697603823705e-05
544,0.00018204349861407053
545,0.0041228236879149675
546,0.0001876811765841536
547,0.0012142846559915865
548,0.0002457995162933094
549,4.043252086209771e-05
550,0.0001486643802795842
551,8.892100218267513e-05
552,0.00012857105844639482
553,0.0011134411173648637
554,0.00013048729522709766
555,3.196399687953804e-05
556,4.227827369694881e-05
557,0.00030561332771419214
558,0.0007612141778245929
559,9.359805748065982e-05
560,8.46719164540242e-05
561,0.0001861759646564355
562,0.00010780804688399622
563,5.215140044425132e-05
564,3.88900470434558e-05
565,0.000202275669304129
566,3.384999672114697e-05
567,0.0011814934007232498
568,0.00014894042916231028
569,4.949100740136689e-05
570,0.0006673535578727396
571,0.00017986403986716492
572,9.20064709661216e-05
573,0.00244776324844015
574,2.8127897343812724e-05
575,2.8788512867346217e-05
576,0.9959098604433801
577,7.980739306445863e-05
578,0.00023365515142839636
579,0.00027630969470706225
580,3.7584489579430854e-05
581,2.7588137091227714e-05
582,0.0010377861456507844
583,0.04296328677063536
584,0.00031965651896684886
585,5.6746538382140575e-05
586,0.8095008585853345
587,0.00024369134994540903
588,2.264849145071008e-05
589,2.7459456929391448e-05
590,0.0002591275477324156
591,0.001269449246254052
592,0.010530337076654826
593,5.062809376655355e-05
594,0.000155618854585548
595,0.0002475666467407813
596,2.2066806872990556e-05
597,0.00012241552982751803
598,5.2958123526333094e-05
599,3.0258240084305857e-05
600,3.6451273688051694e-05
601,4.109823840218697e-05
602,4.395973255648038e-05
603,3.0788669681233994e-05
604,0.00017343857479099273
605,3.011011213565206e-05
606,3.18292845404838e-05
607,0.0001457865265186371
608,6.569049769633543e-05
609,0.8003177313012129
610,8.407064208664113e-05
611,0.00010744319605431363
612,0.000206011391627182
613,7.139752779574733e-05
614,0.9875944753115926
615,0.0004942220881144026
616,8.477736452335678e-05
617,2.3497252670620052e-05
618,8.225269114320401e-05
619,0.00021722074825452197
620,0.0018564494701072613
621,0.0001129491229937125
622,2.818211884847465e-05
623,7.563831980511208e-05
624,1.9945501619234058e-05
625,2.4840998690128042e-05
626,7.764191381045391e-05
627,4.299695678206341e-05
628,0.00013383513188858893
629,0.00010996507677331094
630,6.9661982941566e-05
631,0.005843402412309369
632,0.0005951474617970794
633,0.0038168822971257586
634,0.0005262122992649604
635,0.00013066411559546347
636,0.00013558968538951585
637,5.3391352512278215e-05
638,0.00043451511349173864
639,0.01981896410353944
640,0.0002830821560161934
641,5.09865418575134e-05
642,5.4792089626130336e-05
643,0.00011432223363449284
644,0.00011952832519104273
645,0.00010813455630488717
646,0.00013014987023388525
647,2.4486248548477964e-05
648,0.0006906393839122306
649,0.00013048707209937393
650,3.3128376289841624e-05
651,9.325049946028284e-05
652,0.0001795565171614064
653,8.621571822408768e-05
654,0.00010166192984305675
655,2.3121756919639587e-05
656,2.359526373705427e-05
657,4.4619795854651e-05
658,0.0033012783465246045
659,0.00016249100199737022
660,8.55257919068144e-05
661,0.011309745066624934
662,0.00029155180480451516
663,0.26420070569423804
664,0.0007613706013811297
665,3.7378819095160934e-05
666,8.420424036976237e-05
667,0.000265255227269574
668,0.0001911542226995975
669,0.00035590723601725417
670,0.0002596761905273346
671,0.003104117889891209
672,0.0035547893889602117
673,0.0018661696386755786
674,8.147740703333382e-05
675,0.00018716101505211104
676,9.549095983419034e-05
677,6.287569269905073e-05
678,0.00017078850686842625
679,0.0020637221156241193
680,0.000316671572016606
681,0.0003191523205473316
682,0.0003331416664808248
683,9.131485487821183e-05
684,0.00030295153266386384
685,5.420904452128578e-05
686,6.004111267487813e-05
687,0.0001862831643374434
688,0.003112184472936998
689,7.654470608605191e-05
690,0.004366961825113409
691,5.5394186680771704e-05
692,0.00011950725027056079
693,0.000465663260720052
694,5.00473962036126e-05
695,0.00019132612043772936
696,0.0004510524280982092
697,0.0001222733306368464
698,0.00019044783202270204
699,3.624909668125249e-05
700,0.000259401399782925
701,8.594200043714637e-05
702,0.00020545996674936132
703,8.124541429203076e-05
704,7.326523915964228e-05
705,6.804616628174714e-05
706,0.00010239613178988853
707,0.00020550067480544477
708,0.0021421560468398485
709,7.305899260596281e-05
710,0.00011945032921400147
711,2.9118443298448247e-05
712,0.00010108631840348133
713,6.350735701732014e-05
714,0.0008053914750213388
715,0.00028101070931322073
716,6.411850335519387e-05
717,0.00013806192330809245
718,5.0509457585105346e-05
719,0.00035707068786188
720,6.943600983189256e-05
721,0.00448556510863333
722,0.003758961072588749
723,8.995556129676284e-05
724,4.030171910579464e-05
725,0.000657143839113939
726,0.0001612106315831598
727,0.00012412121283235177
728,0.0005075357509602338
729,0.0001381916209726839
730,0.049751678984816486
731,0.0002542132008480608
732,0.00030846876085974565
733,7.997825788950143e-05
734,0.0030710272991096446
735,0.0016138841835783078
736,0.00035935028087881796
737,0.00012196201788778593
738,7.206015546285973e-05
739,0.0001320255869630685
740,5.3604265604657514e-05
741,0.0007141609654314758
742,0.00016561997776830045
743,8.079537023927878e-05
744,5.9336042022986384e-05
745,5.195684996797864e-05
746,0.000372581141560645
747,0.0011234360251766488
748,0.0037282169436600766
749,0.00023812794228864542
750,6.272807724824746e-05
751,0.00011739882145183856
752,4.649426558877855e-05
753,8.50542042619193e-05
754,0.0002623939503192335
755,3.986940728618844e-05
756,0.0004061199577410152
757,0.00015607395706868104
758,0.00018735885625860402
759,0.00014089802659261172
760,0.9998527478837957
761,9.560795124114679e-05
762,8.914494150777518e-05
763,0.0009946721350044452
764,0.001799287034475858
765,0.018646067679244736
766,0.001068464010853378
767,0.00019438046807237146
768,2.6934109955613902e-05
769,3.6314383956296876e-05
770,0.00020781114716252676
771,2.8179190699494013e-05
772,0.00020988003407634566
773,0.0001380692682614636
774,0.00024110393932847904
775,0.00010119461041781863
776,7.568156587010844e-05
777,0.000201667265974529
778,0.00010953931902362396
779,7.050168233265661e-05
780,0.30686420008874876
781,0.0002657957649826741
782,6.776758999354351e-05
783,0.00018321475456551823
784,7.252041379091407e-05
785,0.00010932611354892743
786,7.205939865222841e-05
787,7.180004837634924e-05
788,7.717403159008461e-05
789,5.588493641952505e-05
790,0.021679365430918786
791,0.004393416987851144
792,0.0011393857536060904
793,0.0003744163258835919
794,7.477879813593113e-05
795,4.416048369130581e-05
796,0.00024284145899064864
797,5.232223546948452e-05
798,7.986615944658828e-05
799,0.00013706865513770375
800,0.0007315614120724424
801,0.00011325219587761237
802,2.8897226446816083e-05
803,0.0027936127559339808
804,6.485889565318273e-05
805,4.398425356111529e-05
806,0.0026979087814256383
807,0.0005033218774673064
808,0.000781056599580387
809,0.0015259479603373326
810,1.8280204417446567e-05
811,7.26953693654441e-05
812,0.002272088464721099
813,0.00018647574981831542
814,0.0017264769513488745
815,5.6978918815588496e-05
816,8.554116487973585e-05
817,0.00020758280757874034
818,4.2209471826917965e-05
819,3.484685036361983e-05
820,6.573748949210126e-05
821,4.949369737773323e-05
822,4.4149932209746706e-05
823,0.004049794983773688
824,6.49697635419111e-05
825,0.00984815001561815
826,9.817230352082572e-05
827,0.002313724032727738
828,0.00016314116820715448
829,0.0005551152524634324
830,0.0016835657546344091
831,0.00010501786506534896
832,0.00023125709610655296
833,5.4829148954705266e-05
834,7.081452088623032e-05
835,0.00042496479436786945
836,0.00012568399136019505
837,0.0002813830954251391
838,0.0004570895920268219
839,2.2509082878406013e-05
840,0.006498628409424603
841,0.00013658833285736953
842,0.0006968717167812735
843,0.00013856029266693672
844,0.00037869302002647
845,4.41265767410195e-05
846,8.791230909178726e-05
847,0.0004351422812851285
848,3.876538831705752e-05
849,4.045252763821846e-05
850,0.00025833428844507754
851,0.0001917546150312285
852,8.139432205340734e-05
853,9.47216991618389e-05
854,0.017399172557083443
855,0.0001046072338057613
856,0.007031001952560392
857,0.0007820384253290619
858,0.000280747389435214
859,0.00011587152073484186
860,2.8187326845605115e-05
861,4.4864914717503656e-05
862,7.502365502212395e-05
863,7.79726904760292e-05
864,5.052995196260481e-05
865,9.74114133704435e-05
866,0.00037728707486177365
867,8.155963432725097e-05
868,0.019478966364571325
869,0.00026441275190309204
870,7.675046663969804e-05
871,7.694516385536201e-05
872,0.0001806915667294771
873,4.5840460915645353e-05
874,0.000717168029445474
875,0.0001897527191003992
876,2.634267014687989e-05
877,0.00015486156528695918
878,0.00015612041643218264
879,4.458099859198709e-05
880,4.4066852095846323e-05
881,7.981012702178954e-05
882,0.00011040005476645994
883,2.1080484498022703e-05
884,1.8568748811429505e-05
885,0.00016636186821415995
886,0.00021082551442562782
887,6.447986344040658e-05
888,0.0004473824808783326
889,9.338732638002766e-05
890,0.00016729186570271047
891,0.0010991749331106908
892,0.00012648720241656923
893,0.0001550378079997026
894,0.00015055319799565508
895,5.3831408831507846e-05
896,0.011650424504403496
897,0.000122593591394315
898,0.005097268527989361
899,2.8174852390047744e-05
900,0.00014492879237025508
901,4.620525130320243e-05
902,0.0003703506424222587
903,0.0002544504051440748
904,0.00030151587651421486
905,0.00028472184615861983
906,0.0002210013477526044
907,9.197360000537782e-05
908,0.001272018105450914
909,2.800152547641913e-05
910,8.887648914796722e-05
911,6.843511704700642e-05
912,2.0734290786892837e-05
913,0.0006800592627967568
914,8.721371488980926e-05
915,5.362054546815761e-05
916,0.19033154835474414
917,0.00012685342143538427
918,8.230309395748859e-05
919,0.0006103063796871571
920,0.0001520834248450198
921,0.0006748254725576413
922,0.0032457305374517056
923,0.002918658707771051
924,0.002631641714287943
925,2.7621552276260448e-05
926,0.0004397745384603421
927,0.0006004341679610025
928,8.801153646720781e-05
929,0.00047423728417675143
930,0.00030728969757556294
931,0.0002825021436170882
932,0.0055835268588660305
933,3.927521448826348e-05
934,3.223340459736496e-05
935,0.0002917684494838304
936,9.530983582779905e-05
937,5.559500723676217e-05
938,9.460162629846822e-05
939,8.3387319493416e-05
940,3.263762009252793e-05
941,6.711416087877434e-05
942,0.000562419500118778
943,0.00017885469221966973
944,0.00023770633802857872
945,7.794961845077022e-05
946,0.00034201194279676105
947,5.5642797998355736e-05
948,0.001700769054027373
949,0.00012107799722857637
950,5.0890366614996386e-05
951,0.0001338204965038061
952,4.5031124518985105e-05
953,0.00017935266919076137
954,0.0005250652584262614
955,0.0001331248404894063
956,0.00013283467380235971
957,0.00016711852323299044
958,8.203907841103518e-05
959,3.173542509239825e-05
960,0.0002043659231232029
961,0.0001216006657624088
962,0.00012843652061435623
963,5.152768878679939e-05
964,0.00011969727314113282
965,3.4661581994053264e-05
966,0.0006463205437708448
967,0.0026926647124646116
968,9.569336833275859e-05
969,3.415359696654965e-05
970,0.00029944694431952707
971,0.00016601105400290318
972,0.00012581257670595962
973,0.0005650954577420616
974,0.0059294927922388585
975,0.0003398853627061357
976,0.00038405513338349913
977,0.0005093404385280485
978,0.0002387723790154001
979,6.134583846349766e-05
980,0.0001017443568548694
981,0.00022128265652945545
982,0.0006330054640241842
983,0.0004447525910707769
984,0.0004589545292888363
985,0.0001043437164675879
986,0.00028561067607031626
987,0.0024500971006878786
988,0.0002235875967927919
989,6.725451342776725e-05
990,0.0689522881104607
991,7.458966660088471e-05
992,0.00029532504787017206
993,0.0002995136200877184
994,3.383445439801314e-05
995,0.00010706155213566742
996,2.9135177713262103e-05
997,8.890393057988507e-05
998,0.0001635738539574355
999,0.0023033087803102257
1000,6.668687952989514e-05
1001,9.801372352295299e-05
1002,7.88217386517473e-05
1003,9.598933619346477e-05
1004,0.00010622849781333224
1005,0.00024106400671716302
1006,7.663202409165666e-05
1007,9.968695800347998e-05
1008,3.5813214292388146e-05
1009,2.1070701007672913e-05
1010,5.9536551730899276e-05
1011,0.00014288025850746794
1012,6.818163788168847e-05
1013,9.35117416952668e-05
1014,0.00029927733217914885
1015,0.0001392221623191352
1016,5.289749173065181e-05
1017,0.00036870098542453377
1018,0.00014013282675727455
1019,0.00019715547408489918
1020,3.517090971442936e-05
1021,0.000720770648443112
1022,0.0001750514651698492
1023,0.000744156719111911
1024,2.950792318884265e-05
1025,6.0301581064395714e-05
1026,0.00019348341451950733
1027,3.093483687275521e-05
1028,5.4192285452610346e-05
1029,0.00021057178836742028
1030,0.009671431858725146
1031,0.00012135574500388819
1032,7.481396675603004e-05
1033,0.00011809446230565486
1034,0.00017642642821074421
1035,0.00020131943268619467
1036,2.4647699898747546e-05
1037,0.9995421720921941
1038,0.00023578630905389913
1039,7.40286882942007e-05
1040,0.00017480707625979803
1041,0.00011577928326709861
1042,0.01026926035653655
1043,8.214361213964582e-05
1044,8.099209697181696e-05
1045,3.3873052711026244e-05
1046,0.005549010045782354
1047,0.0003751719113481686
1048,7.604414085101807e-05
1049,4.49614702310797e-05
1050,4.484397265948507e-05
1051,0.0034369786207179885
1052,0.00040631076086026553
1053,0.006398908105032098
1054,2.1148735951238266e-05
1055,0.0001131556599751313
1056,5.556194095665749e-05
1057,0.0001303547160452836
1058,0.00017666006772838476
1059,0.000974289147770859
1060,0.00010802234279379585
1061,0.00044404626902580974
1062,0.00046118096988161984
1063,0.00023666417875510282
1064,8.260611791024007e-05
1065,0.0007180091122161766
1066,0.00014712127257705815
1067,0.00011847641699993085
1068,4.209432809450687e-05
1069,4.969841965832621e-05
1070,0.0001599618614119678
1071,0.014712089277583574
1072,0.00118020162029287
1073,0.00012994556094180705
1074,6.508057799126414e-05
1075,0.0018620976458300887
1076,3.4489204403422066e-05
1077,0.00033386962183123617
1078,0.0003495650432401798
1079,0.00012794297109059273
1080,4.3699902409823465e-05
1081,0.0018045692457773412
1082,0.00011109455375211059
1083,0.00036105662358184253
1084,6.25337849586434e-05
1085,9.656673227517371e-05
1086,5.683530764923802e-05
1087,0.000690383536306235
1088,0.00029636671153120294
1089,0.00011777166086300666
1090,0.00035751953431139113
1091,9.11214481366897e-05
1092,0.00022569554991506372
1093,7.66585258811852e-05
1094,0.00024244677777782994
1095,0.0003339149888840548
1096,5.547766567414913e-05
1097,0.00030756249653771247
1098,0.0001518962639987275
1099,0.0006809392262220081
1100,3.907193126760263e-05
1101,0.00032750044727315665
1102,0.00012930702980589072
1103,0.00012823023777834523
1104,2.66290667844907e-05
1105,4.3399814455868256e-05
1106,1.9068244410225678e-05
1107,3.761751029671864e-05
1108,6.652949534969078e-05
1109,0.00019447364283853305
1110,0.00025219185167549594
1111,8.870829254147967e-05
1112,0.00011101808868068492
1113,0.000916304992663799
1114,1.61640047789677e-05
1115,0.0001521251712333202
1116,1.983031175806833e-05
1117,4.095676188682991e-05
1118,1.9181107183022005e-05
1119,4.03932337620389e-05
1120,7.589410228627303e-05
1121,6.681599917571026e-05
1122,5.33340295506354e-05
1123,0.00023080824110680915
1124,2.8098992161210432e-05
1125,4.975968053850793e-05
1126,0.0001127619699530249
1127,0.00011534103569361704
1128,9.938018383732062e-05
1129,7.093640339201555e-05
1130,0.0002709427681046424
1131,0.0001974141763589655
1132,0.00020633245246685846
1133,0.00018106627259285773
1134,0.000498443775220978
1135,0.999577803924516
1136,7.3687685102026e-05
1137,0.00045843127921596695
1138,7.111658745660669e-05
1139,0.003280602962890674
1140,0.012129413161912702
1141,0.00010647438887623079
1142,0.00015976092769999284
1143,8.239046462837846e-05
1144,0.0008705423035856163
1145,0.0005267300481127557
1146,0.0003725928702241376
1147,0.0002671773649942805
1148,0.00010735288923747074
1149,4.3169324670372834e-05
1150,3.583638562540163e-05
1151,3.7935050523333735e-05
1152,0.00022563786379412813
1153,3.5554476853405414e-05
1154,0.0014449234214448147
1155,0.0007011209804268269
1156,0.019103155659002752
1157,0.0004582288588164098
1158,4.1698924657377724e-05
1159,0.0017264791835713063
1160,6.664897857108762e-05
1161,0.00013129159688789606
1162,0.00015888989018379387
1163,0.004951495658888552
1164,4.830332625701716e-05
1165,0.0019131480025282907
1166,5.9074806367802714e-05
1167,0.0021131479311632746
1168,0.000309076967143003
1169,8.120891544095847e-05
1170,0.00016242312179338942
1171,0.0002493859610058615
1172,0.000385373280496836
1173,6.671458822396902e-05
1174,0.00014305950022832015
1175,0.00025152144333962347
1176,6.725009251852094e-05
1177,0.000300586314782889
1178,0.00013961119846715025
1179,8.018857324130279e-05
1180,0.0004422828408369481
1181,4.2834661162444505e-05
1182,0.00020384471218724107
1183,0.0010338596119997543
1184,0.002634489497751301
1185,0.00022504729530322437
1186,0.00012176649176076678
1187,0.00013136138861196659
1188,0.00029137287718604307
1189,0.00038987117042635713
1190,5.5379269764195655e-05
1191,0.0011690072700255472
1192,5.661391797718986e-05
1193,4.65117356114339e-05
1194,0.00013431321293748722
1195,0.0015090015645781002
1196,0.00029886593060418366
1197,0.0004840032066086062
1198,3.900639037529074e-05
1199,0.0004256216649587079
1200,9.774334403630184e-05
1201,0.00010713620797808915
1202,0.00012800353640118352
1203,0.16038106240398037
1204,0.00016137251281673438
1205,3.568154303667029e-05
1206,0.00033086113581556247
1207,4.8027720049398896e-05
1208,0.9963734032258204
1209,6.956382336574697e-05
1210,0.0004194834192166634
1211,0.0016097301403338467
1212,0.0008644789324011232
1213,0.0001229075543142982
1214,0.00022977477662055565
1215,8.960015931039214e-05
1216,5.182381034334842e-05
1217,0.00012154045324042548
1218,4.7726675150513414e-05
1219,0.0002647378847672261
1220,0.009426402293455335
1221,0.00016920786138875887
1222,8.23699379891878e-05
1223,8.534039490588827e-05
1224,0.0004188566229767028
1225,0.00010034775556521527
1226,0.0003298340401900627
1227,4.8498030631946485e-05
1228,0.0001289216704333591
1229,3.087343328854647e-05
1230,0.0005704060535432772
1231,6.4683409733855e-05
1232,5.3790936155946415e-05
1233,0.00023221726247967607
1234,0.00011611683300939535
1235,8.822444988800261e-05
1236,0.9951927661115139
1237,0.00010158619218933395
1238,0.9998213562432996
1239,0.0019466224062860333
1240,0.00015574165553512175
1241,0.005652942510472958
1242,0.0005371549892290512
1243,0.013582131907273892
1244,0.00016917760888213995
1245,5.103324910085864e-05
1246,0.0004987166573085874
1247,0.00015547604886430804
1248,0.0003475879495997218
1249,0.00019136826018108314
1250,0.0003720428720516005
1251,6.194191182311939e-05
1252,0.9994265110906678
1253,0.00019525414109605895
1254,0.00015132829572992048
1255,0.0002519491427396884
1256,0.00015005561039905464
1257,8.258376031371279e-05
1258,0.00209905643604365
1259,0.00018379411385279845
1260,0.00031657459114478907
1261,0.0002492273667304309
1262,0.00041914504974795033
1263,7.918736043514257e-05
1264,0.00013414177152963294
1265,9.611065573584586e-05
1266,0.02081862451886831
1267,5.2289385904821526e-05
1268,4.8086908583417826e-05
1269,0.00015970992740640743
1270,3.396140123636513e-05
1271,4.869025382334154e-05
1272,0.00011746348686467826
1273,0.0003252278653890669
1274,0.000179764195783115
1275,0.0004202941285036036
1276,5.5794836500938715e-05
1277,7.634298443648073e-05
1278,0.00011786616894543894
1279,8.185331491278528e-05
1280,0.00013502700907647874
1281,0.0002200757331705214
1282,0.0012371900914169098
1283,0.00020452307115393343
1284,0.00038633533521914375
1285,6.147180501116403e-05
1286,0.0002926048542197214
1287,0.9042498131270491
1288,0.9991959455364029
1289,5.6756216394586423e-05
1290,0.03427886663421449
1291,0.9998379544789
1292,0.0007872816153459517
1293,0.0008931585192432766
1294,0.00014336543738947767
1295,9.474094824342889e-05
1296,0.0002375062260134316
1297,0.00016191164844164577
1298,0.00019612801223255232
1299,0.0001831476701595787
1300,0.002124239324002781
1301,0.00013113681082070996
1302,0.00010657779666488122
1303,8.760652355599295e-05
1304,0.9967915912763331
1305,0.0002499165783776859
1306,0.9997844968966572
1307,5.0979487174990996e-05
1308,0.048587638908519505
1309,0.0005777664246952253
1310,5.3106829149882084e-05
1311,6.704269758650906e-05
1312,5.9166556720998805e-05
1313,4.2817518283714706e-05
1314,4.035140434721872e-05
1315,0.00011458312200459436
1316,0.00029795555054705914
1317,0.0048135179147842655
1318,9.187101671820478e-05
1319,0.00019272377266548558
1320,9.831503423563131e-05
1321,0.00030420580400233773
1322,0.00011523627382512506
1323,0.022315071646074595
1324,0.00013292325726995183
1325,0.00011898395502170727
1326,5.4211314302881566e-05
1327,0.00016279617928460067
1328,2.0985930685846095e-05
1329,3.049212998654323e-05
1330,0.00018282538050758246
1331,4.940059027208289e-05
1332,0.8345956761135718
1333,0.7077271021824728
1334,0.9998492398061843
1335,0.00010454707120368149
1336,6.911197157974307e-05
1337,0.00043018804741025787
1338,0.00020678902507739687
1339,9.530337598908148e-05
1340,0.0073582098849091365
1341,0.00017887926309078864
1342,9.27048432974583e-05
1343,0.014236905297378786
1344,0.00011898491291629251
1345,2.3693324150670923e-05
1346,6.540623400682428e-05
1347,4.147839573725462e-05
1348,0.0001259414702492156
1349,7.421043973052297e-05
1350,0.005083355512816837
1351,5.7749938827895096e-05
1352,5.7239438676792156e-05
1353,3.1147204928175325e-05
1354,4.4785509673097406e-05
1355,0.0006946290974818646
1356,0.00015489206461234852
1357,0.00013158849184480805
1358,4.4417467703213044e-05
1359,3.134789037794088e-05
1360,0.00018273871885916872
1361,4.783096197004655e-05
1362,0.001090767648350963
1363,0.0008296334681631896
1364,0.00026793954668639534
1365,0.0001408584996879464
1366,0.00010191968298929599
1367,0.006332868063525486
1368,0.0005926886728722096
1369,7.888524098245934e-05
1370,0.00010264408085712059
1371,9.763715270358479e-05
1372,0.00011406936752435144
1373,0.0017268668433783614
1374,0.9998098880403387
1375,5.253286135476257e-05
1376,0.00039614002250332777
1377,0.00045884383007525827
1378,0.00012557985749349525
1379,0.005132416265945553
1380,0.0001547360227971254
1381,0.0001302716383154437
1382,5.203541417739526e-05
1383,0.0001582178506101887
1384,0.001807928371417101
1385,0.0001884413889094067
1386,0.00011765123610114939
1387,6.827043095231211e-05
1388,0.00019403679952104556
1389,4.7286407880630835e-05
1390,0.00014069332317420544
1391,5.96474298503283e-05
1392,5.316319526024395e-05
1393,2.835274037121183e-05
1394,0.9997870523598277
1395,7.319950451366163e-05
1396,5.931157626677727e-05
1397,0.0026790681655363665
1398,0.00028940267430676897
1399,0.00038193324694296916
1400,0.00021247944813150652
1401,6.956079365099985e-05
1402,7.498253187853344e-05
1403,0.00018391340814268928
1404,0.00014407202390138364
1405,0.00021537176508627998
1406,0.0002197696703800214
1407,0.0001257801638541867
1408,2.7668002527329176e-05
1409,5.151579097814015e-05
1410,0.0004906579995902141
1411,0.9998298266204003
1412,0.00018457367355049234
1413,9.71380518355979e-05
1414,6.0287016583181226e-05
1415,0.0003726387463796413
1416,0.38999178117812433
1417,3.120685380974965e-05
1418,0.00026298388831778993
1419,0.00015722385994916343
1420,5.015438530702089e-05
1421,0.004004100955010348
1422,4.000485455420408e-05
1423,0.0001930995857303105
1424,9.040660719803694e-05
1425,0.0005134173814830207
1426,0.0001629564572730275
1427,0.00012060047436223025
1428,0.0002719874613505341
1429,0.0002045057695209714
1430,4.9273257321779316e-05
1431,0.00011336769264590153
1432,0.0010528963612729074
1433,0.000183932113942301
1434,0.00042202202246062004
1435,0.0003012564192855015
1436,7.518501685709152e-05
1437,0.00018269872492979172
1438,0.0004152028645755274
1439,0.00018914833923898048
1440,0.0001676687186349611
1441,0.00011357163222437778
1442,0.00012788663053573762
1443,0.0005221372624063865
1444,0.0007031928408115885
1445,4.5196259650567776e-05
1446,4.479715199665485e-05
1447,0.0006338729971344954
1448,0.0024310237150679233
1449,0.00017766351560441536
1450,9.844747199635262e-05
1451,0.0001260495330531919
1452,0.00027005355651142345
1453,0.0004311413731628336
1454,0.008220314535136256
1455,0.00013979152253041982
1456,0.00014830121390446601
1457,0.00013380907908713065
1458,0.006905939799413774
1459,0.0003324232590698851
1460,2.5060577304784307e-05
1461,0.00010220448707169697
1462,4.624683537073617e-05
1463,0.00033046679815309816
1464,0.00023092230369489215
1465,0.001390545268038395
1466,0.00013885486888391447
1467,0.0054045850977178685
1468,0.002420347515111935
1469,0.00013097398299463967
1470,0.0001176945965980569
1471,0.0009725829608078403
1472,5.4796964389769e-05
1473,5.228253335085337e-05
1474,0.9996559774203643
1475,8.327305799196594e-05
1476,6.613057245173427e-05
1477,4.221128302113706e-05
1478,0.0001716168030454871
1479,0.0002875878419976019
1480,0.00027128957114717456
1481,7.348868121305753e-05
1482,9.0562566566745e-05
1483,0.00011709100808297826
1484,5.479359826187552e-05
1485,0.00016118302285885285
1486,0.00011084807460251588
1487,7.979139861202201e-05
1488,0.00015929451657073463
1489,0.00011036137432488056
1490,8.63576729193181e-05
1491,0.00011594683873429002
1492,6.0798603030621114e-05
1493,0.0003695687311910246
1494,0.0003175525551226515
1495,3.5566394016820315e-05
1496,0.00019652830257895995
1497,0.00011875780246568073
1498,0.0014638985528188154
1499,0.00020265177333134051
1500,5.4206412464299026e-05
1501,3.5948446142284725e-05
1502,5.6496634646996816e-05
1503,0.0016860756738374828
1504,0.0001240530101082403
1505,0.00015915519303628427
1506,0.0004088676125440781
1507,0.0001340135830512277
1508,0.0012223398374385669
1509,6.314552656258281e-05
1510,3.784349076813003e-05
1511,0.00021369143712024577
1512,0.0004919750035750328
1513,0.0013426416951731544
1514,4.0820829359687384e-05
1515,3.3108153635019476e-05
1516,5.892018522312809e-05
1517,0.0005846244242212794
1518,0.00021031342604469673
1519,0.002947816164109639
1520,3.1429886788160834e-05
1521,6.190071948286674e-05
1522,0.0007555180285773496
1523,5.0705890989404194e-05
1524,0.00023362911870052593
1525,9.075495654832409e-05
1526,0.001902899855831287
1527,7.15757074629671e-05
1528,0.0001052625611623257
1529,6.056926819738496e-05
1530,0.0002072720894823454
1531,0.00026615541645902104
1532,0.00015888423155678875
1533,3.0192833865793775e-05
1534,0.0004045815546975621
1535,0.00022514024021885607
1536,6.180532402479721e-05
1537,4.765002055496648e-05
1538,0.00015471218572198715
1539,0.0002221752006462669
1540,0.0020144540734318085
1541,0.0005728345809065714
1542,0.00044943024395504823
1543,6.575977807139016e-05
1544,0.0013726741583691194
1545,5.352599054134722e-05
1546,0.00032778821898403146
1547,5.215105586626191e-05
1548,0.00018232671852172092
1549,0.001023239848574705
1550,0.00022327582286793733
1551,0.00031507419387347596
1552,0.00013337153627511234
1553,6.634555418297757e-05
1554,0.00016805010083765958
1555,0.0005527934438183251
1556,0.00938178974971465
1557,0.0006926631900769358
1558,0.00018520980024416177
1559,0.0002590197554849927
1560,5.466834052301365e-05
1561,8.864321050024336e-05
1562,0.9998278924087316
1563,9.693179653342786e-05
1564,0.00014910894789307036
1565,0.0003463013162758322
1566,0.00011993407281961043
1567,6.0189064804130563e-05
1568,7.002634122190969e-05
1569,0.00010642506827336481
1570,0.00015250868611387251
1571,0.9997892077113825
1572,9.864650214967989e-05
1573,0.00012403404295479673
1574,0.000818692026329213
1575,3.697756860656274e-05
1576,0.00016204013409253315
1577,0.00011123179393625746
1578,0.0002816962211073908
1579,0.0004124024980294995
1580,0.00032398879864756127
1581,0.00019286552164717372
1582,7.237656884296248e-05
1583,7.447541309798397e-05
1584,0.00017409327927241975
1585,0.0002705231192646185
1586,5.428229696946057e-05
1587,0.0002746940225855279
1588,0.020456948632562536
1589,6.33440307477296e-05
1590,0.00012159389196976958
1591,0.002274345069918463
1592,0.00035502272164084265
1593,8.971203838823607e-05
1594,0.09293866678614324
1595,0.0013139542115368215
1596,0.0002166977304751718
1597,0.00018354429398087152
1598,0.00015636690777136414
1599,9.130119368315377e-05
1600,8.22691810016926e-05
1601,8.840302301440153e-05
1602,0.0002391060748353152
1603,6.592522709975899e-05
1604,0.0007874596515719566
1605,0.0002799762576429315
1606,6.22060837696542e-05
1607,0.0002757975102845583
1608,0.00011610697324729968
1609,0.0013122743309248522
1610,7.608332082161475e-05
1611,6.387425581689061e-05
1612,0.00010340778231003379
1613,0.0003454159835611184
1614,0.9959075671259925
1615,0.00018743006741623442
1616,8.870868186557597e-05
1617,0.005814831737767667
1618,0.00045611634378076954
1619,9.596876163732081e-05
1620,6.524691894750486e-05
1621,0.00011192662615054205
1622,0.0013826053659462836
1623,0.0001457721133740513
1624,0.0011399867024394477
1625,0.00026630024105887476
1626,7.582106800277446e-05
1627,0.9749408656898779
1628,0.00028030577983933905
1629,0.000130096103806513
1630,0.0002317054648626851
1631,0.004623051804102913
1632,5.141599210229626e-05
1633,9.457168561812751e-05
1634,9.334317924137718e-05
1635,9.860120963506038e-05
1636,0.000551613585335707
1637,3.48431821690268e-05
1638,0.00019372458294300928
1639,5.609721137032459e-05
1640,0.00017032667082034027
1641,8.594919872992579e-05
1642,0.00020904364191215484
1643,8.012275983811909e-05
1644,0.0016740890195384582
1645,0.9996930676336999
1646,0.00012956033234052977
1647,0.047998767604135226
1648,2.9858972704318053e-05
1649,0.0031345738439755243
1650,0.0006284496658914082
1651,6.893624698698007e-05
1652,1.600122222448269e-05
1653,3.7212584324376444e-05
1654,0.0001699377441217636
1655,0.00013829356351306106
1656,0.0014083630438732717
1657,5.439868115222352e-05
1658,0.00018483159114885835
1659,6.323085739430115e-05
1660,0.00019867870881332532
1661,0.0006350330322262521
1662,7.78894985772201e-05
1663,0.0001870374292957864
1664,8.705150083079723e-05
1665,6.737545492173198e-05
1666,6.200949720806808e-05
1667,0.00010646513390542953
1668,0.0006660797969683452
1669,0.000364194916732843
1670,0.0001945319021489517
1671,8.421325646867928e-05
1672,0.00016085059341556179
1673,0.0001686000893391635
1674,0.9993909111276447
1675,6.57303546188556e-05
1676,0.00013338140961900008
1677,0.0004980991265541542
1678,4.388197238562542e-05
1679,3.8397786129292954e-05
1680,0.0005539808021488348
1681,3.627763459794429e-05
1682,7.222612063529816e-05
1683,0.0004676873543028795
1684,0.0002750271351463887
1685,0.00015197204872831533
1686,0.0004429814336517956
1687,0.00013198768949464014
1688,7.393293022405326e-05
1689,0.00044756740275499673
1690,0.00011757368282043349
1691,0.00013293700993600687
1692,0.00010476862878689486
1693,0.0005012514013395945
1694,0.00014476479886130802
1695,0.0007434582919242401
1696,9.609599710473516e-05
1697,0.0004221737146903025
1698,9.78848891444205e-05
1699,0.0003864393543073875
1700,0.00013499631687029174
1701,6.905104853377094e-05
1702,7.731479548025492e-05
1703,0.00011341871948233285
1704,0.018267611915903557
1705,6.498096266517462e-05
1706,0.0001906369426745047
1707,0.9997671692303026
1708,0.9919482669117393
1709,0.0001934327058786268
1710,3.646145487590281e-05
1711,3.425806576766255e-05
1712,0.0001849132703091049
1713,0.0001417614586831477
1714,0.00011122073637657684
1715,0.0001937886082812892
1716,7.096594018895473e-05
1717,0.0002458129658602857
1718,0.00013860089997001193
1719,2.9667970476917584e-05
1720,2.8452452384675142e-05
1721,0.9921152523967237
1722,0.9998908900434381
1723,2.5430411561927437e-05
1724,2.491773640319597e-05
1725,0.0009549288161518215
1726,5.6487654515346614e-05
1727,0.001889213722251725
1728,0.013991042570195986
1729,0.0006999162108525939
1730,2.9527701196283895e-05
1731,3.187952665966393e-05
1732,0.08526037544520246
1733,0.10092470423644515
1734,0.00048743645113273387
1735,0.00022093406783558
1736,0.0008413065935913405
1737,4.61126924843667e-05
1738,9.443033220440892e-05
1739,0.0004297854343699255
1740,3.8225098009678485e-05
1741,3.232769350706419e-05
1742,4.4600158954005354e-05
1743,2.960276809064376e-05
1744,0.00015354062809145864
1745,0.023717279308153327
1746,0.011469612714322458
1747,9.283112318895251e-05
1748,2.8069106203297887e-05
1749,0.9989646401732303
1750,8.440685521076476e-05
1751,0.003695194422327549
1752,0.0007866054245572839
1753,0.0001362658501399454
1754,7.178781416886069e-05
1755,5.8433694658440024e-05
1756,3.782086707596446e-05
1757,2.7871547393092935e-05
1758,3.6268638746480566e-05
1759,4.8254879858430664e-05
1760,3.1662692500638535e-05
1761,3.0298664518335524e-05
1762,2.158394148573202e-05
1763,0.0036023814262971985
1764,0.00014201729815457496
1765,0.00013088994847587745
1766,2.5768879730561434e-05
1767,4.015463742873223e-05
1768,0.0003311812473030109
1769,0.6837415213879339
1770,0.04333511872617808
1771,2.6130184164754233e-05
1772,3.203617856014454e-05
1773,3.071508879285863e-05
1774,5.6935436190683856e-05
1775,3.234803318000039e-05
1776,2.5013910375441718e-05
1777,2.6226067725209646e-05
1778,5.264191677062264e-05
1779,3.156892996541975e-05
1780,5.93922259210154e-05
1781,0.00012071661208822392
1782,0.00021601202272187743
1783,0.0012627708010489
1784,1.9538214966681888e-05
1785,2.5414729138707715e-05
1786,0.0011681976427630537
1787,6.995478769992398e-05
1788,0.00013284211653000194
1789,0.00020398846726814562
1790,0.00018566990358375961
1791,4.6898728900583016e-05
1792,5.299218755793412e-05
1793,0.0001061217553933876
1794,7.68962704518655e-05
1795,8.587953156491068e-05
1796,6.320753508140241e-05
1797,0.03368998004172359
1798,0.00017677303427869002
1799,3.468714124306766e-05
1800,3.0973571778922735e-05
1801,0.0003785045678640454
1802,5.611943972896031e-05
1803,0.002442035038201366
1804,0.005702756651078164
1805,0.00020267365147794004
1806,7.566699563804501e-05
1807,4.832213119155842e-05
1808,0.9999225114117005
1809,0.00010573055986312005
1810,6.851191892608915e-05
1811,0.0037391278246375432
1812,7.582588206046625e-05
1813,0.00042893118170413884
1814,0.0005794826045420629
1815,0.9981383346868518
1816,6.651359211807219e-05
1817,0.003704238276236585
1818,0.9791984772352599
1819,0.00012527397109092102
1820,0.00014745049617331238
1821,6.71696919997483e-05
1822,6.198280555985125e-05
1823,6.842246162198143e-05
1824,4.046882981939932e-05
1825,4.785053385234717e-05
1826,3.9335546394131426e-05
1827,4.3297926748576306e-05
1828,7.677343976325858e-05
1829,6.321214198534784e-05
1830,3.87245657590553e-05
1831,7.185163579757747e-05
1832,6.824383825215216e-05
1833,0.00027525443626280605
1834,3.258274853464769e-05
1835,2.5211274455538445e-05
1836,0.003142233271518903
1837,0.001685230263602696
1838,4.2785297467787644e-05
1839,3.9113412427751256e-05
1840,0.00015685082966725855
1841,3.750010188462273e-05
1842,0.07349088131276507
1843,0.0005801342072411423
1844,4.3252831695148615e-05
1845,0.0012009384019074443
1846,7.194957438396412e-05
1847,0.00011532683965729802
1848,0.0005654459200921004
1849,3.3529539593895096e-05
1850,7.010781746786034e-05
1851,0.00012444581212452344
1852,0.004242542855390967
1853,2.6331720735391015e-05
1854,0.00013978821833030122
1855,0.0007083592060815629
1856,4.054316007154825e-05
1857,4.4151949609825064e-05
1858,1.894150914311645e-05
1859,0.003509917907044785
1860,0.0017792619106485944
1861,2.953295059990912e-05
1862,3.728003093210323e-05
1863,4.1211033987663116e-05
1864,0.00018633830512627443
1865,5.8989153302281704e-05
1866,0.0005855707782401275
1867,0.0008936240210346022
1868,0.00013618806322506717
1869,3.062075194694964e-05
1870,0.00011882119712740277
1871,0.005327209107269738
1872,7.543286455296185e-05
1873,5.643631331601427e-05
1874,4.4493906061073285e-05
1875,0.00018860765487318753
1876,2.196574591015328e-05
1877,6.193229858886651e-05
1878,6.133694196552207e-05
1879,0.014962782704460336
1880,6.139602841506115e-05
1881,3.529574891170435e-05
1882,0.000307356746366914
1883,3.3843930628114096e-05
1884,9.478949443802643e-05
1885,0.00018375236099557257
1886,6.404984373149625e-05
1887,9.126040581862522e-05
1888,0.00029512853840165147
1889,0.00032097451069389735
1890,6.81052593615402e-05
1891,0.00011222892797178661
1892,3.635248767761637e-05
1893,0.06479160732825703
1894,2.333031733715471e-05
1895,1.6174321130208672e-05
1896,0.0013051856257150355
1897,0.00020682675761030285
1898,7.525488380129911e-05
1899,3.4066516051956615e-05
1900,9.356246913370261e-05
1901,6.953358270095774e-05
1902,8.578272002570213e-05
1903,2.703719674935669e-05
1904,0.00022319323216236767
1905,0.00011573494531458265
1906,0.075862241043634
1907,6.275299993893632e-05
1908,4.977902933107639e-05
1909,5.762304533479983e-05
1910,0.0017767041818246572
1911,0.00020935024814121
1912,0.0035733219802419535
1913,3.71069739904898e-05
1914,0.0004149415046469599
1915,0.0012912546091904938
1916,0.00011801122860500342
1917,8.28996070702187e-05
1918,4.880594184921263e-05
1919,0.0003109717376562205
1920,2.172597819329485e-05
1921,4.0636644708521204e-05
1922,0.018744757473450443
1923,5.112744316063346e-05
1924,2.803551755636077e-05
1925,8.192002276525523e-05
1926,3.0253212462581643e-05
1927,4.271571933155651e-05
1928,7.625679979353275e-05
1929,3.200073162246578e-05
1930,2.7611980934105316e-05
1931,0.9234022111539412
1932,0.0009120702947792714
1933,2.9029886825722716e-05
1934,2.105359780972034e-05
1935,0.00024200250384350322
1936,0.00012467214584783315
1937,0.00015530679232733758
1938,0.00010480258604505296
1939,0.00045940601433528056
1940,0.000584982786015644
1941,1.9863770639198417e-05
1942,5.4135023118376085e-05
1943,3.8702513500152294e-05
1944,2.2081699651361736e-05
1945,5.485691553252054e-05
1946,8.789122715423047e-05
1947,3.3035000023723195e-05
1948,8.094666432290194e-05
1949,5.77791418614077e-05
1950,5.232225254414202e-05
1951,0.00020975253303095795
1952,0.00033393608351766464
1953,3.164269811812894e-05
1954,3.888414423538262e-05
1955,4.1976779319767084e-05
1956,0.0005806878195448184
1957,0.0005730422749646302
1958,7.620459683250168e-05
1959,0.9994566825506066
1960,0.0012421099295744605
1961,4.186498479812807e-05
1962,3.857201746276061e-05
1963,0.0001207772971875989
1964,0.00040658806634792655
1965,0.00013049693349715137
1966,0.0029512767780576284
1967,6.516521863362178e-05
1968,4.092510093177822e-05
1969,0.0029373711046311196
1970,5.73064689302265e-05
1971,0.007336725082123097
1972,0.004074115612461361
1973,6.446641873472292e-05
1974,0.00015083060119834018
1975,0.0018709704859563605
1976,4.201029320055465e-05
1977,6.39438721251519e-05
1978,0.00010746937389841799
1979,3.7421181827368164e-05
1980,0.0003532418826643173
1981,0.0021230731452452174
1982,0.9996835195011382
1983,0.00026894622761255966
1984,6.014292827273509e-05
1985,6.108477695799851e-05
1986,3.5828216537121136e-05
1987,0.009242637843384902
1988,8.203842046314475e-05
1989,0.0009902141223469688
1990,9.089939129373787e-05
1991,1.9397494526320973e-05
1992,2.5499772835239812e-05
1993,0.9932557043998262
1994,7.449680719119251e-05
1995,5.0865181903362024e-05
1996,0.13924620755220768
1997,5.4135631558757876e-05
1998,3.870542422576538e-05
1999,5.8313233600554714e-05
2000,0.00016998589683379388
2001,0.002379417089225949
2002,0.00011057291423013219
2003,0.00020740897030990156
2004,0.9594148395247055
2005,4.147683119971873e-05
2006,2.846125741445846e-05
2007,2.1053148933046163e-05
2008,3.3790481249151444e-05
2009,7.01617841329787e-05
2010,5.4708405907232256e-05
2011,4.038468152190052e-05
2012,0.003545850064854804
2013,0.03481256062642679
2014,7.574930011923885e-05
2015,6.180030669286156e-05
2016,9.851423045007107e-05
2017,2.768663250970973e-05
2018,0.00012353950008027378
2019,3.7222402217364494e-05
2020,3.6908029589627264e-05
2021,0.0001262677696980935
2022,0.00013353317384483016
2023,4.167606003519993e-05
2024,0.0001469286569205155
2025,7.476228364373614e-05
2026,0.0015069624523485693
2027,0.99984402663418
2028,7.121895551889177e-05
2029,0.04586236227316045
2030,0.026205413411134647
2031,5.060407672801501e-05
2032,0.0003012992743211315
2033,3.9026255288192064e-05
2034,0.00020709896070949274
2035,4.205806172833731e-05
2036,0.0006275040250209188
2037,9.953656777963039e-05
2038,0.0032463846815785234
2039,5.602433612192919e-05
2040,9.15571689384906e-05
2041,0.00046525667299612394
2042,2.5102824522373647e-05
2043,5.961842651683192e-05
2044,6.725398303838946e-05
2045,0.005565290323593744
2046,0.1068972458355679
2047,5.012779486636925e-05
2048,6.434280277498254e-05
2049,0.01773566845981281
2050,0.9991210689627092
2051,7.478041553470777e-05
2052,7.391987619291101e-05
2053,0.00012582029088968407
2054,0.00016114389035252043
2055,0.026266336641975307
2056,4.4580083203121506e-05
2057,0.0004727865066343079
2058,0.0004376378680151878
2059,7.294263290274885e-05
2060,5.938159626761489e-05
2061,4.154547545006221e-05
2062,0.00772191013802861
2063,4.5912342694231306e-05
2064,0.0002146596200194557
2065,4.048842075004862e-05
2066,8.119985426063884e-05
2067,6.618630105422867e-05
2068,0.00016977718445762823
2069,7.69295139093936e-05
2070,3.7927015517017146e-05
2071,0.000334328859834199
2072,7.891064450694124e-05
2073,5.7647104285234066e-05
2074,6.673749976737116e-05
2075,0.0001003106710398213
2076,0.00017757454776638643
2077,2.8532559522273996e-05
2078,5.838820289937128e-05
2079,3.043902109184062e-05
2080,4.947288797907544e-05
2081,0.00016007915176821148
2082,0.0007117831698821196
2083,0.0014029959441602651
2084,0.00016397734527638256
2085,6.215790610679797e-05
2086,7.345998236266844e-05
2087,0.0006485992700242337
2088,6.825006049815075e-05
2089,0.9919103685706847
2090,4.510254816591917e-05
2091,6.982379596349427e-05
2092,9.351341331240958e-05
2093,0.000129997985572014
2094,0.999550280984429
2095,2.8971261708237558e-05
2096,0.00026259701644017907
2097,4.1315137978186636e-05
2098,9.682312296230259e-05
2099,7.642701540092585e-05
2100,0.060463291770213146
2101,0.9998493286211285
2102,0.0004727302754224341
2103,9.429722113344292e-05
2104,0.014833461293504394
2105,0.9999007082377978
2106,0.00015009687290980673
2107,0.0001435133136897292
2108,0.9984144779005618
2109,0.00033853405848733843
2110,4.704457857310687e-05
2111,0.00015853145729301257
2112,5.4385507430053076e-05
2113,9.164479015080648e-05
2114,0.9093971894295981
2115,0.0001285889932688567
2116,0.0016925809997579062
2117,0.00022164190742092306
2118,0.00018928146682079845
2119,4.653740231792233e-05
2120,0.049015237007814606
2121,0.0026089083708130977
2122,4.518360082176691e-05
2123,0.9998731072497054
2124,9.119853187706002e-05
2125,4.86346120121344e-05
2126,0.0003944608897978861
2127,0.00026901092021014346
2128,0.00012967786183900668
2129,0.00023892377900935148
2130,0.00026135965382079564
2131,0.9986582568608682
2132,2.468329172438113e-05
2133,0.03709222123874293
2134,0.00031599423686959365
2135,8.806352531565358e-05
2136,0.04413966109899263
2137,6.087836652524587e-05
2138,0.008240719359933662
2139,0.0012840014135745584
2140,0.027675092284695092
2141,5.3479806384966404e-05
2142,5.5502471662574636e-05
2143,4.8667985981409e-05
2144,0.0022737511508684792
2145,0.0001919772701274764
2146,0.9978849843100924
2147,2.7005361385701244e-05
2148,4.4726197510395393e-05
2149,7.520798276924085e-05
2150,0.023050067499535296
2151,0.00025314998485250926
2152,3.1262813754037956e-05
2153,0.00027148596455740315
2154,0.624121092899617
2155,0.00012591706455406556
2156,4.505827102762667e-05
2157,5.8751011324223684e-05
2158,0.00012753638958568856
2159,0.0004841810241316885
2160,4.350268940981748e-05
2161,0.00010531665476292223
2162,4.823529646115554e-05
2163,0.0009390943095318755
2164,0.015777785578644933
2165,0.0006227934621425979
2166,0.00014786732373753064
2167,0.00017510751918607974
2168,2.2983757240027457e-05
2169,0.0004055734675479773
2170,0.9998552994542532
2171,3.553787091118045e-05
2172,5.0627400448776415e-05
2173,4.834691731580012e-05
2174,0.0001489458244259595
2175,5.684898876949782e-05
2176,0.9996612688416298
2177,0.0001285875694887442
2178,0.0001341619333351084
2179,6.44694879612703e-05
2180,4.985121557618838e-05
2181,6.75120840017897e-05
2182,3.707068649944118e-05
2183,0.02024653058939389
2184,0.005151131852714277
2185,7.066857710541818e-05
2186,7.592706554564574e-05
2187,6.530018273056804e-05
2188,6.632848659885606e-05
2189,5.327277774756021e-05
2190,0.00023980762013268612
2191,7.745741908891307e-05
2192,0.998792475783268
2193,0.00010032103564380299
2194,0.0003919163335524245
2195,0.0016677752422131307
2196,6.148103408002182e-05
2197,0.00016354948690594368
2198,0.00014333360512501064
2199,4.7522506408289295e-05
2200,0.0009555022660043114
2201,7.825863098951988e-05
2202,0.0003937901727045278
2203,0.0004461975780291327
2204,0.0007325591514237477
2205,6.385481703871913e-05
2206,0.0008196944298479545
2207,6.63025658900123e-05
2208,6.490954306372546e-05
2209,0.00031591584181681775
2210,3.386165188803082e-05
2211,0.00023602750272859788
2212,0.003508658581851694
2213,0.00045869771732014435
2214,0.12590027522634034
2215,3.469463508127515e-05
2216,0.0003042925372406872
2217,3.8334742125205035e-05
2218,6.404550236771656e-05
2219,8.532799779492454e-05
2220,3.213576247925155e-05
2221,0.9965876296514191
2222,0.00036373931137777705
2223,0.00014467286087664565
2224,0.008666290604384046
2225,5.728332331774577e-05
2226,6.96498872670148e-05
2227,0.9988044290644391
2228,0.0002927878497784959
2229,0.0004657384870912603
2230,3.998235443664084e-05
2231,0.0003083171777450672
2232,4.6836841084413146e-05
2233,3.061172083021585e-05
2234,2.6795639290200398e-05
2235,0.9890772460472602
2236,7.958797355589525e-05
2237,5.680736119262497e-05
2238,0.00046137064329880616
2239,0.0005271408022634803
2240,0.004071273169616524
2241,7.569307498678411e-05
2242,0.9547386793877003
2243,0.0008244013276850935
2244,0.00018526090590605625
2245,0.0015345984522998684
2246,6.553366322354524e-05
2247,0.00010087533105159702
2248,0.00011044959536931984
2249,0.0026598274298564126
2250,0.0020349519539539294
2251,2.2890355215023627e-05
2252,0.0005101115330629666
2253,3.488260465375018e-05
2254,0.003245818916658855
2255,0.000746178154942384
2256,0.0006423331646428146
2257,2.1820019958547037e-05
2258,6.815513163561197e-05
2259,4.16089812557767e-05
2260,0.99877909185549
2261,0.009464212986156698
2262,4.555710510813564e-05
2263,3.840435995469057e-05
2264,2.4596469871071623e-05
2265,5.183131023022388e-05
2266,2.1305125466417343e-05
2267,2.4371861287242435e-05
2268,3.409610448154481e-05
2269,2.033219716222293e-05
2270,0.0019836606886977186
2271,0.01282780845314083
2272,4.322965139185759e-05
2273,3.186049466514589e-05
2274,7.257152504859491e-05
2275,4.529823820206449e-05
2276,0.003366776825003409
2277,0.9989602863765882
2278,9.503248388732652e-05
2279,5.2086263142732805e-05
2280,0.00011869041464267118
2281,4.606335439067729e-05
2282,3.234563887120093e-05
2283,0.999798573636426
2284,0.00044119160117291994
2285,0.00013395063316592228
2286,0.9909139187016865
2287,7.150623256476542e-05
2288,0.0005733117539341448
2289,5.839780132813737e-05
2290,4.176742995030932e-05
2291,0.0001641028721123835
2292,0.005137883539803238
2293,0.0006969180170754432
2294,0.0015570226259230917
2295,0.0012777209766913326
2296,0.9992526212382258
2297,0.00010786838034720357
2298,6.143164776660303e-05
2299,0.0006112188202223508
2300,0.004696609233049959
2301,0.00026820234479315853
2302,6.319505886708956e-05
2303,7.404169296334224e-05
2304,2.4679863434935924e-05
2305,0.0002850007871030934
2306,0.0001126982472844771
2307,6.510860584025692e-05
2308,0.9984699813850556
2309,4.3933722139711474e-05
2310,2.4465078649032254e-05
2311,7.085587975419567e-05
2312,0.0001408733923208875
2313,7.640109073053516e-05
2314,4.33458272375154e-05
2315,4.496842730994156e-05
2316,0.003230203526150696
2317,0.9882986377199288
2318,0.0002464584824917413
2319,2.8729942888279026e-05
2320,0.000500299054440676
2321,0.0006962575341709061
2322,5.429626617299301e-05
2323,6.624896738635377e-05
2324,4.505381261536697e-05
2325,0.0016712802878199218
2326,0.9996097064059924
2327,5.513048196568765e-05
2328,4.0107572338622494e-05
2329,0.0012052105399999783
2330,0.0008093038945206811
2331,0.00041111810463032234
2332,0.158583987356675
2333,8.744380823466611e-05
2334,3.3466976273483775e-05
2335,3.280474945430307e-05
2336,0.0032695531075977472
2337,0.9998029974890856
2338,5.513357013777041e-05
2339,4.883567560084167e-05
2340,0.9990468843995914
2341,4.3518754087119895e-05
2342,5.7553848499234716e-05
2343,3.154165082709633e-05
2344,0.00013095189812693721
2345,0.0012859540085216393
2346,0.001630207668328246
2347,0.9596430729037586
2348,0.00029150489858458027
2349,0.929103332304881
2350,0.0017948138354063922
2351,0.00011098263525588334
2352,0.8609709919070688
2353,0.0014436811748361291
2354,0.0016298262259911377
2355,6.926307349127886e-05
2356,0.0002453917488006369
2357,0.9969457887823671
2358,0.0014163454747578904
2359,8.685781732990387e-05
2360,0.8604352322210497
2361,0.0004765029357484459
2362,0.9799241101678152
2363,5.5286523062459996e-05
2364,5.627136042108594e-05
2365,0.9850047425578786
2366,0.005336071536863293
2367,0.008149628244618082
2368,0.0005888184392195858
2369,0.000771917016642324
2370,2.334605919659757e-05
2371,5.239646535813983e-05
2372,0.19849343013969917
2373,4.265127056751358e-05
2374,0.00018637785785585132
2375,0.0001249811626754793
2376,0.2638062294496514
2377,0.3942233355948309
2378,0.9970836907422649
2379,0.989512682236635
2380,0.999245343876997
2381,0.0010111844757301658
2382,0.00011233207009753213
2383,0.00017240379551593105
2384,0.9985939537426971
2385,9.033382924912078e-05
2386,5.249173318284865e-05
2387,0.9998036079091603
2388,4.6943479369510694e-05
2389,0.0001128638123351473
2390,5.419579883174295e-05
2391,0.006825900054781892
2392,0.0010131063564139506
2393,7.306444400485585e-05
2394,3.426535389651691e-05
2395,5.843410507099365e-05
2396,0.000518447830074102
2397,0.0002773388167228975
2398,0.990449616891989
2399,3.442521628498825e-05
2400,0.0005972361920333583
2401,0.00011653411764114161
2402,1.7318000183002846e-05
2403,0.00016019647908726228
2404,0.9967291994042524
2405,0.00036499459370536774
2406,0.00014524246475549902
2407,0.00023174028777454928
2408,5.895542757064421e-05
2409,4.309502925293862e-05
2410,0.00025246496022705736
2411,0.000254726041085188
2412,4.863966598374071e-05
2413,0.00010664899831337087
2414,6.147207337581264e-05
2415,6.901221717443181e-05
2416,0.011568440890984275
2417,3.608148535790539e-05
2418,8.651419675951191e-05
2419,0.0018763805796417642
2420,3.219097147444238e-05
2421,4.2401847729672846e-05
2422,5.4616858677987737e-05
2423,5.3041213403285456e-05
2424,0.994224568297392
2425,0.005264946967947338
2426,0.004013225258888646
2427,7.490259722663694e-05
2428,6.022510519696116e-05
2429,1.7787584261159006e-05
2430,7.258583657746869e-05
2431,9.247571434603595e-05
2432,4.561025858459525e-05
2433,7.428937757195441e-05
2434,0.0006850654305846132
2435,7.545084799101616e-05
2436,5.3513344114112755e-05
2437,0.9959029772405323
2438,0.00021631215304791467
2439,4.385231604024451e-05
2440,4.15472408011891e-05
2441,3.868834003085026e-05
2442,3.751707455735627e-05
2443,3.913968990925375e-05
2444,0.993227065244876
2445,0.999149683827716
2446,6.458514456103841e-05
2447,3.940580503797651e-05
2448,5.003242616848063e-05
2449,0.14730059253099884
2450,0.004694285856486823
2451,0.0007707748595328995
2452,3.0552263734487586e-05
2453,4.888816328160602e-05
2454,0.00017687174028246678
2455,0.0013872110452912139
2456,0.00012511425817406598
2457,0.025413875195164397
2458,0.000642899957768838
2459,4.366822910803135e-05
2460,0.0002397565988804241
2461,0.0007514703844337272
2462,0.002992908244927001
2463,0.9986193231309011
2464,5.109621755606106e-05
2465,0.03167312686512214
2466,0.0008152778944844075
2467,0.0007395110378102265
2468,2.2001814882814345e-05
2469,0.002166877950287892
2470,0.041225550263649664
2471,8.217970604954676e-05
2472,5.87756455490513e-05
2473,0.040811009737595084
2474,0.0006267036768885452
2475,0.0015829622281900285
2476,0.00354371877896898
2477,0.003978589938639531
2478,0.9830976531791344
2479,9.046508307598986e-05
2480,2.37496027757462e-05
2481,5.769042207651191e-05
2482,9.246659342718507e-05
2483,0.9987961507498067
2484,2.9546085729249323e-05
2485,0.00021778743629165964
2486,3.800235245717428e-05
2487,4.9881660060106316e-05
2488,4.394761570754329e-05
2489,3.5770123365402615e-05
2490,0.0034345029704166224
2491,0.00043224850906120013
2492,5.934813247136164e-05
2493,0.9014554939580153
2494,4.648146557922511e-05
2495,4.643033505455518e-05
2496,3.422027593159395e-05
2497,0.9994751542423131
2498,0.0001542187675017961
2499,0.00019783262613134577
2500,3.410347873292485e-05
2501,0.9980244979709125
2502,0.5493083083640965
2503,0.2559585008426314
2504,0.00014428761796021918
2505,0.0002773718893165945
2506,3.075205902599578e-05
2507,0.0023044476539073027
2508,3.1416533563449064e-05
2509,6.557804272868325e-05
2510,0.0020035983442601287
2511,0.00029112020557321483
2512,0.00031361326817520797
2513,5.249716507303862e-05
2514,9.087249684982081e-05
2515,0.00012434491934657467
2516,4.9867947154830046e-05
2517,5.938559586617664e-05
2518,4.451038268546153e-05
2519,0.9987191845701527
2520,0.00011024230028114598
2521,4.781071400387132e-05
2522,0.00014629826566021315
2523,0.00023481836982588693
2524,0.00181263716345742
2525,0.9962558880359131
2526,0.6988773586836612
2527,0.00022560896750938313
2528,0.00012063514364880177
2529,4.364808260233124e-05
2530,4.672739941424685e-05
2531,3.506968575863979e-05
2532,4.4448622044478405e-05
2533,0.9993873704557595
2534,0.008942344903271327
2535,0.060520688193088576
2536,0.04140318563958001
2537,0.00013669048266672223
2538,0.00010588559554271014
2539,7.396258553788617e-05
2540,3.130997644358481e-05
2541,0.00010190246599891631
2542,5.019367197328457e-05
2543,0.00029201087033177853
2544,5.515871983407233e-05
2545,0.0013629053745549337
2546,0.008147117501218812
2547,4.291039920104699e-05
2548,4.435682266943742e-05
2549,8.0674163849456e-05
2550,0.001982082377838102
2551,5.5696829240501864e-05
2552,5.6193049816769086e-05
2553,0.00016004744422376825
2554,4.164398099786963e-05
2555,0.0007169995660370761
2556,0.9997219811270612
2557,4.1623189038159405e-05
2558,3.0563107984396285e-05
2559,0.993358870674436
2560,0.999132090974545
2561,0.00018319136952221483
2562,0.0003848691834828317
2563,7.616202588449667e-05
2564,0.00018352940876872743
2565,4.953845050168354e-05
2566,2.4933951890445e-05
2567,5.112255465924278e-05
2568,4.767193805730857e-05
2569,3.5256246920707e-05
2570,3.8498204549797344e-05
2571,3.936298780047613e-05
2572,0.0005966450614636037
2573,0.00010719196113176594
2574,0.7573925188305235
2575,0.0005973278890080687
2576,3.3075533624258805e-05
2577,5.675754080572496e-05
2578,7.900032721887727e-05
2579,2.1224572661075548e-05
2580,4.306503977972371e-05
2581,0.008505971698323666
2582,5.73693338247004e-05
2583,0.002660150529130345
2584,3.4330794942544806e-05
2585,0.00034187627207454927
2586,5.1228456200549164e-05
2587,6.345530954558274e-05
2588,0.00019071729818130714
2589,5.255895980659494e-05
2590,0.0035315351087050564
2591,5.055716063007157e-05
2592,5.4642821769676215e-05
2593,3.059133223420256e-05
2594,2.4103383249504973e-05
2595,3.142318698764891e-05
2596,0.0021416853154883246
2597,4.003695779254523e-05
2598,4.013628719112981e-05
2599,0.00017883935447675416
2600,3.2825527207758364e-05
2601,6.444054519871274e-05
2602,0.9958393319510883
2603,0.004438885081962314
2604,0.005741597672749831
2605,0.7901308607343533
2606,0.4992241612130469
2607,0.0026292988346651148
2608,0.00045689099910553924
2609,3.3469549720829954e-05
2610,5.85942425602841e-05
2611,0.995181827693912
2612,0.0010772373054115398
2613,4.928314120174558e-05
2614,7.797694938709299e-05
2615,0.0002167895035430218
2616,6.873971699433864e-05
2617,0.0005468861451948006
2618,0.8864957921024278
2619,0.00010090535351613201
2620,0.010760164075216435
2621,0.0009583919793616565
2622,0.003579972850326101
2623,4.129887390103324e-05
2624,0.0007088113315441253
2625,0.9915959185174128
2626,5.72155865744189e-05
2627,0.00021797065376187694
2628,0.9881728862041061
2629,4.2119624536030606e-05
2630,0.6206381528105643
2631,6.323297939026295e-05
2632,3.8747697402213026e-05
2633,2.784103541567136e-05
2634,0.9962596232961236
2635,0.999571398312848
2636,0.0009056673210695075
2637,4.9631079377894983e-05
2638,0.0011042069774553783
2639,7.47542788940521e-05
2640,4.272806699625922e-05
2641,2.6527141102322936e-05
2642,2.4805865727087532e-05
2643,4.926250697947916e-05
2644,0.00014027341723729992
2645,0.0003523361454049477
2646,0.017849525474016796
2647,0.003183434803864712
2648,3.7984352111184374e-05
2649,0.9904455466279323
2650,6.089289646510345e-05
2651,5.319569440091492e-05
2652,0.0015095942779365511
2653,0.9836333728874344
2654,4.9821254761117465e-05
2655,4.120380101742625e-05
2656,0.0192138007317944
2657,0.011798965110008858
2658,6.748982293489031e-05
2659,0.00011134186046559899
2660,4.634403121795713e-05
2661,0.0013109903848095284
2662,0.0022670881274512323
2663,5.868418648613054e-05
2664,0.9761632253435218
2665,0.00010994445619815106
2666,9.663190266503727e-05
2667,6.374155661375174e-05
2668,5.073062955816687e-05
2669,4.079780973310604e-05
2670,0.9888554558015287
2671,0.0001089035827529003
2672,3.5421339659914234e-05
2673,0.0005246642408476088
2674,0.03134180763026684
2675,8.120704294215651e-05
2676,4.626268291015874e-05
2677,5.4894719470290555e-05
2678,0.00014533201037789412
2679,0.00029066904464884475
2680,5.416223763761517e-05
2681,6.596365741160677e-05
2682,0.9997548886963102
2683,0.0001574676214924422
2684,0.00044836196037199383
2685,0.9737064444482219
2686,0.00012827904775253833
2687,0.00676645169143387
2688,4.18125984057135e-05
2689,5.303480500607888e-05
2690,0.00021433828874068173
2691,0.00010322352847188805
2692,0.00012517292146559914
2693,5.1647029892001826e-05
2694,3.284556532930612e-05
2695,0.0005957003178402793
2696,7.4872302899867e-05
2697,0.00018256996802283764
2698,2.7687599192705697e-05
2699,5.421261115739701e-05
2700,1.8833988509053632e-05
2701,0.00036451526661423616
2702,5.27994040832969e-05
2703,0.008734576609630593
2704,6.298845628903409e-05
2705,0.0007955710445480329
2706,7.373207609424763e-05
2707,0.00023366990722469816
2708,0.0012176187579025668
2709,0.14065980938719974
2710,0.00011112161995395142
2711,3.136183862932369e-05
2712,0.0004504033193264443
2713,3.52078944081788e-05
2714,0.00010407534049591768
2715,0.9413747786973581
2716,3.4011276069694574e-05
2717,3.281187319362004e-05
2718,0.998950641134759
2719,6.618891063278242e-05
2720,3.343651188453572e-05
2721,8.626181263403552e-05
2722,0.9912778543118062
2723,0.9788932200128304
2724,5.3724000262423624e-05
2725,4.245489434138774e-05
2726,4.445517836389551e-05
2727,0.0002408071434395433
2728,5.6296320095453444e-05
2729,0.00013380233557625976
2730,8.186957492543926e-05
2731,6.246796865814429e-05
2732,7.199904348733393e-05
2733,0.011788291342366466
2734,0.001207378111727566
2735,3.623878995951732e-05
2736,0.0002043316153503974
2737,5.792028149108569e-05
2738,3.5946828053276607e-05
2739,9.135321192101882e-05
2740,6.777869786994995e-05
2741,2.8271933643495094e-05
2742,7.482630810461672e-05
2743,7.579042765517109e-05
2744,0.0001619979587166005
2745,3.55488222010658e-05
2746,2.338514023320181e-05
2747,0.0001266431431960093
2748,5.6616775327221805e-05
2749,6.883248336796136e-05
2750,3.704797682045785e-05
2751,9.254423473119916e-05
2752,0.9982746406805246
2753,9.66171327671393e-05
2754,0.00027700307788231665
2755,0.9978073436861393
2756,0.9968936507236563
2757,5.408470264238806e-05
2758,6.689935884071841e-05
2759,0.0002544249143766404
2760,0.9632571598292416
2761,0.987215097283757
2762,0.9996450104554573
2763,0.00022702171779197855
2764,5.1960179240308926e-05
2765,0.0021298766522272242
2766,0.001206069682583429
2767,0.9940281600791675
2768,0.9945462478968157
2769,0.0001945213946953939
2770,3.8562878476826196e-05
2771,4.006487547140366e-05
2772,9.465988700270099e-05
2773,6.261166111697855e-05
2774,6.198172311580437e-05
2775,0.00012400137450006648
2776,5.680697670276212e-05
2777,0.0015077976044640226
2778,0.00016909361459404893
2779,8.544866445066219e-05
2780,5.826093675931266e-05
2781,6.589106541627103e-05
2782,6.175123492454748e-05
2783,0.00023154168342502183
2784,0.0010066701492460616
2785,0.997015489826752
2786,0.00019623148597165614
2787,0.00019181111035280397
2788,0.9667336061621121
2789,0.00021961907728212842
2790,2.2266730645426482e-05
2791,8.044632656477844e-05
2792,0.0899924886765708
2793,5.385546297835681e-05
2794,6.839930823745223e-05
2795,0.0023277021608681843
2796,0.00027294947098702654
2797,0.1971828135290074
2798,5.8614750770969195e-05
2799,0.0004302805778903408
2800,0.004598182045346913
2801,0.0004918944030068535
2802,3.295925553609095e-05
2803,2.9482996849629162e-05
2804,0.0003215309573034606
2805,4.477250374111562e-05
2806,0.9989261531291305
2807,2.7992458816174617e-05
2808,0.0009807539403180175
2809,0.004888318513715226
2810,0.05224426681036727
2811,0.00011240557534384291
2812,0.0006937045239821987
2813,0.0012679694964877163
2814,0.0014415799440606358
2815,6.688865764219148e-05
2816,0.0017317739497296099
2817,2.7277542769167715e-05
2818,9.16983563410714e-05
2819,0.9996830576896117
2820,0.00012348614354426696
2821,0.00010108537454332643
2822,9.492321038945617e-05
2823,5.28137336185282e-05
2824,8.900561170256357e-05
2825,8.602463025955375e-05
2826,0.9983830024775745
2827,3.4536877393709806e-05
2828,0.7772617253446243
2829,0.0040228987470906806
2830,0.0020426702162025813
2831,0.0002857556534423401
2832,0.9728313733368367
2833,7.486192617483917e-05
2834,0.0005435442207507282
2835,0.00048490194370489557
2836,0.00016056290144040377
2837,3.443805200318417e-05
2838,6.157928386056852e-05
2839,0.0019777532570687244
2840,0.2899946239616257
2841,0.02706700200171549
2842,0.00024139287259504477
2843,0.012570793389082433
2844,0.0001178926020416987
2845,7.319920735181499e-05
2846,0.0004576208810833436
2847,0.0004602061783463776
2848,0.9917480870676018
2849,0.9737821194127353
2850,0.00010867467010576479
2851,3.836735115290186e-05
2852,4.692589266677659e-05
2853,0.00023483650318438434
2854,0.00028196713284496804
2855,0.0017223426468402007
2856,0.886674714742767
2857,5.821603787865445e-05
2858,0.00041656394144421393
2859,0.0008785592974453504
2860,0.00016984592275326522
2861,4.114458090541559e-05
2862,3.909962250618387e-05
2863,0.0007412268835311341
2864,0.10156289298973457
2865,0.0001160883780496263
2866,0.007128933522186092
2867,2.61583079004679e-05
2868,0.9777069900634766
2869,5.792297615602716e-05
2870,0.0003658681705282226
2871,0.0004795684191204699
2872,0.011886794222153269
2873,0.0009095435497872836
2874,0.00045812007915893864
2875,7.333329532535649e-05
2876,0.00021756455832031428
2877,0.005156736238216307
2878,0.00022100623341509218
2879,9.351572787943823e-05
2880,0.00011268480677616628
2881,0.9982732969944845
2882,0.0002663675306535469
2883,0.00015673692017374778
2884,0.0030539349617523586
2885,6.179639300670729e-05
2886,4.894306113226993e-05
2887,0.00016857739310015317
2888,0.5462043010398864
2889,4.975340604073064e-05
2890,0.017257583845344388
2891,0.00012768290580929796
2892,0.8156225848747154
2893,0.0010257418929501467
2894,0.965683358833803
2895,0.0001271189925902814
2896,0.00017682734262174413
2897,0.0010185317421619509
2898,3.982239426029518e-05
2899,0.001129329455301229
2900,0.012830019691609235
2901,7.039931229515077e-05
2902,0.0010882821944026323
2903,5.7939135510280564e-05
2904,0.9973316497511913
2905,0.9910203102990904
2906,5.23872344152125e-05
2907,0.0001151995321063997
2908,4.437647420354941e-05
2909,0.0012386643087407554
2910,0.0018816894329149985
2911,0.002787401491428138
2912,0.9989164844734685
2913,0.001032543838640411
2914,0.0002389830839494267
2915,0.0014732447977724265
2916,0.00033320849296541104
2917,0.00029345885439387295
2918,0.00010418357357565866
2919,0.9920710932469408
2920,6.610626032643575e-05
2921,8.676884996234784e-05
2922,0.0002804530674143008
2923,0.9763795145825964
2924,0.00014449190594889935
2925,0.8851309164509977
2926,5.062862340504092e-05
2927,0.000504066696408915
2928,0.995679515493755
2929,0.0001808290296364986
2930,0.9719915664187821
2931,0.00016274430184170374
2932,0.9676308356689741
2933,0.000259168541385212
2934,0.00021963237133241017
2935,0.00015339716947265685
2936,0.0005782528976513763
2937,0.0002132098394047265
2938,6.703617641656143e-05
2939,0.0011934530356754942
2940,0.0031555925085898578
2941,0.00029785786282887454
2942,7.68844153507413e-05
2943,0.010929238202138088
2944,0.004637572632997305
2945,8.294277100643786e-05
2946,4.8121606308789276e-05
2947,7.378483652920928e-05
2948,2.8141589362762505e-05
2949,7.56080642709698e-05
2950,6.235277996721708e-05
2951,0.9960175809763909
2952,3.9504643499878797e-05
2953,0.0009715233838590937
2954,0.8518174362650107
2955,0.00022504117405522432
2956,0.00030992954446364053
2957,0.00015827307725791305
2958,0.00010541670092411803
2959,0.004012128178557262
2960,0.8898639563625188
2961,0.0006525037535715642
2962,0.0001199670050759003
2963,7.60172160917325e-05
2964,0.0010655402913401495
2965,0.0026230942302214477
2966,3.476009023070289e-05
2967,2.1442684331568144e-05
2968,0.0003375557392814271
2969,0.0002700749214846553
2970,8.148189270623168e-05
2971,0.9963469021664653
2972,0.997858828761518
2973,0.030579507414204687
2974,0.0003629926278452821
2975,0.0012716598947045484
2976,3.9156217973913966e-05
2977,5.710490587946305e-05
2978,0.0001745629939459043
2979,5.6240472194059485e-05
2980,5.102348332371611e-05
2981,6.931791801616707e-05
2982,0.000842470315997142
2983,0.0044739780504436995
2984,0.0069598613025530385
2985,5.314814531054989e-05
2986,3.8270284948291536e-05
2987,0.002138200194106374
2988,5.408166222391844e-05
2989,2.3624901708504687e-05
2990,3.249098105326311e-05
2991,2.536020794045051e-05
2992,0.0007039193556933234
2993,5.357893122870153e-05
2994,3.676030569573555e-05
2995,3.056617403848522e-05
2996,0.0003373309192587506
2997,3.5417963436437064e-05
2998,3.511106797141938e-05
2999,0.02007849888323259
3000,4.2661085921195306e-05
3001,2.599477208352099e-05
3002,2.5410090876367716e-05
3003,0.007890555904692512
3004,3.407747130068775e-05
3005,6.036721662976889e-05
3006,6.698173539543852e-05
3007,0.00023717032146644703
3008,3.134827873334769e-05
3009,3.293324760260915e-05
3010,0.007221044337080986
3011,0.9429406337503465
3012,0.00017660243843121767
3013,0.0016146431784896938
3014,0.019739191960097272
3015,0.002834162544469576
3016,0.00042693000237810347
3017,0.0024587565119208762
3018,7.339779910809339e-05
3019,0.0045302744676562435
3020,3.220379727639042e-05
3021,3.272133366351448e-05
3022,2.4005244115734634e-05
3023,3.8148214980191744e-05
3024,2.791523808312247e-05
3025,2.5020127930721878e-05
3026,0.01616396048471177
3027,5.135838444927681e-05
3028,4.170896530614555e-05
3029,1.992864246437041e-05
3030,2.663737006027202e-05
3031,3.266672001117063e-05
3032,1.8170352317438296e-05
3033,0.0003442003692239944
3034,5.304855481544578e-05
3035,5.803578060895819e-05
3036,7.892808050933204e-05
3037,0.01903046961645307
3038,0.006058671765864058
3039,0.007845959423562091
3040,0.00056842681492447
3041,0.0732113067758118
3042,9.624256147325388e-05
3043,0.00011101298869683263
3044,1.7940289730403353e-05
3045,2.010375870081835e-05
3046,6.653443726384759e-05
3047,3.0014756950013067e-05
3048,2.868951292799472e-05
3049,0.0006412547563128894
3050,6.777521236878188e-05
3051,0.014652576044425644
3052,0.013758895581275368
3053,3.413003341478322e-05
3054,2.8173260969615312e-05
3055,4.462467294973492e-05
3056,2.521683254526968e-05
3057,3.665471731226928e-05
3058,7.373343868407757e-05
3059,2.9847279072519536e-05
3060,5.5666299864064994e-05
3061,0.006618447262777544
3062,4.143041632056489e-05
3063,0.004671249519672282
3064,8.917371797698614e-05
3065,5.748435609665073e-05
3066,0.00011233285441732664
3067,0.004142292437262869
3068,0.007140841341586023
3069,3.7263986873866696e-05
3070,3.209821227964626e-05
3071,4.2989903068455605e-05
3072,3.912735299074428e-05
3073,2.736400600957538e-05
3074,4.647358991122243e-05
3075,2.3143642701488694e-05
3076,3.1825756541330485e-05
3077,4.321136317536349e-05
3078,0.0004743423240965015
3079,0.004984402632907113
3080,3.816182351663528e-05
3081,5.819040668798703e-05
3082,0.004494231365479063
3083,0.00010532089608674088
3084,2.724542907500336e-05
3085,4.065777874672628e-05
3086,0.8241141521480471
3087,3.0209060689787643e-05
3088,2.196509226818993e-05
3089,2.7012004031041287e-05
3090,0.0002418020471879582
3091,0.0003131363303424815
3092,0.02662631503398307
3093,0.012784164287624977
3094,3.6326847077969716e-05
3095,2.1533394665553377e-05
3096,0.00011714437687170587
3097,0.0011312414647858381
3098,0.0005720662795539398
3099,0.9727044909260523
3100,0.025625914616694646
3101,0.0005994309999843748
3102,6.493604300871747e-05
3103,4.311944823532999e-05
3104,3.131528707272026e-05
3105,4.930196073892083e-05
3106,0.0001292354479850958
3107,3.1267223722302576e-05
3108,3.555753451263291e-05
3109,7.267571607043551e-05
3110,5.0610337900742934e-05
3111,4.793133398811372e-05
3112,0.014329150725768389
3113,2.8713828005459354e-05
3114,6.453611069826991e-05
3115,2.1323818055149753e-05
3116,3.42685849460698e-05
3117,3.035729724795059e-05
3118,1.9316106051551827e-05
3119,2.183386536867998e-05
3120,3.958620101306474e-05
3121,4.479677240189358e-05
3122,3.4459711138572545e-05
3123,2.6364414614045113e-05
3124,7.658900227802382e-05
3125,4.318621373612329e-05
3126,3.935688731134596e-05
3127,6.318178779822392e-05
3128,2.187873817752317e-05
3129,2.2830203284299702e-05
3130,0.0003914103689244589
3131,0.00032107630507822234
3132,0.0006413861379152461
3133,7.026077724772866e-05
3134,2.4196637734831276e-05
3135,0.0007762272014940747
3136,3.3125688562618604e-05
3137,4.35998807905066e-05
3138,4.715624822444199e-05
3139,0.0010070949511150127
3140,0.0004264195017321468
3141,0.0018850663288956233
3142,3.573622616961652e-05
3143,9.53897301787184e-05
3144,8.812317724356871e-05
3145,0.0003874166958555453
3146,0.0034373936442842236
3147,0.00098304141760672
3148,1.91415587256301e-05
3149,2.428716711459728e-05
3150,1.919617037529609e-05
3151,2.642068354411091e-05
3152,0.002352363764657765
3153,0.009017544379075305
3154,0.0029679531719527265
3155,8.100303627333576e-05
3156,3.538691561847809e-05
3157,0.0011026972953374862
3158,0.00236341774784415
3159,2.8274700644988032e-05
3160,3.4608539316938586e-05
3161,0.004562381679417135
3162,0.0015453229444606122
3163,0.8837024170478642
3164,0.0002550685339673418
3165,0.0005807956676014311
3166,0.008017150873060683
3167,0.005124316892895219
3168,0.0005434798025084041
3169,3.738840667516803e-05
3170,0.0038305326694375585
3171,0.006706959339367442
3172,0.0001407983766555041
3173,2.7109029481784182e-05
3174,2.9347382921161917e-05
3175,4.180383683356134e-05
3176,5.127587347574774e-05
3177,3.719670234095043e-05
3178,4.756394833685086e-05
3179,7.816663204673161e-05
3180,0.01443100644516972
3181,0.0008072036101387691
3182,4.269723877609898e-05
3183,0.00010587651359234693
3184,1.686121862642396e-05
3185,0.6326921666810182
3186,0.8770245186871819
3187,0.00015894144176378366
3188,0.00015460301326258695
3189,4.735545519966833e-05
3190,6.16593196842017e-05
3191,0.005865480490154966
3192,4.7101333564627886e-05
3193,3.0255398632604103e-05
3194,3.467275996286047e-05
3195,0.0005883994600211961
3196,0.00026710042544620023
3197,0.9814939514095687
3198,0.00019647124489981975
3199,0.0013139391114639402
3200,0.0066805120385281195
3201,5.84997336015923e-05
3202,0.9161376377783881
3203,1.917414561590628e-05
3204,2.0454783891160497e-05
3205,2.7874951714985355e-05
3206,3.352892293835793e-05
3207,1.998401327200853e-05
3208,0.0013103178042696442
3209,2.5981377118782905e-05
3210,2.2542826457630615e-05
3211,4.759769172968497e-05
3212,2.852955823206129e-05
3213,0.0004298568412258977
3214,2.690472375087895e-05
3215,3.148371336319573e-05
3216,0.9523098267268274
3217,4.853050920408202e-05
3218,0.00015645515432025894
3219,0.0003723975667804944
3220,0.0010089624282845515
3221,6.498943531687875e-05
3222,0.0010280819269994628
3223,6.438968097086913e-05
3224,0.9718644927563684
3225,4.154507278076161e-05
3226,2.761081325530389e-05
3227,0.9805645024965172
3228,3.660678871353722e-05
3229,2.93748860117739e-05
3230,2.4537424501926428e-05
3231,2.8112639104396776e-05
3232,2.7448030392329934e-05
3233,4.7869567633362554e-05
3234,0.000662725968225168
3235,0.955321038606473
3236,0.00012869509465689993
3237,2.45904239846142e-05
3238,3.903405037436646e-05
3239,2.700665793339909e-05
3240,0.38792336469154554
3241,0.000784053043988211
3242,6.580997979893508e-05
3243,2.4399737017929628e-05
3244,0.0012851153631080997
3245,2.3775984010736285e-05
3246,3.809913334905097e-05
3247,0.9880981847216475
3248,0.0005472990011548383
3249,0.0008458255887010251
3250,0.0027748918854264954
3251,4.9129618596173834e-05
3252,2.282229940319039e-05
3253,0.8089437759260824
3254,2.5300751415789127e-05
3255,5.0135926061365104e-05
3256,0.0020011837850695685
3257,0.0007403903745621706
3258,0.003044979540280652
3259,0.0035826860328499618
3260,0.00159499392123378
3261,0.002387522621884416
3262,0.0015848574055957639
3263,0.9978312626165877
3264,5.3113102529017514e-05
3265,3.970100448136834e-05
3266,0.9491902820738302
3267,4.589209965749077e-05
3268,5.015115247193926e-05
3269,4.746046220062987e-05
3270,0.018677482169550362
3271,0.00040419668032932977
3272,5.1222542181360035e-05
3273,3.13456379583037e-05
3274,3.688505113827362e-05
3275,0.00012952711285827085
3276,0.00019695341720810922
3277,2.9063918489752414e-05
3278,3.362855374169699e-05
3279,4.106035774053073e-05
3280,3.809982310837812e-05
3281,0.002040255297148151
3282,6.227062282879091e-05
3283,0.00010831686479571614
3284,3.720966316823024e-05
3285,7.536105499876162e-05
3286,2.4760584914894172e-05
3287,2.0389324483231477e-05
3288,2.7837993809183298e-05
3289,0.0012212076685531377
3290,9.927579770621997e-05
3291,2.3944879330905768e-05
3292,0.000636765443210224
3293,0.0011921280408130007
3294,0.010463024545833043
3295,0.00023062360850258827
3296,0.0017115884712113447
3297,3.5025085419984844e-05
3298,3.5100497132226226e-05
3299,0.00018826563637801586
3300,0.0003453513581042918
3301,2.5645560301300195e-05
3302,2.435715976884814e-05
3303,0.00013066280573740342
3304,3.129797032286266e-05
3305,0.0001787363158282929
3306,1.6140086746582815e-05
3307,2.4740685575832433e-05
3308,0.0007362532121262228
3309,0.0006208429987043623
3310,8.791971287459705e-05
3311,6.605901701870512e-05
3312,0.00027205034305488303
3313,4.5221588854149665e-05
3314,3.760584177086833e-05
3315,0.00012702950852569946
3316,8.311711367649317e-05
3317,5.317759338619875e-05
3318,4.389233723205229e-05
3319,5.3927752054733484e-05
3320,0.0001249682482198229
3321,2.720891534767256e-05
3322,5.59313284054982e-05
3323,2.6693295097425334e-05
3324,3.7351569668005255e-05
3325,2.7178842345026148e-05
3326,0.0033692134137513117
3327,6.244072051335161e-05
3328,6.232545748621461e-05
3329,3.1670710369205774e-05
3330,3.223919930248283e-05
3331,0.0025523458118518185
3332,0.0010229832312266482
3333,0.0008746992582164099
3334,5.311463893334645e-05
3335,9.562073968264913e-05
3336,3.462653963353559e-05
3337,2.7430254115489684e-05
3338,2.3755024974818416e-05
3339,2.1118390313989737e-05
3340,3.2065501612453714e-05
3341,2.5764017246050683e-05
3342,0.004450286989922959
3343,8.901865462008541e-05
3344,3.610501392026711e-05
3345,2.4059720911550485e-05
3346,2.28834091980867e-05
3347,2.366583252092466e-05
3348,3.1332069613882995e-05
3349,2.7405384453226988e-05
3350,2.47227864483033e-05
3351,5.524165866377252e-05
3352,2.9798609088173142e-05
3353,1.9284539178590915e-05
3354,4.422747576743101e-05
3355,0.004856665023638521
3356,0.014445912692161066
3357,0.0016991550885598005
3358,5.164982664402945e-05
3359,6.0963507609361546e-05
3360,7.801924894333334e-05
3361,0.7965931487850939
3362,3.034620594273009e-05
3363,2.392345117039504e-05
3364,2.4651153250934036e-05
3365,3.123166893980429e-05
3366,3.4934830172799585e-05
3367,0.003024759166288398
3368,3.1053397793249765e-05
3369,3.9286303213893165e-05
3370,2.3502986278953205e-05
3371,0.00017063342695994565
3372,0.0012066065844271723
3373,0.002079497732728498
3374,0.0004987154338812591
3375,0.0007677672814923722
3376,2.6822982559768877e-05
3377,2.2822192798379207e-05
3378,0.9971457346137225
3379,3.800423403501003e-05
3380,5.764708890748434e-05
3381,5.862865450649351e-05
3382,2.6019547771159387e-05
3383,2.8318937197889775e-05
3384,6.898128104000019e-05
3385,0.012434192259054438
3386,0.0024850724827769977
3387,2.6200730194115354e-05
3388,4.400981103795073e-05
3389,4.8235452685766756e-05
3390,6.627979851045911e-05
3391,3.133678281096285e-05
3392,4.2736232696195e-05
3393,0.007866455733567207
3394,0.9955127794110039
3395,3.692560120207795e-05
3396,4.1323740030034604e-05
3397,4.106739698631838e-05
3398,0.00022376212042291986
3399,8.400723277885313e-05
3400,3.8997564283484644e-05
3401,4.404439611039697e-05
3402,2.4188331434282552e-05
3403,0.01371100973115722
3404,6.97487359173347e-05
3405,0.0031234034960959125
3406,7.666874675013055e-05
3407,0.00014824036693392306
3408,0.007066977812330494
3409,0.0013023730017481766
3410,6.893948926449158e-05
3411,0.06974705930260612
3412,0.002805371778602331
3413,0.00712075582710784
3414,4.4878594358153514e-05
3415,3.771104848934453e-05
3416,3.627758900008847e-05
3417,4.2166749639389486e-05
3418,0.0008802707231648765
3419,3.25738721805001e-05
3420,2.9182216756314204e-05
3421,0.0006630680347722934
3422,0.0003275700077485172
3423,2.4239506053491703e-05
3424,5.691908183547371e-05
3425,0.9976614348256764
3426,1.9453674635583134e-05
3427,2.8756026174832274e-05
3428,2.9902234941539648e-05
3429,0.0015904491233544212
3430,5.987804968145545e-05
3431,0.0058764833774799675
3432,2.298735612637048e-05
3433,2.1146786024577966e-05
3434,3.264087219233623e-05
3435,5.775192384333847e-05
3436,3.2446796993765486e-05
3437,6.530040558208841e-05
3438,3.102673799412592e-05
3439,3.720119694115423e-05
3440,1.9968251013973935e-05
3441,1.9732305908515465e-05
3442,0.04208842734224762
3443,0.012022126127991797
3444,2.753489114093483e-05
3445,0.006421969793611576
3446,6.031290805940345e-05
3447,8.658258529893577e-05
3448,0.9234318018334932
3449,1.7694568919872398e-05
3450,1.7873583505246393e-05
3451,0.0003639650679069396
3452,2.865921393931763e-05
3453,0.0003973886215529551
3454,0.010468082187422154
3455,0.0006280781718505025
3456,0.00046289162737665686
3457,4.390567588279634e-05
3458,2.580873963596764e-05
3459,2.110161775015646e-05
3460,6.0391291368499245e-05
3461,4.591420026239412e-05
3462,5.8840662786807404e-05
3463,0.00013773828431782082
3464,0.00010492398758860071
3465,0.00017498431238025577
3466,0.002457107232652614
3467,2.1156302571502977e-05
3468,2.5859717777639372e-05
3469,8.294271473144469e-05
3470,4.4023811549822375e-05
3471,2.6091519350059267e-05
3472,0.0003049099227457151
3473,4.9869915754487255e-05
3474,2.3668833391989592e-05
3475,0.029603428856580256
3476,1.9900260530342633e-05
3477,9.178204351764414e-05
3478,3.150202252573629e-05
3479,3.5570598962269593e-05
3480,0.00012028546451574159
3481,0.00059806881247861
3482,0.0020209042837384715
3483,0.0001387848738451433
3484,2.442901152987332e-05
3485,2.0001045134539244e-05
3486,3.78645218240109e-05
3487,3.99031407458703e-05
3488,3.322970147935985e-05
3489,5.542121348932722e-05
3490,0.0002724358081726612
3491,0.9515419694031364
3492,0.9984928665659618
3493,5.061248798855543e-05
3494,3.348277380838686e-05
3495,0.9819324628568179
3496,0.03291229878158728
3497,5.690093553410316e-05
3498,2.0407563619029326e-05
3499,4.721100898837174e-05
3500,4.725793219188591e-05
3501,6.45486217041176e-05
3502,0.14272045548731746
3503,8.983890312279724e-05
3504,4.981099559125722e-05
3505,3.020595423474324e-05
3506,3.511550236906099e-05
3507,0.00022955718068043185
3508,3.0477509959782572e-05
3509,0.00015120602106204217
3510,2.2899789136202244e-05
3511,0.0029944280111654526
3512,2.4846051267149657e-05
3513,0.0014274508010981145
3514,3.108852659425716e-05
3515,0.0004970662371412808
3516,7.529086990631047e-05
3517,0.00025458971755858926
3518,0.006088286595416476
3519,0.005355862443396903
3520,4.742262943855631e-05
3521,3.866885140571532e-05
3522,0.00014158811262934086
3523,4.8081965329983446e-05
3524,0.0018924247846426683
3525,0.0006183423583703896
3526,7.936992793072586e-05
3527,0.002847679283519984
3528,2.623036060393903e-05
3529,2.9482831663115484e-05
3530,2.257251189059188e-05
3531,5.37924974149188e-05
3532,3.1426297063037675e-05
3533,0.005601873864643436
3534,0.0010452659178972526
3535,0.011817963984609344
3536,0.00035440870229482696
3537,5.286948710295003e-05
3538,0.001370289261197873
3539,0.0002570688185173449
3540,0.002133688887732756
3541,2.346699781476607e-05
3542,5.714974207186409e-05
3543,0.0015403864135076974
3544,2.6019779265378028e-05
3545,2.4042356171444153e-05
3546,2.9220905921496403e-05
3547,0.24129700864427978
3548,0.00017686561883638747
3549,0.0002490848146615817
3550,0.0032046038559718597
3551,0.0010885959249377782
3552,2.7951837739644443e-05
3553,0.00024073727887326653
3554,0.0052732203667403
3555,0.0003450005268738391
3556,2.604535097434146e-05
3557,1.9653461769557616e-05
3558,0.0002920867925668512
3559,3.443078900930947e-05
3560,3.171478434245115e-05
3561,0.0003685401571508227
3562,0.00011741563564442304
3563,3.90498191660112e-05
3564,2.213771890141236e-05
3565,2.2170304565099916e-05
3566,0.0036097912848200783
3567,0.00022163874536552464
3568,3.0472733080613485e-05
3569,0.00021708751312865654
3570,5.079695905142741e-05
3571,2.6094705439121558e-05
3572,4.1339589441327316e-05
3573,4.6017567120780394e-05
3574,0.0005744071735856532
3575,2.554669991731704e-05
3576,4.186147248014224e-05
3577,4.8526088100926364e-05
3578,6.60381541897193e-05
3579,2.9372333514420368e-05
3580,3.2337641204817295e-05
3581,3.309411408846477e-05
3582,2.3665161780570997e-05
3583,4.8398021854280124e-05
3584,0.024693312509480002
3585,3.34811011730666e-05
3586,0.0008772432275780796
3587,2.6534486855689773e-05
3588,0.002067242351400832
3589,0.022481106672474667
3590,0.026294647461112385
3591,2.4881356936784824e-05
3592,3.935758002502241e-05
3593,3.319226126202449e-05
3594,0.0006748590776101398
3595,3.065433465995971e-05
3596,4.593809523259758e-05
3597,3.419366813484403e-05
3598,3.532978267929442e-05
3599,0.0005419920618961594
3600,0.0009326913366013835
3601,0.0007563972320508213
3602,0.004141641821014986
3603,3.629056738527212e-05
3604,3.10336802786759e-05
3605,4.525889918119474e-05
3606,0.0008895799645840134
3607,6.403030573857811e-05
3608,3.416500670946871e-05
3609,0.9528703165560792
3610,2.335362393653003e-05
3611,4.421332629312649e-05
3612,4.3088582890950735e-05
3613,4.118676922878981e-05
3614,2.90503577614994e-05
3615,0.002444303363938467
3616,0.0001374342636039003
3617,0.9508078501367395
3618,2.922803427067147e-05
3619,0.0008580830684219276
3620,0.00018195853874842981
3621,2.2092024006031647e-05
3622,0.009992519835755765
3623,8.817734270630639e-05
3624,0.0010320718131053984
3625,0.0020150198734871184
3626,3.8421123574825994e-05
3627,2.5366844783886166e-05
3628,0.00014149986654516395
3629,0.0003778912388700828
3630,7.30266901926609e-05
3631,7.589831395136436e-05
3632,0.9124129566927472
3633,0.0008161119241610806
3634,0.0010513722399425579
3635,0.9805101476546229
3636,2.997850507774167e-05
3637,3.7829050892600714e-05
3638,0.0016297322859605023
3639,0.0008504585687419923
3640,4.006308669233128e-05
3641,0.00029024087993325835
3642,0.9712646968281644
3643,0.0008064409516844829
3644,5.328641494326178e-05
3645,3.751054641681422e-05
3646,0.001891905918962003
3647,5.04659721416662e-05
3648,2.58115282547218e-05
3649,5.1800866068766445e-05
3650,0.01754258567276413
3651,0.0002871556369447397
3652,3.060447162799238e-05
3653,4.131998221275627e-05
3654,0.1742378634203444
3655,0.0031418452744287903
3656,0.00799913686801688
3657,1.8269693201909896e-05
3658,5.028939966391031e-05
3659,6.00489529417398e-05
3660,4.928517871648562e-05
3661,0.00033535109665903224
3662,3.6962837167897853e-05
3663,0.007960990508992858
3664,0.46634535006091893
3665,0.8257548824943501
3666,4.538328944559962e-05
3667,0.00011779655937578073
3668,0.0020013794015930884
3669,3.0046781575853543e-05
3670,0.9737706378693849
3671,0.000105438377972325
3672,2.2658592753540918e-05
3673,3.378855373786688e-05
3674,0.9598973476822978
3675,3.582865698899613e-05
3676,6.489872873173705e-05
3677,3.885073393706578e-05
3678,4.8720946176324716e-05
3679,0.007789687694324239
3680,3.329426776328298e-05
3681,0.00010308258326147945
3682,0.043781054968899655
3683,2.8121498563228825e-05
3684,0.003991877362566146
3685,0.00021797064870431233
3686,0.0003876923372735097
3687,0.0018154895585912386
3688,3.4779863911644764e-05
3689,3.6200350485234394e-05
3690,0.9824808279517929
3691,0.001517537456003039
3692,3.440825342149538e-05
3693,6.412355607786332e-05
3694,0.9511833735361386
3695,9.263570883403847e-05
3696,0.003507766099114645
3697,1.946389328642099e-05
3698,2.3333687890310386e-05
3699,0.0008232293466877427
3700,0.001193425545637289
3701,2.3317298018710255e-05
3702,6.584259851390436e-05
3703,2.044412904427194e-05
3704,3.059173738578008e-05
3705,2.0535044775433065e-05
3706,0.0006692792483228971
3707,2.7537271824239815e-05
3708,2.636430165059619e-05
3709,2.9685830203491895e-05
3710,2.415011965810675e-05
3711,0.004168714540691834
3712,0.00017939418518893104
3713,4.227759245449733e-05
3714,0.0007975320905873034
3715,8.291129518211407e-05
3716,0.0017308234189916543
3717,0.006185371095662307
3718,4.3718852236795e-05
3719,5.795289121420077e-05
3720,0.0011846330839294793
3721,7.268188341623705e-05
3722,0.0005604946237883974
3723,0.9911876515998597
3724,0.0019637993675013466
3725,0.0017740878480481618
3726,0.013176780473920974
3727,0.0028935176180976485
3728,3.667854667134129e-05
3729,0.008789563315348258
3730,9.562639709627041e-05
3731,2.5122596752333737e-05
3732,4.312389453403411e-05
3733,5.255155170999616e-05
3734,0.022851987769003868
3735,0.009530239610128064
3736,4.660507402990653e-05
3737,2.7013484603709077e-05
3738,0.0002353262039269855
3739,5.094081395560202e-05
3740,4.6009555209737044e-05
3741,2.3797395110389945e-05
3742,3.9670377605794504e-05
3743,0.0008035931037212389
3744,0.0021466177879067225
3745,3.202025935801851e-05
3746,3.2236946174622614e-05
3747,0.0002532269334725996
3748,2.770714867670074e-05
3749,6.411810982378219e-05
3750,0.0016503364796373265
3751,0.9481308328354825
3752,2.9562585541839583e-05
3753,0.10479070332343628
3754,3.932953292976117e-05
3755,0.00015245323214955876
3756,2.856418016126402e-05
3757,2.0460647272592987e-05
3758,3.0273920414111785e-05
3759,0.8849664452114165
3760,0.00011795818957558697
3761,3.9950764167534144e-05
3762,2.9786219887478694e-05
3763,0.0019593683163472227
3764,0.0002025506101763157
3765,0.00010605552795910493
3766,4.849012083531765e-05
3767,0.9727873401971815
3768,3.796114817070635e-05
3769,0.0034501791375714528
3770,3.8771572726033996e-05
3771,6.332219312682649e-05
3772,9.328298302675408e-05
3773,0.0009207563780099742
3774,0.0005740707428401638
3775,5.04938214884209e-05
3776,0.011014953156631901
3777,0.00042175698253478445
3778,0.9964128441467762
3779,0.0006230878900940381
3780,0.00013895065105651687
3781,4.867968953298692e-05
3782,4.4410818746972316e-05
3783,0.0009018871678900083
3784,4.308993934330743e-05
3785,0.0009652364242146091
3786,2.666606128051366e-05
3787,1.9227354477840507e-05
3788,0.13080557019804806
3789,3.201010613522745e-05
3790,1.989105862068372e-05
3791,4.2247793109623485e-05
3792,2.8906021694894434e-05
3793,3.285660318839783e-05
3794,0.0016897083076841328
3795,3.087526330061136e-05
3796,0.0003191165774811349
3797,0.00197293754589875
3798,4.5125070144892376e-05
3799,2.0057464934179336e-05
3800,0.5337845246205817
3801,3.523413558159274e-05
3802,2.8317545974228664e-05
3803,0.00012374637072283182
3804,0.015466046825908842
3805,2.2725550316458998e-05
3806,0.00010927839628584838
3807,2.3498190058144628e-05
3808,2.885388255660182e-05
3809,0.002532197627963943
3810,0.018210961325500232
3811,9.156751703925075e-05
3812,2.9784340268924506e-05
3813,4.963709361661231e-05
3814,0.0030102021772311508
3815,0.011425196539470333
3816,0.0017509638260237235
3817,0.002482540264765877
3818,5.851718211913248e-05
3819,0.0010551149515884695
3820,0.0012078252740994927
3821,0.9973460269596555
3822,4.241724403893509e-05
3823,6.707343684396664e-05
3824,0.028595991469142067
3825,3.532215247433573e-05
3826,0.020507977629106642
3827,3.9985575846713565e-05
3828,2.9498449323263805e-05
3829,3.8773570427191094e-05
3830,0.020924182249930805
3831,0.00012511031155103538
3832,2.535183383623324e-05
3833,4.46161450780202e-05
3834,0.961710647361625
3835,7.489049351451973e-05
3836,0.005026303647010714
3837,0.0006117389942887518
3838,0.00330963119980083
3839,0.0004284997453187254
3840,0.001811140289725841
3841,3.379628818693477e-05
3842,3.094908806562346e-05
3843,3.496697651627391e-05
3844,0.029734414056582642
3845,3.3979633052843695e-05
3846,3.0228702503762318e-05
3847,3.053866138585974e-05
3848,0.0016825557033113407
3849,0.00021573749198410815
3850,2.8326689348596122e-05
3851,4.793069202888606e-05
3852,0.002916865633085172
3853,0.0010628256517931302
3854,6.909358807680222e-05
3855,0.0023312108994584307
3856,0.001048195179973296
3857,0.0007560994043843458
3858,0.007077368491040931
3859,6.42546486182432e-05
3860,8.518955673296533e-05
3861,0.0043118607207512875
3862,0.0024953594692965243
3863,0.00010659599908670842
3864,7.848822979537548e-05
3865,0.0032566660608464625
3866,0.41388372943856544
3867,5.306574968168532e-05
3868,0.004488504653895381
3869,5.0904762418161914e-05
3870,6.140335095826489e-05
3871,0.00010798941635159751
3872,0.002162548975866019
3873,0.06443042421568661
3874,0.997091872807002
3875,0.001108521320276487
3876,0.0029840836592372605
3877,0.00046241164824842166
3878,0.9825713435150988
3879,3.1425113057966694e-05
3880,0.004909930163937558
3881,0.001138364312155383
3882,0.00013764819704729952
3883,3.658646977782516e-05
3884,2.9893361390715042e-05
3885,0.0015278877312579226
3886,0.013932972264789434
3887,0.001289672255663459
3888,5.689254295509822e-05
3889,4.2336484940979845e-05
3890,0.0002497150123106658
3891,0.00012659436246237744
3892,2.8620528661192375e-05
3893,5.645459262588449e-05
3894,0.022679706703803138
3895,4.018835351494827e-05
3896,0.00015455755572807789
3897,2.6945610872883026e-05
3898,0.8810450361800086
3899,0.9961095365968282
3900,4.5301543911180213e-05
3901,5.992637097905719e-05
3902,2.3989693217615418e-05
3903,3.4650539243864366e-05
3904,5.0556244853640864e-05
3905,2.6662211229111645e-05
3906,3.5148251795658606e-05
3907,3.832566219555222e-05
3908,6.538348082137609e-05
3909,0.0002893228409319588
3910,0.983713423945162
3911,0.00019651449491477142
3912,5.4302573896630606e-05
3913,0.00010755010278740592
3914,3.991249712615467e-05
3915,0.00023773103438304942
3916,5.441694775116749e-05
3917,0.0005433719025002425
3918,0.00012031427584440453
3919,4.664414530877428e-05
3920,0.00933216717340527
3921,3.593543030799181e-05
3922,0.006445494420971987
3923,0.9390198041160371
3924,0.00011315954624884506
3925,0.0008007931053706629
3926,0.0075334911252194865
3927,0.004629485245124949
3928,6.924495723239704e-05
3929,4.085734286771723e-05
3930,0.9974499296570624
3931,2.6306406595328995e-05
3932,4.2453969864745727e-05
3933,4.2452441684197774e-05
3934,0.00023403215958034372
3935,0.0004624963154297492
3936,0.0010024383514699396
3937,0.0005639815323174411
3938,0.0028212429263190703
3939,2.3592817037997538e-05
3940,0.0010073048086151808
3941,0.0004583638297249315
3942,4.0758720089615484e-05
3943,0.008866190307859368
3944,2.9100996084061654e-05
3945,3.450277372246264e-05
3946,0.9948913724515898
3947,0.0010384889725992457
3948,0.984773796980541
3949,0.004457839686696407
3950,9.98904905305434e-05
3951,2.7674868987204473e-05
3952,0.0012220422475885812
3953,0.0014102896435796695
3954,4.079060417254715e-05
3955,0.004727443926425842
3956,2.568619559993766e-05
3957,6.179417988060916e-05
3958,4.68572278346724e-05
3959,0.003847001382135932
3960,4.482654231232726e-05
3961,9.317680655363072e-05
3962,7.391811180416252e-05
3963,0.9983372580631494
3964,0.9979204505163229
3965,6.612254923124696e-05
3966,0.027307005986384608
3967,4.234833512663283e-05
3968,6.0482467936548974e-05
3969,3.498413508054159e-05
3970,3.410345404983497e-05
3971,3.442385379184911e-05
3972,2.8257720235150095e-05
3973,3.459301594290839e-05
3974,3.840565734354695e-05
3975,4.0259013025028994e-05
3976,0.00030082568523439365
3977,3.8824947762860874e-05
3978,0.0011206379301379789
3979,7.197591679109153e-05
3980,3.0549186062946105e-05
3981,7.191367036694865e-05
3982,3.447823272689594e-05
3983,0.9933624643859366
3984,2.6847699952767976e-05
3985,2.5968932472029153e-05
3986,3.1157970292333195e-05
3987,0.013256716205506475
3988,0.0005498403397955811
3989,2.589675125098073e-05
3990,0.0001927374374284878
3991,6.737781151235287e-05
3992,0.0013189342255923524
3993,3.919474525308607e-05
3994,2.553892110151863e-05
3995,0.9941273974248844
3996,0.0065663787418644235
3997,5.5117191781272145e-05
3998,3.9051355465872004e-05
3999,5.95489354158604e-05
4000,0.00028070881877202095
4001,0.004019614002615747
4002,1.9328223704690855e-05
4003,2.486288943286353e-05
4004,1.9685325456626132e-05
4005,0.000625021962006584
4006,0.04612663960018708
4007,0.0008829402373944856
4008,0.0005706494303512487
4009,0.000126134726603897
4010,9.022902886802507e-05
4011,0.9974081560299185
4012,0.02363552784628984
4013,2.497068814779597e-05
4014,0.0001741545740913315
4015,0.0001524866119157395
4016,0.00018043791239908088
4017,0.0003083044361729909
4018,0.0001866876250626082
4019,2.8945630597456476e-05
4020,0.013152088221902943
4021,5.963129994936008e-05
4022,3.0960568012156165e-05
4023,0.01392301393109856
4024,2.802267961765865e-05
4025,0.0001019973929933595
4026,2.8486977015513243e-05
4027,4.319403688446194e-05
4028,4.0428177862093367e-05
4029,0.0011970234385128137
4030,0.009687668201517518
4031,0.09939797613906456
4032,6.003818854827727e-05
4033,0.00011527893227988284
4034,0.0007041834774346945
4035,0.00014086468430092616
4036,0.001099676403026602
4037,0.0015888178983155476
4038,0.9536266479006066
4039,6.040654135154378e-05
4040,0.0006220883763217964
4041,0.0001931834969774194
4042,0.00010491962843410468
4043,0.0001513588639259895
4044,0.0001443026291491019
4045,0.0004760312476824206
4046,3.551335015246679e-05
4047,0.00011000724751316427
4048,6.437736831652581e-05
4049,0.000484542573039472
4050,2.5826102315518867e-05
4051,6.026365196741045e-05
4052,0.0013888723999796837
4053,0.00016279958095738025
4054,0.8488462831921242
4055,0.9952009388974445
4056,3.7470310057779146e-05
4057,3.012826281968216e-05
4058,1.8695520956790408e-05
4059,0.0014858559776868196
4060,0.0020634907332735724
4061,0.001363944568175791
4062,4.466123555755953e-05
4063,8.33362577454917e-05
4064,4.0819041209001154e-05
4065,0.0006225684134687574
4066,0.9947026250607006
4067,9.303054751900531e-05
4068,0.7501915185066296
4069,2.3275623826193766e-05
4070,3.0209060689787643e-05
4071,8.166132628535338e-05
4072,3.4610576368246386e-05
4073,0.0001691943696331024
4074,0.0013002672317407441
4075,3.7650577530660346e-05
4076,2.6597911314235374e-05
4077,0.0048856285488736734
4078,6.0816904408735344e-05
4079,2.8097519223998786e-05
4080,4.645810086842939e-05
4081,2.4113088060376195e-05
4082,7.63761148379943e-05
4083,3.0332483453292827e-05
4084,0.00024826491119689907
4085,0.07032802330353231
4086,0.0006013574362017553
4087,0.00016355895624054617
4088,5.2670002261203014e-05
4089,3.3051639378394046e-05
4090,2.5803856980614653e-05
4091,5.2693856342455516e-05
4092,2.933312927436028e-05
4093,0.9385496136161139
4094,9.764985696771802e-05
4095,0.0013872373498475168
4096,6.772609537513538e-05
4097,0.00013741471992772487
4098,0.0021914276256758043
4099,0.00029471155797976864
4100,0.0015012214988696618
4101,3.12152936899809e-05
4102,0.0014134064491052186
4103,0.000781180765711958
4104,0.016013960044689333
4105,0.005100655516349964
4106,0.005821996783231358
4107,0.0001622665169295923
4108,0.0001250332167646719
4109,4.4674636049197834e-05
4110,0.6896200138067032
4111,0.00039912983760496815
4112,0.002813688920936212
4113,0.6213319032212624
4114,0.00018472381003091455
4115,0.893788936899506
4116,0.0004665248925234583
4117,0.06662896397431213
4118,0.0006848460973780929
4119,4.310953407228787e-05
4120,0.00010312019306134908
4121,6.548023016760098e-05
4122,0.9372525115717678
4123,8.349436943725653e-05
4124,0.9599879490379083
4125,0.0013766109688450423
4126,0.962145614023699
4127,0.004829274824310675
4128,0.00012033349173221701
4129,0.0005089297349840377
4130,0.9977906155519213
4131,0.00030532713995221446
4132,0.0002621257843347552
4133,0.0006876401155627475
4134,0.0006591595443626582
4135,0.00010890953874269237
4136,0.0002313155201456903
4137,0.0003396826697361638
4138,0.006183795503832967
4139,0.0010648054809791966
4140,8.715930429523073e-05
4141,0.45763768557391715
4142,0.3424171380264539
4143,6.0286788459821194e-05
4144,0.00024793239117587866
4145,0.00017748356402872288
4146,0.00017134941166627233
4147,2.630598786555252e-05
4148,4.878503052392278e-05
4149,8.611348753607384e-05
4150,8.632106712417818e-05
4151,3.0016519072406787e-05
4152,3.323759252741759e-05
4153,0.0003181160561762024
4154,5.365321780362692e-05
4155,0.00010527765959989313
4156,3.4340545201880766e-05
4157,0.0006858373889164192
4158,3.329161069216689e-05
4159,8.473586843693275e-05
4160,3.886022723607657e-05
4161,4.6784539713838676e-05
4162,0.00021500039078581955
4163,0.0018675586842144564
4164,4.78437856926992e-05
4165,0.001285078718154824
4166,8.206737986112114e-05
4167,4.071049702095133e-05
4168,0.00013340431458897694
4169,3.127403758437983e-05
4170,0.00020468966806167838
4171,8.384376808587147e-05
4172,2.4949836695666565e-05
4173,6.200364087490746e-05
4174,0.00018511227122531876
4175,5.088351178456781e-05
4176,5.068165223374055e-05
4177,0.00012902345531853448
4178,2.7995449868089096e-05
4179,0.00014639751552566945
4180,7.241850505956097e-05
4181,0.0001299989345245795
4182,0.0014530796079595392
4183,2.8681127841578542e-05
4184,3.872897208048338e-05
4185,0.0001725639709505588
4186,7.024152207667735e-05
4187,0.03305120480942484
4188,0.0009013471624890917
4189,0.0009108394913498232
4190,5.2912530302839175e-05
4191,0.0010036660530793175
4192,0.0004885654303542648
4193,0.0007904754609628726
4194,0.001575333807434133
4195,0.0070807628627372905
4196,4.8500833087638425e-05
4197,0.09300497188512354
4198,0.09681899803638624
4199,0.00027398684934207317
4200,0.00034307698390476365
4201,5.7192534532467873e-05
4202,0.9978850584259875
4203,0.00010266844734182846
4204,0.00010077498973061823
4205,0.0006738058180292253
4206,4.6611637247053836e-05
4207,0.000133961646712859
4208,0.0002063441632955437
4209,6.662957755513848e-05
4210,7.506699657714056e-05
4211,0.00017600049832774468
4212,0.0020717269035046898
4213,0.0005095835318656205
4214,0.00015897193648386994
4215,0.0007223789098413376
4216,0.00012089928701599561
4217,2.642624353231008e-05
4218,6.056893549052244e-05
4219,0.000582836943252366
4220,0.0007231488082350546
4221,0.005805786965078866
4222,0.00011382459226065098
4223,0.00015988525701551276
4224,0.021879043567011293
4225,0.00028400553988035477
4226,0.001083923188343315
4227,0.00021156822070132652
4228,0.00012161597118483673
4229,0.00010281355505639389
4230,0.00014045869399671295
4231,0.01859249875594878
4232,0.0006845770600731754
4233,3.6509222513479795e-05
4234,7.41855630203095e-05
4235,6.315335572805046e-05
4236,0.010149246265463836
4237,3.616419978946849e-05
4238,0.0016987580835683704
4239,0.00012411783235845498
4240,0.011462840641173217
4241,0.0002838039836609097
4242,0.0001104564596075785
4243,0.00020701396064677627
4244,0.00010801809014754211
4245,0.00012495724523070621
4246,0.0004397590593538276
4247,0.9695543236759686
4248,0.0001270071216706801
4249,2.287928353629167e-05
4250,4.7299377987046985e-05
4251,0.0051532680491233876
4252,0.0014606349574509418
4253,3.4788753533171156e-05
4254,0.0007480108078548059
4255,7.136218444922224e-05
4256,0.00013482198037162937
4257,0.0010132308684589846
4258,0.0020633454501694814
4259,5.827081484884057e-05
4260,0.00016254731001612722
4261,6.44182589809974e-05
4262,5.3637868723828525e-05
4263,5.691672619106788e-05
4264,6.19749741494049e-05
4265,0.0002684573562319654
4266,0.0003324334068875938
4267,0.0004098920636989162
4268,0.002247137992249632
4269,0.00027052068224976266
4270,0.0002962032820024782
4271,2.3605067715824947e-05
4272,1.8028710945817087e-05
4273,0.00020357287697308517
4274,0.0009347312210485354
4275,0.00013890533334807856
4276,0.00012814860314305123
4277,5.71961007226099e-05
4278,0.07981855670864771
4279,0.000547635514609724
4280,0.001062708360777477
4281,0.000569233203263952
4282,0.996047944205864
4283,0.019203681349894735
4284,5.919599315002812e-05
4285,4.655357668841036e-05
4286,5.911728889439723e-05
4287,0.000569242356037141
4288,0.00013390001419822048
4289,0.02146320930091048
4290,0.001739066247258319
4291,5.59864337400858e-05
4292,4.595568834947053e-05
4293,9.902717668282156e-05
4294,0.002110770155388505
4295,0.00022228949745962278
4296,4.8826255233281995e-05
4297,0.014437638405115982
4298,0.0017583132329955127
4299,6.155864527281768e-05
4300,8.054586504303567e-05
4301,6.186516502682294e-05
4302,3.576497177546366e-05
4303,0.0035383649426330927
4304,0.014905680027156398
4305,2.8632547300838424e-05
4306,0.001306178901952415
4307,9.9372974391595e-05
4308,0.0027886738327093773
4309,6.946311846611533e-05
4310,0.11825828344676141
4311,0.00010345140693594381
4312,0.0023455959056591347
4313,0.0012116744306096335
4314,0.000993672159966667
4315,0.0013955786097312004
4316,2.6472189541108174e-05
4317,6.0131119813289265e-05
4318,0.0003128203273286011
4319,0.01836812639923347
4320,0.00047891384346688697
4321,0.0005662613698221395
4322,0.9919881470395528
4323,0.00014694162220257092
4324,0.0015033468469365285
4325,0.0003353109985506558
4326,5.488975959548594e-05
4327,6.48080964836853e-05
4328,4.369130003507064e-05
4329,0.0007436994073123905
4330,0.013554899681585648
4331,4.575628651442186e-05
4332,4.7114373601144816e-05
4333,0.002332915301933975
4334,0.0005546366722907397
4335,2.7094962205411934e-05
4336,0.00010335476098561017
4337,0.0003664167691871269
4338,0.0005572132149608025
4339,8.883841803197342e-05
4340,0.0002333281058173414
4341,6.560898338511905e-05
4342,8.679281627441554e-05
4343,0.0017862205523641768
4344,3.551100218784673e-05
4345,0.9838379273372423
4346,4.444815151830391e-05
4347,0.002144526375102296
4348,0.02464455112756263
4349,0.00025778978883620645
4350,6.287199274718862e-05
4351,0.0008286951541057224
4352,0.014956427509960036
4353,0.005506295999173385
4354,0.0005882657096141556
4355,0.00011172963182581744
4356,8.85168949872383e-05
4357,4.106371330808875e-05
4358,0.0006076195460533369
4359,0.00020027449350329567
4360,0.0002589675556303612
4361,0.00039232988596340655
4362,0.06801691536339098
4363,0.00012817996010515707
4364,0.0017485818645095693
4365,4.5680869763222785e-05
4366,0.0001240063703851566
4367,0.0015143435863395945
4368,0.0011348843601906692
4369,0.00010688262385037496
4370,0.011034849898410214
4371,0.0002755859340014521
4372,8.11065711228223e-05
4373,0.008569374397269142
4374,9.97460994730611e-05
4375,0.00018076305745005398
4376,0.0006646977772819265
4377,3.109318700355688e-05
4378,0.0004679278676111883
4379,0.004080876435146862
4380,3.567624941433973e-05
4381,0.00017567410465247935
4382,0.00023209420516110058
4383,0.052184469650068024
4384,0.014057664343129935
4385,0.0018026923121241014
4386,2.8778549859777442e-05
4387,4.0791335199097526e-05
4388,5.207524569767555e-05
4389,4.140605404523085e-05
4390,0.00033757392611513464
4391,0.0012436652897767097
4392,0.009494903814741315
4393,0.00529446461423612
4394,0.0007060664219282846
4395,0.0014760696276641082
4396,3.7819147495049755e-05
4397,0.0006351789504818047
4398,0.00017524414552120952
4399,7.19987255690272e-05
4400,5.521711966746644e-05
4401,0.9979631253624588
4402,0.00011517168102840694
4403,5.9115979589894294e-05
4404,3.634276161817514e-05
4405,0.0022078195683096482
4406,0.0009627275910834756
4407,0.00020057104010760447
4408,0.0012930876550622577
4409,4.926874965535868e-05
4410,0.0007746068806044851
4411,8.253032359949084e-05
4412,0.0017693848041699617
4413,0.000225428704351822
4414,0.012485096848137974
4415,0.008491775190860182
4416,4.918162652700531e-05
4417,0.002275813931563492
4418,0.0023822742830016427
4419,3.0057433613130462e-05
4420,0.0010263649154088656
4421,0.0004339537913180462
4422,0.0013750207360585468
4423,0.00011107796719122278
4424,0.00010878624855693649
4425,0.18997709290646644
4426,0.9979630543002379
4427,0.0001129893911716425
4428,0.0005740676757217966
4429,0.9979814403855232
4430,0.00017941238763509752
4431,0.00048775655392713777
4432,0.0014655419369451722
4433,0.0005028560234688707
4434,0.00042494287862377794
4435,0.0032534822310505045
4436,2.488795838397457e-05
4437,5.7662015736395264e-05
4438,0.0013634050996380654
4439,0.0015134876219603344
4440,0.021175195192459775
4441,0.00040471161497754505
4442,4.030179175741441e-05
4443,6.390965264202449e-05
4444,3.160291406576807e-05
4445,0.0020701284825708514
4446,7.213597559789378e-05
4447,0.001314462286443541
4448,0.0010608377085519116
4449,0.0003929860439430471
4450,7.346755987012221e-05
4451,0.0003111985192011383
4452,0.011137147114976025
4453,3.980452348104463e-05
4454,0.015028129472387686
4455,0.010088593937880575
4456,0.0019037134991831783
4457,0.0026579918626211596
4458,7.47302471044995e-05
4459,0.00022229341255668682
4460,0.0005224917466627462
4461,0.0009579602315918116
4462,0.003010462828958961
4463,0.004444891963636439
4464,0.005565980462400226
4465,0.00032294410095472817
4466,0.0009747731790895638
4467,0.0015424916617896517
4468,0.0027497644893633632
4469,0.15096570286135572
4470,7.986796583715965e-05
4471,0.0007488412323870545
4472,5.44986222844492e-05
4473,0.0007394666414337559
4474,0.00010550942149062991
4475,0.00118122735998277
4476,0.00023127203899862454
4477,0.0009374445845522442
4478,0.0005132441872713227
4479,0.0006099801895044773
4480,0.00024645894962868804
4481,0.0005634222154059967
4482,0.0005711430983118814
4483,7.960818450596322e-05
4484,0.013255525095909531
4485,0.012643052294501708
4486,0.00014562084333377183
4487,0.0007107751727703863
4488,8.387984618823529e-05
4489,0.0003110332175718845
4490,0.00012251060495294157
4491,0.00010424289141960155
4492,0.001796959020495699
4493,0.0013277614918967514
4494,0.0008161890832073868
4495,0.9675894479232581
4496,9.925348291201893e-05
4497,0.00014873183868650735
4498,0.0005227812468253338
4499,0.9498284490107881
4500,4.558209568931136e-05
4501,6.644771883592051e-05
4502,4.1338624053052875e-05
4503,0.0013153353317374278
4504,0.00023229480141809077
4505,9.340188078175079e-05
4506,9.51058046045002e-05
4507,0.000823991784424369
4508,0.0002948548101614825
4509,0.00019387451204525282
4510,0.0014313860617529452
4511,0.0003347709294928767
4512,0.9972549870537228
4513,7.367549231959796e-05
4514,0.001143490166103193
4515,0.0001953831426684538
4516,0.0001262303369079089
4517,0.004510698414953001
4518,0.0003902229825390449
4519,0.0009973079552157312
4520,3.0223319186937472e-05
4521,0.06430010794537769
4522,0.003981861731578967
4523,0.007463393872475107
4524,3.4030444225801215e-05
4525,8.565758777493961e-05
4526,0.9893935438340069
4527,0.0007576800213977685
4528,5.313726530365155e-05
4529,9.637167431275473e-05
4530,0.00015093358814947548
4531,0.00016838840627547393
4532,0.0008674960356751879
4533,0.0009929081185885637
4534,7.39976617512498e-05
4535,8.557049145257416e-05
4536,0.00021095887760843885
4537,0.00011870176356098208
4538,0.0002005488179190551
4539,0.00023266965378559895
4540,0.0017668176962484287
4541,0.0008422569815671289
4542,0.00012719624039492602
4543,0.0010395863707322443
4544,0.0029416722523151135
4545,6.984059344012893e-05
4546,0.00010453077614369738
4547,6.815255564742398e-05
4548,0.002775346872392918
4549,0.0009894507439590597
4550,0.0022381207253057314
4551,3.269411124439302e-05
4552,0.9981703394715875
4553,3.038332576252222e-05
4554,0.001211282205643098
4555,0.9510946751364802
4556,8.691984200777715e-05
4557,0.00029913705351855384
4558,4.2074448526153404e-05
4559,0.0013557039368360141
4560,0.0008193707540471668
4561,0.0011282173209090061
4562,0.019234096491432977
4563,0.0045032977333400465
4564,0.0012523022833774988
4565,0.0007625687041861339
4566,0.0010203403480685226
4567,4.906853504662904e-05
4568,0.0017315677428198673
4569,0.00040545920209130256
4570,0.9533783442766394
4571,0.00017563505819229194
4572,0.00041066984380976637
4573,0.9718826221995034
4574,3.023996306106285e-05
4575,0.0019344495791403175
4576,0.0005974491286555112
4577,0.00037848875516823964
4578,0.0015821362307212622
4579,0.008528778371012534
4580,0.0040004627437579725
4581,0.00010298271968931041
4582,9.261259462484082e-05
4583,0.00018064437666420518
4584,0.002576559149404055
4585,0.0023613311574237723
4586,0.0007974553856154294
4587,0.0003622331933005158
4588,0.011369564194405834
4589,0.0007461345276136955
4590,0.00023306046182984818
4591,0.0009596283485819951
4592,0.006746185142614577
4593,0.00024203855349497525
4594,2.821573873250465e-05
4595,0.002314450364807814
4596,0.013802051607868543
4597,2.5713551608081432e-05
4598,9.26347952109461e-05
4599,0.0003324091807467633
4600,0.001918058243172221
4601,4.758572653060198e-05
4602,3.489303257041178e-05
4603,0.005524073793292659
4604,0.0009998585219848728
4605,0.003289045731385041
4606,0.14635795839967541
4607,0.00013882624715351425
4608,0.0013754711143475866
4609,0.00014445870437953742
4610,0.01089348628406325
4611,0.0004677648813099136
4612,0.0073167632167547274
4613,0.0017088846155791104
4614,0.00019239965806046297
4615,5.286204503786208e-05
4616,0.9854861446658649
4617,5.140958830676031e-05
4618,9.480648595746698e-05
4619,0.00011623269334973289
4620,0.0039194959379980215
4621,0.00030776442380530875
4622,0.000390724172237789
4623,5.342960365808363e-05
4624,4.351257748571029e-05
4625,9.125982857592508e-05
4626,0.000433791179241642
4627,0.00019659019864684915
4628,0.0009703226965803405
4629,7.476846372398548e-05
4630,0.00017531017045364838
4631,0.00612410556251365
4632,8.109555173790502e-05
4633,8.491639804960934e-05
4634,0.03412239417426722
4635,0.0001625674056622976
4636,0.0032208091080673643
4637,3.505261663283879e-05
4638,0.0010327969077375237
4639,0.0001090398112827057
4640,4.356247872605469e-05
4641,0.00014341579421408738
4642,5.2017789039464714e-05
4643,3.6334801770303335e-05
4644,6.74508624483284e-05
4645,0.004390110552524337
4646,0.027258865863711144
4647,0.00022601687924111703
4648,0.0004853908224217105
4649,0.0006932547244948744
4650,0.00044386990703629254
4651,0.0006064579981263574
4652,0.00047861319294054415
4653,0.00012574557364949327
4654,0.00012049412227274907
4655,8.303271444666154e-05
4656,7.058981087877986e-05
4657,0.0007512973052260241
4658,0.0010639232564256152
4659,0.015112551152898335
4660,7.229547862947192e-05
4661,0.000875967394974533
4662,0.0001581397536842517
4663,5.872135065208739e-05
4664,6.142129956358384e-05
4665,8.581094742097256e-05
4666,0.0009962093048667222
4667,0.0017778564312077247
4668,4.481342580586258e-05
4669,0.00010623682303612808
4670,0.002058521301236481
4671,7.94800787860632e-05
4672,0.012601948105510255
4673,0.0003227179654869462
4674,0.0001527955114214309
4675,0.00041054919671009766
4676,0.005103495970037203
4677,0.0007849923446462924
4678,0.9972848250484818
4679,0.9923605391193433
4680,0.9986803656208654
4681,0.9915592729205622
4682,0.00019269114753741443
4683,0.0006225386135603104
4684,0.0002057514652451689
4685,0.001863566360135473
4686,0.0004974633727990547
4687,0.0025369867404603356
4688,0.0017668829926396055
4689,0.001474058631790823
4690,7.065492579516948e-05
4691,7.045647621032161e-05
4692,0.000254150077488863
4693,0.0001968901677996307
4694,0.00018743764195445036
4695,0.00024303600377902714
4696,0.007715173669506088
4697,0.0012839688736609792
4698,0.0006801023944350996
4699,0.00022542247801061134
4700,0.0010907305528023176
4701,0.0001631856747079649
4702,0.000337376885602415
4703,0.00020751439605142045
4704,0.8992566052184452
4705,9.970477503681682e-05
4706,0.01117795654267862
4707,0.0002540519687043223
4708,9.198950040508968e-05
4709,0.02586330183491839
4710,0.0006196783544867187
4711,0.02694138859862231
4712,0.00027105374256483487
4713,8.458024084213713e-05
4714,0.00021848174455312328
4715,9.896744379903236e-05
4716,0.00012814649957655885
4717,0.0007191747336130549
4718,0.00045908894620546204
4719,9.628466311881262e-05
4720,0.01386562375510352
4721,0.006427558903254306
4722,0.0010279286240673787
4723,0.0017984523646888046
4724,0.000158651957286462
4725,0.001210559461926563
4726,4.5616290815572e-05
4727,0.001266642451647702
4728,0.000688562980760528
4729,7.632621329903166e-05
4730,5.052579327660553e-05
4731,0.0004402190089059712
4732,0.01707975779691559
4733,0.003000298002706696
4734,5.738840410846013e-05
4735,7.805728154313886e-05
4736,0.0002365462983281488
4737,7.846260183107313e-05
4738,8.97126339767312e-05
4739,0.008449272595806342
4740,0.005212872405980085
4741,0.0004441934122415557
4742,0.001371679604516039
4743,0.0019114481047589533
4744,0.0009985737833160496
4745,0.0008476630266711814
4746,0.010674960793190824
4747,7.642227937904989e-05
4748,0.000643729941516881
4749,0.0016053760702451794
4750,0.0025020358425635984
4751,0.995490484253082
4752,7.88884400915344e-05
4753,0.049665755309444726
4754,4.864768527279906e-05
4755,3.878343103323243e-05
4756,0.0009986098804812631
4757,0.0018495730470718722
4758,0.00013670735917947866
4759,0.0001268305094062639
4760,0.005519877943807116
4761,0.0012861330498833729
4762,7.404889171341117e-05
4763,6.461308614545997e-05
4764,0.0022509971779604786
4765,0.0010863684147410604
4766,0.0005298143441264554
4767,0.000359729702482239
4768,0.0005261980605433073
4769,0.0003064811450387505
4770,0.00016485204869910548
4771,7.161525556515603e-05
4772,0.0002458365596752127
4773,5.789574676558447e-05
4774,0.5659924997211433
4775,0.00274058629745886
4776,0.9277332646539997
4777,0.9941128181246082
4778,3.787879465040962e-05
4779,0.000653850439145716
4780,0.00019807391534280605
4781,0.0002247590221177684
4782,3.5225535722931933e-05
4783,4.3478464744766955e-05
4784,0.9955775866497417
4785,5.9999601990355296e-05
4786,0.00014671808317227422
4787,9.172546531574215e-05
4788,0.00015731959031336677
4789,8.88307980217726e-05
4790,0.00010278473331411635
4791,4.0392114061011154e-05
4792,0.9656461470511187
4793,7.525479583590019e-05
4794,3.511232357121902e-05
4795,0.707991190354919
4796,0.9981322841249025
4797,0.004554312034501496
4798,0.0001436726146513226
4799,0.003686169216876165
4800,0.00012277091389360862
4801,0.0002353995034328894
4802,0.9904916577850258
4803,0.00043295339259159663
4804,0.00023911597558119588
4805,0.0015081554584215255
4806,0.00022040082337820458
4807,0.00068356618315231
4808,7.723389907531592e-05
4809,5.021619756335103e-05
4810,6.179148293563742e-05
4811,0.0001718610954904739
4812,0.000581933232929466
4813,0.0004751983871852974
4814,8.708583116221472e-05
4815,0.003043415273314442
4816,0.00044282269756904766
4817,0.0006289267193270629
4818,0.000561880440298313
4819,0.11935767730032987
4820,8.033429104359886e-05
4821,0.9908906130107054
4822,0.00010402630923972065
4823,0.0001989638561285036
4824,0.0009455129082869747
4825,6.713615950514319e-05
4826,0.00029052159839276727
4827,0.9564703933155434
4828,0.000400881816912319
4829,0.0044079506398325705
4830,0.0009014659105070283
4831,0.00015615000135436107
4832,0.9518357541438368
4833,0.0006443325771634137
4834,0.9930592595715326
4835,8.223501534172653e-05
4836,0.9935748294558872
4837,0.9965622705660454
4838,0.007288086066506941
4839,0.00034379454501111563
4840,0.00031430585047482996
4841,9.835365652004384e-05
4842,0.0001237288189401268
4843,4.009953360289543e-05
4844,0.001336497230400475
4845,5.912144393782033e-05
4846,0.7363102492250164
4847,0.9975290382780603
4848,0.002432815973205784
4849,0.0012180304297418972
4850,0.00481070408222556
4851,0.00014741128807639636
4852,5.439390641122212e-05
4853,3.7059622022652324e-05
4854,0.0003760800809454783
4855,4.6108255451504865e-05
4856,0.007907465439148102
4857,3.3868643986044715e-05
4858,4.174735717084954e-05
4859,0.0003756152600473054
4860,0.0009394280920074622
4861,0.0003217948475708316
4862,4.415882450925543e-05
4863,4.0693643657448465e-05
4864,7.399524075882353e-05
4865,0.001459548506805374
4866,0.003823056838338745
4867,0.00011182491560641009
4868,0.00047712524822466154
4869,0.0013259989849609447
4870,9.04450214236871e-05
4871,0.002690762025821269
4872,0.00010865038921053336
4873,0.00023163496968475007
4874,0.00013746295311441582
4875,4.5381066551620393e-05
4876,4.9149651715975796e-05
4877,0.00040937328099748693
4878,0.9732677304791505
4879,0.0007516816048795639
4880,0.00013405913758570768
4881,4.0041002957571333e-05
4882,5.6368689884303255e-05
4883,3.712267247838219e-05
4884,9.375486101532119e-05
4885,0.0006426120578793841
4886,0.00046058605198889704
4887,1.5617901568805116e-05
4888,0.006536194574146033
4889,4.255236479301965e-05
4890,0.00019966464751749183
4891,0.01122426259922292
4892,0.00012022457532585421
4893,0.027757472178843424
4894,0.0066527208233062695
4895,0.0003488900248044202
4896,0.000755642083969306
4897,0.0002200763058986961
4898,0.003013902867502899
4899,0.000478500035796714
4900,0.001917743054133981
4901,0.0018112338469479156
4902,0.00038363072712512165
4903,0.001349287582793191
4904,8.848180476627828e-05
4905,0.8309177793689526
4906,0.005800887612375535
4907,0.00014800117318091582
4908,0.0039243376137839845
4909,9.383538470037843e-05
4910,5.123789008765036e-05
4911,0.0013755519416705259
4912,0.00010235215311773363
4913,0.006935704611612162
4914,0.0003286720976652932
4915,0.0002855016740172745
4916,0.0002476428431544533
4917,0.0020998215722106135
4918,0.000861116264595679
4919,0.0019302363683058657
4920,0.00022165260010579015
4921,0.003619593424420821
4922,6.0017928410310685e-05
4923,4.275167524804646e-05
4924,5.9399007366653984e-05
4925,0.0011738576836472375
4926,6.322508039772925e-05
4927,0.00013261290135812713
4928,0.0014633142950347677
4929,0.009371656812907766
4930,0.0012117475070810646
4931,0.00019220831510297396
4932,0.0003500748300095868
4933,0.0002108374298335929
4934,0.9972017647914175
4935,5.3342194783325196e-05
4936,3.0544881369474126e-05
4937,0.002058325713714621
4938,0.00030748833456895476
4939,5.572586795897469e-05
4940,7.072378571589968e-05
4941,7.438328922908947e-05
4942,0.0022542353510173713
4943,0.00018281022356052187
4944,0.0008929746480244828
4945,0.002865743642982066
4946,4.192007173042389e-05
4947,0.0021500667430834853
4948,0.000113151335666214
4949,0.0007081486487328557
4950,0.99750341170464
4951,0.00025978750686461445
4952,0.004229640483861384
4953,0.00016049252376837056
4954,3.521474318704008e-05
4955,0.00029724154964231225
4956,0.0003400171058915765
4957,0.001212136788053349
4958,6.36790552532854e-05
4959,0.0006734142562112356
4960,0.005351201596159146
4961,0.0012000106873236859
4962,0.000731901151915035
4963,0.004460563780848763
4964,0.008055352467571655
4965,5.244705604167241e-05
4966,0.0006215767980975592
4967,0.0020319196537446384
4968,4.6726865931406366e-05
4969,0.0661127316761987
4970,0.9953830680397242
4971,0.00011992317892482356
4972,0.0001687426141857969
4973,0.00030170859520560185
4974,0.0001143434986313589
4975,0.000972237758173266
4976,8.800889181016418e-05
4977,6.561611993728806e-05
4978,9.094517789196864e-05
4979,0.00021998850989970027
4980,4.270035445373374e-05
4981,0.00012663731517170387
4982,0.0010318252421844779
4983,8.095616881625664e-05
4984,0.0001677303493010409
4985,8.749092189041664e-05
4986,7.249794313125474e-05
4987,0.00010863187807877916
4988,9.326623205489984e-05
4989,0.003716942396963892
4990,2.9595866106148525e-05
4991,0.0013743658577141133
4992,0.009966511267382225
4993,0.0006850642609556642
4994,5.8550864815082834e-05
4995,0.0008437548154226749
4996,8.200023050137308e-05
4997,0.002054992157140796
4998,0.0051710184760999575
4999,7.782911434074665e-05
5000,0.0006567542706741713
5001,0.0005054338456228211
5002,0.00017791032476769124
5003,0.0019424593004643367
5004,0.00034396144762881606
5005,4.575854483862276e-05
5006,0.00013694653310223807
5007,7.68697521842844e-05
5008,8.175454637736377e-05
5009,6.915305609373241e-05
5010,0.00011439204420281832
5011,4.837930597755666e-05
5012,0.00010340103202506128
5013,0.010325600880208625
5014,0.28925373026745327
5015,5.764380886643596e-05
5016,0.0028092891926891237
5017,0.00012547442699623954
5018,9.866909422383379e-05
5019,0.0004966555882543966
5020,0.008701652103693332
5021,7.080098843650407e-05
5022,0.0005650077165261254
5023,0.9796129610011295
5024,0.00042161597665547976
5025,0.00011773610279450118
5026,3.992727134597176e-05
5027,0.00014599614250050073
5028,4.347593583587274e-05
5029,0.00011260372703281842
5030,7.908060028642957e-05
5031,0.02665263045069479
5032,5.443220451601886e-05
5033,0.00014065696963188644
5034,0.0007070664214621408
5035,0.01373624143753166
5036,7.290648416794197e-05
5037,0.00036264257775168004
5038,0.00039653094652849846
5039,0.0003521867456015294
5040,0.0034556348726559605
5041,0.0005403037967179408
5042,0.9970434862292024
5043,0.00027211688002006114
5044,9.048079646146561e-05
5045,9.1866052772489e-05
5046,0.8361058977904584
5047,0.0005989337202507857
5048,0.004530417507956419
5049,0.00019301982244261683
5050,0.0008240616117212253
5051,0.9980139518022788
5052,8.104564239563595e-05
5053,7.393108072615789e-05
5054,0.002826156107006992
5055,0.003944054540968868
5056,2.3579238557521982e-05
5057,0.00020521497218622996
5058,0.09476151534866031
5059,0.0060770702636683705
5060,0.00010848149008033784
5061,0.0003832890922644394
5062,0.006167219683400451
5063,0.0007646681349514406
5064,0.0015650728035863908
5065,0.0009962832630123163
5066,0.0003204384266355568
5067,0.002129642877492075
5068,0.00156265172549419
5069,0.00012168922168017658
5070,7.503635090260006e-05
5071,7.339657284972839e-05
5072,9.90028041871974e-05
5073,0.0011569172966942904
5074,5.740151528722383e-05
5075,4.6436561943937936e-05
5076,0.00037118634111900947
5077,0.0005000443041568348
5078,0.001626961387634633
5079,0.0001266397715320299
5080,0.9275376657187216
5081,0.00014645432921938918
5082,5.6024653629233696e-05
5083,5.705061813645457e-05
5084,0.012446311782808658
5085,0.0008390246058176083
5086,0.0018224339751660129
5087,0.0019311324228434954
5088,0.00040748359872146806
5089,6.540121311243932e-05
5090,0.0019622579209493413
5091,5.568821924365555e-05
5092,0.00024235955555329617
5093,8.246321237827122e-05
5094,0.9931855003950135
5095,0.002270161664351795
5096,6.631457156580479e-05
5097,0.000805758443442331
5098,9.208314928346167e-05
5099,0.0007737935713014052
5100,0.00020017886690367354
5101,4.6502706010397446e-05
5102,0.0013938427926859778
5103,0.000548425677563406
5104,0.9930042496814651
5105,0.001749193560051721
5106,6.386529781866383e-05
5107,0.0007581123110268868
5108,4.017813354716646e-05
5109,0.0004957917962005644
5110,0.00011666254895793537
5111,0.012521306652502067
5112,0.00036728228010399265
5113,0.994684749203949
5114,5.2621277786302604e-05
5115,0.0007464773384375603
5116,0.00011325779628935397
5117,0.001009321228521517
5118,0.0004481537884229158
5119,0.0004936174801791643
5120,2.3440884798474074e-05
5121,0.9255179861596714
5122,2.1531454479242158e-05
5123,5.588496104679797e-05
5124,0.004894622062313408
5125,0.0034072725915203876
5126,0.0032691290611896913
5127,0.0003619649295809633
5128,2.12176024041086e-05
5129,0.0003071359406348783
5130,0.9956306367665004
5131,3.0849778747102884e-05
5132,0.002061158994267625
5133,6.32633618663888e-05
5134,0.00011107448653733757
5135,6.327907675246764e-05
5136,0.0009155481906935883
5137,8.988624601119897e-05
5138,3.983891516920123e-05
5139,6.50676201184272e-05
5140,0.0002494195910035338
5141,0.0013730131198388283
5142,0.00021290326323200669
5143,0.0003148730036640425
5144,0.981267447858313
5145,8.273062939649262e-05
5146,0.3110329099555977
5147,0.0001616859015390503
5148,6.39584832236929e-05
5149,0.00021452470664674801
5150,0.00041695687159290507
5151,2.2699361375567993e-05
5152,0.767853022591206
5153,0.0002743030084017281
5154,0.0003358513996383612
5155,4.734816032589098e-05
5156,0.00026131615081586787
5157,0.0002061362519395913
5158,0.00010996455014159353
5159,6.212543707471846e-05
5160,0.000880537940662412
5161,5.3892438162582014e-05
5162,0.9914635796457543
5163,0.00020274171295661588
5164,0.00035844846287869494
5165,0.002871609411407356
5166,7.617987833423425e-05
5167,0.9335895132841692
5168,9.081943428644807e-05
5169,0.1344357639900647
5170,4.76598559077043e-05
5171,0.0006595883464522274
5172,0.0001457416533927268
5173,0.003085165948815135
5174,0.00014371178770012657
5175,0.0024854422971923107
5176,0.0003020224148270987
5177,0.0002451217155852372
5178,0.00033176717861413516
5179,0.00016413127750712468
5180,0.0008062472047913564
5181,0.00022654831069580424
5182,0.1631296684857047
5183,4.3039083051311324e-05
5184,0.000181846429031838
5185,0.0001289130642099251
5186,0.001276817098185243
5187,0.0005666660113642646
5188,0.0018746758870546072
5189,0.0011841250710076258
5190,5.1607821772566874e-05
5191,0.0002590281938137473
5192,3.173399161613543e-05
5193,0.00021423909280683784
5194,0.0001242593891467732
5195,0.0507949035174605
5196,4.115922516224562e-05
5197,5.640009077240099e-05
5198,3.325964502457744e-05
5199,0.983115255810182
5200,4.685562345643573e-05
5201,8.410479898123465e-05
5202,2.7618267842953426e-05
5203,0.0004634708896508944
5204,6.262505959972136e-05
5205,9.79438079328843e-05
5206,0.00013056963122244652
5207,0.00040105485473155227
5208,3.08124313059518e-05
5209,0.0005966634119726419
5210,8.743635629113731e-05
5211,6.196903828055901e-05
5212,0.005939808936459703
5213,0.000134624626095017
5214,3.5332064194963025e-05
5215,0.0010944608688456552
5216,0.0011209658883565249
5217,0.00039202153293691253
5218,0.00030342896736858564
5219,0.0004328446544338494
5220,3.401770074815017e-05
5221,3.789737073561176e-05
5222,0.0012984455607397787
5223,0.0009702313339963999
5224,0.0023382009780071778
5225,2.5307299312736617e-05
5226,9.20424760987766e-05
5227,0.002236139065285394
5228,9.749068945250126e-05
5229,0.0004234916892284591
5230,0.00020581245089569284
5231,0.0006225944486413221
5232,0.00039226943106599144
5233,0.9968572892443023
5234,7.620116081921188e-05
5235,5.8521061162870075e-05
5236,0.0018958810907258288
5237,4.794615759985754e-05
5238,0.0011585139992253922
5239,0.0005416960934937254
5240,5.615226477697779e-05
5241,7.412236913333087e-05
5242,0.00011897795351983856
5243,0.0004201905010738489
5244,0.00011960329748152162
5245,0.9974944144627557
5246,0.0014834604369554996
5247,7.679899923412241e-05
5248,0.0005004520703438879
5249,4.267685199411878e-05
5250,0.0035435739396890665
5251,3.4916555187674916e-05
5252,0.0008252400790675504
5253,0.9932049237878695
5254,2.7871202431970995e-05
5255,0.00019871991209531294
5256,2.162031103793222e-05
5257,0.018222318211111158
5258,0.11618350021818462
5259,0.0021993744570555406
5260,6.916347352772917e-05
5261,0.006498476615799926
5262,0.0012310091866034874
5263,0.00023123574851315298
5264,3.635408055697595e-05
5265,0.006384365432030766
5266,0.0009856111360634526
5267,0.0006421715437427963
5268,0.004128577250688327
5269,0.0005477002475852783
5270,0.0008604653839025667
5271,0.018430459127094897
5272,0.9180461241517657
5273,0.0001339524611896409
5274,0.0004604105001408209
5275,0.0001766156913195734
5276,0.9973261013019963
5277,0.6551700277552746
5278,0.00016584572097257572
5279,0.0007162010351716391
5280,0.00661009170850483
5281,0.0007029064723128746
5282,0.0009515900590468151
5283,0.0014064458858988906
5284,0.0002881625914844676
5285,0.00031579943872055713
5286,5.075458826948131e-05
5287,7.599117851544732e-05
5288,0.008043352733200566
5289,0.00022300672293339586
5290,0.0002911488209552533
5291,0.008060187967167865
5292,0.0003434666046788958
5293,5.284405598969141e-05
5294,4.5114385639902846e-05
5295,2.7999848784799865e-05
5296,0.01426861267151763
5297,0.0001323339683289174
5298,0.00020529240520717292
5299,0.00013171691208744237
5300,0.9956306367665004
5301,0.0011054610159920034
5302,0.00018061830389974585
5303,0.002005986870441304
5304,0.0001894879421163121
5305,0.0009232090223646229
5306,0.9974349318550548
5307,4.775735712992981e-05
5308,0.00040274761678773207
5309,0.0038769375708036157
5310,0.0029242666708719353
5311,0.00011536750158626751
5312,2.8480874030277914e-05
5313,0.004102827043358398
5314,3.7441412409997025e-05
5315,0.00029878525970869295
5316,0.9974561653072793
5317,0.007164000307607753
5318,0.00659997208723896
5319,0.9650063606308109
5320,0.0020976384007413266
5321,8.212954295357504e-05
5322,0.0007041244148642664
5323,0.0006442307667358035
5324,8.228353069813455e-05
5325,0.08095047956923271
5326,0.0006898920671154495
5327,0.0036189968638059462
5328,0.9972664570831304
5329,0.0007266628296345248
5330,0.00018744615329554734
5331,0.0002230811528936138
5332,0.004006695491586409
5333,3.499017998818645e-05
5334,0.004382881863153129
5335,0.0012473003781566972
5336,6.949860660530756e-05
5337,0.0027534952072334425
5338,0.00500533757167602
5339,0.00022627952956527468
5340,0.0015871606009762347
5341,0.9920813053935815
5342,2.946905364256335e-05
5343,0.0006444585902866351
5344,3.687125728097057e-05
5345,5.69429740775172e-05
5346,0.00010440548983047825
5347,0.013850579290116455
5348,0.00016148848993218547
5349,0.997998869303825
5350,0.00015517884229600018
5351,0.9890260036271
5352,8.421518066749906e-05
5353,4.4771345438185484e-05
5354,0.00031515682405223756
5355,0.9949352330584553
5356,2.656914696512579e-05
5357,0.0002983365687114159
5358,0.00015503863091952678
5359,0.0006623722708756375
5360,0.0005593778586914485
5361,8.757301496593696e-05
5362,0.0005017689950932838
5363,0.0002860863250824191
5364,2.094704720716051e-05
5365,5.678799277543698e-05
5366,2.428440719255779e-05
5367,9.027444314815864e-05
5368,0.002587017689372378
5369,0.0021184048089775255
5370,0.00016580323041477722
5371,0.129825698330485
5372,0.9988955837763029
5373,7.755281583474617e-05
5374,0.00047626359746842564
5375,0.0009768818846710272
5376,0.00016826197861452764
5377,0.0001828278569156668
5378,6.892824973694047e-05
5379,0.004768042430227182
5380,0.00013217876199944268
5381,0.00013119310621139384
5382,0.00025225805404489453
5383,0.000258316425495635
5384,0.0004359738281801595
5385,6.318139402223613e-05
5386,3.463022953603841e-05
5387,0.00128043825135862
5388,0.000475726090910358
5389,0.00046736701293455805
5390,0.003469071139527048
5391,2.9909107899803053e-05
5392,5.516851220208162e-05
5393,1.993801452818965e-05
5394,3.0336137650604696e-05
5395,8.289045778390662e-05
5396,0.0006667512768493286
5397,5.729605127540765e-05
5398,0.006094143674667654
5399,0.00016923646355584366
5400,0.016885552026949992
5401,0.008539824954025384
5402,0.00011250915338723833
5403,0.0001069367067915999
5404,0.00037109977039775845
5405,0.0020071637521660193
5406,0.00011339265013989373
5407,0.000342253754271224
5408,9.08908389740103e-05
5409,0.9606636843468239
5410,0.0005376263355187823
5411,0.014127385821805663
5412,2.483388565785584e-05
5413,0.000430038384622124
5414,0.002314802223092439
5415,2.551265687732357e-05
5416,0.0005112854403932619
5417,9.967302154915349e-05
5418,2.0199482603755896e-05
5419,2.900974399418493e-05
5420,3.25331692720425e-05
5421,2.85846829790627e-05
5422,2.6875154521172058e-05
5423,0.9866323276798553
5424,6.637227439397073e-05
5425,4.9724926094875625e-05
5426,0.0007733003902437837
5427,0.00017437482668223304
5428,3.6101301601206316e-05
5429,3.130182059535761e-05
5430,4.448015923993341e-05
5431,0.0005744473989037465
5432,2.9988243660645153e-05
5433,2.3008325358826504e-05
5434,2.490484188706472e-05
5435,0.0006704310424211722
5436,0.9589361107575062
5437,8.529060559096165e-05
5438,0.00044585703282119804
5439,2.7910481853102763e-05
5440,0.0008488355085840837
5441,0.002416252685474191
5442,0.00041491491800058533
5443,0.00021482464076401632
5444,0.0002508145584787114
5445,3.097274501314224e-05
5446,7.377971801564073e-05
5447,0.002553365808101807
5448,0.0002255907871073953
5449,0.0004396530767503433
5450,0.00026872262318560213
5451,4.612125729033192e-05
5452,0.00031839777520754306
5453,0.00024465903420494355
5454,2.5577189078885333e-05
5455,0.0026097880174944417
5456,0.00020615378274854221
5457,5.76999700734055e-05
5458,5.380196993485235e-05
5459,0.9953267776607788
5460,0.00032870882528186383
5461,3.595359771780525e-05
5462,2.7104739727744116e-05
5463,6.77102357213657e-05
5464,0.0001316717700589983
5465,2.8469965368773305e-05
5466,0.9913720512677532
5467,8.18057852132883e-05
5468,0.00024254326792850508
5469,0.0006492561566706378
5470,0.0008408023400454719
5471,3.938496457423686e-05
5472,7.131296182650208e-05
5473,0.001501758121929661
5474,0.0009199267674156093
5475,6.54848752775449e-05
5476,0.00040292836402780084
5477,0.9830348924946881
5478,0.000794203169861709
5479,0.0003549705484243486
5480,0.0009657654369083074
5481,8.468024480774096e-05
5482,0.8355483330616155
5483,0.0001856742413788132
5484,0.0013782854482965912
5485,0.0002657584165961937
5486,0.0004433174593271551
5487,0.0008303920462991308
5488,0.0007776044413795971
5489,0.00044872771965357073
5490,0.000565760755060214
5491,0.00011663588752466297
5492,3.284343983366104e-05
5493,0.0018242822491880042
5494,0.009943876995679252
5495,7.04827821944462e-05
5496,0.0005720009978374531
5497,0.00011636850915673573
5498,0.0001065417036168632
5499,0.006206420019273568
5500,0.00012727360605830926
5501,0.0008373533505493669
5502,0.00016799944613886113
5503,0.0004227651826123494
5504,0.0006585266553814195
5505,0.0027027842799384138
5506,0.00027561722593197644
5507,2.3698554678091265e-05
5508,3.0137197970031295e-05
5509,3.7649955908932106e-05
5510,0.0012486327506635482
5511,0.00035873311500497936
5512,0.0004652128429734165
5513,2.768191476907557e-05
5514,0.00032600402831906104
5515,0.00029814836369912976
5516,0.0005911196482717579
5517,0.0005957076576889985
5518,0.0007798378801445856
5519,0.00025561822481954524
5520,0.0018276144019820071
5521,0.0006118513286775729
5522,0.0006530410003781518
5523,5.531557026430435e-05
5524,3.01994886966075e-05
5525,0.0005001608126096306
5526,3.778191673825009e-05
5527,0.0003418853999959672
5528,3.883035139869361e-05
5529,6.555141406884907e-05
5530,0.00047723157755612266
5531,0.00042671046486981887
5532,0.6071203154550889
5533,0.00017261763519762471
5534,0.003402317593933432
5535,2.413988127691109e-05
5536,0.0008289961117719589
5537,0.0001127099531248944
5538,0.0027121038335475517
5539,0.00027666997842276024
5540,0.0002757476004977552
5541,6.45637511186089e-05
5542,0.0001303662382413852
5543,4.3673427417388266e-05
5544,0.0054208792618549
5545,0.004782196341780756
5546,0.005560276104343737
5547,0.0007494034588532618
5548,0.002215546488613358
5549,0.0017491839594657925
5550,0.000116041075710106
5551,0.0013993403857654346
5552,0.30147527067880436
5553,5.801077544551561e-05
5554,0.004212683704565632
5555,2.0572594866246745e-05
5556,0.0007947522841223679
5557,8.690924327339874e-05
5558,0.00011849430440273449
5559,0.00028669133870219546
5560,6.612915354830062e-05
5561,6.021558074250015e-05
5562,5.3226946509643796e-05
5563,0.045450300964117354
5564,1.6174362159110997e-05
5565,6.715125387318125e-05
5566,7.573677916315727e-05
5567,0.00032561370754372444
5568,7.210088668526557e-05
5569,8.52939503193044e-05
5570,0.0009015632206660505
5571,0.003053452427052299
5572,0.9694228668469922
5573,0.9883146834702969
5574,0.000726077417424895
5575,5.6553782581177926e-05
5576,0.822154425309235
5577,0.9981584812377233
5578,0.07637710759673969
5579,0.0062742255157455405
5580,9.205157793244476e-05
5581,0.00021365607284120415
5582,0.9402253562736858
5583,2.3242194815707744e-05
5584,0.00019470218624901422
5585,9.093667554120034e-05
5586,0.0001972938819258155
5587,3.595711792892242e-05
5588,0.0011193681726303253
5589,8.966152977365545e-05
5590,0.0006356390992585361
5591,2.6163820613687713e-05
5592,0.0019179168038378548
5593,2.6814284107379337e-05
5594,0.00013534311897862874
5595,0.0030631724911174833
5596,0.0010028939557961338
5597,3.832357427010865e-05
5598,0.000910408663964862
5599,0.0005379056298839621
5600,0.00013981073602608852
5601,2.5934998917097574e-05
5602,1.4659024742925866e-05
5603,0.00048497396652285256
5604,0.00023267868941777308
5605,0.00031328270664148763
5606,5.9687480458564196e-05
5607,5.199561591294024e-05
5608,0.00024174856682413582
5609,0.006088632958735774
5610,0.0012466095729266077
5611,0.0003284433044379685
5612,3.2956254170521436e-05
5613,0.00012241077599978696
5614,0.002733517343597514
5615,0.0022620103250941817
5616,0.0001111249447875253
5617,5.442534712515692e-05
5618,0.0024820598050694412
5619,0.001385796339676462
5620,0.0004408182088835844
5621,8.745711345303988e-05
5622,8.834078090823872e-05
5623,2.997374492880378e-05
5624,0.00012268922440315227
5625,5.190871477247262e-05
5626,4.055327656459453e-05
5627,0.0003254898877987352
5628,0.0006407301700689489
5629,2.5444137748761632e-05
5630,0.00025119791630125106
5631,2.2571613798185517e-05
5632,4.16087427615021e-05
5633,0.0013255205363178848
5634,3.3611027829428256e-05
5635,7.141310380541415e-05
5636,0.00019044045678971104
5637,7.040792446961027e-05
5638,2.5052999072749318e-05
5639,4.782455230354773e-05
5640,0.0007097883206384975
5641,0.0001692455503929434
5642,0.9526857037871312
5643,6.569751727269471e-05
5644,0.0008445364940067727
5645,4.78709741062267e-05
5646,0.006958189630091524
5647,4.1432033851199376e-05
5648,0.00010635530463017659
5649,2.1823789385542563e-05
5650,0.00012766142745620674
5651,2.0032972169995345e-05
5652,0.0001465526621546223
5653,0.0021283806519271304
5654,0.0029721781824325493
5655,0.00025276432266628485
5656,0.00010234948045454673
5657,3.53759576889848e-05
5658,0.027827389597190035
5659,0.00026405538613106307
5660,2.3701974671367702e-05
5661,0.00046395895603478925
5662,0.00017486256544283046
5663,3.612332099508686e-05
5664,7.381237042273311e-05
5665,0.00013105821629820117
5666,0.004563440915764264
5667,3.0479541121185347e-05
5668,2.7214073519250906e-05
5669,0.005801733457499425
5670,7.141776969882704e-05
5671,0.0007259871638386719
5672,0.06124482359125964
5673,0.0010269334509952761
5674,0.9955566189095937
5675,3.2606268499548176e-05
5676,2.6145039496369633e-05
5677,2.7337328886155688e-05
5678,0.005894238163662386
5679,9.9171045052412e-05
5680,3.828088966967935e-05
5681,5.496415624994675e-05
5682,2.7230749638278276e-05
5683,0.00012194864208125194
5684,0.00013124221598133468
5685,0.0010442038917682056
5686,2.0867618893121818e-05
5687,3.319796972456765e-05
5688,0.0002147499852349595
5689,0.0001937858482353949
5690,3.415683403764937e-05
5691,0.0030262396285501273
5692,0.0009648812617503351
5693,0.0003647593950462036
5694,0.7371974778186805
5695,0.00034713925685198933
5696,2.9908129099916703e-05
5697,2.591527263204213e-05
5698,0.0002691594332316475
5699,0.001979505085540604
5700,0.00017880585658037548
5701,0.0001310579382902346
5702,0.0003336800001810435
5703,0.0002490628964439767
5704,0.0009741590433781814
5705,0.0017585728511239046
5706,3.953024752140288e-05
5707,5.356229214223725e-05
5708,4.513293062785081e-05
5709,4.725134174013264e-05
5710,9.656190226768981e-05
5711,0.0004970272367645425
5712,0.0023465875659496828
5713,0.004723993513437802
5714,7.169058876095244e-05
5715,7.850610074873108e-05
5716,2.3322429341264053e-05
5717,0.0002538291961345791
5718,0.01274478028732054
5719,0.0005626186578971803
5720,0.0002804892469276951
5721,3.6576318984143465e-05
5722,0.00024833230691091046
5723,0.0002464306366438818
5724,8.014907806750973e-05
5725,0.0003105256209150413
5726,0.0012328703742179813
5727,0.0004068255391246704
5728,0.0009575709673839463
5729,0.0011391464089861604
5730,0.0013451505072204625
5731,0.0006337031965056344
5732,0.9899500211165275
5733,2.4152114324222183e-05
5734,0.9267895929909027
5735,0.0029695118619399614
5736,0.0006340105646660153
5737,2.4732581400564773e-05
5738,5.2994990020719486e-05
5739,6.642031321711964e-05
5740,0.00021533119970925069
5741,0.00027555699269092083
5742,0.0002827992846285624
5743,8.614822148438688e-05
5744,0.00021753020341829253
5745,0.00015075837427496984
5746,0.0012973589064401226
5747,3.918439726085228e-05
5748,0.00043542518651773846
5749,2.4932459628810684e-05
5750,2.6402719834809495e-05
5751,0.001952235109076052
5752,0.000753070888538108
5753,0.996446703816282
5754,0.0021276573958457752
5755,2.1893931860242628e-05
5756,2.9383673754596236e-05
5757,2.9695212380674834e-05
5758,0.0012506622206826374
5759,0.01922855104449652
5760,0.9946095452762342
5761,0.0027953473531839392
5762,0.0014032188321749415
5763,0.0015514547493583695
5764,0.0004159321678873528
5765,0.0011406372821597419
5766,7.52773721225847e-05
5767,8.729060446436395e-05
5768,0.0012376935355816068
5769,0.00010604996777643631
5770,0.0010056136206494741
5771,0.00012274239047100488
5772,1.718780474680233e-05
5773,0.0020486759251546515
5774,0.8384225665635725
5775,0.9989277134099162
5776,9.268664756565802e-05
5777,0.030585889467038874
5778,9.318743624817119e-05
5779,0.00033549925125747485
5780,0.0029230039215787686
5781,0.00022317327988827666
5782,0.00014734419982301522
5783,0.002353981233282323
5784,0.00024551723454773193
5785,0.0014163600742703934
5786,0.9974040825746137
5787,2.943252421355926e-05
5788,0.00024919568858054666
5789,0.0014554333971969293
5790,0.00040956751403896477
5791,0.00012748873185530624
5792,0.003780029315405485
5793,0.00010778130877532317
5794,0.00035041259335826246
5795,0.001297437873685111
5796,0.00013253351090306107
5797,0.0005870459618402248
5798,0.00015195049834917723
5799,4.830203400234033e-05
5800,0.0005569196312600751
5801,0.00038135120757178673
5802,4.523225136903833e-05
5803,1.7602328119088413e-05
5804,2.4968220813417134e-05
5805,2.8702804016919835e-05
5806,6.995387841753458e-05
5807,0.0006721661917249652
5808,0.0003826922153001487
5809,0.0011261965910722839
5810,4.2175681204294526e-05
5811,0.003221690722876982
5812,0.00013617990798477927
5813,0.00043553403662440534
5814,0.0006291534341419595
5815,0.0023344779875684022
5816,2.4702294317791277e-05
5817,3.568714119900283e-05
5818,0.004681639490063276
5819,0.0013555414920711148
5820,0.00027256565643149835
5821,0.013206520401491095
5822,2.4679463934283736e-05
5823,0.00023130520823517247
5824,0.0006456695453303067
5825,3.613772809738523e-05
5826,9.706889182981475e-05
5827,4.449793465725417e-05
5828,2.63283809919617e-05
5829,0.0002481851912173538
5830,0.0016704353791600012
5831,3.188202413692954e-05
5832,0.9965845538016552
5833,6.885758845021021e-05
5834,0.11688021026337707
5835,9.493457411507985e-05
5836,0.9601364122145721
5837,7.539624620659055e-05
5838,0.01102365747192791
5839,3.180009956712042e-05
5840,0.9667240791810272
5841,0.001120678611626704
5842,0.012452803284564709
5843,0.016404456623238816
5844,0.47231287182191767
5845,4.9423311766644325e-05
5846,6.71883356428974e-05
5847,0.0002679978685368279
5848,0.15353886569689285
5849,7.62101508926139e-05
5850,2.8486016613663158e-05
5851,5.1456427159398886e-05
5852,5.369104802493124e-05
5853,0.0005107805722267092
5854,3.099247993916606e-05
5855,3.774275018925144e-05
5856,2.6144128561814883e-05
5857,0.000511825534340692
5858,0.001923952450132926
5859,4.569700454814488e-05
5860,0.0005875744535118429
5861,0.00013018397783637003
5862,5.4600674502598115e-05
5863,0.00010070251648587112
5864,6.85740626381744e-05
5865,0.0013727014611817768
5866,0.9646067965805909
5867,5.369422090203216e-05
5868,0.001802725227116106
5869,0.9688482965513092
5870,0.00018557487786837948
5871,0.01574683270125527
5872,7.073239489439511e-05
5873,0.00039745978190118444
5874,0.004242686420457228
5875,0.9815743607134874
5876,0.002784385250472984
5877,0.00011255817291120764
5878,7.162511375969843e-05
5879,0.00010788641319663757
5880,0.0001980885188608555
5881,0.00032016546694420636
5882,0.0006379456964414541
5883,2.346569490002143e-05
5884,2.5019956254498043e-05
5885,0.0009010200220560951
5886,0.00033126453824835816
5887,0.001156111434532863
5888,0.0002775104268072969
5889,0.00015194352012745375
5890,0.11204044784736082
5891,4.9115256884717043e-05
5892,0.0001086927131471283
5893,0.00043120782304866657
5894,0.0005465258738474849
5895,0.8433496424648046
5896,0.9968975637088633
5897,0.9913986492594613
5898,0.006913520777425332
5899,0.0003198728269480439
5900,0.025745793729619014
5901,0.00036811383156297385
5902,0.00034465564305398205
5903,0.0004743289707362265
5904,0.00028755388043574305
5905,0.00473964619323325
5906,0.0002827058761021232
5907,0.00012277388012860548
5908,0.001601049840227344
5909,0.013187924734061916
5910,0.0002733569220567219
5911,0.9954285676927601
5912,0.00021311595144576353
5913,0.9877953813694811
5914,0.000323012945753925
5915,0.0002032097255926543
5916,2.9077287283079676e-05
5917,0.00011933180222212353
5918,6.224752827969029e-05
5919,0.9925812575902722
5920,0.0004776498228354641
5921,0.0007977837585623779
5922,6.271688284358813e-05
5923,2.8159032381891415e-05
5924,4.072885765121679e-05
5925,2.85846829790627e-05
5926,0.000630270670629607
5927,0.00019297788464990692
5928,0.0018421501014521402
5929,0.0011741093880458214
5930,0.006931639116268257
5931,0.9697722173939303
5932,0.9916402485498118
5933,4.358742730560996e-05
5934,8.475900786559861e-05
5935,0.00021575263667781116
5936,8.153636266883905e-05
5937,9.751405981817242e-05
5938,0.0030970010452717666
5939,0.7346779716566809
5940,0.0005911862419336047
5941,0.0008633510527955694
5942,0.0033559087072947947
5943,0.00010388888672128703
5944,0.0030637810091481725
5945,0.00022303235996152447
5946,0.0016819364428014576
5947,0.0001267661745059274
5948,0.0006992580861780132
5949,2.579032930967318e-05
5950,6.661035839368656e-05
5951,0.0013927383939682581
5952,0.0005325558631544025
5953,0.0002640408824079414
5954,0.9941673868976885
5955,3.689501724523515e-05
5956,4.343214700850242e-05
5957,0.0011332083398569123
5958,0.00024805135093673833
5959,0.0002374872408199956
5960,4.85161049299256e-05
5961,1.7437981544581042e-05
5962,2.9792477629685262e-05
5963,8.528007530567168e-05
5964,7.15225244749117e-05
5965,4.102600621260959e-05
5966,2.7271210587486668e-05
5967,2.846754916018182e-05
5968,0.00031546372351508935
5969,0.9854326455577777
5970,0.0017020984552028966
5971,0.9579020424125735
5972,0.002118581773554364
5973,2.8352281694133415e-05
5974,0.006279084902432587
5975,4.480986856025944e-05
5976,5.165541434837208e-05
5977,0.0014320008950087337
5978,0.00040025254411551016
5979,0.00010251138576004002
5980,9.331915186706675e-05
5981,0.0004061655353855652
5982,0.0013561565110198246
5983,0.00013556495195773746
5984,0.9884903652188678
5985,7.65179642080234e-05
5986,3.731809936422403e-05
5987,3.048763655726846e-05
5988,0.00031386551145016903
5989,0.00017323578368623387
5990,0.0004613068832752547
5991,6.709068886720664e-05
5992,0.9152402835301638
5993,1.9226925813784284e-05
5994,3.196594260442821e-05
5995,0.013964461928258306
5996,3.9111253861855574e-05
5997,0.0017174900920829486
5998,0.00029755775788479415
5999,0.00034421402890871306
6000,0.0002462993886909261
6001,0.0010791584149147748
6002,0.00011820816023567361
6003,0.9527906967853987
6004,3.212077214144572e-05
6005,0.0003797980985227136
6006,0.0024096361662509025
6007,0.6231393855544056
6008,5.829790553277246e-05
6009,7.142359698826238e-05
6010,2.8907410576055006e-05
6011,0.0002871373299431773
6012,0.005411202548172763
6013,6.179370780370922e-05
6014,5.778755545716638e-05
6015,0.000501870387356208
6016,0.00032852312330254694
6017,0.0006338409896971371
6018,0.001877736755864007
6019,0.00022958547594080207
6020,0.9930373488532318
6021,9.235332395157993e-05
6022,0.00040495480560610853
6023,0.0004939070765185678
6024,0.9756828155379902
6025,0.00010007248441697924
6026,0.006570297929050545
6027,0.00014631119127094257
6028,2.5147005182043666e-05
6029,0.0003929971502935756
6030,5.610557131013736e-05
6031,6.501190416694203e-05
6032,0.0014422574468862387
6033,0.0003199951430241776
6034,0.0003697860065269611
6035,0.0008262006280306399
6036,0.005858486421669353
6037,0.00018502449345233915
6038,2.800273517355749e-05
6039,0.0003503856462628296
6040,5.158928706696592e-05
6041,0.00046465029145093147
6042,0.0003884490844357362
6043,0.0006970576996496831
6044,0.0007198713523767118
6045,7.908413834921627e-05
6046,0.0004216050169686446
6047,0.0005457961263496578
6048,0.00010354165278466166
6049,0.002189829847105631
6050,3.0908458372044066e-05
6051,0.9818738483303594
6052,7.623178177760524e-05
6053,0.0014179442951760724
6054,0.984064692488196
6055,0.0003498206351289348
6056,0.010078356514412717
6057,0.002271753274889256
6058,0.0005069387696993542
6059,0.0003984399454956589
6060,0.0005543445117151694
6061,0.002184606569759552
6062,0.0016453501859439515
6063,7.995589104777562e-05
6064,3.149569522369675e-05
6065,0.00016910926732981434
6066,0.0018099373035738292
6067,0.9780537666438918
6068,0.00010590982674953655
6069,0.0002335901469249655
6070,0.00013315698516321907
6071,0.00011507318075122525
6072,0.009705166493515709
6073,3.1521151175344214e-05
6074,2.986197557642769e-05
6075,0.00019933394579388329
6076,6.675653956884132e-05
6077,0.0009812695648712864
6078,0.00011211406498746984
6079,8.302207992517934e-05
6080,0.001256409985189041
6081,3.191031484181676e-05
6082,3.809066849176446e-05
6083,9.395881272849066e-05
6084,0.013623330836017033
6085,0.0013814616882023797
6086,8.583593672863103e-05
6087,0.0003564217900927197
6088,9.901973571628993e-05
6089,0.00021981077532222227
6090,0.9772769406684698
6091,6.859172788845956e-05
6092,0.000191140312331374
6093,0.00015764746625518622
6094,7.173539509183521e-05
6095,0.0008250099799392167
6096,6.448476921047472e-05
6097,0.0001858792180014938
6098,9.670256572158516e-05
6099,0.006666928719495665
6100,0.00012141751919922694
6101,0.9954338397353354
6102,0.00014301403369199788
6103,0.0007468758647861936
6104,0.00022495587031472734
6105,0.24476286253384366
6106,0.955454374667649
6107,0.9554165683445296
6108,0.0017816014664214445
6109,4.160935144003641e-05
6110,0.0012057748565650474
6111,0.9980996575382084
6112,0.00038959995880026035
6113,0.012188539990539454
6114,0.0004204773668419155
6115,0.0001660455994782315
6116,0.002208577615426808
6117,0.00023258795788274066
6118,7.455660135976007e-05
6119,2.2802153168711058e-05
6120,0.9966416854597469
6121,0.00031685938324201924
6122,0.009173353091098754
6123,0.00023265498569692718
6124,0.0015255951553630586
6125,0.00013763112630711698
6126,6.558788818543525e-05
6127,0.001315070146550241
6128,0.002507440617449835
6129,0.00016057819568495766
6130,0.0021911286647330005
6131,3.4222387210196366e-05
6132,0.00015609155722233475
6133,0.9937907823683398
6134,0.0017074107204404511
6135,0.0003728350174718502
6136,2.9797514532286714e-05
6137,0.0005070713133388258
6138,0.00658633846413303
6139,1.748503905370256e-05
6140,0.0004993562563567744
6141,0.0014473584544117649
6142,0.00012454208484628695
6143,0.0022163800491280953
6144,0.0004910511196597972
6145,0.0001900333373321229
6146,0.6104498234444662
6147,0.0006949435504466001
6148,0.009457089905120895
6149,8.930975865237368e-05
6150,0.0001515488973223166
6151,0.0014662399642146019
6152,0.0001552190233018896
6153,0.003951202691264687
6154,0.0012496655389105725
6155,0.0002481605870336457
6156,7.05940993502189e-05
6157,0.9112043555017852
6158,0.000291504550627016
6159,0.9947136574737044
6160,0.0020012961118968152
6161,0.00100975222544224
6162,0.001869233745884543
6163,0.00032022524356735426
6164,0.00036399696705140505
6165,0.00024599322238027594
6166,0.00011716868565672598
6167,0.9963751814762656
6168,0.0002566559906746122
6169,0.8788738775506933
6170,0.00015485465654328266
6171,7.381524594418712e-05
6172,0.9980318338692719
6173,7.794666297631034e-05
6174,0.000442835662507627
6175,0.0017913559246116092
6176,0.0035890544002963763
6177,0.00012650852582715867
6178,0.00016397548768756778
6179,0.29699363840319204
6180,0.00021831322955826398
6181,0.0005253946938009995
6182,0.9966129720969142
6183,0.0001772985865110733
6184,0.0019407741421607976
6185,9.16596959268695e-05
6186,0.0004690620058097793
6187,0.0003188670721066309
6188,0.00014492523675147206
6189,0.0002798519761138937
6190,0.0006835481304330606
6191,0.0016011390161008992
6192,4.5260187240989115e-05
6193,0.000244072400246821
6194,0.0007472810796946933
6195,0.005374369473578599
6196,0.0018937393374269002
6197,0.0431067458849489
6198,0.19439657993115814
6199,0.9968678727180034
6200,0.0010567278327659635
6201,0.00047765580686740634
6202,0.0012073694881322846
6203,0.995005988706643
6204,0.0003602476285928519
6205,0.00012754534597809192
6206,0.00014795316985537232
6207,0.00012080930880531528
6208,0.0015744375081862053
6209,0.0001610680032837358
6210,0.0022636994679396086
6211,0.9425846464987778
6212,0.0009367762220320762
6213,0.006401374411974729
6214,8.71502552326169e-05
6215,0.00012281245957793197
6216,0.9906409333883415
6217,0.0008382936718330212
6218,0.0034724469423875874
6219,0.00062616295555329
6220,0.00044808725682739134
6221,3.055018863649339e-05
6222,0.00011454529878311237
6223,6.386166832928085e-05
6224,0.00203875915130541
6225,0.000833655103143849
6226,0.0009172387663411621
6227,6.549506042261484e-05
6228,0.00017164487499334542
6229,0.0005489617810753537
6230,0.8118404339647161
6231,0.0002428246048094774
6232,0.005872227897971088
6233,0.000256286082780582
6234,0.0004951002809322619
6235,0.0011601967928780758
6236,0.0002389980432904297
6237,0.000913429461261283
6238,0.2580582288928247
6239,0.00033689134894757306
6240,0.00010305885153975164
6241,0.0029325640140906465
6242,0.0014799805578290112
6243,0.021496501632216582
6244,0.00036973509388340484
6245,0.0003125856426586559
6246,0.9902372171424334
6247,0.0016287532247076235
6248,0.0005221353769758147
6249,0.0001702707520415634
6250,0.00042503422715323787
6251,2.7845431197044713e-05
6252,3.014607946378407e-05
6253,2.9817353877622416e-05
6254,0.0007267816422495122
6255,0.00017290533609856036
6256,3.898675307860467e-05
6257,0.00011117548967748197
6258,4.607383937175868e-05
6259,0.0024278232040053646
6260,2.9507731126730624e-05
6261,0.0010361958126080617
6262,9.777173095693549e-05
6263,0.00014643319328262218
6264,0.00019889745750030003
6265,4.904696778073845e-05
6266,4.546621140034234e-05
6267,0.0002887253445366445
6268,3.150933606314889e-05
6269,0.00020419341224465915
6270,0.7641779751207745
6271,4.819710194732417e-05
6272,0.848884897651405
6273,4.265066195234067e-05
6274,0.00012972570547866905
6275,4.788972299550672e-05
6276,3.243711701447884e-05
6277,3.296285146653366e-05
6278,0.0002879970058365345
6279,0.0008220551250153974
6280,0.02666707220056528
6281,0.9977935077683062
6282,9.057273908285476e-05
6283,0.00014001394669873655
6284,0.0007450014083519782
6285,0.0005681287547966064
6286,9.291836568546082e-05
6287,0.00031728294789249545
6288,0.000162739429065856
6289,0.00010347978219534207
6290,2.5079465822012922e-05
6291,2.6290521545352327e-05
6292,0.00020228293916675402
6293,0.000523561385392606
6294,0.003127774105498688
6295,0.00024585509398220343
6296,0.0008453951316103622
6297,4.8334148913016245e-05
6298,0.005000099477890797
6299,0.00014999238944413853
6300,0.00015996003572926298
6301,6.326106164130206e-05
6302,0.00592601842272149
6303,8.852770786082497e-05
6304,0.00012042232888423912
6305,0.00011831892078219809
6306,0.00011756651586706862
6307,0.001011630354242106
6308,0.0023270456862707206
6309,0.0017485792068022473
6310,0.0012483479297356998
6311,0.00046907193560751187
6312,0.0006047626015152424
6313,0.0007699164266189824
6314,0.0004441000445963094
6315,0.0013096200180699512
6316,0.0003387008852740149
6317,0.0002098997331255498
6318,2.8776761421483143e-05
6319,0.00038298513145464775
6320,0.0007383449033776772
6321,0.000566418060359916
6322,5.173114510093159e-05
6323,0.002034999124899764
6324,0.0006067557682805702
6325,0.0008057429036839224
6326,0.940575564795455
6327,0.00022089190409613175
6328,0.9609326790081563
6329,0.00017194251130620564
6330,0.0011306895190751726
6331,5.485495440925329e-05
6332,0.00016331350329959433
6333,0.0004184475555433732
6334,0.0009286711935504949
6335,6.392596126085723e-05
6336,4.577757887639282e-05
6337,3.5814200788099044e-05
6338,0.9935800626703177
6339,0.00012796992936199748
6340,0.9980534539799626
6341,0.8661499060745342
6342,9.110411336881008e-05
6343,0.001699999438700817
6344,0.00021980028571743265
6345,0.00012518138145614158
6346,0.00023161944434359473
6347,0.00040666076856982517
6348,0.0001365949836579302
6349,0.8903679159521959
6350,6.354551925851851e-05
6351,0.0005858438355214959
6352,0.0016304441517255037
6353,0.9977974276025678
6354,7.097780420589294e-05
6355,0.94109256840638
6356,0.0010149364989529151
6357,0.0001171480552727647
6358,0.006913541859778313
6359,0.0007609886555047759
6360,0.004910813944288403
6361,0.993154458714454
6362,0.00011447091744262944
6363,0.9058694872038071
6364,0.0003113839665562212
6365,0.00011642242879244519
6366,0.0003344974014896524
6367,0.0017710961966125155
6368,0.8849741641999105
6369,0.00016835679910099041
6370,0.00374095238082619
6371,0.9979212649602897
6372,0.00020365198629428453
6373,0.0001006193841217689
6374,4.4119144077785214e-05
6375,0.00015419331734184598
6376,0.00037099579469850724
6377,1.9393865085052355e-05
6378,0.00026459787283906246
6379,5.7159583951469664e-05
6380,5.050884442865115e-05
6381,0.00015755045981415608
6382,0.005222840267131597
6383,0.00010908321133783808
6384,8.920634295415523e-05
6385,0.0026919935498058837
6386,0.00039591822549938174
6387,0.0022583608317001897
6388,0.06823187889192182
6389,0.00028334425665034566
6390,0.0004417821440298509
6391,0.006147784001427325
6392,0.00017166240600427024
6393,0.030398424917050935
6394,0.9857713367010053
6395,0.00845480702276791
6396,0.0020237747392855897
6397,0.00015251646583576336
6398,0.0022853548814275597
6399,0.0003526632266419361
6400,6.394074116247886e-05
6401,5.774659152857729e-05
6402,4.2246901822834015e-05
6403,0.0015779801044188777
6404,0.014090780238455789
6405,0.8131649169803934
6406,0.0026887404052542896
6407,0.851097180429355
6408,0.00043244460586545875
6409,4.386324889966212e-05
6410,0.00024526207041667336
6411,0.9856757120970847
6412,0.00024742024483204725
6413,0.9973833008620335
6414,5.914849585798964e-05
6415,0.01292797187510982
6416,0.00011952728982161841
6417,0.0019561885544932935
6418,0.00025297160634020586
6419,0.9701581851539132
6420,0.0027973678275164436
6421,4.761785948481395e-05
6422,0.002158931062098762
6423,0.9958999789551208
6424,0.9524694091949693
6425,0.008253202592663832
6426,0.00016625897883070263
6427,0.005270137636117301
6428,0.0027591558000763274
6429,8.70245754457514e-05
6430,0.963689848171166
6431,0.9945944982015378
6432,0.00013362546984078608
6433,7.396764159307269e-05
6434,0.0004150743213701928
6435,0.9924542795334654
6436,0.0019682035055402724
6437,0.004880488638590531
6438,0.0018275796255126328
6439,0.017057114938416447
6440,6.267561625170226e-05
6441,8.70286814079032e-05
6442,0.006308960976952572
6443,0.002307516830033757
6444,0.0003506739377841773
6445,0.9676464650726114
6446,0.9459734315761494
6447,0.0009757279318704096
6448,8.017999837782374e-05
6449,0.00048663778864325806
6450,0.0016256038434904433
6451,0.005079066064111175
6452,0.9706214101542086
6453,0.0006533635484954352
6454,0.00025126872029368865
6455,0.0001850954062893086
6456,0.0003267148821857212
6457,0.7929383700205916
6458,4.601263449587069e-05
6459,0.002384852654797575
6460,8.253790926508446e-05
6461,0.015842446256192987
6462,0.0009287867715244275
6463,0.00013931695106686966
6464,0.9913143061920232
6465,0.00023648873490546177
6466,0.00014749938418628746
6467,0.0004207338983478472
6468,0.9970055734682545
6469,0.9969566057931978
6470,0.9717487561750779
6471,0.00012798958417405455
6472,0.0005106369387924368
6473,0.00011518510399053027
6474,0.0013358860956690336
6475,0.9406252730427191
6476,3.254987797109403e-05
6477,0.00086602850966278
6478,0.00011261876522562153
6479,6.983406214971298e-05
6480,8.868183287405812e-05
6481,3.004535560832991e-05
6482,0.0003023932050249977
6483,6.0551521075322224e-05
6484,0.00012680543705477482
6485,0.005732960358970278
6486,0.0009596802560865949
6487,4.115184275781037e-05
6488,3.6311856236356684e-05
6489,4.951771904235753e-05
6490,0.007377108618884269
6491,0.00012332888925914364
6492,4.749678014380499e-05
6493,0.9638029976246838
6494,5.314876591612953e-05
6495,5.6249041514599744e-05
6496,9.172404764175868e-05
6497,7.968986913956308e-05
6498,4.6935346463787615e-05
6499,3.6556536678730496e-05
6500,6.552989531271912e-05
6501,0.00011064468876893229
6502,9.944201470459899e-05
6503,0.0008448356060860888
6504,0.01739135991467978
6505,0.45379659413843737
6506,4.018840638761051e-05
6507,5.82301744428691e-05
6508,0.0014378631597346079
6509,0.0007393196263207986
6510,0.000143895589675949
6511,3.1353895330886e-05
6512,0.00037132866353722693
6513,7.77223254487234e-05
6514,5.301046273475243e-05
6515,0.013807527303106092
6516,0.0013317389555933764
6517,3.0661470414292436e-05
6518,0.00011612179239278022
6519,0.004362271688972678
6520,0.00023443362063704093
6521,0.002382107793395309
6522,0.0014312148914909556
6523,0.0014185267147526347
6524,4.776544102177815e-05
6525,0.00019649840543153565
6526,5.30374042108339e-05
6527,2.2596833181380258e-05
6528,0.0007591748400712899
6529,0.007436495422318556
6530,3.744093161424858e-05
6531,0.00030248642104316174
6532,0.0005281307981313017
6533,3.0058904166613866e-05
6534,7.759040460583093e-05
6535,2.3056474361158654e-05
6536,7.541053549467082e-05
6537,5.856268089926871e-05
6538,8.262665443763462e-05
6539,0.00040669853613290764
6540,0.9895342037094693
6541,0.0007374553492872665
6542,0.0014834891201490098
6543,0.00020205949053689532
6544,0.0002477162512327806
6545,0.00016402195561731613
6546,0.0001994522519121693
6547,0.002739290406532354
6548,3.499174654632047e-05
6549,8.322081396664939e-05
6550,2.5313801937878624e-05
6551,0.00025688306325548165
6552,6.399803404059427e-05
6553,5.1309258674065504e-05
6554,9.17810371044583e-05
6555,3.777757213509729e-05
6556,0.0003071210957290421
6557,0.0003356102476091614
6558,0.0010273997345606333
6559,0.002470452870442604
6560,0.0005467183336982174
6561,0.0036170984947162753
6562,0.03236959350616868
6563,0.0004881137010071289
6564,2.666931178800369e-05
6565,0.00012021544045633277
6566,4.4911110737133375e-05
6567,0.00030438136928027644
6568,2.8272484853680184e-05
6569,3.2849285866972384e-05
6570,2.3981075875180612e-05
6571,6.578439125819822e-05
6572,0.0004913154168057646
6573,5.7073622345955776e-05
6574,0.000412529578906085
6575,0.9961365493391281
6576,2.5880647090520842e-05
6577,3.209532097928101e-05
6578,0.0007132213315350473
6579,0.00020535432012224776
6580,0.00021857400895387318
6581,0.0019086802383765044
6582,0.014310135200713836
6583,5.620273659597595e-05
6584,9.491546903173876e-05
6585,7.89832895111935e-05
6586,0.006286489863995498
6587,0.02079826205541234
6588,0.0020835666596228843
6589,6.29661571224569e-05
6590,0.00033528106522181416
6591,0.004534867644565663
6592,9.162102494902498e-05
6593,5.98193243726384e-05
6594,0.00015997861749087976
6595,3.829899183552055e-05
6596,0.0001059281743364367
6597,3.865748671025056e-05
6598,0.003938950992804989
6599,6.313577253522475e-05
6600,5.9022974953912286e-05
6601,0.9990520921415733
6602,0.0009669624363033938
6603,0.0036862166342728755
6604,0.00010326926847540616
6605,0.0012435199906246559
6606,0.011612177965592213
6607,0.00014109756252224503
6608,0.0004958041245199387
6609,2.4020664035672945e-05
6610,0.9955222099423494
6611,3.30252327154573e-05
6612,6.63975634691165e-05
6613,5.297333696427111e-05
6614,4.0059946221924846e-05
6615,0.00041704378575389324
6616,4.537489078002374e-05
6617,7.673962940103477e-05
6618,0.0016551264202233115
6619,0.0005583936796326159
6620,0.00024143238573788142
6621,0.0007552160279403121
6622,3.923463705003048e-05
6623,0.0004888850317637969
6624,0.00016714791412568452
6625,0.0002136986600124068
6626,3.4943369103006494e-05
6627,0.9977054473452632
6628,8.03128294982747e-05
6629,0.0001894932011868275
6630,6.70946981661641e-05
6631,0.00012605874239985342
6632,3.0402894876390876e-05
6633,3.693885631073788e-05
6634,7.313126836034611e-05
6635,0.00011964299686449899
6636,0.0031278849875724024
6637,0.00037632828151259686
6638,0.00011293533037480953
6639,0.00012306484067741986
6640,0.009902926538967636
6641,0.0005287747786544167
6642,2.5645648055994396e-05
6643,0.0010582176887240578
6644,8.906364155453951e-05
6645,4.4889056222418604e-05
6646,8.885296799926444e-05
6647,0.00016822267224421802
6648,0.00033919271065969574
6649,7.910185715547243e-05
6650,0.012774564932827446
6651,3.159602640872554e-05
6652,4.7587309502579344e-05
6653,3.9912781847350615e-05
6654,3.9010435185774956e-05
6655,4.8421245000069483e-05
6656,4.6451476953513386e-05
6657,0.0016807890915675999
6658,0.00011400281198883344
6659,0.0002183619933802893
6660,0.00013571611465651567
6661,0.9913499225083193
6662,2.0033827326358893e-05
6663,0.0001482441270140133
6664,0.0005978923475646574
6665,0.0001105410735856216
6666,0.00023895552782187188
6667,0.9823304053100366
6668,0.00018697566685816976
6669,0.006827774266122614
6670,0.003541489801182746
6671,4.9982475746108466e-05
6672,7.394377499596224e-05
6673,0.00046772972246138754
6674,3.072467879169042e-05
6675,2.779320105015341e-05
6676,0.0003613036256634076
6677,6.141275112182682e-05
6678,2.4704018004972163e-05
6679,0.00035166118888202414
6680,0.002904199585415147
6681,0.020537141221726334
6682,0.02268510680000575
6683,0.0018065711038681386
6684,0.0002115456810443803
6685,0.0003725442781165995
6686,8.498176051950664e-05
6687,0.0010435179652986313
6688,0.010048081523268899
6689,7.770200933544261e-05
6690,0.9983191757699131
6691,9.525171281461692e-05
6692,4.236466394948292e-05
6693,0.004545786381869974
6694,0.00011953617246573283
6695,0.00026089496066956247
6696,4.321388525385147e-05
6697,0.00016090425274452257
6698,6.523535572782953e-05
6699,8.792364400035378e-05
6700,0.001115602062964561
6701,8.258757420112316e-05
6702,0.0002091894289870182
6703,7.841180231932924e-05
6704,0.00015243605628134166
6705,0.9972013306640346
6706,2.1176842168653562e-05
6707,5.65274108903965e-05
6708,3.770916413878167e-05
6709,9.227066580313753e-05
6710,4.393850071383674e-05
6711,0.00041574712677352994
6712,4.323509107434289e-05
6713,0.00014312237389687172
6714,0.0012272613698889275
6715,3.6403789183586506e-05
6716,0.00015219484590185166
6717,9.022661700625735e-05
6718,4.09119992744335e-05
6719,0.002557312962723222
6720,0.021570199927502552
6721,0.00011454339622560933
6722,0.0010438829751787137
6723,0.0016611977861785328
6724,2.060133251594326e-05
6725,5.1014650833886414e-05
6726,0.0002111445085348657
6727,0.03115940394997619
6728,0.9985537159520577
6729,0.0022168038655498226
6730,0.9914894341874232
6731,0.00035749884296070356
6732,7.903506790082327e-05
6733,0.022252695815003755
6734,0.000179867623879159
6735,0.0006328705900955864
6736,0.008374455641662759
6737,7.172285726589923e-05
6738,0.0003071919196962362
6739,0.0018904619276757858
6740,0.00044860776969494104
6741,0.0013455522657105892
6742,2.6194204042047103e-05
6743,0.0005019929131860783
6744,0.00011913904383722634
6745,0.00020025638130564098
6746,4.3635285939764486e-05
6747,0.00025298457013882487
6748,3.6203436639849534e-05
6749,0.9974999032222851
6750,0.0005832883607248495
6751,2.6749643997734037e-05
6752,2.986634313180235e-05
6753,0.00014009364078501212
6754,8.876792426897434e-05
6755,7.113157450382515e-05
6756,7.62105025740638e-05
6757,0.00014446398888162372
6758,0.001681829230186021
6759,9.32298098867598e-05
6760,4.599259112413746e-05
6761,5.3401170364134013e-05
6762,6.906834029352237e-05
6763,9.885857770453488e-05
6764,2.9279634220429394e-05
6765,0.00010605940886322699
6766,0.0010517421146464144
6767,3.700277014123003e-05
6768,5.781447425288862e-05
6769,2.5218993115597257e-05
6770,0.0005658386247453676
6771,0.00113017128413616
6772,0.00012975362741815335
6773,4.518022435889104e-05
6774,0.00033764528796920515
6775,4.775181677746806e-05
6776,0.00018561765210430524
6777,0.0029751411498300873
6778,0.00024326276232326333
6779,0.995830142272145
6780,0.0651402943609768
6781,3.2727575941184074e-05
6782,0.00032028098941070434
6783,0.00025350693284171964
6784,2.4002345999143092e-05
6785,0.0005130517408223631
6786,0.00023793525105864928
6787,0.9979474354423793
6788,0.0015112795128243164
6789,0.0018575522098461712
6790,0.00014953573095538304
6791,0.0005317909012896618
6792,0.0012242718605544724
6793,3.3879704912364386e-05
6794,0.9754248269063496
6795,0.00021747017485095974
6796,0.9979033650151072
6797,6.209546078286303e-05
6798,0.001767573188271098
6799,0.0024977323886849825
6800,0.002664105028855185
6801,0.002780161613859571
6802,0.001306865223326449
6803,0.0009742656379074595
6804,0.013502394466796925
6805,0.002273754106355816
6806,0.951689686788152
6807,4.361655259773814e-05
6808,0.014256492872795129
6809,2.3917992499783176e-05
6810,0.002700334860967944
6811,6.027046842048903e-05
6812,0.0017227231985645843
6813,3.437951437788696e-05
6814,0.9611305416952638
6815,0.0010051122062800467
6816,0.9942743522161044
6817,5.6763630286961734e-05
6818,0.0007799074991707271
6819,2.746130981574642e-05
6820,0.004457515891461266
6821,0.9980641600767998
6822,0.972614937484288
6823,0.9975345397626958
6824,0.022718623912591367
6825,6.871938829916675e-05
6826,0.9984842671463522
6827,0.9983651564305838
6828,0.00018189852039602984
6829,4.246384037454665e-05
6830,0.033006605729637914
6831,0.0005164515341505334
6832,0.0002001513582522645
6833,0.0009494377508523465
6834,0.0007639873042055046
6835,0.00028322155817787063
6836,0.0013709719117044295
6837,0.00035320440436953246
6838,0.998310356711619
6839,0.001760861699350713
6840,0.003644668645825981
6841,0.014250672124757396
6842,0.002596248089156119
6843,0.0003934571611063132
6844,0.00030668001479706633
6845,0.0012663959635784692
6846,4.865890243340018e-05
6847,0.00018038227360495297
6848,7.118799647160897e-05
6849,0.002068114583379951
6850,0.9960505543243524
6851,5.8068563915474165e-05
6852,8.040701980298627e-05
6853,4.700837121182312e-05
6854,2.4388490953283244e-05
6855,0.0007889315884809615
6856,7.173268911084846e-05
6857,4.677476642141975e-05
6858,5.32074132660608e-05
6859,6.570037107292999e-05
6860,0.00017619888767060452
6861,3.6449260502095274e-05
6862,4.051426606589826e-05
6863,0.000616793584871911
6864,0.0005489616240670006
6865,0.00039619489384095556
6866,2.434888090952984e-05
6867,0.07667686552135
6868,2.1136713111497833e-05
6869,0.027168839816404396
6870,3.69815762306531e-05
6871,0.00017902561903802638
6872,0.0002467257836668637
6873,0.0004138317020011546
6874,7.865187907630711e-05
6875,0.003056083020839575
6876,0.9620766988572361
6877,0.995510746637309
6878,0.0007334331900091615
6879,5.592838068754713e-05
6880,0.00013112557693463104
6881,0.9984437722368055
6882,0.00022794142546631225
6883,0.7193538233862087
6884,4.765400588332748e-05
6885,0.0037154062064389272
6886,3.778691451579878e-05
6887,0.0008181151199989474
6888,0.002546093236913017
6889,6.995102303471181e-05
6890,0.00013414774823116015
6891,0.9982095022363161
6892,0.00015590404008179075
6893,0.0008278117916450132
6894,0.0009273953251274017
6895,3.183669279970313e-05
6896,2.9169851632532793e-05
6897,0.0028227127029021265
6898,4.43727976076328e-05
6899,0.006701680998229832
6900,0.007516908729146681
6901,0.9980342015875208
6902,0.00022215156293994024
6903,0.0012131479070895254
6904,5.099142524128091e-05
6905,3.846299924050524e-05
6906,0.00026612884626951586
6907,3.509239023851215e-05
6908,0.0014373697442173687
6909,7.29398244832083e-05
6910,0.0001253705389295064
6911,0.0007250679425060958
6912,1.983902793944587e-05
6913,7.086256737184074e-05
6914,7.978559722448075e-05
6915,2.2969362859315992e-05
6916,0.003015998886276866
6917,0.9976882546269717
6918,0.0002476733263810895
6919,0.001428349714682072
6920,0.0318537375912722
6921,0.0002613517079600887
6922,0.002060921508676982
6923,0.0007203573307751728
6924,7.99289913037684e-05
6925,0.0001207773696580858
6926,0.0001059563884170049
6927,9.425478409105876e-05
6928,2.4496215337488997e-05
6929,3.989203757070972e-05
6930,0.0012299730907695406
6931,0.004826036431813538
6932,0.0029288924465187493
6933,0.0002023966053236459
6934,0.00016758794163864826
6935,3.292569962127573e-05
6936,2.7732280577206733e-05
6937,0.0003108532742158287
6938,0.0005691194255044113
6939,2.791943069181355e-05
6940,0.00904169839401579
6941,4.522892541232758e-05
6942,0.00016608635930578095
6943,0.00025439276291260097
6944,0.9954097454459978
6945,7.990426335399506e-05
6946,0.00019524642619472634
6947,0.9982925463055736
6948,0.006023031239709707
6949,0.011502767212013995
6950,4.14065941471269e-05
6951,0.00047309770637357813
6952,0.00151785074245589
6953,0.0006005406278776068
6954,6.025797026611549e-05
6955,0.0011774692500252338
6956,0.0001259982124492992
6957,2.385248844777179e-05
6958,0.0005894991487862397
6959,0.9972773294929018
6960,0.00017783367823802023
6961,0.9921293505346662
6962,7.685076695810858e-05
6963,0.14874114530586996
6964,0.9676790281192675
6965,0.0011355645567397395
6966,0.000142410289443534
6967,5.462749395938132e-05
6968,0.0014539278264297081
6969,0.0005747383801916755
6970,5.019964787622165e-05
6971,5.38025799287458e-05
6972,0.00022655332179931587
6973,0.0002457025261741074
6974,7.27029763640651e-05
6975,0.00010490462399710228
6976,4.9177281523407e-05
6977,0.00011281006839130264
6978,0.0015275333261794506
6979,2.3231323164255015e-05
6980,0.0009462268624156665
6981,0.0022188322590584162
6982,0.0001996283180941099
6983,0.12495795936610747
6984,0.9986983112944114
6985,0.0001852696035055836
6986,2.4526475727469816e-05
6987,0.03273265131554975
6988,0.013711934076289711
6989,0.0022131899260024518
6990,4.857941243732297e-05
6991,2.568496551787256e-05
6992,0.0008303855473301664
6993,0.0004906465618183081
6994,0.9749232325039522
6995,0.998820760903941
6996,5.7558920655193805e-05
6997,0.06777034250625438
6998,0.001110402346360219
6999,0.0012993713856620467
7000,0.00018943543720750244
7001,0.997914184289573
7002,4.410676470305078e-05
7003,0.9964590968042202
7004,0.972699947974051
7005,0.9990563279250673
7006,9.391793146480431e-05
7007,0.000346784218867138
7008,0.007212819210888015
7009,2.8806657995848073e-05
7010,2.7741607484459997e-05
7011,0.00013231039569656407
7012,0.0004360733801831567
7013,0.00047581443611478135
7014,0.9971067828360564
7015,9.606365479211412e-05
7016,0.000348528051255528
7017,4.306833587506571e-05
7018,0.01005025749576995
7019,0.00012646360781406066
7020,6.826231677343442e-05
7021,0.00014106643421200402
7022,0.001038361483416644
7023,2.829393883150665e-05
7024,0.0013013012479899419
7025,0.0012013028902560902
7026,0.0005043217311229986
7027,0.00013894766270610096
7028,6.991012504798275e-05
7029,0.9979720396075404
7030,0.9937345692392741
7031,0.05642073083299535
7032,0.00010212305985912395
7033,0.9973546748156593
7034,0.0001001388942116364
7035,5.442250535672768e-05
7036,0.00023001451802342064
7037,4.667002150678075e-05
7038,0.00027720073842794565
7039,5.657470363810303e-05
7040,0.0014708669476054537
7041,0.00028781827315923163
7042,3.260930447324338e-05
7043,0.0003019692866937317
7044,0.0007734295442239694
7045,0.025985573424482898
7046,2.4292660170605926e-05
7047,0.00023561398449030703
7048,0.0004449542114072152
7049,0.0006339001971307019
7050,0.0006778949328831878
7051,0.0019224164643550173
7052,0.0003208811062804395
7053,4.702643888741186e-05
7054,0.0003512436220863679
7055,5.2611402983826296e-05
7056,8.014799135771112e-05
7057,5.652817771911213e-05
7058,0.00026111520216434903
7059,0.00014515027624533003
7060,0.9983425128870602
7061,8.408909373005432e-05
7062,0.0005350282794854295
7063,0.0004853747153561176
7064,0.9895398417888313
7065,0.0003706571241449131
7066,2.66854537700523e-05
7067,0.0070933752973289296
7068,0.0007156122669855691
7069,0.0003117432925340842
7070,5.9416305288809364e-05
7071,0.00032165763926896875
7072,0.0038161101225606077
7073,4.0537686366514e-05
7074,6.299364106906364e-05
7075,0.0074601645406688535
7076,9.216932587347105e-05
7077,0.0008760109130400604
7078,0.002237842236539742
7079,6.31145200879229e-05
7080,0.9983256813925323
7081,5.375465309858486e-05
7082,2.8695997470032853e-05
7083,6.588798515509185e-05
7084,0.0002543366920154747
7085,0.0005641187861362919
7086,1.5544797307784708e-05
7087,6.562456068844597e-05
7088,4.787421617894338e-05
7089,0.1572369737831952
7090,3.552175820876499e-05
7091,0.002409326820828805
7092,0.009338366179246497
7093,0.0002450494288037592
7094,0.00025027832801704993
7095,7.624916201128534e-05
7096,7.374754615724969e-05
7097,0.00021562406922953468
7098,0.02201677113598673
7099,3.879275171379622e-05
7100,5.483031404874604e-05
7101,0.0009167356648184157
7102,0.00012090661875600544
7103,0.3958399271302038
7104,6.972348931700634e-05
7105,0.020300451125094182
7106,0.0006761075899724982
7107,0.000544667578665898
7108,0.00017498074109028046
7109,0.0005924375314850415
7110,0.00010150157876534968
7111,3.400924954696553e-05
7112,5.588584121225274e-05
7113,6.411522879944085e-05
7114,0.9858228012242438
7115,3.971652295966382e-05
7116,0.0021812485458970014
7117,6.482650234284506e-05
7118,4.160789831135461e-05
7119,0.0051438305099917635
7120,0.9929512364231835
7121,5.3381258531618174e-05
7122,4.311312908099735e-05
7123,5.792748754903594e-05
7124,0.00015460114274911435
7125,0.0007111132538542843
7126,0.0007005430296786227
7127,0.00017544659543680853
7128,0.00010135596557358671
7129,3.854120032095123e-05
7130,3.087723357864333e-05
7131,9.689447736365675e-05
7132,4.562560071584811e-05
7133,4.5927346268952784e-05
7134,0.001631228370216728
7135,0.0006535605921114386
7136,0.00019593454783967227
7137,0.00023972890135597204
7138,4.650297085628661e-05
7139,0.9888057072711989
7140,0.00027506067946013473
7141,5.769287697918658e-05
7142,7.944521283881394e-05
7143,3.181360884093409e-05
7144,0.0007915002901356452
7145,0.00012249364949798043
7146,8.217389390257315e-05
7147,0.00029475015406113194
7148,4.5812749609904844e-05
7149,4.62722161113172e-05
7150,7.042213300240462e-05
7151,0.00011123977058676905
7152,0.9945146705897928
7153,0.9973004779197374
7154,0.014432984691064507
7155,0.002767809006344892
7156,0.000511586601089322
7157,2.9569483216192958e-05
7158,0.21904978491434615
7159,0.00020468505711892
7160,0.0005505095247284309
7161,3.459361486417041e-05
7162,0.00022783055496091134
7163,8.275185350699802e-05
7164,6.26274017656531e-05
7165,6.368670648847929e-05
7166,3.3864818261891065e-05
7167,5.869893938660547e-05
7168,0.9984544711761723
7169,0.0008998469215231574
7170,0.0004930226767983674
7171,3.129419317816311e-05
7172,2.1445282685312105e-05
7173,0.00043819108944724615
7174,0.0001936628044266806
7175,7.831226844281708e-05
7176,6.550023136597764e-05
7177,5.821480523299096e-05
7178,0.002402167269762864
7179,4.298556140734949e-05
7180,0.9954870047277126
7181,0.0005355635306839542
7182,5.314360839525494e-05
7183,6.105354214658464e-05
7184,0.010655595450544952
7185,0.02879250535451544
7186,7.167469731702786e-05
7187,0.0001723057966976671
7188,0.003304147423539973
7189,4.1479072943717215e-05
7190,0.008622710199681683
7191,0.00014533504985545984
7192,0.00042615477879788646
7193,0.0009026322273267693
7194,0.0006796385504915881
7195,0.00016079370450476776
7196,0.9942595223545571
7197,4.50559462664956e-05
7198,4.5041496988804756e-05
7199,0.9647058504001222
7200,0.00016025858027399426
7201,3.060075230643817e-05
7202,2.160570943898124e-05
7203,2.0599525214053533e-05
7204,5.317098043576935e-05
7205,0.04101858869064081
7206,0.9748955872136899
7207,0.0003156704593874881
7208,0.0007728701838065103
7209,0.0002528447820980302
7210,0.001000840042201531
7211,0.001995391017795497
7212,0.9843897986859702
7213,0.0005025490981573116
7214,0.00025376736761950554
7215,8.795924641852727e-05
7216,7.772195106982775e-05
7217,0.9975103806612944
7218,0.9985534062192375
7219,0.9949702694665603
7220,4.8096125960390435e-05
7221,0.9849105228363856
7222,0.9991069356927763
7223,2.7839946460453944e-05
7224,4.139411144620064e-05
7225,0.9824993737997735
7226,3.520832512060216e-05
7227,0.9985287171166668
7228,0.044211224526905596
7229,0.0003121347315816716
7230,0.00023093884976970683
7231,0.00016223375957230606
7232,3.60806927734413e-05
7233,0.00012043280028801655
7234,0.0016026090696248687
7235,0.9993951179874081
7236,0.00016123180451425002
7237,0.0001720730534444344
7238,0.00017166716043670626
7239,0.00012090252099461365
7240,0.0006875916578836718
7241,3.881599571004737e-05
7242,0.00021137994922264497
7243,8.469696242939051e-05
7244,0.0003053026489147523
7245,4.769727608491621e-05
7246,0.00033503689938928194
7247,0.013896194109011998
7248,0.00030512437414852
7249,3.9960779021803124e-05
7250,0.0012873371147759985
7251,0.00013497582225066004
7252,0.00022263920066901464
7253,0.003746944943103782
7254,0.00012123949251879811
7255,0.9958923233213065
7256,0.00017667922002689423
7257,0.000351658229681862
7258,0.0011024753141796128
7259,6.839094067113655e-05
7260,0.0002732950504979397
7261,0.00013919608980888083
7262,0.0003249896750642624
7263,0.0021551987295688356
7264,0.00024343123353858187
7265,2.5946786528210155e-05
7266,5.9410274601004745e-05
7267,0.0004606783966778874
7268,0.001799234154008527
7269,0.0001371056832991303
7270,2.791001433626537e-05
7271,3.484481386306159e-05
7272,0.003938386780012503
7273,0.0002469635789010231
7274,0.0001760201715824469
7275,0.000536329482844883
7276,0.0005083954132443908
7277,4.8500927301506455e-05
7278,0.0001294597591649937
7279,6.518988608241397e-05
7280,0.004528451554590614
7281,0.00012609601021494385
7282,0.00035347757510315536
7283,0.0003389366199124281
7284,0.0008865905485585981
7285,5.272447093438077e-05
7286,5.178276091670271e-05
7287,3.0907788956871805e-05
7288,0.002441599612257206
7289,0.00279163040834005
7290,2.5877266771407983e-05
7291,3.1451424628240306e-05
7292,0.9978707025543632
7293,0.00010612822393106579
7294,5.8008640911318935e-05
7295,0.00012681450517915263
7296,0.9453586269333627
7297,0.997897034662758
7298,0.00019505288305563263
7299,0.00106112442442348
7300,0.016180592261758102
7301,0.0023910060749579385
7302,0.00010373832423413364
7303,0.00012303344219691348
7304,2.5488237224365247e-05
7305,5.5794721777939135e-05
7306,0.9947856153953456
7307,7.621130753596708e-05
7308,0.00019133500574063602
7309,9.268720334989018e-05
7310,0.0022526307078824595
7311,8.060553521630346e-05
7312,0.7729070609225998
7313,5.166391011654359e-05
7314,0.021562352595585133
7315,0.0008983172407729896
7316,0.00028702933524173374
7317,0.00010023608732663837
7318,0.001826285738702906
7319,0.0003254071690175865
7320,0.9947252770335784
7321,0.0008648241773759038
7322,5.014855970646684e-05
7323,0.004303791215889271
7324,6.86092806557256e-05
7325,5.8688330558648573e-05
7326,0.00014726777278623534
7327,0.0026268508520880074
7328,0.0003735593994601816
7329,0.000272246564284648
7330,0.0004012900516429446
7331,7.328007955608792e-05
7332,5.889644260113257e-05
7333,2.7210660958312616e-05
7334,2.4013417046034105e-05
7335,0.007197107251236565
7336,0.0006662177515167937
7337,9.478387971068305e-05
7338,0.0007228905110602268
7339,0.00029881673416458224
7340,2.666500864283948e-05
7341,2.3548820368455946e-05
7342,3.1211792519834524e-05
7343,0.00033521711457333987
7344,9.431717551851378e-05
7345,4.707888831679335e-05
7346,0.0061432366105348855
7347,0.000260069576245357
7348,0.0025772224457208588
7349,7.117813962275604e-05
7350,6.603547952793432e-05
7351,4.9812304547196005e-05
7352,0.00025494002696040737
7353,0.00024994140323178677
7354,0.00011622181184466646
7355,4.738956171361836e-05
7356,2.8706768459738032e-05
7357,0.0005114249512116817
7358,0.00017450810616474703
7359,6.26643720757052e-05
7360,0.0011679082502926165
7361,8.980695422098378e-05
7362,0.0006076901680436428
7363,0.00294750819936681
7364,0.0001017547020949448
7365,4.668404621012362e-05
7366,5.625310609942142e-05
7367,0.00021226543279623234
7368,4.7299828150722805e-05
7369,0.001397736090454364
7370,7.75649513548437e-05
7371,0.00047326287970544684
7372,0.998098481371388
7373,2.1784949879012354e-05
7374,0.0010988298135826526
7375,0.9669620183659088
7376,0.00011189873779609226
7377,0.0007925384690856749
7378,4.783167228166736e-05
7379,0.0002484365814755461
7380,0.0003681475884173967
7381,0.0002131770304782894
7382,0.0001233213320848887
7383,0.0009398224521153783
7384,3.766813525139984e-05
7385,0.0001662007517187748
7386,0.00019349207301723497
7387,0.0011941941002848546
7388,0.020244568467089507
7389,0.031674883942648585
7390,0.0006126101780031287
7391,0.0005817569779734644
7392,3.736488187800392e-05
7393,0.00018500128675702252
7394,0.00013622013078957502
7395,0.005548878370959044
7396,7.518284379263175e-05
7397,0.00013335341912341898
7398,7.36927323169059e-05
7399,6.134470238064826e-05
7400,0.006933012872253239
7401,0.00011249515852599168
7402,3.5927316685414454e-05
7403,0.00030422307057467447
7404,3.252334570305233e-05
7405,0.002679723271413202
7406,0.9983494522410427
7407,7.463120572780538e-05
7408,8.268866077930498e-05
7409,0.0004340046608321534
7410,0.001374805551769449
7411,0.00013275430687778779
7412,0.0008320547943579771
7413,0.00027833679497199477
7414,4.208250787868932e-05
7415,0.00048460605628976815
7416,1.9662913278521733e-05
7417,0.010930863932906812
7418,0.0010858008504274514
7419,0.00023983523637979156
7420,0.00011571897625184131
7421,0.0008297951749523729
7422,3.157542989975083e-05
7423,8.272700590930347e-05
7424,3.334921929633999e-05
7425,0.0022925460854979437
7426,5.276994831815447e-05
7427,3.327761838354256e-05
7428,0.04496182087951452
7429,6.175293063652166e-05
7430,0.0001269375481684759
7431,0.9516508714640143
7432,0.9349602704780174
7433,0.044247918905822366
7434,3.3773295018572516e-05
7435,4.4287288806611545e-05
7436,3.262595082248834e-05
7437,0.0012836466987666557
7438,0.00011814065606572665
7439,0.0004423683760897722
7440,0.0001875261340937283
7441,0.00019861515577311974
7442,0.0013164476020778725
7443,3.243453708519358e-05
7444,2.5846659751658703e-05
7445,0.054994209683009165
7446,8.998406858810282e-05
7447,4.373527776875643e-05
7448,0.0023877961933771075
7449,0.989929466015328
7450,0.00017806234944186733
7451,0.0002210306833682277
7452,0.00021187000355005556
7453,0.00014696537608966436
7454,0.0019142940928358813
7455,0.004569101547150755
7456,0.0007837730301118433
7457,0.5632047450166708
7458,0.9873954327118029
7459,5.4388970158040236e-05
7460,4.301569701258605e-05
7461,2.3159363493964623e-05
7462,2.756046423402906e-05
7463,0.0014809425179162976
7464,0.00040611790656665015
7465,0.00013694241989225422
7466,0.0016196999457477712
7467,0.00021870156851142266
7468,0.9962476924384243
7469,0.0005625799307083254
7470,0.9952895142517576
7471,0.00011712205975499611
7472,0.0031090000051839247
7473,0.00013635057951995837
7474,0.08115801762477612
7475,4.630638930823518e-05
7476,0.0005767752334601276
7477,0.00023740132164900958
7478,3.60151486188363e-05
7479,4.709190338997917e-05
7480,4.906102514906357e-05
7481,0.0001320648987926896
7482,5.605388656092352e-05
7483,0.001977880634923267
7484,0.00038235296339214446
7485,0.00012274897828380254
7486,5.5606192830401314e-05
7487,8.977021378686446e-05
7488,0.018509135625287568
7489,0.0016486077500758103
7490,0.0058587253035784145
7491,0.000896407146761297
7492,8.813274090313815e-05
7493,0.0005837648334557691
7494,0.9950892425140607
7495,0.00029405559353528536
7496,3.6810199242487494e-05
7497,0.0035674978135727038
7498,0.00018895911876230402
7499,0.00015219021807042691
7500,7.93463967117241e-05
7501,0.9538786452522775
7502,3.120520791078573e-05
7503,0.11331733392721281
7504,0.0005010500991348649
7505,7.862682656225454e-05
7506,0.00013606463721978345
7507,5.0883795682812275e-05
7508,0.003807119776160748
7509,4.422122803084633e-05
7510,0.0024077786056149746
7511,0.9806687214720748
7512,0.9979792027001435
7513,0.0001984932945079996
7514,7.231354294990766e-05
7515,0.000254864384927795
7516,0.0011459005205905208
7517,0.023449044869036956
7518,0.018697164101938668
7519,0.00015687385211093926
7520,0.001516785942693865
7521,2.0938587805871277e-05
7522,5.579952778945557e-05
7523,0.0023013545193971874
7524,0.004631978727684056
7525,6.170059376425209e-05
7526,7.258908384431831e-05
7527,4.5178730476218014e-05
7528,6.750587532075838e-05
7529,0.00016550687564400964
7530,0.0034372287391189462
7531,2.2452112103307392e-05
7532,0.005867441571234893
7533,6.831144435017116e-05
7534,8.471748598877666e-05
7535,0.0018582253927296305
7536,0.00029294161000435975
7537,0.0005233172330039819
7538,3.423770742289843e-05
7539,2.6546789429918692e-05
7540,8.808716307123368e-05
7541,0.00016821885960476872
7542,4.444041550154347e-05
7543,5.533448926120056e-05
7544,0.00026602416509517837
7545,0.9891474821886505
7546,3.401162141759979e-05
7547,0.00020604523277776765
7548,0.00019842108572531463
7549,0.0005470371162497017
7550,4.1594436106493456e-05
7551,0.00011372513662419328
7552,0.0002123541373273247
7553,0.0004906298815831377
7554,0.0012066433136690164
7555,0.0004180431879705228
7556,0.0003717595875155779
7557,0.0001637850746070617
7558,4.2094947646341736e-05
7559,8.909318168372419e-05
7560,8.970527841318417e-05
7561,5.801726089401613e-05
7562,0.026748116264556643
7563,4.549369443567721e-05
7564,3.741801801660072e-05
7565,0.00012921981305430408
7566,0.9259167624783897
7567,0.0011171068123547235
7568,5.513398559824386e-05
7569,0.00014602173078515646
7570,0.0003730046867624027
7571,0.0001584409125055171
7572,0.0004699191175582155
7573,5.6304717054794e-05
7574,4.147045193436979e-05
7575,8.28110889103786e-05
7576,0.00037452809100565543
7577,0.0005928248990248643
7578,0.0001226835984392367
7579,6.570037107292999e-05
7580,7.588871328897406e-05
7581,2.4752428090984444e-05
7582,0.9603081224448967
7583,5.7570637644220776e-05
7584,0.00025127004387007044
7585,8.064062710399601e-05
7586,0.000423150639810777
7587,7.337475743169906e-05
7588,3.337217275871175e-05
7589,0.00015594344491900091
7590,0.0001300758526516695
7591,0.000756754199434478
7592,0.9967944945914482
7593,0.00015836594303477773
7594,0.01293424152227216
7595,6.857650988906655e-05
7596,0.00018369295735983486
7597,3.8849207947703565e-05
7598,0.0004339441679283124
7599,0.0001439402786599263
7600,0.0001022557109410124
7601,0.00012088916728204729
7602,0.004924923730672386
7603,0.00021571238597098115
7604,7.107679139936754e-05
7605,2.9774804784815514e-05
7606,0.07922518773903647
7607,6.261067076126497e-05
7608,5.573163670762411e-05
7609,7.033632508505048e-05
7610,0.0002655775547828905
7611,0.0002628058315295955
7612,4.020861648218531e-05
7613,0.00010175884190708156
7614,5.324971475141863e-05
7615,3.3721825936549776e-05
7616,3.944343957429113e-05
7617,0.9972798751855134
7618,3.201594252206451e-05
7619,3.831632798927541e-05
7620,8.553276258468293e-05
7621,0.00028689976433559673
7622,4.063291773322677e-05
7623,4.6974115013328276e-05
7624,5.6055253227831144e-05
7625,0.0005638268335274334
7626,0.0002594470670221333
7627,9.367966234949313e-05
7628,0.999399913550403
7629,0.25717312077333404
7630,3.116833438962567e-05
7631,5.1754650652053475e-05
7632,0.005787943330585892
7633,0.01078609328691788
7634,0.002300638857732148
7635,0.00044991811080479307
7636,0.0017430804079613966
7637,0.000634920564778501
7638,0.0005178546073362245
7639,3.551701845806152e-05
7640,5.9222392338908916e-05
7641,3.30494723984851e-05
7642,0.0011492186831839717
7643,4.9621149129090985e-05
7644,0.001233301183228183
7645,0.061476161917818475
7646,0.0003647976321067392
7647,0.00029118133748957654
7648,3.483462199549879e-05
7649,0.002030382725208708
7650,0.007355843018491038
7651,0.006879642547547432
7652,7.684682901032162e-05
7653,2.988470752125047e-05
7654,0.0005581865818290756
7655,0.1426798288919607
7656,0.973386484452482
7657,0.0001763765082298122
7658,0.9713090198507306
7659,0.9988296069455309
7660,0.9622472292159296
7661,0.9836998674000901
7662,5.3335015014859876e-05
7663,0.000799356674309129
7664,0.0002728924397956235
7665,0.0003593015146012831
7666,0.014987415654796308
7667,3.3040087103411684e-05
7668,6.491033948494286e-05
7669,1.7652070447323952e-05
7670,0.01221072165530919
7671,0.0011049159125304429
7672,0.00015602141100405038
7673,0.00040712821794026776
7674,0.01337104900560634
7675,2.534863567574327e-05
7676,3.0531694548864165e-05
7677,9.788850657606741e-05
7678,0.00025179217624682283
7679,0.9939599914438088
7680,0.00024049264967339088
7681,0.000496270025347998
7682,4.769415065808555e-05
7683,7.205039652429955e-05
7684,0.0008668405325083485
7685,0.0010321188032364717
7686,0.0004858737363619343
7687,6.571687700071647e-05
7688,6.403561746099154e-05
7689,0.0002459196112695279
7690,0.015953302238145055
7691,3.869689684185064e-05
7692,0.00014044150837197954
7693,4.88320405224879e-05
7694,0.00146820353502126
7695,0.0004302030050312417
7696,3.8327851444859294e-05
7697,0.0007439760841561316
7698,0.0010124883509579005
7699,0.9577565394352776
7700,0.0011754079645073807
7701,5.118337627226745e-05
7702,0.9919335752650855
7703,0.0025096666094408483
7704,0.0011244799622255428
7705,0.0005159780960521808
7706,3.616649541114207e-05
7707,0.00015795143241862844
7708,0.0006895872208038405
7709,0.0008714106037022393
7710,0.0013175553288756886
7711,6.455665022779204e-05
7712,0.002967831018608079
7713,0.006508490641574066
7714,8.594851419792653e-05
7715,0.0016841134375335672
7716,0.000401846686125953
7717,0.00022985665633382937
7718,0.0073455215698852135
7719,0.6295987952766502
7720,3.8193540952357214e-05
7721,6.369456069057912e-05
7722,5.543130889990094e-05
7723,0.010012798456050864
7724,0.004515698561461612
7725,0.00021660743271802917
7726,5.458661633151318e-05
7727,0.00040476899327912514
7728,0.0002665225682396008
7729,0.00015922289607823282
7730,9.901267522766964e-05
7731,0.00021006059692425306
7732,0.0010337612729765461
7733,0.007340482244625116
7734,0.00022174870341705525
7735,8.798833548896466e-05
7736,7.320843802110553e-05
7737,0.014360703466656476
7738,0.002250610247389761
7739,2.6216039125458503e-05
7740,6.930865329873429e-05
7741,0.0006947391196823912
7742,0.9652403274041553
7743,0.1031917866098481
7744,0.015312567786017195
7745,0.9978692095678868
7746,0.0018123087330721636
7747,0.0009270718094189157
7748,0.0001724694905133415
7749,0.0006069583855202998
7750,0.00041665672718500975
7751,0.0008404230288102694
7752,0.0284361148932687
7753,0.9942557102154141
7754,0.0008744235707850845
7755,5.522639257817208e-05
7756,0.00016735312415894942
7757,7.27853288726901e-05
7758,9.171559279693338e-05
7759,0.0010131098228733017
7760,9.619750999549924e-05
7761,0.00019534521356843288
7762,0.0011096961745700666
7763,3.480079216798366e-05
7764,0.001039762224606502
7765,3.630485592279644e-05
7766,0.00018163136707511065
7767,0.00014165718715845386
7768,3.8490587716290354e-05
7769,3.439325961473477e-05
7770,0.001137130992335611
7771,9.811016380638867e-05
7772,0.02527333906044594
7773,0.9958353394724865
7774,0.00019402450120488356
7775,0.001848354179502598
7776,0.006081844250540142
7777,0.0007733505730545514
7778,0.01944480068725697
7779,2.920218866637886e-05
7780,0.0012356972673343315
7781,0.001034498477664989
7782,0.06060922571410068
7783,0.001301847206309184
7784,0.0016939633212458235
7785,4.139351599310508e-05
7786,4.321320631555708e-05
7787,0.0114172319200707
7788,3.635061596573986e-05
7789,0.9982879271253037
7790,3.366579511365708e-05
7791,0.00034073111742384207
7792,3.334018792098624e-05
7793,3.803317221200707e-05
7794,0.0001158666543117171
7795,5.649536151071842e-05
7796,0.00047651602395584156
7797,8.030936591400108e-05
7798,0.04015148179288075
7799,0.9925211616931412
7800,0.004707361616655571
7801,0.0002613218900391402
7802,0.0010229272930890243
7803,0.0003353752963782529
7804,7.925020614811991e-05
7805,0.989282136131847
7806,7.771823240685119e-05
7807,2.15334129185666e-05
7808,0.00017300413941608435
7809,0.00018523390204334384
7810,0.00023341448744681982
7811,0.0004955481170782017
7812,0.053664220159804765
7813,0.07179543301322462
7814,0.00023164679952137395
7815,0.00020270140346962764
7816,0.9945138906040356
7817,7.786260351483177e-05
7818,7.530280961666152e-05
7819,0.9989357112421441
7820,0.00011094577420805616
7821,3.955530272142084e-05
7822,0.0003385586093717921
7823,0.005311307670959495
7824,5.896447623171034e-05
7825,3.497610768885364e-05
7826,8.157713764603508e-05
7827,0.9908965387744901
7828,0.003443724743336384
7829,0.00029069623505901355
7830,3.1786913711114396e-05
7831,4.330547604511124e-05
7832,0.00033744160219919314
7833,2.534205646450877e-05
7834,0.6105757904023609
7835,0.15532205115108882
7836,0.044325550616372285
7837,0.0010724717330347334
7838,4.046288188588801e-05
7839,0.0005126634238164366
7840,6.328340271511268e-05
7841,0.00288475089387822
7842,0.002476025990333773
7843,3.6819539134536115e-05
7844,0.0004965146536967305
7845,0.009419222843250776
7846,6.132385788088632e-05
7847,4.7584448807549146e-05
7848,3.7894815938475205e-05
7849,0.9828581274170368
7850,2.768277465804665e-05
7851,0.00042788127198653737
7852,0.00020596128062487254
7853,0.000336974189045964
7854,5.9929963022476666e-05
7855,8.468269695141418e-05
7856,3.765103080321668e-05
7857,0.0009443901981094668
7858,0.9989788778935272
7859,0.0001974696344622457
7860,0.00010437641946816098
7861,0.0005079422142441559
7862,0.9989602117382084
7863,4.917047779229052e-05
7864,4.05956354074546e-05
7865,0.02224627650303538
7866,0.02526353382729906
7867,3.1087860029362676e-05
7868,4.472268016802167e-05
7869,4.0202246938215365e-05
7870,8.659397252218834e-05
7871,0.00013548710878096237
7872,0.00010782744808039517
7873,0.0020372847772598653
7874,4.2571721204210606e-05
7875,0.47203404426073076
7876,0.0017243062584663346
7877,0.000826199933826092
7878,0.0005866194265074067
7879,0.9972635212506267
7880,0.0005040986085702491
7881,0.0001314986579255553
7882,0.29960717269667336
7883,2.8500988948318373e-05
7884,0.9749931559347884
7885,0.0006195395974717758
7886,0.00026935072124440596
7887,0.9940465202453703
7888,7.1085137219528e-05
7889,0.0003155854628002247
7890,0.0021724108346359823
7891,4.741982428881511e-05
7892,0.004286929894006649
7893,0.00014699614426100398
7894,0.00010901133079366803
7895,0.00020954794409493827
7896,0.9981534786303901
7897,0.0006465747639400321
7898,8.668788729570179e-05
7899,2.859708101740278e-05
7900,0.0005058665988823834
7901,0.006021079201003062
7902,0.9806105693904461
7903,0.9971994491521784
7904,0.004192166722484034
7905,0.018465193368719476
7906,3.3904299936396696e-05
7907,0.0005842316499139998
7908,7.24395475088305e-05
7909,5.373313718784632e-05
7910,0.0008935452482727839
7911,0.0004050497858364614
7912,3.330380690700287e-05
7913,4.133454795050614e-05
7914,8.133359749022573e-05
7915,0.9875375670224471
7916,0.0002726286844595022
7917,0.00020512394324515574
7918,0.9976065738791722
7919,0.004796049626455769
7920,5.029196383986964e-05
7921,0.008941864341977177
7922,0.0013072929940277694
7923,0.00015469031607972448
7924,0.0012072000599605522
7925,4.2863185041995296e-05
7926,6.447471776986327e-05
7927,0.0007030403035967289
7928,0.0002100375190165392
7929,0.5175180465952329
7930,3.9863091522354786e-05
7931,7.679119389167232e-05
7932,5.3114336901694266e-05
7933,7.47878890051635e-05
7934,0.0001023484445208925
7935,0.003116023303330773
7936,6.941122853615885e-05
7937,0.00012775882169705746
7938,4.528795075214735e-05
7939,0.002950298068644787
7940,0.00036961067437186134
7941,3.457050927617248e-05
7942,0.0005435945374364522
7943,2.0096082846310485e-05
7944,5.968705700886571e-05
7945,0.9984357040549667
7946,0.00036175979243941705
7947,0.00010623474684410133
7948,0.0004282739613216315
7949,0.020509585481078587
7950,4.760313152763546e-05
7951,8.037972559682835e-05
7952,0.00013701879249530647
7953,9.321371246486565e-05
7954,0.00038709434863150153
7955,0.9468139686017137
7956,0.9977666846957532
7957,0.00015131265929676678
7958,0.00043693381321783874
7959,0.005697713951054406
7960,0.00011485179725886777
7961,0.0010190108582871864
7962,0.997865986565262
7963,0.0007259061583672278
7964,0.0003592535779079682
7965,0.000177675584905625
7966,0.0011906278934736632
7967,0.000306253042670395
7968,6.64050312539822e-05
7969,0.001659338173651238
7970,0.00037706202221924126
7971,3.2638866779918126e-05
7972,3.97548566564384e-05
7973,0.00013839916117203518
7974,0.0009390153698232172
7975,8.88007331600387e-05
7976,0.0006947277838682568
7977,7.342303202816674e-05
7978,0.0001461423969795007
7979,0.0005973469408752545
7980,0.0014669983665888393
7981,4.736100194245784e-05
7982,0.00016175696776918195
7983,5.188366294121348e-05
7984,0.00013793354876406668
7985,0.00043482108531819115
7986,4.768995747247828e-05
7987,7.534818737055951e-05
7988,0.00013790554299659394
7989,0.0006634120988793291
7990,4.1546665742074924e-05
7991,3.497165007890138e-05
7992,6.386659741194015e-05
7993,0.001726897966351024
7994,0.00204998156237524
7995,3.801023881317803e-05
7996,0.00014749511637195294
7997,4.803077015758224e-05
7998,0.013710133517980217
7999,4.972000662664546e-05
8000,0.00010376509380778293
8001,4.742017830360592e-05
8002,0.002732532001235342
8003,0.0003865782038359934
8004,0.9986279496481971
8005,5.415382370864636e-05
8006,0.23019560895618704
8007,0.00996673570647416
8008,5.7481238388589685e-05
8009,0.02525967239045277
8010,0.0005859755177717637
8011,3.112429194083339e-05
8012,7.397874397603399e-05
8013,5.1493675666799965e-05
8014,2.4104250683633616e-05
8015,0.000245708286533621
8016,0.000298178661058572
8017,0.00037244048735111035
8018,0.0024441650444393293
8019,4.833172299079072e-05
8020,0.003372122059479124
8021,0.005869271305974284
8022,0.35431942454106374
8023,0.00021533111813034286
8024,0.00013009823682439035
8025,0.004776579374745652
8026,3.3838227266029004e-05
8027,0.9977705693893183
8028,4.332129092388773e-05
8029,0.0006146338478325386
8030,0.03557560453569928
8031,0.0006385593608522536
8032,5.2664051520460596e-05
8033,3.870808069166174e-05
8034,2.5309933275849513e-05
8035,0.00024449192299480694
8036,0.0004994876505008269
8037,0.00037236863873044374
8038,0.99791559345697
8039,3.950332157438149e-05
8040,0.990041364357811
8041,0.0037864450206634382
8042,2.3005370356371257e-05
8043,0.0004433117608832841
8044,6.419464871153644e-05
8045,0.1339000921942343
8046,5.57622758524748e-05
8047,0.9978055493544533
8048,0.9971752619673374
8049,0.00018896394375391177
8050,6.088646732775009e-05
8051,7.322317575397702e-05
8052,0.0331445028493212
8053,7.156510923661504e-05
8054,0.0005239592172929178
8055,0.001196799411665669
8056,0.021911951973671913
8057,4.955948240400399e-05
8058,0.0140603104575591
8059,0.00041704090210217527
8060,4.451354087654485e-05
8061,0.00011232007169174334
8062,0.9831811717592668
8063,0.0017787866379003043
8064,0.9976309454742601
8065,0.00047720729355107527
8066,0.9979673641669431
8067,0.011546919026243378
8068,6.016178489540356e-05
8069,0.002950764344254778
8070,0.0008100493031350837
8071,0.0002501152742404881
8072,0.9935319070169207
8073,2.858896924587087e-05
8074,0.0012139342445479943
8075,0.03344407638018879
8076,6.729375059721522e-05
8077,8.266289242493983e-05
8078,0.9622511627412406
8079,6.644800039104256e-05
8080,2.998410917569738e-05
8081,0.00019511722499940932
8082,3.5926766647161513e-05
8083,0.00018214467928863041
8084,0.0006420985005359678
8085,0.005916249857446767
8086,0.00010549101977707308
8087,4.2896987186752636e-05
8088,5.6314024358906714e-05
8089,0.00019869345112544568
8090,0.0002946413423817076
8091,0.0003126369259279743
8092,0.0028364300835244257
8093,0.00013464518775353128
8094,0.0036207066956821673
8095,0.0009112523238838707
8096,0.0002892020614891273
8097,0.00017043498003593203
8098,0.9969992696870975
8099,8.604301791701045e-05
8100,0.0006381947553174535
8101,0.03754420753946846
8102,0.00018585385055041917
8103,7.611580854018638e-05
8104,6.723091275871216e-05
8105,0.0014638236428474618
8106,7.53504171834466e-05
8107,4.6537205931943636e-05
8108,0.00020118610869489058
8109,0.000675552092577323
8110,2.9664374800830328e-05
8111,4.752028144234346e-05
8112,4.090336963244171e-05
8113,7.703915672588142e-05
8114,8.02773543235819e-05
8115,0.9973222885935538
8116,0.9985390579338287
8117,0.0015861420587884455
8118,4.975564975252851e-05
8119,2.182699448454033e-05
8120,0.0011087449316622099
8121,3.8480081327766594e-05
8122,0.00028204292228778014
8123,3.241164697697964e-05
8124,0.00011852440391491268
8125,2.9634275442802807e-05
8126,0.0013744048269425245
8127,0.0011646419648675902
8128,5.854882889169952e-05
8129,7.229447554156497e-05
8130,0.0006602681539961882
8131,3.3454679452383186e-05
8132,0.0003419260142132694
8133,0.9951750282105323
8134,0.0014643412595043465
8135,0.9982244099960005
8136,0.0001816223175998799
8137,0.000124817329899145
8138,6.134386732226575e-05
8139,0.997143894702538
8140,5.167644595852363e-05
8141,4.5652908821779974e-05
8142,0.0006550728870852012
8143,0.02933343062331799
8144,5.925413697823534e-05
8145,3.9237164852805964e-05
8146,3.235303220137815e-05
8147,9.053039150923668e-05
8148,0.0002483677300647442
8149,6.0010245791002666e-05
8150,0.00022305774097335136
8151,7.540110242503847e-05
8152,8.670817709332145e-05
8153,3.816484970064034e-05
8154,0.00044277501635049704
8155,0.0006555126654455453
8156,0.0020821920225509057
8157,0.0001451789667394155
8158,7.596034306421687e-05
8159,0.0011870583746191954
8160,0.00030044587613293176
8161,0.00027219118808390476
8162,0.002092423648442538
8163,6.942848181196851e-05
8164,0.0003144649520777061
8165,2.348880640053398e-05
8166,0.00033599973794006855
8167,4.05629667415546e-05
8168,0.000776559472369696
8169,0.0015449283242276717
8170,0.0005506644509375491
8171,0.0005717354945008657
8172,6.313100157860427e-05
8173,7.559174462421986e-05
8174,0.0005158518890772435
8175,0.0006823592760686338
8176,0.0019871633604480222
8177,0.004017601577108309
8178,0.00011318388972987978
8179,0.0011708940223999278
8180,8.766834002784972e-05
8181,0.0005248389849249349
8182,6.818602501585633e-05
8183,0.0003524905467089955
8184,0.0002670098107322473
8185,0.9884162486866606
8186,0.942747585918938
8187,0.03130027154034385
8188,4.2320480830109345e-05
8189,0.00013642884617284608
8190,6.514732033052027e-05
8191,0.9928694631103372
8192,4.5069115470613795e-05
8193,3.446915770562392e-05
8194,3.500629921138305e-05
8195,6.673469963238293e-05
8196,7.475453706315545e-05
8197,4.082892533948079e-05
8198,0.0002174425739897284
8199,0.9983085828152343
8200,0.00010645806846813665
8201,5.423843371879847e-05
8202,0.0005042788494369412
8203,0.000730961986237422
8204,0.0032699946619185764
8205,0.00044348812946602223
8206,7.364567013735878e-05
8207,0.0017229124960888007
8208,5.0423971642574594e-05
8209,0.00015795066445227086
8210,0.9859572290034844
8211,0.9977492910886214
8212,0.00013570435803547586
8213,0.9965620132456351
8214,0.00040665706961263385
8215,0.0008304501468359788
8216,0.0002631146823716752
8217,0.0010732725716726971
8218,0.008907829874540658
8219,4.1478622658637105e-05
8220,0.00225946936425148
8221,8.33855531679744e-05
8222,2.2108811344929662e-05
8223,0.99787300013818
8224,6.0719531778924985e-05
8225,5.158969050334478e-05
8226,0.009263002270726451
8227,0.000876261804682136
8228,0.0001855933748957605
8229,0.015585333209734101
8230,9.170691128326401e-05
8231,0.0050264904119559336
8232,0.9845143552886644
8233,3.677502015289435e-05
8234,0.00015224246343048268
8235,0.0012052983857565613
8236,0.0001408662523232378
8237,5.625181255379393e-05
8238,2.803004317918283e-05
8239,4.550877985950753e-05
8240,0.000436214809295669
8241,4.171318406701959e-05
8242,0.0001597228502392763
8243,2.7607385797643955e-05
8244,0.0002402763278241642
8245,0.00016358130429976805
8246,6.566662650489049e-05
8247,6.227830350473556e-05
8248,7.159569565384666e-05
8249,3.485803393552647e-05
8250,0.002511323600630673
8251,0.9835916415015274
8252,0.003580612101367977
8253,0.013174611472704892
8254,0.0010029204753017479
8255,0.005140318413150544
8256,7.957560992862442e-05
8257,4.210386725329781e-05
8258,2.1693069884355034e-05
8259,0.000466899536169772
8260,0.00011179822200585049
8261,0.02671313157715577
8262,3.5431995079077385e-05
8263,6.99074934358807e-05
8264,4.7174290407350436e-05
8265,3.8076231593241606e-05
8266,7.098645495567243e-05
8267,0.00024220805325341605
8268,0.00013866544343330093
8269,0.9961383535308881
8270,0.00019567844339251424
8271,0.002805261622487867
8272,5.5231348859829066e-05
8273,0.00010236147909742489
8274,0.00017199454825218594
8275,3.601219423937325e-05
8276,0.00012455091682348304
8277,0.0001709884949428538
8278,4.045872283748145e-05
8279,5.838326903170681e-05
8280,6.472003859703787e-05
8281,4.34546299290962e-05
8282,3.8414704909701596e-05
8283,9.889409601168266e-05
8284,0.0018266451662473774
8285,0.9981986887971172
8286,0.9914075171182383
8287,0.9681260110583768
8288,5.3802002648250886e-05
8289,6.00486454543369e-05
8290,0.0006763498109627094
8291,0.00010891516765276217
8292,0.9953121783088502
8293,0.0012990491618394076
8294,4.4307026235921314e-05
8295,0.9885672819658655
8296,7.942442025054518e-05
8297,0.00029935421191970774
8298,0.00012998722192886903
8299,0.00010208705948827651
8300,6.842122435534223e-05
8301,5.6276497326841684e-05
8302,0.9988476044684436
8303,0.0004963557814361755
8304,0.0003078409395947402
8305,6.671578677534351e-05
8306,3.781110172150242e-05
8307,0.0001927890207218239
8308,0.010237586798435238
8309,0.00014933373312550586
8310,0.0002964429539859886
8311,0.00013526343862908062
8312,9.028937521491956e-05
8313,0.000365126546869531
8314,3.210013064304592e-05
8315,0.00017389332815776975
8316,0.0005667399591354173
8317,0.00019200448430922962
8318,0.9949545335033146
8319,5.2115068140340814e-05
8320,0.002692016268162285
8321,0.0001304093740557698
8322,6.489579302032253e-05
8323,6.4997520320795e-05
8324,0.002383563342980283
8325,4.550842835718452e-05
8326,4.690895067619974e-05
8327,4.607956256086676e-05
8328,0.9944680277634115
8329,4.0437113729366114e-05
8330,0.0008414251276107884
8331,0.00201996036366038
8332,0.0005799608655505458
8333,5.5537319877852756e-05
8334,0.015850420099422835
8335,7.769647372026284e-05
8336,2.9520130507387793e-05
8337,0.0004360469660543478
8338,0.00034685147854624144
8339,3.4548698463723235e-05
8340,0.0002213791167564953
8341,0.00034659401772869393
8342,2.9552331000416367e-05
8343,0.9974861195184935
8344,0.0011036315353672832
8345,0.005385046893521944
8346,0.14323215821212382
8347,0.000558499642177234
8348,3.7879748546412566e-05
8349,3.815405114544663e-05
8350,4.274326642156759e-05
8351,5.036463859984248e-05
8352,0.0007775686836537929
8353,0.0002937358236854813
8354,0.0010625701738613243
8355,0.8539661533299456
8356,0.0007846296267782712
8357,0.0011158267986256484
8358,0.0010838880765883382
8359,6.1961536038866e-05
8360,0.9568426247783881
8361,5.591581183382985e-05
8362,3.0384754299550564e-05
8363,0.00240413441377096
8364,0.0002899456498294794
8365,0.00130067579513739
8366,0.0007266508891962578
8367,0.0004066525909399737
8368,0.00020998041208926348
8369,0.00013748943455375731
8370,0.0003827195731162122
8371,2.322655348790911e-05
8372,0.0001225107530289009
8373,0.00034496816885569724
8374,3.4967949593399883e-05
8375,0.00013071037214612246
8376,3.030042777126597e-05
8377,5.368859002554453e-05
8378,3.131580041677402e-05
8379,0.0013289949736507874
8380,0.023615661123539126
8381,3.497059950486084e-05
8382,4.558007502856478e-05
8383,0.9735651246603331
8384,0.00011065458803781927
8385,7.431874746716229e-05
8386,0.0001364388076712569
8387,5.9360337440957325e-05
8388,6.42801818867379e-05
8389,0.00014416206460684573
8390,0.9979362292159626
8391,2.740643220953856e-05
8392,5.9980428917183046e-05
8393,8.86801560717774e-05
8394,0.0003390204783500155
8395,4.746290996318008e-05
8396,7.098278304055054e-05
8397,0.00012344006341278164
8398,4.809887129257106e-05
8399,5.7103296453662046e-05
8400,0.001552894350675193
8401,4.6466227548361784e-05
8402,0.9817828102501686
8403,0.020410603576662776
8404,5.599018200668308e-05
8405,8.461683648719305e-05
8406,5.7957910247588e-05
8407,0.00016907025641826727
8408,0.0028485711514678958
8409,4.897971877479165e-05
8410,8.879056444371934e-05
8411,0.0001632036227811263
8412,8.563740338201324e-05
8413,0.0005183623404239636
8414,3.770646784640902e-05
8415,3.3421489679425986e-05
8416,0.000146086882770922
8417,0.036355680099187146
8418,0.002068233877511831
8419,0.0006616683403927083
8420,0.0016916295555932423
8421,2.4696859034945962e-05
8422,0.0009506820397945214
8423,0.00019438411461400606
8424,3.953354955534522e-05
8425,0.9984973829817368
8426,3.6582937756601114e-05
8427,4.4987028789224946e-05
8428,3.179246886379741e-05
8429,3.915962065259191e-05
8430,0.0004603225916225061
8431,0.00018971056097622532
8432,2.331356409362447e-05
8433,0.00022594504752961243
8434,3.587648878886938e-05
8435,0.00010671986533782851
8436,0.07007341548368726
8437,5.9252763763372745e-05
8438,2.990179186975732e-05
8439,0.0005264678786400162
8440,0.06242157095756555
8441,5.8446430946292536e-05
8442,3.464275726410191e-05
8443,0.00030054815661511273
8444,0.00015068380952452793
8445,3.412396633211516e-05
8446,8.536043979463628e-05
8447,5.194186941346379e-05
8448,0.0007974690284956879
8449,0.00022908986132657086
8450,5.2051729630172e-05
8451,0.00038222174130144744
8452,6.430222251298187e-05
8453,0.00011483828344741105
8454,0.0021544638065018685
8455,6.830205899885463e-05
8456,0.9723655249920939
8457,6.715393366672613e-05
8458,0.00014814055956833102
8459,0.001020707235961693
8460,6.715701719412618e-05
8461,0.0012733992373345764
8462,0.9868203635276649
8463,4.778124507416838e-05
8464,6.915300665138027e-05
8465,5.869691193967773e-05
8466,0.016993500135102146
8467,5.357394079977969e-05
8468,0.041689736782096386
8469,0.0004567247317975225
8470,5.5502263141999535e-05
8471,0.00013055225486864632
8472,0.0003112641266107935
8473,9.3800955267441e-05
8474,0.0003069424021424383
8475,0.9598589742072992
8476,0.0014751873988700086
8477,0.0018262030277047994
8478,5.6589530473154074e-05
8479,0.004270587621937121
8480,0.006416048234802706
8481,0.003930609772629756
8482,3.538398932007956e-05
8483,3.083025720847102e-05
8484,0.00021891334975871062
8485,3.974481832400772e-05
8486,0.0004003893149320259
8487,0.00014816597385281262
8488,0.0003057955231356971
8489,8.253135308552802e-05
8490,4.4711366108849406e-05
8491,0.0014456665430063389
8492,0.0014402087236349737
8493,6.353878206428012e-05
8494,0.0002541551264401725
8495,3.972689315640659e-05
8496,3.708778411804399e-05
8497,4.8243473945299414e-05
8498,9.522533407254179e-05
8499,5.520470914898532e-05
8500,5.527467406842055e-05
8501,2.9495315914056794e-05
8502,0.003942488012966112
8503,6.856649220190093e-05
8504,0.0012350973553800252
8505,0.0001268743694299238
8506,0.00024313372550740093
8507,0.0016924173817996582
8508,3.664119786171713e-05
8509,0.006760297118653486
8510,4.944127333006078e-05
8511,5.4572852869221296e-05
8512,4.892567300737549e-05
8513,0.0001105280678505326
8514,0.00013124728086356786
8515,0.00012670131574411603
8516,0.0002783959355789932
8517,3.8962279345005776e-05
8518,0.00016901999686959795
8519,5.26185010377951e-05
8520,3.035497181539161e-05
8521,3.295588283909829e-05
8522,0.00018548865828129344
8523,0.9800810457939393
8524,0.00031870789760062517
8525,0.00015675188644459313
8526,0.004961132891440004
8527,4.5105287463384676e-05
8528,0.9689522454954063
8529,2.9579853096697396e-05
8530,0.0011566639251363957
8531,0.0005934277582700518
8532,3.6215970488448594e-05
8533,0.00044444115287528444
8534,2.4916982202667923e-05
8535,0.00022775037463340417
8536,0.0035410169676482347
8537,0.002476566855736598
8538,5.858434865731834e-05
8539,0.035199990697865904
8540,0.00016581655429327328
8541,3.777515178493236e-05
8542,0.00018201881182095325
8543,0.0001612463691967368
8544,0.0001264239003931276
8545,0.0003276149787746807
8546,4.136475264241805e-05
8547,0.996756914810344
8548,0.0002597660234389003
8549,6.534495259495359e-05
8550,4.036628665117245e-05
8551,0.00012681863850254224
8552,4.179914696240708e-05
8553,0.9953626677983258
8554,0.01602764475756338
8555,0.0012209764748173297
8556,0.00016460236335472645
8557,0.0003788853471408242
8558,0.00010919396054001548
8559,3.8972232433423595e-05
8560,4.788464514613675e-05
8561,0.0007981129991385518
8562,3.487018581856976e-05
8563,0.11965361133408503
8564,9.341446789400476e-05
8565,0.0002654053908315602
8566,0.00010077806028264483
8567,0.0014848279205776787
8568,0.0006550975912573737
8569,0.04576607819275569
8570,6.50222559874686e-05
8571,0.00045168562502469363
8572,4.6165200288367965e-05
8573,5.852819804179736e-05
8574,0.001234312120687916
8575,0.7440305853306443
8576,0.00010533931929277041
8577,0.00013941061826705726
8578,3.725289609106066e-05
8579,3.25016631396985e-05
8580,0.0005097312153732947
8581,0.9687597466881529
8582,0.0038230274996433186
8583,0.994980476692038
8584,6.389519642267704e-05
8585,3.401739475735118e-05
8586,2.3599041339562574e-05
8587,5.278850481518309e-05
8588,0.002564161582184768
8589,0.0003322565432313907
8590,0.0005633571903054032
8591,0.00011012445821480414
8592,6.712759515603732e-05
8593,9.606378287514984e-05
8594,0.00012591144839627116
8595,0.000492861916126496
8596,8.287969038924574e-05
8597,0.0002096000155264263
8598,3.829505161296232e-05
8599,6.609034568404816e-05
8600,0.00024792046715108376
8601,2.314643210130418e-05
8602,0.005426632651696765
8603,7.916568452648052e-05
8604,4.929594167627482e-05
8605,0.004692882582279822
8606,0.00012515125694998301
8607,0.9980166695186172
8608,3.6032485205658824e-05
8609,0.00015385809304464102
8610,0.0002573768155228396
8611,3.969892246280598e-05
8612,5.94461824050332e-05
8613,0.0010238444743882753
8614,0.0001389263413971921
8615,0.00013986615359869552
8616,2.528253201271973e-05
8617,5.4191707094048336e-05
8618,0.05766898982527109
8619,0.0010294743309779112
8620,3.524891051252955e-05
8621,0.00030940171465566174
8622,0.0005902945392754776
8623,0.0006599497303597594
8624,9.024375489908748e-05
8625,0.06378663101128174
8626,0.0823563528672825
8627,0.0007011381267627327
8628,4.685464068569025e-05
8629,8.661538063508417e-05
8630,0.00010417969749923371
8631,0.001105508659905795
8632,0.0001641943033563103
8633,5.097458572144466e-05
8634,7.290355892275917e-05
8635,0.6618468875939467
8636,3.1093690964338604e-05
8637,0.00024670600334763604
8638,5.4266326861833056e-05
8639,0.0013713420962364559
8640,0.002266003975744723
8641,7.685609909383101e-05
8642,2.0091036939442134e-05
8643,0.0007711742879856079
8644,6.499192440236312e-05
8645,2.7700245727902713e-05
8646,0.00032783066322093275
8647,0.0008216217331453139
8648,0.002749565663631878
8649,6.428329649719478e-05
8650,0.00014885930211429196
8651,0.012219865945900025
8652,0.0001892347725343171
8653,3.249461656590314e-05
8654,7.563287644849566e-05
8655,0.00023800095427191722
8656,0.0002127082380186671
8657,0.000268084114799045
8658,0.0017260798284081552
8659,0.00024069502373196553
8660,0.00014679326727339286
8661,0.0029727694365115727
8662,0.00027837252524404014
8663,0.0002486288496052516
8664,0.00034341692863750173
8665,0.00014774803561608637
8666,6.666177111142672e-05
8667,0.0002823375313435993
8668,0.0010840069241854133
8669,4.215536498793078e-05
8670,0.00022254155596226509
8671,9.634441866474081e-05
8672,0.002246244679092551
8673,8.4964724705101e-05
8674,0.0011418755885434489
8675,3.20108878276259e-05
8676,7.034601638618495e-05
8677,0.00011376743634566064
8678,0.0002675186829723318
8679,0.0006250643793174485
8680,0.00015083749013126063
8681,3.233447831361569e-05
8682,0.0008219518732113703
8683,2.486025130688712e-05
8684,0.00022753743076783377
8685,7.452266805734899e-05
8686,5.0785648265251236e-05
8687,0.00017220640211236353
8688,0.0011156309704080207
8689,7.680734747010423e-05
8690,8.812370050942874e-05
8691,0.0005368729212097125
8692,0.0002935642139697379
8693,0.00022811626425307067
8694,0.00021745195749144444
8695,7.779645737462397e-05
8696,6.787003306425427e-05
8697,0.00014638056511987412
8698,0.0005897414908813774
8699,0.00267860346291758
8700,0.013387756660679479
8701,0.00018245474678083202
8702,0.00012420176425401454
8703,0.0001763519581308345
8704,0.00024082130399995173
8705,4.767521770126646e-05
8706,0.00012765129630029154
8707,0.006176216272342506
8708,0.028889154838145237
8709,0.00244849555233096
8710,0.00022658713924822142
8711,6.51339518081539e-05
8712,0.00044222230838747895
8713,0.00014569397051235645
8714,2.8415360913360824e-05
8715,9.574661544994128e-05
8716,4.293135293307043e-05
8717,0.0010748502737273514
8718,0.010656415387605301
8719,0.003784259080338803
8720,0.007538048721124273
8721,0.00766858279996301
8722,0.00014224645996826392
8723,0.0056615328079477195
8724,0.041730775886541185
8725,0.0003259266107117994
8726,0.0014181957124158192
8727,0.0016025461983271317
8728,4.5715604169506916e-05
8729,0.003322339395014335
8730,0.00017205595759455777
8731,4.1447444115946e-05
8732,0.0002325593673485339
8733,0.0010759416546266363
8734,0.0026894183000469567
8735,0.00022636499649954619
8736,0.0002850271078959141
8737,0.0004416372700914976
8738,3.9888950545181474e-05
8739,0.0002474857167602755
8740,1.9530833140954976e-05
8741,0.0020924377393911927
8742,0.0008107706937168044
8743,0.009418444685186532
8744,0.00019942781198770536
8745,0.00045506220594105284
8746,6.154252602198423e-05
8747,2.6868501058606614e-05
8748,0.0004862583236021838
8749,9.467280436046238e-05
8750,5.3014844404539134e-05
8751,0.00027080273262520237
8752,0.013518898205584976
8753,0.005816323065309867
8754,0.0006285915337896537
8755,0.00019568458555531957
8756,0.045185717444957564
8757,0.0004268343798133403
8758,0.0002655890648017735
8759,0.000259917102503461
8760,0.00030564517143385627
8761,0.0007421213926639506
8762,2.6708379307044167e-05
8763,0.004035982764437803
8764,7.196679677729842e-05
8765,0.01568760804945329
8766,2.2600754710484497e-05
8767,0.00014364963601215934
8768,5.7377380181677735e-05
8769,2.4783270574541006e-05
8770,0.00021220354866404828
8771,6.532522244190335e-05
8772,0.00027245785141695857
8773,0.00017018143529740317
8774,3.822630991508088e-05
8775,0.0001528058244084842
8776,0.00015166993856453016
8777,0.0008865222024912935
8778,0.002142031673113401
8779,0.00012166681367405733
8780,0.0005304091139950531
8781,0.0006010492766345806
8782,0.01126781260403027
8783,0.00012696886952379786
8784,0.0007729165119762774
8785,0.0032458267008343778
8786,0.00030463711327942584
8787,0.00013376740939169637
8788,0.004279091859932585
8789,0.011787367300625264
8790,0.00013843150809359064
8791,0.00029698017800391236
8792,0.003146067387090401
8793,0.00017255961953328473
8794,0.0042692761644381174
8795,0.00019570611734396207
8796,0.0005262758376550316
8797,0.0005611657555091871
8798,0.0002486085509488325
8799,6.092435914265092e-05
8800,0.00014786808034684124
8801,4.0382367620180845e-05
8802,0.00017553427886220167
8803,0.0010980833450542785
8804,4.8480578419759745e-05
8805,0.00043426340256320255
8806,0.0009586920569656984
8807,0.0009003697827411368
8808,0.0006478806416495269
8809,0.00033842943353859
8810,0.00015996854058549677
8811,0.0001269004369999386
8812,0.000760504231540405
8813,0.0007063430547831673
8814,0.0021744934625116917
8815,0.0015345496061244814
8816,0.0020845634555238302
8817,0.004537564833614563
8818,0.004217314852301724
8819,0.00029299580688374997
8820,0.00010443132184287089
8821,0.00028382833365010306
8822,0.0011971851846738896
8823,0.0002251601729647227
8824,0.0001647073107444136
8825,0.0005333265404550175
8826,0.0013250326569974223
8827,0.0006529854565352084
8828,6.524511440923463e-05
8829,0.0003635465477044471
8830,0.04805951635845574
8831,0.00042310226001936017
8832,0.0008795536667320749
8833,0.00020778381591661732
8834,0.0006312250216580103
8835,0.00023478316769676033
8836,0.005115513353346561
8837,5.465247952847253e-05
8838,0.0003040340427430279
8839,0.0010987172068332148
8840,0.00012718324605173184
8841,0.006657394376626916
8842,0.0003924440266374355
8843,4.162780462789611e-05
8844,0.000102780043177725
8845,0.006008465918440218
8846,0.0002446891694846157
8847,0.0014846373032197991
8848,0.0001261322817311633
8849,0.0001970859545561702
8850,7.233188448437623e-05
8851,0.0005805440176882564
8852,0.00011223803175456895
8853,9.544555269238472e-05
8854,0.00012695175171580648
8855,8.61410993090117e-05
8856,0.0011382652211558316
8857,0.0003184591962294262
8858,0.002893502320067899
8859,7.444764136017088e-05
8860,0.00013047479526568246
8861,9.750760757321311e-05
8862,0.0018183832651901075
8863,9.352828061290096e-05
8864,0.00029856230460052703
8865,9.65683478537074e-05
8866,0.0003579423906124098
8867,6.837508363361213e-05
8868,0.00027244288311030544
8869,8.290059290181335e-05
8870,8.597042985421195e-05
8871,2.3058719387435162e-05
8872,0.0005290400600510917
8873,0.0006646445199939598
8874,0.000272552008459595
8875,7.51680503576189e-05
8876,0.00019647223186179138
8877,9.54079396779863e-05
8878,4.740193784070436e-05
8879,6.621046458900667e-05
8880,0.00038048468822972305
8881,0.0003451692760190523
8882,7.508470438705881e-05
8883,0.0002989751051406401
8884,0.014032098195119155
8885,0.00042834539408464914
8886,0.0008945521738167652
8887,0.006809932463334938
8888,0.0002864853234234491
8889,6.638095454054842e-05
8890,7.606314973232415e-05
8891,0.0033551235030020977
8892,0.00010054565357335698
8893,8.110955104251605e-05
8894,5.761313733200109e-05
8895,0.00039605479289012493
8896,2.464882212404879e-05
8897,7.768490071764661e-05
8898,0.0031210349709460223
8899,0.00011976586964238033
8900,0.0014976225826391187
8901,0.00011295440724047007
8902,0.0010578410066616917
8903,5.528098408863378e-05
8904,0.0011585438268656557
8905,0.00014958368735294765
8906,0.0001426001922206287
8907,7.987042275229013e-05
8908,0.001271001793620407
8909,0.023105818430742553
8910,0.0012814664264417933
8911,0.0004873664872641543
8912,0.0006380995862640965
8913,5.448763356393524e-05
8914,0.00011314730817890094
8915,7.02657992720318e-05
8916,0.0009054718329090409
8917,8.013032396620862e-05
8918,0.0019156755660177706
8919,0.00021265294894283015
8920,0.0780300916546206
8921,0.0008029373734274473
8922,0.006840055074713266
8923,5.766940633891941e-05
8924,0.00020878226339482905
8925,0.0006034844843296769
8926,0.0003252988482601121
8927,0.0002818608053484957
8928,6.083318643593519e-05
8929,0.0012610053833805282
8930,0.00010965468783180657
8931,0.0006818340499813351
8932,0.00019160669136362806
8933,0.0001644203180252969
8934,0.010593853273347307
8935,0.00019322154680439916
8936,3.28759336469985e-05
8937,0.00015551284184740603
8938,0.0003081981421847355
8939,8.771163811059113e-05
8940,0.00021534099615808095
8941,3.5291329721278964e-05
8942,8.636495510066806e-05
8943,0.0007308926265375246
8944,0.000374595558372008
8945,0.00029058153808625355
8946,0.00012094845748941325
8947,0.0001334551579728706
8948,0.0012297515372335613
8949,0.001484589939346745
8950,2.505408116959143e-05
8951,9.088762157342374e-05
8952,0.0009834630403832054
8953,0.00015429632808978164
8954,0.004465803416164463
8955,0.0003369721163279671
8956,0.0014228550647976328
8957,0.0005173615155565398
8958,0.0005421450325679073
8959,0.00011040328357240176
8960,7.566307546615727e-05
8961,0.00024685979224643267
8962,0.00033306180796314794
8963,0.0008651795336423471
8964,0.00023728759753046763
8965,0.0008934939138416996
8966,0.0026028727427629015
8967,0.0014710313744695474
8968,6.712090346047215e-05
8969,0.00019336686395293368
8970,9.068333476717764e-05
8971,0.0007303504713848967
8972,0.0010138370514290785
8973,0.005197706701192293
8974,0.00018425047947656195
8975,9.486401273348807e-05
8976,0.00017071252912616018
8977,5.275390972965458e-05
8978,0.00016998462874761756
8979,0.0012866597203185486
8980,0.0003046203046435294
8981,0.001669423066652731
8982,0.006808883747094293
8983,0.0001953789203069681
8984,0.00013739690810162035
8985,0.00021541484065212626
8986,0.08567853365618952
8987,0.00015842701248329987
8988,0.00017267933805486466
8989,0.0001952737616638378
8990,0.00020228169042083689
8991,0.00011488232137106991
8992,0.0011772174364127308
8993,0.0009594536189289465
8994,0.014372443204686055
8995,0.0002480971349532941
8996,0.0001419396290555552
8997,0.0006170610519366188
8998,0.0002100052756489623
8999,0.0001198759674722199
9000,6.700770004100507e-05
9001,0.0010004454978208835
9002,0.00133831231425402
9003,7.688966646376025e-05
9004,0.0005690933261487405
9005,0.001052753600565045
9006,7.205050401773673e-05
9007,0.0003680331634786843
9008,0.0008213936660851837
9009,9.341270750236371e-05
9010,5.5634783677969763e-05
9011,0.12985320805766626
9012,0.0017253637872432948
9013,0.0010781166979026372
9014,0.0004969015800268519
9015,0.003415500588209913
9016,0.002203533882199769
9017,0.00048795031880535295
9018,4.0123611209339734e-05
9019,0.001486458441848244
9020,6.17089247802108e-05
9021,9.504407265631897e-05
9022,0.00013397677985228047
9023,0.02470862822619721
9024,4.90262414652221e-05
9025,0.00020909949366730668
9026,0.0007025282401492394
9027,0.00097752027590872
9028,0.0027610642926450537
9029,0.0004405481691352924
9030,7.455874804640996e-05
9031,9.125859268926468e-05
9032,0.0002669960387743737
9033,0.000198124509211363
9034,2.50629059294919e-05
9035,2.2486246721374807e-05
9036,0.0001032299385174457
9037,0.00015567773392508524
9038,8.640131672718082e-05
9039,0.000211421917120857
9040,5.6184932582545465e-05
9041,0.00011023876425460585
9042,0.0008692466914851085
9043,0.00030846861112099414
9044,0.00018190080097725414
9045,0.0001023703897964492
9046,0.0201930179524311
9047,0.00037127595422683477
9048,0.00016346550952175566
9049,0.00021268395828767452
9050,0.00025329432352262703
9051,0.034966699112525514
9052,0.0019526253329628241
9053,0.0010019684886077064
9054,0.0016873065113851208
9055,0.0008309289769439177
9056,0.0003869236717910107
9057,0.0005648040446011366
9058,5.258837488195625e-05
9059,0.001424637152835052
9060,0.002049728724041174
9061,0.0047871267443307785
9062,6.316078432910807e-05
9063,6.184772208324014e-05
9064,0.009796708415181989
9065,0.0006536298621119278
9066,0.00013208687844127963
9067,4.3444425681651034e-05
9068,0.002149188479521488
9069,0.0018946456927211072
9070,0.00044752614273233004
9071,9.532069286864038e-05
9072,0.00036883843587737794
9073,3.642260572862331e-05
9074,0.00014027846803994667
9075,3.7663678522957e-05
9076,7.226844433957889e-05
9077,0.001180257459085364
9078,0.00741426237091157
9079,0.00014673107504393866
9080,0.00010719006247680064
9081,0.00010387808383516305
9082,0.0002874519929745056
9083,7.683233501783621e-05
9084,0.0018441445200549425
9085,8.583521425228667e-05
9086,7.816897898604829e-05
9087,0.0005065758171843447
9088,0.004291079148606568
9089,0.008220196544427632
9090,0.01222684107668046
9091,0.00013710145523041184
9092,0.0005175128049856781
9093,7.603011548324092e-05
9094,0.0002786263752203874
9095,0.0001715197765883608
9096,0.007889880583297754
9097,0.34072129459826267
9098,0.0003073896408324581
9099,0.00020656938776948886
9100,0.0002185526366359929
9101,0.0005312733499820744
9102,0.0001561059987719643
9103,0.0004993246819814865
9104,0.0020193912994808986
9105,0.0008044846220271361
9106,0.03157838190800016
9107,3.8837328131733916e-05
9108,0.00021038122338155126
9109,0.0016812272065784236
9110,0.00016004990926834828
9111,0.00043792050367043886
9112,0.00040922638180659985
9113,0.0008497174129951905
9114,0.00587219496695314
9115,0.24746760992205866
9116,0.0002101150150511482
9117,0.0008785027141909832
9118,0.00010924484463010322
9119,0.00024688811984666006
9120,0.0004721968905787333
9121,0.0014898504644531444
9122,0.00024785372148106014
9123,0.00037791755353871174
9124,0.0004338092288851566
9125,0.00016678057487215078
9126,0.0026677876187833753
9127,0.00043127612090855354
9128,0.0015105944379346261
9129,0.00019909112370929187
9130,0.00010595638428525229
9131,0.0009012069942694736
9132,7.737206843483194e-05
9133,8.674240759193852e-05
9134,0.001566768683621984
9135,4.705883852254062e-05
9136,6.285012185112603e-05
9137,9.381308826383712e-05
9138,0.00012027880716813249
9139,5.476426589194757e-05
9140,0.00022459616592785162
9141,7.705365517457195e-05
9142,9.950291973940574e-05
9143,2.0996083715795167e-05
9144,8.311592766133815e-05
9145,0.0005015365299249175
9146,4.701338195824999e-05
9147,0.00016753232211776968
9148,5.509509133820882e-05
9149,2.5593805125676907e-05
9150,0.0005049194786291265
9151,0.0025709887096140092
9152,0.018465048466325778
9153,9.667087325611849e-05
9154,0.0003962384877059824
9155,0.0005931453496024867
9156,0.0045552591565433675
9157,0.00037873562027288687
9158,0.00023777667624780424
9159,3.033483712096063e-05
9160,3.4623425079226345e-05
9161,5.2903591835469316e-05
9162,0.0005365711227633716
9163,2.75014130822188e-05
9164,0.0018673327114928698
9165,0.00033068049995530456
9166,9.656062009116819e-05
9167,0.009149020992267701
9168,0.00784125101259157
9169,0.00033709441629788003
9170,0.00018660952514309878
9171,0.0006719497271154948
9172,0.003411842514650554
9173,0.0018053621215485323
9174,0.006614791676384908
9175,0.003720751068613601
9176,9.122150338356853e-05
9177,0.0025220281191845806
9178,0.00037722174656227317
9179,0.0017092875794032607
9180,0.0002291934763390886
9181,0.0018818492716069744
9182,4.0898250894432644e-05
9183,0.00267145477387793
9184,0.00015349943069703828
9185,0.000375840965713577
9186,0.0015460454189012963
9187,0.0002850787841567982
9188,0.0006104839606796015
9189,2.5296054770065033e-05
9190,2.573972961274495e-05
9191,0.00015851821806331774
9192,9.980870705856071e-05
9193,0.00048639367755570615
9194,0.0003111354755997435
9195,0.00017606935452228035
9196,0.0002863315014992778
9197,9.518923400478271e-05
9198,0.00023441933427633175
9199,0.00024664552653919016
9200,0.000293610529119142
9201,0.00019416972937152908
9202,0.000920680187395214
9203,0.0006726919727497976
9204,0.0014041670469853947
9205,0.00012815723202169678
9206,0.0003595129670616338
9207,3.9041809339757195e-05
9208,0.0003827643930763479
9209,0.0006924866777883532
9210,0.0003080474436278021
9211,0.022375708758768726
9212,0.0009310273421831748
9213,8.513636902900407e-05
9214,0.00018372434125150735
9215,0.00017520616801050835
9216,0.00013706722795737433
9217,0.0003434267013759319
9218,0.0004932667995178948
9219,0.0002742134712786201
9220,9.612790728798768e-05
9221,0.0030703836505368894
9222,0.00035287265071281415
9223,0.00033121363202726604
9224,0.006657538858196019
9225,0.0042761180374537135
9226,0.0013693973913947277
9227,0.005264574242774162
9228,5.586328025449794e-05
9229,8.384241509149148e-05
9230,0.0054257926554786085
9231,0.00010621091163137239
9232,0.00023053890138938983
9233,6.420996448776417e-05
9234,0.00030029672607276417
9235,0.0007163050485815337
9236,0.002121822153785645
9237,0.003929366305783727
9238,0.00011097611506479769
9239,0.0005533704864938902
9240,0.0001920738612759589
9241,8.198128680334727e-05
9242,0.001503708119276282
9243,0.00019739747618334252
9244,0.0002019189998896934
9245,0.0012773742128806879
9246,0.0008525689995817598
9247,4.592606711286715e-05
9248,0.00026563292224606095
9249,0.00020596918922868653
9250,0.00015212735575961166
9251,0.00013490686174858488
9252,0.0018584782231073898
9253,0.0018498594100648975
9254,7.079082073613382e-05
9255,0.0009485317659125447
9256,0.00041935429027685993
9257,0.0003170227595870729
9258,0.0002076351654742178
9259,7.787429180394396e-05
9260,4.79997492639389e-05
9261,0.00038774883999756444
9262,0.0003111841508637724
9263,0.00019281835358099048
9264,0.00024559187439943076
9265,0.00033158342208834365
9266,5.085232734149344e-05
9267,0.013484973167890223
9268,0.001006655177232743
9269,8.393018362683465e-05
9270,3.166200847404335e-05
9271,0.00010102739022655354
9272,0.0008558267395665012
9273,0.0005208850921432355
9274,0.00018563893050482026
9275,0.0001016748318575729
9276,0.00021412739653677723
9277,0.00019458540410286358
9278,0.0094076192405078
9279,0.0016624466211307744
9280,0.0004337644531747935
9281,0.00011016760896682687
9282,0.00038430842344573375
9283,0.001145767160645111
9284,4.453902351493776e-05
9285,0.0001263009167790501
9286,0.0008602897521214922
9287,9.050478751438568e-05
9288,8.723260879866158e-05
9289,0.0004236788036881598
9290,0.0014455465533031538
9291,0.004257127096120772
9292,0.0008113982464858727
9293,0.00012368283614580143
9294,0.0015511452146224098
9295,0.0002926834971772088
9296,7.941256652255081e-05
9297,0.0007160285075253556
9298,2.559323930085819e-05
9299,0.0012140855173664654
9300,0.0007442227460452745
9301,0.001751343563352178
9302,0.006450977948881059
9303,0.00021089910348525283
9304,0.000127551442653317
9305,0.0008445321914449464
9306,0.0002493984819267074
9307,0.0006812876358284301
9308,0.00014319365269635032
9309,0.0007709283712393582
9310,5.819636039427824e-05
9311,0.0007913137842759866
9312,7.201698508316707e-05
9313,0.028423478359464467
9314,0.002436591638973864
9315,7.55780051490716e-05
9316,2.905151611965504e-05
9317,0.0002847856387631861
9318,0.0015312972962520906
9319,0.00033152500545365624
9320,0.00046683325772683726
9321,0.0054382037944909044
9322,0.017808367496013604
9323,0.0002707078091420997
9324,0.00021170233216517438
9325,0.00018729787744343823
9326,0.00028920691844991727
9327,0.0001894389896699088
9328,0.00025729509208816234
9329,0.0005838974339377334
9330,7.763457150040197e-05
9331,0.0005284475153879596
9332,0.0003784573459856201
9333,9.692611023098718e-05
9334,0.0003508955606925453
9335,5.000349995961944e-05
9336,7.679086701361824e-05
9337,0.0019877303744953384
9338,9.528715943361679e-05
9339,0.0009176859001510237
9340,0.001028998950727312
9341,8.337377851776646e-05
9342,0.0002656413337924025
9343,0.013789749032656996
9344,0.00012082680928734758
9345,5.2224928234606495e-05
9346,7.427549549310805e-05
9347,0.0028807388520890875
9348,4.860291115242123e-05
9349,3.425038416802086e-05
9350,0.0010224732942228812
9351,4.164187709450303e-05
9352,8.137307438550532e-05
9353,0.00010511934988879611
9354,0.0004665230047985529
9355,0.001083930659123078
9356,0.0005151492149735847
9357,0.00015747170807296336
9358,0.00013186464830140413
9359,5.3835327520371584e-05
9360,0.000581274640359502
9361,0.000161091112679035
9362,0.0008877617645102224
9363,0.0001061365599591727
9364,8.914725514987996e-05
9365,4.132205119479852e-05
9366,0.001740111878251518
9367,0.00035524363470455024
9368,0.0002870089304144579
9369,0.0002889956300992428
9370,0.0003805931425951678
9371,4.354730376707514e-05
9372,0.00019064807607086653
9373,0.006035132370100504
9374,0.0005492505800218214
9375,0.0005297824534602911
9376,0.00036294100699046656
9377,8.856355051530821e-05
9378,0.000742586451715892
9379,0.00034445268888801654
9380,5.383022144973659e-05
9381,0.0012821669018267916
9382,0.0010246743016107257
9383,0.0009429580870075332
9384,0.00033801549707333903
9385,0.009937739309376406
9386,0.0001497611549335505
9387,0.0009102331303732535
9388,0.00025842023906031417
9389,0.00017880326184723837
9390,0.0013897630588682313
9391,0.00019780959219593288
9392,0.0006043412324246271
9393,0.00010596135285188784
9394,0.00027657057180333576
9395,0.0007378167922717796
9396,0.0005376084925156125
9397,2.3208826352507874e-05
9398,0.00024096754570038714
9399,0.0005099492243475608
9400,0.0003683659956865839
9401,0.00047904365899420715
9402,0.0006254403425581413
9403,0.004617700724071523
9404,0.04028478593225078
9405,0.00012888038434292755
9406,0.00016668906198517367
9407,0.0014891625348930927
9408,0.0001345625280011651
9409,0.0003906671873007533
9410,0.11819716165090592
9411,8.40058204677345e-05
9412,0.0001347015968422954
9413,0.03204248767715404
9414,0.0027321699327131172
9415,0.0004277744867328197
9416,0.00018723676080199553
9417,0.0004948988552880353
9418,0.00013232313282610848
9419,0.00044138864837037765
9420,9.500073932805614e-05
9421,0.0018706317788598783
9422,7.307027215460955e-05
9423,5.8981327165788144e-05
9424,0.00223980407360157
9425,8.867919124497126e-05
9426,0.00011768471674461178
9427,0.006997588775157204
9428,0.0007283129153684696
9429,0.002586121649841288
9430,0.1092840934372337
9431,0.011320993109127481
9432,0.0009294452008283367
9433,8.10272551890657e-05
9434,0.000424892909985347
9435,0.00039595347521392187
9436,0.00012190719687946005
9437,0.00017139811746256985
9438,6.490105623306236e-05
9439,0.022211070396736116
9440,0.0034922785530978697
9441,0.0015167578457114003
9442,0.00019624294243538874
9443,0.0001946136152635943
9444,0.0027653825917940108
9445,4.3603708405802534e-05
9446,0.00019124045124183604
9447,4.050590649745581e-05
9448,0.0005391766135129841
9449,0.0001577437744109907
9450,0.00012577632750176109
9451,0.0010588181696848606
9452,0.005244944398734713
9453,0.0002058190931948018
9454,0.00017392893912358915
9455,0.001660267188311991
9456,0.0009968813410205074
9457,0.00017328357739524597
9458,0.008259485586965503
9459,8.095823848517153e-05
9460,0.00011034270625574015
9461,0.00024053605410285988
9462,4.5799280248142644e-05
9463,0.00012285491876059783
9464,4.780166428342523e-05
9465,3.203098462298299e-05
9466,0.0012582757412966403
9467,7.222867983595977e-05
9468,0.00012493877566398142
9469,0.0001440661116649746
9470,8.230281032658114e-05
9471,0.00012908292766840646
9472,0.0002876097901832282
9473,5.075346494326785e-05
9474,0.0008453970242169306
9475,6.795852193481172e-05
9476,0.0009258271171600021
9477,0.004839165611441464
9478,0.00016925656910271266
9479,0.010406334035304663
9480,7.048040221693518e-05
9481,5.378713805576109e-05
9482,2.4065710431191246e-05
9483,0.0028022401389687325
9484,0.0001220839146049432
9485,0.00021079167925271098
9486,9.136311061668805e-05
9487,6.548281259339289e-05
9488,0.00018722257944737015
9489,0.0007376900311617832
9490,0.0001980382917822277
9491,0.0005039680456249993
9492,0.003741628411990013
9493,0.0010189186221705154
9494,0.0004910027020626884
9495,0.006883510148194503
9496,0.00044663711011260827
9497,9.757862496387596e-05
9498,0.000324604453193646
9499,0.00027704067244808673
9500,0.00030159741539154616
9501,0.0004476578076766535
9502,0.0011840625769691474
9503,0.00014397270839749875
9504,0.0007581100831713086
9505,0.0048536485803329565
9506,0.00037736529200524665
9507,0.02051608777013409
9508,4.885675148393278e-05
9509,0.005807313206732051
9510,4.8324495924172516e-05
9511,0.000377219365439883
9512,0.006156237596034071
9513,0.0003243490349917663
9514,0.0027532268240589063
9515,0.00034293043333646163
9516,0.00022373723795856816
9517,0.00038683408220482575
9518,0.00011051921224903686
9519,0.003424227725539198
9520,0.012165863696652665
9521,0.0001364403926379251
9522,0.11258380802129246
9523,0.0011987714283347192
9524,0.0005721782042887632
9525,0.0011963144292519961
9526,0.00014062634879970614
9527,0.00015188032116156557
9528,0.0007382604676651947
9529,0.0003580045235042691
9530,0.00034856742616511203
9531,5.114385050561993e-05
9532,0.00032759080327688164
9533,0.000975290638739079
9534,0.00024395481428786305
9535,0.00010179752469418662
9536,0.013554788052329361
9537,8.167613760273991e-05
9538,0.0003531025954858205
9539,0.00017866949613573295
9540,0.00025000205081325636
9541,0.000179789684723697
9542,0.0021525501413757115
9543,0.00015557299149041335
9544,6.156906314372875e-05
9545,0.0001522787120856038
9546,0.0003633415585967146
9547,0.0003651004984228809
9548,0.0013071779553910715
9549,0.0004500621039003158
9550,0.004658735555575269
9551,0.0076008874598842095
9552,0.0017817114067116614
9553,4.558973046715589e-05
9554,0.000141327714659644
9555,0.00012663448491472668
9556,0.0003507844782138241
9557,0.0003120528872952646
9558,0.00022482929437473987
9559,0.0028878645490072173
9560,0.00016786605465820108
9561,0.00012401290150425648
9562,5.6664595337346334e-05
9563,0.00021247389487522643
9564,0.00015822502675480807
9565,5.837847412894242e-05
9566,0.0003396194940801561
9567,0.0023216620339428402
9568,0.000718097195790563
9569,0.022630901964328702
9570,0.003849736439481741
9571,0.0007333511748542358
9572,0.0006476750312851577
9573,0.0001177497617243022
9574,0.00015908162315355013
9575,0.0011875406008611971
9576,0.0005737076266920119
9577,0.00021114912817924537
9578,0.004651464639409794
9579,9.954098851567125e-05
9580,0.00011547777118797933
9581,0.0001804588522891952
9582,7.444570217891012e-05
9583,0.0012922620890003956
9584,0.0008665222008990266
9585,0.00016610283619889046
9586,0.00012724890237177517
9587,0.03228119382411661
9588,0.00034066855019754114
9589,0.005538876381642494
9590,0.00013452988443907229
9591,0.008128636239783984
9592,0.0004176143417776154
9593,0.0037523259871035134
9594,0.0001587806600650296
9595,0.00016478741740963348
9596,4.730031216718942e-05
9597,0.0003274846460298873
9598,0.0023259733167339575
9599,0.01998884591164823
9600,0.0001389245756569037
9601,5.153677615705466e-05
9602,0.00011419323770811428
9603,0.0005875799380308697
9604,0.0030789419597653292
9605,0.0017384194901394275
9606,0.00044989862281746986
9607,0.009075274190564985
9608,0.0006687362391239683
9609,0.00014307139713603715
9610,7.148460933582122e-05
9611,0.00017234374331489015
9612,0.0006375763240620359
9613,3.286153469402503e-05
9614,0.0002117069880758968
9615,0.00015230187407720908
9616,8.043258777036015e-05
9617,0.00018869556331595314
9618,0.0002925549005402231
9619,5.897175427268602e-05
9620,0.0017161243888448822
9621,5.132548774673933e-05
9622,0.005152038082670265
9623,6.427675594718197e-05
9624,0.0019338799544320307
9625,0.0012735013484825172
9626,0.0007572106559114838
9627,0.0004262585638492455
9628,0.00036234745780983464
9629,0.00044002972493007423
9630,7.598983257038782e-05
9631,0.0017231209567203879
9632,7.687588948655325e-05
9633,0.0011349467748567037
9634,0.002221032740735149
9635,0.00014188251740893289
9636,0.001051440603787231
9637,0.0002782905630534377
9638,0.00027009962752064026
9639,0.00010298359734978085
9640,0.00023999412193218637
9641,0.00016232975051838454
9642,0.0035409415708511417
9643,0.0027669661269546135
9644,0.0005068301537173806
9645,0.0002662609108247668
9646,0.0005639875867875911
9647,0.0002958012328561003
9648,0.00010345900734156805
9649,0.00040130365390289433
9650,0.00045473509988091154
9651,0.00015957658344790488
9652,0.0007600562873059203
9653,5.468624826003056e-05
9654,0.0002629002296569521
9655,0.0001352468852020893
9656,0.0008371044930734304
9657,0.02004062847047411
9658,2.959562631723144e-05
9659,7.132666186959251e-05
9660,5.974700916043991e-05
9661,0.00019185137321620186
9662,0.0006311434237823609
9663,0.00013134066021610645
9664,0.00012778351920360943
9665,0.0024852645943070325
9666,6.74370151398019e-05
9667,0.00044761482902344477
9668,0.000772085371580862
9669,0.0011022737170288935
9670,0.0007653148590664619
9671,0.012765006027234734
9672,6.805730219034605e-05
9673,0.0004428413799733045
9674,0.00016201930337981493
9675,0.00028990169392881324
9676,0.0002490927741551017
9677,0.00510704509148893
9678,0.0003797737479564461
9679,0.00011949441372595614
9680,0.00030923716723851256
9681,0.0004841310166468771
9682,0.001691226349842467
9683,0.00033668604410093384
9684,0.000564765109015229
9685,0.0001224797169565466
9686,0.006235527429272995
9687,6.947297573013695e-05
9688,0.0014086094961248993
9689,0.00033370268679748066
9690,0.00015492073750685397
9691,0.2314163891486098
9692,1.7875057552087547e-05
9693,0.0004268601083793653
9694,0.015580305787686327
9695,0.0002270851726613638
9696,0.00010382590063981608
9697,0.00046010746870313226
9698,0.0002720325825540267
9699,0.00016281479589114314
9700,0.0006605839873495588
9701,0.0008704064049426376
9702,0.00042192091946387537
9703,0.00012196432484442745
9704,0.0001270373915778864
9705,9.547267197700168e-05
9706,0.00011860631714106769
9707,0.00025455061171089286
9708,0.0012255029843692678
9709,0.0004615072679682431
9710,7.853882298694388e-05
9711,5.4809559947007296e-05
9712,0.0010403134837511944
9713,7.370808093016518e-05
9714,0.0020514315778806295
9715,0.0003211919513801456
9716,0.004188174955507841
9717,0.005413259249797497
9718,8.343279227970165e-05
9719,0.0001585661920514998
9720,0.00023809990935743508
9721,7.185094525645408e-05
9722,0.00040721665241033036
9723,5.369264247799476e-05
9724,0.000174648280396779
9725,8.038541215417404e-05
9726,0.0001325797683546874
9727,0.0010403393568995324
9728,0.0011028050297666502
9729,0.00020347977614389585
9730,0.00025828271312791515
9731,0.0006591632248428325
9732,0.0023571127476535465
9733,0.0002061523165666206
9734,9.155695038869613e-05
9735,0.0011967106589185227
9736,0.0018736001635029005
9737,1.585477619252099e-05
9738,0.013352347598802905
9739,9.674706319497525e-05
9740,0.0014351928909522359
9741,0.00016885984045639387
9742,0.00017728354655990874
9743,7.158775535136856e-05
9744,0.0007882009709343886
9745,0.00024122020708718198
9746,0.00041862086432716114
9747,0.0004400038252358806
9748,9.51670667810344e-05
9749,0.00011341047732512321
9750,0.00014436462236735136
9751,0.000223876007323528
9752,0.0008448553785985094
9753,0.00012360919800904392
9754,0.0015295870380289919
9755,0.001747288034982276
9756,0.0008576569271198798
9757,0.002101685212016002
9758,0.00011520180255909943
9759,7.829466268432996e-05
9760,0.0012367094802602056
9761,0.04946990910363747
9762,0.004536643199715532
9763,0.0004691154976209309
9764,0.0008888566108290844
9765,0.00014442164537512258
9766,5.165568006968008e-05
9767,0.04379716065173063
9768,0.01610549399944381
9769,0.0007243167982541462
9770,0.055886341671771665
9771,0.0001911692645489048
9772,0.011859526626380873
9773,9.511411245687152e-05
9774,6.697802890219956e-05
9775,0.00014445968005826683
9776,0.000269013161762894
9777,9.141199214635896e-05
9778,0.065748517164967
9779,0.00019189775135839245
9780,0.00016242088854276606
9781,0.0001392915304620702
9782,0.00024233483039802153
9783,0.00028281424719431227
9784,0.0004897927947571382
9785,0.00011128185628478591
9786,6.005442105682869e-05
9787,0.0018822040791453849
9788,0.0003692495041231135
9789,0.00030826396037668776
9790,0.0006483571889956473
9791,9.154184863417823e-05
9792,0.00020171416286101745
9793,0.0004237680154322964
9794,0.00011011807384632476
9795,0.0003395402509696838
9796,0.004457274278563328
9797,0.0006836983446386141
9798,0.00060791549429556
9799,0.0003895143036103113
9800,9.672332264170268e-05
9801,5.070223791363213e-05
9802,0.0008637855975656271
9803,5.6888041402415264e-05
9804,0.00047169708813384623
9805,0.0016157716192090044
9806,0.00026372712794639713
9807,0.00019481894349260452
9808,0.0005741574145955509
9809,0.00010265812036885536
9810,0.0008821867827456031
9811,0.0007307884337887022
9812,0.0017437804233600002
9813,6.334365232512054e-05
9814,0.002800111562818831
9815,0.0009351327086794247
9816,2.151247121751414e-05
9817,0.002235734994085832
9818,0.00010920455506648577
9819,0.0003748900940850169
9820,0.0016468476184889947
9821,0.09210083518525007
9822,0.0002906437971397143
9823,0.0006928501482800788
9824,0.00037748778400010526
9825,0.1585866323103003
9826,0.00023988842959041723
9827,9.28254324244339e-05
9828,0.004978155772014234
9829,0.00034172814528435987
9830,0.0002538064437514259
9831,0.00010374684241926338
9832,0.0008310034828196356
9833,0.0003649095006263637
9834,0.0004886675737374857
9835,0.0013161456581461768
9836,0.000220417467757538
9837,0.00015361467592259328
9838,0.0008250419632982589
9839,0.0015918937985442093
9840,0.0005938643474547088
9841,0.0001851034972729159
9842,0.0002514820648020949
9843,0.0013382209716382106
9844,0.0006658384198502572
9845,0.001533727429953536
9846,0.0009276325300206299
9847,9.144542436727802e-05
9848,0.0005529927269798016
9849,0.0007128165167799514
9850,0.00011460966358480681
9851,0.0002587577817816581
9852,0.004264395962911385
9853,0.00028553141951127847
9854,0.00019388429466835893
9855,6.549017014110654e-05
9856,0.0002285488798316339
9857,0.0003083742511342861
9858,0.00024441947314767464
9859,0.00010660922886702732
9860,0.0002622725722223768
9861,4.352636900466511e-05
9862,0.00010622510768679876
9863,0.00036424235210586397
9864,0.0009525884897275
9865,0.00016299947073169222
9866,0.0006748968368429023
9867,0.001352236932892007
9868,0.00026696437089750044
9869,0.00022656126595577394
9870,0.00016041933605163912
9871,0.00015804862639767843
9872,0.0006091254435600317
9873,6.413278701681896e-05
9874,0.0015085245918233284
9875,8.591651719893309e-05
9876,0.00037521653593655565
9877,0.00036599071956258883
9878,0.0005069435662087453
9879,0.00016150968347877626
9880,0.0033588923868529083
9881,0.0002561380246350029
9882,4.2563549013712997e-05
9883,0.00011828672751911331
9884,0.003292803911832779
9885,0.0025375928136600534
9886,0.0001652950662514363
9887,6.277980252534364e-05
9888,0.0001595501571562454
9889,0.0031372161329449788
9890,0.012443877452904154
9891,0.001050627353190949
9892,0.00017941380395433714
9893,0.0005064751885540775
9894,0.00027477930966136383
9895,0.00015444410640247494
9896,0.0016727946645432243
9897,0.00012368090170220358
9898,0.00010082355369200602
9899,0.0039027465860524803
9900,0.0001243906906852997
9901,5.2297775983865534e-05
9902,0.00024589194550025126
9903,0.00017154834222897795
9904,0.012917515431541252
9905,0.00043815953430103026
9906,0.0042116714870108355
9907,8.39577534055397e-05
9908,0.0015327775785878444
9909,0.0002938610418655933
9910,0.00016659274022299693
9911,0.00010869373034382845
9912,0.002502011852422371
9913,0.0025473348469938427
9914,0.00018416276768986367
9915,0.00012231827147280474
9916,4.4292598112334714e-05
9917,0.00019526964707948833
9918,0.004230674863307503
9919,7.422642417110964e-05
9920,0.00023660955331611944
9921,0.00016348419979808865
9922,0.0033158945942225295
9923,8.927817194023165e-05
9924,0.00022000676215519653
9925,8.650329601690712e-05
9926,0.0003635312969970233
9927,0.00012012528785409296
9928,0.001569554047595851
9929,0.0002810041866799528
9930,0.0002741220759033732
9931,9.323168953242792e-05
9932,6.0555876808148445e-05
9933,3.852448413137637e-05
9934,0.00045505231304098783
9935,0.00017371055828396587
9936,0.000902045819332553
9937,0.015139764196937317
9938,9.576040285655906e-05
9939,9.981052023773955e-05
9940,0.0013449915420106217
9941,8.507527524490065e-05
9942,7.879070213316763e-05
9943,0.00010170060118199568
9944,4.209293919411727e-05
9945,0.00032834275930991054
9946,0.000261227240914318
9947,5.031630626430303e-05
9948,0.000219543958348795
9949,0.0018234923220372193
9950,0.00034123992130559086
9951,0.005480817218857334
9952,0.004548773449293065
9953,0.0004489414879063823
9954,4.441555542326903e-05
9955,0.0018797515115787007
9956,0.00023915160049124798
9957,0.007053960276479536
9958,0.002217442626025426
9959,0.00011120892945111118
9960,0.0003256698827727138
9961,0.00025719104742727043
9962,0.0024639249388521134
9963,0.00027930879801836485
9964,8.715487724541803e-05
9965,0.00011887855300448335
9966,0.00026800207843142345
9967,0.00018542590768096074
9968,0.0010294388963286618
9969,3.0389761281809815e-05
9970,0.0032725925031861862
9971,0.0005188989815531643
9972,0.0006507764053714022
9973,9.120773236419682e-05
9974,0.0008858996871389613
9975,3.3058512180093436e-05
9976,4.0503569518193213e-05
9977,0.00015297400398237184
9978,0.028091522357550226
9979,6.7175240046523e-05
9980,0.0011687672497678243
9981,0.00016806163304210862
9982,0.0007441152933048984
9983,0.0001733347712395801
9984,0.00038095719966857423
9985,0.00010564395008995549
9986,0.00038542194849533376
9987,0.0002359475718723745
9988,0.0003456880645668199
9989,7.354711307420681e-05
9990,8.500006031441008e-05
9991,0.0005567249038531338
9992,0.003580115281957762
9993,0.00036306019828120885
9994,0.0002737777225035192
9995,0.00024009115747078064
9996,0.002137333074050981
9997,0.00012245054443862295
9998,0.0010792112185786635
9999,0.00016424945406605412
10000,8.006887908286613e-05
10001,0.00340618334251785
10002,0.00022302864083038773
10003,7.00602142628443e-05
10004,8.074256716587907e-05
10005,0.002935872267704056
10006,9.017220837628025e-05
10007,0.00022728411254381388
10008,0.0002109881209683054
10009,8.744022540282165e-05
10010,0.0013543603421320078
10011,0.000466758496815094
10012,0.00031375351242368606
10013,0.0007439089828459804
10014,0.00012568086842205207
10015,0.007961362471962946
10016,3.479017814079398e-05
10017,0.0005234281145893015
10018,0.0050943710468522784
10019,0.0003707514185133987
10020,0.00028176629860143706
10021,1.9765685265119258e-05
10022,0.001394808369660584
10023,1.9323959793079857e-05
10024,2.6988284372132284e-05
10025,3.279642552365548e-05
10026,0.0003489085550548945
10027,0.011495073030872919
10028,0.00017857939752742499
10029,0.9823277045929906
10030,2.527163749392197e-05
10031,4.006478534411005e-05
10032,0.0008799144034210232
10033,0.0002655964459479322
10034,0.0003015107078803929
10035,0.005070160353342566
10036,0.0005536132602092113
10037,7.317687403374807e-05
10038,9.210670475681964e-05
10039,0.0018970381383250738
10040,8.524773147393532e-05
10041,0.001722162802001373
10042,0.0016442703044956715
10043,0.0012850517289802526
10044,0.00014493330853985103
10045,0.00022403055492948302
10046,7.273470863089498e-05
10047,0.00010864776054077493
10048,5.944811805019528e-05
10049,0.0010256897925534005
10050,0.00017839656008116048
10051,0.0001353347135631167
10052,0.00015025927641358454
10053,0.00018995029191566664
10054,0.00018761882672708584
10055,0.00040206735087752743
10056,0.00012177399807226092
10057,5.5623981086734544e-05
10058,0.0003812086367935007
10059,0.0020604360046053735
10060,0.0049779251175153996
10061,0.0013151931566718115
10062,0.0047932172423014235
10063,2.3392535142483213e-05
10064,8.734501712067356e-05
10065,0.0025857276302290112
10066,0.00021772369230051427
10067,0.0005463594076651486
10068,0.0014317383256149372
10069,0.0017733634859151165
10070,0.000892597726092256
10071,0.001028985839673756
10072,0.011194516155524047
10073,0.009478698605869052
10074,2.258357048400354e-05
10075,0.0006390512920727142
10076,0.00036128751820717006
10077,0.0036330516559838653
10078,0.00012838194033513328
10079,0.02873173856954751
10080,4.440878385946724e-05
10081,0.002210676696959387
10082,8.296161933300557e-05
10083,0.00021232280576159737
10084,0.00034783403635141503
10085,0.0002070159398024257
10086,0.000380390035646982
10087,0.00019833098148068734
10088,0.001864385553874082
10089,0.004015312964623413
10090,0.001545290533876539
10091,0.011423269312672462
10092,0.0009776803339597501
10093,4.473345276074096e-05
10094,0.0002426014510018231
10095,0.00010652612281520992
10096,0.0007634388057283897
10097,0.00013421860514496557
10098,0.00026718216365739127
10099,7.075158582545205e-05
10100,0.00019825063477953934
10101,5.7835921961635906e-05
10102,0.0006663747978797686
10103,8.108565887567429e-05
10104,0.00163516188418723
10105,0.020042075424444965
10106,0.000649797225111563
10107,0.0007517396364126954
10108,0.002302732746992562
10109,0.0038371012277401114
10110,0.0002983179210564198
10111,0.00044908753836972156
10112,0.004291186084919031
10113,0.00018900318839774568
10114,0.0041852891993332695
10115,0.011271932155337479
10116,0.0004739207212901034
10117,0.001505873766861875
10118,0.0005932831185924503
10119,0.0002646642518931315
10120,3.5459078814494014e-05
10121,2.4208581949033792e-05
10122,3.39382406721521e-05
10123,0.0009643090470045834
10124,0.0018234421311640998
10125,2.4140584497871896e-05
10126,3.4012820283165535e-05
10127,0.0001230275583015793
10128,3.876568032843237e-05
10129,0.0014667952141678834
10130,8.701246129445608e-05
10131,7.008970646152798e-05
10132,0.009244430711221153
10133,5.115448546194355e-05
10134,0.0011471245089403272
10135,0.02200800222833499
10136,0.016231424335430115
10137,1.899621966733615e-05
10138,3.428859530414211e-05
10139,0.0007606677953584108
10140,0.0003532561363984141
10141,1.81284680299259e-05
10142,3.2944136508369104e-05
10143,1.5746791675679658e-05
10144,0.00010482347878132108
10145,0.0024990124036107365
10146,0.001900165722638869
10147,0.0007540020655550325
10148,0.00042083214405014323
10149,0.0001784334375332299
10150,2.1662462794690168e-05
10151,0.0013386142256791617
10152,0.0012074512053646194
10153,0.032171123413651206
10154,3.825611945691892e-05
10155,5.46221195849723e-05
10156,3.573061356767841e-05
10157,3.0251661831208173e-05
10158,0.000111284523115412
10159,3.0763908453389246e-05
10160,0.013886470895521755
10161,0.007728037087848845
10162,0.0002451767518657239
10163,0.004413439615238944
10164,0.010882632615885134
10165,0.0027684092494745624
10166,0.004827041588164232
10167,0.002650285007442247
10168,0.00032753148678697867
10169,4.7198304432498034e-05
10170,0.0024263016177419874
10171,0.0010991398458575473
10172,0.00012076255236462407
10173,9.151654970974296e-05
10174,0.011327733622509864
10175,7.829031091972181e-05
10176,0.0030650798586477805
10177,0.0010228930513686472
10178,0.000809966800959637
10179,0.0005649593712883868
10180,0.00011020365680961282
10181,0.0003868370718984364
10182,6.630349557170088e-05
10183,0.006393930650842784
10184,0.00974412965583982
10185,0.001042197104466037
10186,0.00013479970183528822
10187,4.4367046567125865e-05
10188,0.001524718469383345
10189,0.0003526415619580875
10190,0.0024944580939980114
10191,0.0004125408701304402
10192,0.0023418653117500006
10193,0.0014066821958077327
10194,0.0016137190356006737
10195,0.0035762479077636874
10196,0.0006441507069195893
10197,0.00014747821365629997
10198,0.003111339130194767
10199,0.0025860434561519254
10200,0.026025613089752125
10201,0.0009825939918149
10202,0.00041820886515432686
10203,0.00029771197030932983
10204,0.00041665965182909016
10205,6.613576294272243e-05
10206,0.03193804964119222
10207,0.009128135501043976
10208,0.0013403751017439835
10209,0.002679439065504393
10210,8.289735931489978e-05
10211,7.328292854279924e-05
10212,0.0005354404821070833
10213,0.0004042460128325292
10214,0.015955432071650698
10215,0.019182837231762614
10216,0.0017173926175545477
10217,0.0006542372957249767
10218,0.0003207017615830397
10219,9.483128598752773e-05
10220,0.0004827853714737244
10221,0.0005441297868623745
10222,0.0033112401573703125
10223,0.004861562724621524
10224,0.0014913578428018763
10225,0.03727434582374767
10226,0.00045597987297840166
10227,0.00032274041669848525
10228,0.0015519379254118914
10229,0.00036046824306042527
10230,0.0019150038365335176
10231,0.00020367667135605763
10232,0.0001413723704273766
10233,0.0013665663763419962
10234,9.652598943472616e-05
10235,0.0007713725309691185
10236,0.0005517373540836377
10237,9.355569757488731e-05
10238,0.0009071926173995768
10239,2.5767978745176332e-05
10240,6.239164286787573e-05
10241,0.000776776893011932
10242,9.460743532239255e-05
10243,0.009923763166225234
10244,0.03269135180944324
10245,0.0008939230458389211
10246,8.557895397643776e-05
10247,0.0025917802130781967
10248,0.000162061669022084
10249,0.010207740520307774
10250,0.050202967730299405
10251,4.093266651415455e-05
10252,0.012233727243613324
10253,0.00017410662694812784
10254,0.0053521535748079
10255,0.019138473079033963
10256,0.0002948721988950507
10257,0.00017438723207090977
10258,0.010133494127058901
10259,0.03970740855268773
10260,0.0011334355153868113
10261,0.0015138111073245701
10262,0.0005130385955014344
10263,0.0030742480782343117
10264,0.000171815179071685
10265,0.0006740015083120216
10266,0.0007954453076427514
10267,0.0001490444602116513
10268,6.052345024373472e-05
10269,0.0009246633135900075
10270,0.00016451588172626433
10271,0.00029227191010862825
10272,0.0003584799664788224
10273,0.00158115185449475
10274,0.004296928742013172
10275,3.059466614143993e-05
10276,0.0009814313101961989
10277,0.00014625270482634617
10278,2.3372256722402924e-05
10279,0.0004855698864370516
10280,0.00035391120527921577
10281,0.0002708162796814256
10282,0.0023000443155347635
10283,2.211064191944205e-05
10284,0.00011344498821107447
10285,0.0036735560919361684
10286,0.0019105963603830785
10287,0.0005530444114244644
10288,0.002177232358221534
10289,0.006195848029250322
10290,0.0001309967095003304
10291,0.00011795265641475796
10292,0.0014166639585932589
10293,0.005506222806958614
10294,2.3088381493634337e-05
10295,9.675287914957403e-05
10296,0.000939497285441376
10297,9.718026418157486e-05
10298,0.0011289821948850336
10299,0.0011582628671036569
10300,2.922794035336552e-05
10301,3.229043498236428e-05
10302,0.003595269277931922
10303,0.00045818015964135453
10304,4.91011472505083e-05
10305,0.007647504291310276
10306,0.00037556987569610804
10307,0.00865744497605998
10308,0.0002856736799473391
10309,0.002467458721908831
10310,0.011841167263109407
10311,0.0016500104173165157
10312,0.00024345422206980852
10313,0.00012597421744841948
10314,0.015967736506799557
10315,2.630915042784085e-05
10316,0.0003015240886164315
10317,0.021501880032378042
10318,2.508375403504572e-05
10319,2.4632157692554985e-05
10320,0.00043347729781450194
10321,0.0008411866867419741
10322,0.002518101968019362
10323,0.003195044541290695
10324,2.6245212169213568e-05
10325,0.004607998064253593
10326,0.0018577627923887779
10327,2.1980533540528818e-05
10328,0.0007381773670814592
10329,0.00034276628769069434
10330,0.021069918520963123
10331,0.00110853622576115
10332,0.0049169675650848396
10333,0.0001136035726746815
10334,0.0011305495536022092
10335,0.00030540107231433156
10336,0.0013295124363019602
10337,0.0004825854528515714
10338,0.0020508864629870858
10339,0.0014113718977336687
10340,0.0018017639716661933
10341,0.0001011940875103952
10342,0.0008474064909748169
10343,0.0032614664803289678
10344,0.00010156598389601533
10345,3.5220048671597987e-05
10346,4.2862564673167814e-05
10347,7.111951240789888e-05
10348,0.0012180461774285642
10349,0.0007162915026483728
10350,4.065244140646927e-05
10351,0.00040931181989387836
10352,8.838102358629533e-05
10353,0.022151277174168572
10354,0.0006606185603543395
10355,0.001151239265026399
10356,0.03234676193117874
10357,0.08034469114752928
10358,2.426754404050998e-05
10359,0.0025116051252881124
10360,0.10076381846432547
10361,0.04668043897209238
10362,0.001853088939675341
10363,6.806510228420292e-05
10364,0.001846960536086469
10365,0.0002191555160179214
10366,0.00160816959947067
10367,0.0011666241413252833
10368,0.0018576436116894066
10369,0.0002300039510739548
10370,4.241033712849723e-05
10371,0.0005536045705786273
10372,0.0007738574076489563
10373,0.0002484131484217102
10374,3.1121521373331785e-05
10375,1.8608919636966665e-05
10376,0.0034029136891906473
10377,0.026624933975156306
10378,8.70966246138793e-05
10379,2.1492982254621387e-05
10380,0.0004569482249494721
10381,0.0022995392565623956
10382,1.9899270395652592e-05
10383,0.001260110261979283
10384,2.675384428032927e-05
10385,6.212317248564176e-05
10386,0.000273604311357136
10387,0.00044866408400818315
10388,8.12733967962607e-05
10389,5.0854961202370476e-05
10390,0.0005228600288168763
10391,0.00031623134901512544
10392,0.022339310745466093
10393,0.0012243408163214846
10394,0.00048624297553928706
10395,0.003282466503637376
10396,0.0011026493027733134
10397,3.417345678285265e-05
10398,0.0001709687545533659
10399,2.416840410685907e-05
10400,0.003521075967925562
10401,0.005495973576012221
10402,0.026265368223879017
10403,0.0005601178041023418
10404,0.002314782799331676
10405,0.0015914338915462099
10406,0.014527381343874574
10407,0.004584075856309335
10408,3.112297608584215e-05
10409,2.3718760134062847e-05
10410,0.00019571754750373206
10411,0.0006189288871849021
10412,0.000707863113984542
10413,0.00010038217503032848
10414,0.0006401160278655339
10415,0.0003206418942984321
10416,0.0012929553112288467
10417,0.013724651257482947
10418,2.4633786744758936e-05
10419,2.7516323652748318e-05
10420,2.517768351185554e-05
10421,6.088123561744873e-05
10422,8.332070125778613e-05
10423,4.4650327965387644e-05
10424,0.008257804435539792
10425,0.0002686829542726084
10426,0.0002545042982268216
10427,0.00036733688233641786
10428,0.0024161306053055408
10429,4.663186321521894e-05
10430,0.002267634834062162
10431,0.0012602523192280699
10432,3.7323005670554746e-05
10433,0.0008178751169841195
10434,0.0007821223541803412
10435,0.0001525061740415107
10436,0.0001404637803349769
10437,0.00024941880914579844
10438,3.957692494962433e-05
10439,3.3645172232018056e-05
10440,0.00026113695554584387
10441,0.00021391459391719675
10442,0.007562160818222002
10443,2.3791487416811678e-05
10444,7.500821217675327e-05
10445,0.0018162900034915871
10446,3.6713265847532816e-05
10447,0.00013647818849510116
10448,0.0009015078975302144
10449,0.000200412171676852
10450,0.0006507285880730998
10451,0.0037143004314724934
10452,0.001225415843077291
10453,0.0029149759733203516
10454,0.000432701645917835
10455,0.000670150757365038
10456,0.0686107540331287
10457,0.01156819601505103
10458,0.0016209171298642306
10459,0.000454703758173182
10460,3.095319091228912e-05
10461,0.003398748279316505
10462,0.0037879195997013114
10463,0.00019725222715394385
10464,0.00019159963549422146
10465,0.0009943340666238507
10466,0.001957230088313601
10467,0.009120323661844136
10468,0.00021678058340714946
10469,0.0015674019308460606
10470,2.7684462257464238e-05
10471,0.0007196634615020839
10472,0.0006857242191506452
10473,0.0013088736327089058
10474,0.0005229064663841835
10475,0.0006483600731209595
10476,0.01926061727929277
10477,7.63720438000521e-05
10478,0.0009759234835914083
10479,0.00015892571067695254
10480,0.0006358218561256102
10481,0.0003012014894810229
10482,0.0006546901760649722
10483,0.0015281816269156995
10484,0.0002555508772859059
10485,0.00030194138959940977
10486,2.1564803382082673e-05
10487,3.176028540678926e-05
10488,0.0024142077568728272
10489,3.29542641278902e-05
10490,7.656275477139991e-05
10491,0.01142312558680425
10492,0.0016248518385114045
10493,2.2237544265788353e-05
10494,3.1568290497563376e-05
10495,0.0002451611638196671
10496,0.011858531503379519
10497,0.0001544824920173738
10498,0.0007764310663317855
10499,0.0011731165986925743
10500,0.0006147339369479878
10501,0.0009968598433077506
10502,0.08421251733033598
10503,7.614315274355475e-05
10504,0.0007023866107285884
10505,0.005620075718114154
10506,0.0008828211502359707
10507,0.0007857739167197531
10508,0.0046118868522212605
10509,0.0004507915531437536
10510,0.0003806992121606118
10511,2.962028180270743e-05
10512,0.00017166697173694336
10513,0.0002587573395064529
10514,0.006535690455862224
10515,0.0008071451622064053
10516,0.3436709267113625
10517,0.001947612820414393
10518,0.004460374776795597
10519,0.004104695849133125
10520,0.006381067821548301
10521,6.787319703140233e-05
10522,4.056212020125852e-05
10523,3.094558644027264e-05
10524,0.0007670994953143514
10525,0.001866498561586425
10526,0.004679108528828799
10527,0.00041777846702543487
10528,0.00015268502965045476
10529,0.0019165448919202925
10530,0.005906139856762839
10531,0.011533591444220408
10532,6.0316147375747805e-05
10533,0.00010767947190199576
10534,3.104589738390614e-05
10535,0.0005429975448055358
10536,0.0007725813202255602
10537,0.00010965473462152349
10538,0.0003963465166105237
10539,4.3627805543030305e-05
10540,0.0002916211297742359
10541,0.0001872653462819052
10542,0.0009180686303461069
10543,0.0019985243968770757
10544,0.00140056794098584
10545,0.00011913007660279474
10546,3.419595727951985e-05
10547,7.970918263738757e-05
10548,0.00075000639988566
10549,0.000137237995490863
10550,8.236617792718444e-05
10551,0.00015704762290588492
10552,5.3745761284471377e-05
10553,4.659691858602754e-05
10554,0.0004726501473290131
10555,0.0008708740553058372
10556,0.0006552446791448892
10557,0.004474162548562035
10558,4.6100724139535196e-05
10559,7.968948072714277e-05
10560,0.0008976452345564933
10561,0.0004971457138385701
10562,0.00011965394300238923
10563,0.0002880227651311893
10564,0.00018116092040979342
10565,0.010010508189982632
10566,0.00011276531183033798
10567,0.001783920558304155
10568,0.0011235610046250357
10569,3.430757207745413e-05
10570,5.553981319441714e-05
10571,0.0006198163387612237
10572,0.0005687819877200102
10573,0.0008239313644725417
10574,5.881832074365393e-05
10575,0.00016429070565320843
10576,0.0007072071885630294
10577,0.00019988854737487674
10578,4.600711903297038e-05
10579,3.3056585351353593e-05
10580,0.0016823086709393514
10581,3.1654700511595276e-05
10582,0.0010536932872914236
10583,0.0006825891747612991
10584,5.977319285067072e-05
10585,0.004882971713803851
10586,0.0028238010357486136
10587,0.0003995716313843883
10588,0.00048032202303271694
10589,0.00046824409610899206
10590,0.0008094489983454264
10591,7.955467052368046e-05
10592,0.013496040243291124
10593,0.0008747873965987207
10594,0.0029315405526800275
10595,0.0002075278996827654
10596,0.000142451062768912
10597,0.00021556408886841898
10598,0.000979895299045613
10599,8.650397982697721e-05
10600,8.27556510399076e-05
10601,0.0002462330662196184
10602,0.03543641116005943
10603,6.251051806752261e-05
10604,0.0017729587689568344
10605,0.00023457427638580024
10606,0.000693247740078249
10607,0.002106738629301241
10608,0.002696160436285612
10609,0.0008626663108984368
10610,2.6728967277407662e-05
10611,2.9664015995618705e-05
10612,5.801201001489468e-05
10613,0.0002413486464338097
10614,0.002091671841027419
10615,0.0018371933577982836
10616,0.009069547036539916
10617,0.0001567182671512719
10618,0.002637992107139009
10619,4.2519362461599245e-05
10620,0.0033809658261478763
10621,0.0029039388935483755
10622,0.009310166091526087
10623,0.005473935060353967
10624,4.1447049426090294e-05
10625,0.0018797317978387525
10626,0.004124280845508509
10627,0.0009405445039412953
10628,0.8587242200929792
10629,0.4758905736627777
10630,0.0001623070312901147
10631,0.00015900371993441862
10632,7.472282614437651e-05
10633,3.1359287882236505e-05
10634,0.00030672334823080043
10635,0.0006126137986019349
10636,0.0005537208620162908
10637,0.0007299767602121451
10638,0.0002945161998286722
10639,0.08087486390374685
10640,0.02454347588826999
10641,0.0004192029093001028
10642,0.014461090224434139
10643,5.479810117715295e-05
10644,0.00968425970217603
10645,0.049828207341347346
10646,0.00015699475009459848
10647,8.576827548419418e-05
10648,0.0002532129420767598
10649,0.0009796532556612637
10650,0.0007149496677989758
10651,0.008571191709196308
10652,0.0004705390266503401
10653,1.5165780431861315e-05
10654,0.032868580340165085
10655,0.001796994006524234
10656,0.008065200357451589
10657,0.01045545529537788
10658,0.0003215975249232242
10659,0.001892500402232118
10660,0.0005759244671926887
10661,0.0001602122020967919
10662,0.021044273070573105
10663,2.9667129733765186e-05
10664,0.0009219443954489317
10665,0.0007461915638825466
10666,9.386945719163766e-05
10667,0.0009034813130554712
10668,0.0004533661935279216
10669,0.0018350618332460956
10670,0.0016014609993542863
10671,3.169474590060006e-05
10672,3.6813597758019e-05
10673,0.0008691971395384148
10674,0.001762832048679152
10675,3.868079516372188e-05
10676,0.0039171123656207155
10677,0.00034976404041788873
10678,0.0005361477658797533
10679,0.00043434375619860543
10680,0.00027174042833613286
10681,0.007304402884231831
10682,0.002966214888736343
10683,0.9924277670624205
10684,3.808756292751687e-05
10685,0.006107845903286743
10686,0.004796875768651829
10687,0.0006177020729939491
10688,9.198388498398458e-05
10689,0.000835356008364695
10690,0.0007110218064175478
10691,0.00021811504326164796
10692,0.0002216536942709651
10693,0.0017452733179375076
10694,0.0008510664075988522
10695,0.003213308802038621
10696,0.0009106532809529024
10697,0.00032797475639479
10698,0.0028673521976153053
10699,2.380853467809926e-05
10700,0.0005043541755361189
10701,0.0009247280864193117
10702,0.0009285551251603716
10703,8.967176320175917e-05
10704,0.0002211053299287093
10705,0.008527283984688128
10706,2.1217934916729297e-05
10707,0.002252064875230191
10708,0.0001473253882939149
10709,0.0006489397616337056
10710,0.00015264430991021802
10711,0.00030823948689357925
10712,0.00035431771955088994
10713,7.346287808003567e-05
10714,0.003999548316272156
10715,0.0009735915748642819
10716,0.0023828907097293815
10717,0.00022401597609957336
10718,0.0044333078970938845
10719,0.016680142452311586
10720,0.00035382939066105066
10721,0.00016924209957378545
10722,1.9160385974384675e-05
10723,0.0019894669343524657
10724,0.00012252824518868468
10725,0.00017448620073801986
10726,0.00021020493887569363
10727,4.076279291448783e-05
10728,7.452828630677582e-05
10729,0.0030996726406463167
10730,0.0020321393980829348
10731,0.0036747970135336287
10732,0.002064149049798263
10733,3.982752594552261e-05
10734,0.00027846521918725557
10735,0.0006162749621615723
10736,0.0006078990484416392
10737,0.00029966426200646936
10738,0.038291432636409814
10739,3.642616939927842e-05
10740,0.005886614914946261
10741,0.005935942148243585
10742,0.00131734032063539
10743,0.0017622964179243705
10744,0.0015829494322453798
10745,0.0008928329815884936
10746,0.0001319975213237675
10747,4.119165594393971e-05
10748,0.0001642334026229322
10749,4.342084361109466e-05
10750,0.00037923286893097694
10751,0.006067238195834133
10752,0.0007213091316763946
10753,0.0005024714563117926
10754,5.3302157567893655e-05
10755,0.00010035120306799534
10756,0.008628880140804252
10757,0.003946694837098032
10758,0.0022570984636882284
10759,0.00044247349050688373
10760,9.190522866223023e-05
10761,0.0002793550135783163
10762,0.00011907497942152144
10763,0.00013363678865464294
10764,0.0002734266140083133
10765,0.00023764043422631415
10766,0.0005484008774446199
10767,0.0001927675665623875
10768,0.0007248441765449897
10769,0.0007913487044545377
10770,0.0008382436596721348
10771,0.0002036759955120223
10772,0.00040499435862602194
10773,0.0012989027606661236
10774,0.0006568633617977593
10775,0.00886647551115734
10776,4.706864552465177e-05
10777,0.00029298502868829236
10778,0.0002578708853327876
10779,0.040547886967332594
10780,0.0006134870540097476
10781,0.0001407836493734766
10782,0.00021239198342447438
10783,5.644434471319609e-05
10784,0.0005827844756019641
10785,0.004116811019431536
10786,0.0006696512358495588
10787,0.0024271646106068844
10788,0.0019069166798557139
10789,0.002748501262545942
10790,0.00012117328584457907
10791,2.0331544210732555e-05
10792,3.570640866977278e-05
10793,0.0007550475931206639
10794,0.0037255939986820057
10795,0.0003645825509712441
10796,5.9144627243673344e-05
10797,5.608605658818638e-05
10798,0.00086874254770836
10799,0.009582534526874863
10800,0.002627822606161147
10801,0.0002811447092251884
10802,0.00024537920034885057
10803,0.03229788487303977
10804,0.011232716107516529
10805,0.0009473383819450648
10806,0.00136156933641282
10807,0.0009672565589772198
10808,0.0003109073968925691
10809,0.027435525600541133
10810,0.003843764703964148
10811,0.000621939786834779
10812,0.0003471750284992066
10813,0.0007100704080502025
10814,0.003369918439758523
10815,0.0011599039305977563
10816,0.00014954270110405086
10817,2.495980754344675e-05
10818,0.0005160214537924075
10819,0.00012821327306141122
10820,3.787669859009052e-05
10821,0.0002335440753219638
10822,0.0007783163104986312
10823,0.0019986127550233636
10824,0.003408251936537561
10825,0.00041766733655347263
10826,0.0005325969515483778
10827,0.002028613137627078
10828,0.002096762311792215
10829,0.0006246589435753593
10830,0.00376277468850883
10831,0.00048666633390431096
10832,0.0003275573557989265
10833,0.0002852987607820638
10834,0.0003476708462869132
10835,9.140931446122487e-05
10836,0.00045835359833449913
10837,0.0012060295868151737
10838,0.00460729872359458
10839,0.001210499675103091
10840,0.041504051703252304
10841,0.0004371415403854947
10842,0.011440640156509035
10843,0.0013222853607551543
10844,0.0005816674719857036
10845,0.0015916794752743064
10846,0.0015574900801271707
10847,0.0008739484127614985
10848,0.006774499830901929
10849,0.024487088148321096
10850,0.0008679125843914076
10851,0.0014272192316544326
10852,7.851309174171736e-05
10853,0.00025453999672581915
10854,0.00063428426744479
10855,0.0002366918986011888
10856,7.557978410641005e-05
10857,0.00010503629162905066
10858,0.004357100384151036
10859,0.0001213374911746251
10860,3.194919732599856e-05
10861,0.00627308597596275
10862,0.0002392794313148577
10863,0.006221890787113117
10864,0.0039221226801938285
10865,0.0005745523279111626
10866,0.00021566938294201562
10867,0.006800717298030894
10868,7.053394312671724e-05
10869,0.00014502643860469727
10870,0.0008569001018411003
10871,0.008181954078943125
10872,0.00019214848520494104
10873,0.0021106281559909856
10874,0.0001758765544134145
10875,0.00727617637981399
10876,0.0002746485989086146
10877,0.0003523915768880442
10878,5.32067124013648e-05
10879,0.0002621564878772278
10880,0.001194656734391844
10881,0.00015817721755068947
10882,0.02902748970422982
10883,0.00048138454190310953
10884,2.6747567496199145e-05
10885,0.002264820657086883
10886,9.082228824959413e-05
10887,0.004877891569268308
10888,0.0003178017739576663
10889,0.001034640538237009
10890,3.6953743887878986e-05
10891,0.007152085874458629
10892,0.0018743969842452434
10893,0.00114926858475525
10894,4.319421183611234e-05
10895,0.0001339134468168473
10896,4.37720572187791e-05
10897,4.349095569770402e-05
10898,0.0016063902136958005
10899,0.07351529685704969
10900,0.0004885650439792478
10901,0.003131429925737815
10902,0.0004714295683298442
10903,0.0007868000657173387
10904,0.0015186206752720532
10905,0.0057154368936228415
10906,0.002879980398357111
10907,0.0001373680384484183
10908,0.0012811410113230618
10909,0.0025188616402035424
10910,3.4219233513932975e-05
10911,0.0010177973068853032
10912,0.006237180618036606
10913,0.00012096458032918376
10914,0.0003491374171894968
10915,0.0018248428989589825
10916,6.577498743788634e-05
10917,0.0009958788356985901
10918,0.0012390806801038956
10919,0.004805894094883167
10920,0.00034866971971049185
10921,0.001318768910597719
10922,0.1341441838058807
10923,6.400438345783376e-05
10924,0.004318621222463759
10925,0.007308123188432561
10926,0.013739293994824143
10927,1.776097319162345e-05
10928,0.00043601640375090826
10929,0.0012595533203579028
10930,0.010830946431783303
10931,0.001347544323797143
10932,0.0004984363103696127
10933,0.00024194148340876868
10934,0.0010453610668712458
10935,0.00013296877914421043
10936,8.092225382049347e-05
10937,0.00026866414813679287
10938,0.0003643028152176117
10939,0.00011763213925802403
10940,0.0003861273114186466
10941,0.0002784303473166027
10942,0.0005915892444532528
10943,0.0011708182183244138
10944,0.001615009436480332
10945,0.00036554960429634864
10946,0.0008740628648620373
10947,3.706137266094832e-05
10948,0.0028435866995241495
10949,0.0042224084820412415
10950,0.000415988223156555
10951,0.0011113459627045727
10952,0.006510368824549512
10953,0.013176701587531203
10954,0.00014970083308759333
10955,0.00013444160303334438
10956,0.004002228267133513
10957,0.007758149979796495
10958,0.00047854481887803224
10959,0.0011929852888963983
10960,0.0002805241012788379
10961,2.6277488028609643e-05
10962,6.122792977767181e-05
10963,0.0009851085049577767
10964,0.00010178439893140106
10965,0.0010894310969822639
10966,2.553298637561562e-05
10967,0.8164467654551091
10968,0.00019445368164250094
10969,0.000813627115952934
10970,0.0003619677663602547
10971,0.0009245652236759376
10972,0.0006330157225141167
10973,0.0003804774217621913
10974,5.909999618544997e-05
10975,0.00022638215116379062
10976,0.0025074207907057394
10977,0.00656704356649844
10978,0.007486034096524144
10979,0.8982642455738221
10980,0.0044140776294734774
10981,0.002529332322532683
10982,0.000556691952990345
10983,0.0007352496393156174
10984,0.02362285653439209
10985,0.014088486005066955
10986,0.0004325996928041316
10987,0.000483424778155419
10988,0.0002024764500321374
10989,0.0007669916453469053
10990,0.0016148023977904196
10991,0.0013887908726165042
10992,0.021992061307234082
10993,5.836185169880349e-05
10994,0.5482239285302929
10995,0.0003767857640368757
10996,0.07323855347010667
10997,0.011311929564240254
10998,0.008774092924316851
10999,0.00010152795851175321
11000,0.00015118805787153487
11001,0.8283933590848424
11002,0.005657895758517368
11003,0.0005232750349115844
11004,0.00010818803407185148
11005,7.06579964568383e-05
11006,0.00044625097365993136
11007,0.0020401730898034626
11008,0.00034650700557320273
11009,0.004403885239484979
11010,0.005427781219978035
11011,0.0007595411971756808
11012,0.00032051159622127807
11013,0.0012150674505585941
11014,0.00011450764275543765
11015,2.899449998991544e-05
11016,0.0034209899963775514
11017,7.203095511833796e-05
11018,0.00035389419173403506
11019,3.3620259746504504e-05
11020,0.0007433464182963587
11021,0.00011526186493697115
11022,4.89547610420454e-05
11023,6.555927504674607e-05
11024,0.004030843194320851
11025,0.0029895672284399057
11026,3.1158617246985134e-05
11027,0.002072416755444025
11028,0.00018542252586801954
11029,0.0003485234167114124
11030,0.00029725765613730984
11031,0.0005460778391868837
11032,0.00031169693844145067
11033,0.4209238068235875
11034,2.352931880379924e-05
11035,0.0010010841195515568
11036,0.0008370020050082119
11037,0.00010552125552394129
11038,0.000708292228950433
11039,0.0027073968778991084
11040,0.00010300372276826409
11041,2.955708650174787e-05
11042,3.911805731979654e-05
11043,0.00027095016360497614
11044,0.00046896474818327986
11045,8.092798725476517e-05
11046,0.133018605809133
11047,0.00040247407611211373
11048,0.0007265095572505145
11049,0.0037457692182283247
11050,0.00032420945381577624
11051,0.0002083594206623381
11052,0.002285910674952217
11053,0.00040943880308475216
11054,0.0009700740476604963
11055,0.015668086741658947
11056,0.0024920608467941586
11057,0.00413628469511344
11058,0.00011208803516297178
11059,0.0007299009456772077
11060,0.0009251440789936182
11061,0.019458529780455334
11062,7.288586214461028e-05
11063,6.116079506541969e-05
11064,0.00030773443047390255
11065,0.005431698728067904
11066,0.0007612793988269991
11067,0.00039994709768470266
11068,0.0017114591051690703
11069,0.003310916710459917
11070,0.009011827306651373
11071,0.018328757860080907
11072,0.00013068981702446007
11073,0.0022899736035572197
11074,0.0010520960733988436
11075,0.0005320161423016862
11076,0.04928606579581752
11077,9.179103734705004e-05
11078,0.00013219093886596131
11079,0.0011067907062972614
11080,0.000530611927243309
11081,8.385748619612346e-05
11082,0.0002574487154324329
11083,0.004455236233998664
11084,0.00011674525817537938
11085,2.8576762749270305e-05
11086,0.0009303804881149725
11087,0.0022857580356170663
11088,0.0014543664699828475
11089,0.0014533709743798987
11090,0.0006050348637454264
11091,0.006214205863698992
11092,0.0033329193051352428
11093,0.0010576726861760137
11094,0.0014269050801076037
11095,9.820198796594146e-05
11096,0.2379082429247406
11097,0.00023293780860019278
11098,0.0002592744051524476
11099,0.00016939674573757498
11100,0.0002886357143775596
11101,0.0055440256966598645
11102,0.0003654584978125803
11103,0.0007189029147535364
11104,0.001197707272287432
11105,0.0003903545571887713
11106,0.005218055727164297
11107,0.0014708627148377743
11108,0.024282263438068392
11109,6.222705328546407e-05
11110,0.02057668350844787
11111,0.0002553561779424228
11112,0.016587016746164446
11113,0.0004449594180125119
11114,0.00040315668573170986
11115,0.0008047062662877615
11116,0.00047523873805910424
11117,0.004121602289125335
11118,0.0006511522240306838
11119,0.009466212571397526
11120,0.02791801652451374
11121,4.010821890155571e-05
11122,0.00026542191155477367
11123,0.0011612186610078107
11124,0.0015050200391376585
11125,0.0035568103413856243
11126,0.0020664437105745595
11127,0.0007503988675172961
11128,0.06528880961490853
11129,0.000584644538639549
11130,0.0002797425390551192
11131,0.00047639746411149065
11132,0.0010642164001975149
11133,0.002530665255643101
11134,0.0005636042879077035
11135,0.03181499918713732
11136,0.07783409980042791
11137,0.00028834441088518547
11138,4.303887855038714e-05
11139,0.0003125136014028676
11140,0.007917192158096352
11141,0.0018575912844895257
11142,0.001543715105726133
11143,0.011759248190615449
11144,0.000363458504798473
11145,0.00020062832113321264
11146,0.0008368397741630324
11147,0.0017822729387667168
11148,0.00040127650356700813
11149,0.0002140449720694888
11150,7.309429621490425e-05
11151,0.0016182605428992102
11152,0.017500158687621423
11153,0.0006207941585249637
11154,0.0027269535820267305
11155,0.00011018404254832363
11156,0.0009041181793213619
11157,0.00011614017343631508
11158,0.0056018270012609195
11159,0.0028203985934304133
11160,3.9091630972534945e-05
11161,6.138968636825812e-05
11162,3.5064497832940556e-05
11163,0.00024260850263918592
11164,0.0001906064375817841
11165,0.00011053633902331811
11166,0.00037067050624098416
11167,0.000284324914528506
11168,0.0001598223408622455
11169,0.00014260873237265266
11170,4.796744787239748e-05
11171,0.03819526054121851
11172,7.192862056689131e-05
11173,0.00015672357221564672
11174,0.00206306714666036
11175,6.0709086089476616e-05
11176,0.0011092780837106474
11177,7.444648171602869e-05
11178,0.001141220656291292
11179,0.00010092338423374684
11180,0.0001059239543159414
11181,0.00018992418403694598
11182,0.0004965939928781501
11183,0.004132541266143366
11184,0.0003655289406939455
11185,7.088144711803509e-05
11186,0.0013197503825706758
11187,0.02759389597275449
11188,0.00037938018383248685
11189,0.00018484983504593917
11190,7.491048637991323e-05
11191,0.0027675198417521
11192,5.881788026190783e-05
11193,7.469517078766327e-05
11194,0.001210951382838995
11195,0.004480185704173464
11196,0.0002317189461550655
11197,4.606717281295868e-05
11198,0.001269994281933392
11199,0.0009881819547096788
11200,0.0009531312124917895
11201,0.0003437157411285855
11202,0.0018460315080233106
11203,0.0008411445986967676
11204,0.00017515382854980921
11205,0.0015316685369770472
11206,0.04113001122483957
11207,5.067960700533633e-05
11208,7.628929679812827e-05
11209,0.001891959053811779
11210,0.00020378849132243428
11211,3.272766634154478e-05
11212,0.00015135509592892368
11213,0.0001140491860339808
11214,0.0002624467403525006
11215,0.0002527695940311102
11216,0.0001293876971899131
11217,5.812565580329513e-05
11218,0.0006919291403658731
11219,0.00011872932260618128
11220,0.004073900811794625
11221,0.02636882286141562
11222,0.00039406870405088717
11223,0.00033009484550302405
11224,0.0010296640229348123
11225,0.0026799389639938945
11226,0.0005477102815396306
11227,0.0009411864640859489
11228,8.834102372964648e-05
11229,0.05094466486216263
11230,6.194082302681065e-05
11231,0.00023625034371580026
11232,0.006250728432039802
11233,0.0002728688225924098
11234,0.0001822068648938438
11235,4.5133310079857356e-05
11236,0.00037631839870309387
11237,0.0010932470456386277
11238,0.0012471688018387565
11239,0.000857287204850157
11240,0.00013016016075996446
11241,0.00022680877602188873
11242,0.00024674596439592497
11243,0.000233779747689821
11244,0.00010347607637458615
11245,0.00014919045666437656
11246,0.0027325227433832866
11247,0.0018638831432257323
11248,0.0007504816521619982
11249,0.0014766456365278495
11250,2.788052903281879e-05
11251,0.0034548380838800587
11252,0.00013886481311178666
11253,0.004432410792328477
11254,0.0006665301281449499
11255,2.3140360935577618e-05
11256,0.0004473134847856099
11257,0.00642142458374125
11258,0.0003809996537889012
11259,0.0014838071112174786
11260,0.0019058499263550088
11261,0.004054930684204693
11262,0.010798754204664907
11263,0.00018298144555741928
11264,0.00014499354665930766
11265,0.002658559271650052
11266,0.07699448765377051
11267,0.005311785979334666
11268,0.0027315072701774253
11269,0.00020625696404233577
11270,0.0003153422664961394
11271,0.004376767138718318
11272,0.0033184270790477892
11273,0.0004363358171140815
11274,0.0039049598583590223
11275,0.0043789822565196155
11276,0.002122062076871217
11277,0.0011148944318851194
11278,0.014509843853950192
11279,4.0254162273361196e-05
11280,0.007111514328584123
11281,0.010333174052721028
11282,9.136557455047189e-05
11283,0.00047915082196825205
11284,0.0005668079349893514
11285,0.0011574948864152724
11286,7.856573727214235e-05
11287,0.00011766693054434505
11288,0.000463216742177337
11289,0.0005137327756961969
11290,5.5295067505548004e-05
11291,0.00107288438262594
11292,5.672174777141798e-05
11293,0.002599958367749863
11294,0.00045374690104022343
11295,0.0002061624416716295
11296,5.553439219324214e-05
11297,0.0015959423400382477
11298,0.10658250011039157
11299,0.0008719514873453871
11300,0.0014672548740341498
11301,0.014462415648850747
11302,0.00034370825106284724
11303,0.00040647537259082126
11304,0.0019147862406142216
11305,6.370103556730995e-05
11306,0.003311986054675894
11307,0.0026678800129551687
11308,0.0013255011493729396
11309,3.025314766884785e-05
11310,0.0007476548572274037
11311,0.003095913728460876
11312,0.0002469073318455041
11313,3.0707938804421296e-05
11314,2.8516467515192093e-05
11315,0.00020898103700454858
11316,0.000508229171990186
11317,0.004540198839749803
11318,0.00019312212171658554
11319,0.0018597402423237575
11320,0.0005890220584347468
11321,3.284299045233894e-05
11322,0.027544758947298402
11323,0.0008017727141885776
11324,0.005492565627139246
11325,3.6435682660378136e-05
11326,0.0030466513582714837
11327,0.00010336917262773919
11328,0.00021277995218279698
11329,0.006340110721955621
11330,6.770619137198006e-05
11331,0.0023567926733565263
11332,0.013685546079695899
11333,0.000843396791405757
11334,0.00017416385089425308
11335,0.0001416423611263011
11336,0.0008000688767233607
11337,0.06696335843391978
11338,0.0018103085503800784
11339,0.0005021925103084012
11340,0.0004065917510798608
11341,0.0011349158704950816
11342,8.800376577285491e-05
11343,2.8579388948031926e-05
11344,2.940266414646975e-05
11345,0.00035678519089527114
11346,0.00038824904610419936
11347,0.0004022266726533259
11348,0.00026182396079089064
11349,0.00024755089908626234
11350,0.0021076589878432986
11351,0.06544408833819479
11352,0.003201079106130017
11353,0.001958041355824125
11354,0.0008139346242839712
11355,0.0018524995893283293
11356,0.00039461823909883113
11357,0.0007017292278143927
11358,0.008320683104669956
11359,0.0006948551029046827
11360,0.0030151359035165658
11361,0.0001142086096843559
11362,0.0018239288563977399
11363,0.0009192232057321361
11364,0.0012686249676673066
11365,0.0002761330225026816
11366,6.555525964372882e-05
11367,0.0028373602359170933
11368,0.001465416222522018
11369,0.005200673919379999
11370,4.3336610654518034e-05
11371,0.00026077798047360363
11372,6.655564523276231e-05
11373,0.000347750707375598
11374,0.0003753531786689228
11375,0.0060740466304307576
11376,0.000808183380977474
11377,0.00024694193296036595
11378,0.00015277508235067827
11379,0.00030967280496461833
11380,0.00016010620804642707
11381,8.771520815031926e-05
11382,0.00038805671000220244
11383,0.00027313267223202215
11384,0.0006783608217993055
11385,0.0010139589295019911
11386,4.992968344824574e-05
11387,0.0028676666947593556
11388,0.06115196894741204
11389,0.002764377514078055
11390,0.0019956737471647007
11391,1.999815648095725e-05
11392,0.0003338122644801859
11393,0.003669190992057815
11394,0.00273400527936726
11395,0.00010066014976723703
11396,0.0015064688461828095
11397,0.0005242248490831458
11398,0.0076364979113231505
11399,0.0005441590627629459
11400,0.00040357589731697554
11401,0.00015202990888325867
11402,0.0001169140251565787
11403,0.0006842735650265775
11404,0.8729393680807489
11405,0.10652414243528259
11406,0.0003421485858861088
11407,0.01716903523368878
11408,0.0030686550507272956
11409,9.533768730734068e-05
11410,0.00046413559318636045
11411,0.00029570341031533984
11412,0.0022898367298463717
11413,0.010964299455607599
11414,9.378159535823473e-05
11415,0.002345258133852322
11416,0.0007609171753007277
11417,0.00017613419006037395
11418,9.449862323630497e-05
11419,0.0002321495247197424
11420,0.000341623938577689
11421,7.221808208913932e-05
11422,0.0005549905730600677
11423,0.002926686743546463
11424,0.0005754422553477985
11425,7.531871418901889e-05
11426,0.0006122639038131378
11427,3.626834308071899e-05
11428,0.0004595783828510296
11429,0.0006944994491662705
11430,0.005364431453567388
11431,6.351425270202588e-05
11432,0.007697165205267406
11433,0.002089681152377289
11434,0.0008158025739023892
11435,0.00031281144654805604
11436,0.00032394139766767733
11437,0.00010675539433453551
11438,0.004358875210076184
11439,0.008820102897909372
11440,0.0007680154656508958
11441,0.0002979789739885262
11442,0.0066149224419737186
11443,0.001459196734134931
11444,0.001903806781028625
11445,0.0032215523326954267
11446,0.0014332524642952941
11447,0.00015211046973003425
11448,0.0005198633931151438
11449,0.0026066637710912984
11450,0.008390815972528378
11451,3.4907560111378776e-05
11452,0.00017710495228540312
11453,0.026798598151011176
11454,0.00012691177363708823
11455,9.416176881653863e-05
11456,0.0013761031798414135
11457,0.0035615512482665055
11458,0.00043507937752346355
11459,0.00023567401601023506
11460,0.0007586647151494798
11461,0.00018289407435470806
11462,0.00015972172845736383
11463,9.10041845407231e-05
11464,0.0006843997314353277
11465,2.1164074916004474e-05
11466,0.00047271648686403046
11467,4.3089446061194756e-05
11468,0.014918625398113467
11469,0.006905981637156397
11470,0.00022704459645406103
11471,0.00034961993916307003
11472,0.0008494676345995184
11473,0.007991340192842243
11474,0.24738346633421832
11475,0.011832596486044723
11476,0.004398365359608418
11477,0.0002446386597920217
11478,0.0009407910088504428
11479,0.001095457556231718
11480,9.315772544984838e-05
11481,0.00032610321650276174
11482,0.009598752494649884
11483,7.789932457594192e-05
11484,0.0028527578879139724
11485,0.0004261250404080503
11486,0.009568197034301581
11487,8.084641922546115e-05
11488,0.004045733032528242
11489,0.0014120679293945907
11490,0.0022949416629558022
11491,0.0005419434371043608
11492,0.00515055765236287
11493,0.00029574588667254423
11494,0.0011048137407463153
11495,0.025826387505117065
11496,0.00038481649433108183
11497,0.0014613674052451973
11498,0.0025615187963602512
11499,0.0037176919953270963
11500,0.0010282940168266717
11501,0.0023022775183557014
11502,0.00014290638506205203
11503,0.00035865978511112883
11504,0.011129271036667004
11505,0.00013211368568877947
11506,0.00763891508659789
11507,0.0001028327052917505
11508,8.741897416869601e-05
11509,0.00010864243349888763
11510,0.00015472862239640902
11511,0.002374130750354839
11512,0.0018070009838570666
11513,0.00029457526038654364
11514,0.14561850475277763
11515,0.0004731782025382002
11516,0.0005534224819410867
11517,0.0010189928682830857
11518,5.911216264580831e-05
11519,0.04312427970353968
11520,0.0001505701596965568
11521,0.00010903261134961864
11522,0.00017669141286821076
11523,7.813034450082653e-05
11524,0.0064224867296314575
11525,0.0002366158252896643
11526,0.0014267916560943704
11527,4.0114787534338865e-05
11528,0.0008148877713571766
11529,0.004571021964065955
11530,5.835492142296549e-05
11531,4.75651518874864e-05
11532,0.00015298018526233422
11533,7.019256487804885e-05
11534,0.0003756846456844422
11535,8.128440255859592e-05
11536,2.434258326052722e-05
11537,0.0010925940311822375
11538,0.022075948995907334
11539,0.0006105246577958202
11540,0.0005619317512373154
11541,0.00016359212202196198
11542,2.7579583350774178e-05
11543,0.0003075105173422725
11544,0.0002051672866113974
11545,0.00027813298031922483
11546,3.538984373829784e-05
11547,0.003041947494124086
11548,5.224412502821589e-05
11549,0.0001965577991523222
11550,0.0001436490723373539
11551,0.0025187391575418492
11552,7.80700564345476e-05
11553,0.001590309546385274
11554,0.000278064777676919
11555,0.001361460936929962
11556,0.002021226623528813
11557,0.006632878426293376
11558,0.0008684636192250152
11559,0.00011455055773348778
11560,0.00010707069081252855
11561,0.004008782331872727
11562,0.0006801023002479452
11563,0.034021699955060665
11564,0.004081735590308479
11565,0.9219443582996536
11566,0.00022340034003707067
11567,7.056012577842794e-05
11568,0.00010031794319676582
11569,0.00010830830648965811
11570,0.002043980026871302
11571,4.042352479694346e-05
11572,0.0017560413880051335
11573,3.528915532017012e-05
11574,8.583444286379061e-05
11575,0.0018214510528463915
11576,0.023756585833084036
11577,0.0001879152521803514
11578,0.004117648598270069
11579,0.00017550249057409406
11580,0.00041592301501933984
11581,0.00011188825180078803
11582,0.0004132587619042123
11583,7.745879825484103e-05
11584,0.0003315309880503038
11585,0.0001967449877258376
11586,0.012108168214054
11587,0.0003472143044922911
11588,0.002483982035180907
11589,0.0017500208570024797
11590,0.00022478034432708155
11591,0.00045100085134775516
11592,5.351011111000753e-05
11593,5.7090495655067754e-05
11594,0.009173760438501436
11595,0.0054452163918263284
11596,0.00019730447234622594
11597,0.00016505079605548122
11598,0.0016229712572161312
11599,8.616020676660587e-05
11600,0.006310850155188216
11601,7.507698907148594e-05
11602,0.005274983657334271
11603,0.013787055016072563
11604,0.04796811882424779
11605,6.851021809570016e-05
11606,0.0001074081174588803
11607,0.0006062182281798995
11608,0.0010463549186034492
11609,0.0010526214200502226
11610,4.066330226765559e-05
11611,3.0813957665599075e-05
11612,5.5351560755343234e-05
11613,4.088532826823321e-05
11614,9.933888085117324e-05
11615,0.00011309829548143762
11616,3.858319794786254e-05
11617,0.011765473224853083
11618,0.03939464216079129
11619,4.009294259849074e-05
11620,0.0005742798506823007
11621,0.0011741103942463252
11622,5.0351437362439565e-05
11623,0.00010887230978135784
11624,0.00018774969953667858
11625,0.00018144540787780585
11626,0.0001630054644220471
11627,0.00024298244801933814
11628,8.785565168212244e-05
11629,0.00013074148285459737
11630,0.001433350677093848
11631,0.0003916231372367818
11632,0.0017368658230877503
11633,0.005734539852242507
11634,0.017404626279670675
11635,0.008820012895016435
11636,7.365025582284178e-05
11637,2.6977216312271226e-05
11638,3.721939892852869e-05
11639,5.077606126685927e-05
11640,0.0003097647546334097
11641,0.006957773442389956
11642,0.006681643619738284
11643,3.2222877079149865e-05
11644,0.08782637425851347
11645,0.28684818569874393
11646,2.8058458977126204e-05
11647,3.199624215637654e-05
11648,4.3321377492339336e-05
11649,5.906743232188116e-05
11650,6.781453720562417e-05
11651,0.003244553613362111
11652,9.243967377069274e-05
11653,0.0015172437541098355
11654,4.9665248346816087e-05
11655,2.857524529863119e-05
11656,0.0001302822878800979
11657,0.13705927638727525
11658,4.08217505466568e-05
11659,7.872757201201392e-05
11660,0.00011198833898407119
11661,2.683038672812926e-05
11662,0.010403003589834437
11663,4.262494078085956e-05
11664,5.945068162758112e-05
11665,3.207381636153709e-05
11666,0.0032167138512034883
11667,5.324121555009986e-05
11668,4.11846747709118e-05
11669,3.348532919765536e-05
11670,0.0005471955448787881
11671,0.0002420479874734087
11672,8.158444460454712e-05
11673,0.0001666657488938927
11674,4.3772102263313635e-05
11675,0.0001152845386255567
11676,0.00020642608557856906
11677,9.62565726156932e-05
11678,7.70312113088489e-05
11679,7.043299236750113e-05
11680,0.00013973679008071985
11681,5.3605403498751134e-05
11682,0.00012604921069855955
11683,9.328599196365552e-05
11684,0.0001782770223758573
11685,7.407515346295006e-05
11686,6.577994729043507e-05
11687,6.136600290017597e-05
11688,0.0002089349228400883
11689,0.0012008074927377485
11690,0.00021627087259133956
11691,9.452687160136805e-05
11692,0.00010613922732445935
11693,0.03303687713499769
11694,0.0008521815982710602
11695,2.6562725631745033e-05
11696,5.265907101947029e-05
11697,0.00066941143625457
11698,2.682909867960522e-05
11699,0.008141560425209967
11700,0.0001896370825180607
11701,3.676613306940451e-05
11702,0.00043117036386880676
11703,3.1998788219780496e-05
11704,0.0056931297052145525
11705,0.03081741976508533
11706,0.0020733217357252567
11707,3.163359116786567e-05
11708,0.00021295124084640504
11709,0.0001247971917362168
11710,9.427027873418648e-05
11711,0.0001031878926557498
11712,4.579155279657119e-05
11713,0.00112366207287428
11714,0.000325430306741566
11715,9.164151630951943e-05
11716,0.000508623796716341
11717,3.874150120355201e-05
11718,2.2051271621339535e-05
11719,9.158707331021149e-05
11720,8.880236607072206e-05
11721,2.425803935610566e-05
11722,0.039603625334046925
11723,0.00013801802529566222
11724,0.0004752030319783625
11725,0.0005952267950169984
11726,0.00014717656078994053
11727,9.595312236699229e-05
11728,6.0102649798828435e-05
11729,0.0023087373477101154
11730,7.279319177171782e-05
11731,0.00023586132421540466
11732,0.0010718666339016073
11733,0.0024640843640330074
11734,0.007711428176690104
11735,0.0169698158395127
11736,0.0005331250070144868
11737,0.000181111185550068
11738,0.00015340353496339455
11739,7.15021897329542e-05
11740,0.001239244926164541
11741,0.0002918403132828922
11742,0.00022607981810657588
11743,0.00014445443561793368
11744,0.0001555306093001408
11745,6.781004821878765e-05
11746,7.648716422495732e-05
11747,0.014640309709406413
11748,3.188577530981065e-05
11749,2.9757553853535852e-05
11750,4.9997782349705794e-05
11751,6.367467786367658e-05
11752,9.236808010736533e-05
11753,0.0009012758376835437
11754,0.003994710962185796
11755,4.849250664606784e-05
11756,2.116213607564692e-05
11757,2.4922373561137366e-05
11758,3.706742061115988e-05
11759,0.004846839253896256
11760,4.9010460158886344e-05
11761,3.307360778511157e-05
11762,0.00022644485425787152
11763,0.00024305132916995577
11764,3.891522167570944e-05
11765,2.5923360547590355e-05
11766,0.00021937925808346374
11767,3.052962602907452e-05
11768,0.00019898173103012517
11769,0.00014988632416058773
11770,7.313532157636856e-05
11771,2.0730367743871006e-05
11772,0.00010058131564099181
11773,0.00011315478292287986
11774,6.205194904402469e-05
11775,3.4674777740407694e-05
11776,8.524764420809291e-05
11777,6.986941004548351e-05
11778,0.03929335321951974
11779,0.046680019614777586
11780,0.056418571575455254
11781,0.0030760117685834617
11782,0.004370149455680426
11783,0.0005721530366497381
11784,0.0022269450512264503
11785,0.0005385094569805837
11786,7.006852973272678e-05
11787,0.0001016508863719321
11788,0.0009085669808634791
11789,0.0005175699688149693
11790,3.7847239729589206e-05
11791,9.12490823765146e-05
11792,0.0002993929854691483
11793,0.00011130318843049968
11794,0.0007958491793742925
11795,0.0004265937127434765
11796,0.0002705372355426684
11797,0.8221519656410983
11798,0.00012535448443412985
11799,0.000349951244403281
11800,2.5411110375572673e-05
11801,2.8802670544737276e-05
11802,0.00018870067796480184
11803,0.0032854913801934798
11804,0.00048455117972332623
11805,0.0010910458704959064
11806,3.024918062399038e-05
11807,7.967209745451284e-05
11808,0.034948905432590834
11809,0.05831318093988178
11810,0.00025615089031121334
11811,0.00011853895740436512
11812,6.457318168716067e-05
11813,0.00014216704592346052
11814,4.6684392583878264e-05
11815,3.221907625508453e-05
11816,0.0018830728134080813
11817,0.00039241975567771417
11818,7.357730509446913e-05
11819,0.00017058486765910704
11820,0.0003519027482784847
11821,6.722804589191439e-05
11822,2.5447581233272316e-05
11823,1.882061938892469e-05
11824,0.002215897837292421
11825,3.82019350107306e-05
11826,7.879699923440335e-05
11827,0.0017298436526828574
11828,0.0002643279567079363
11829,8.189117015159012e-05
11830,0.0009205045405005937
11831,5.518679404792375e-05
11832,0.006594250775657976
11833,4.079287933672326e-05
11834,0.001000226381876912
11835,0.00012726097546271516
11836,0.00021864640249973094
11837,5.889355982682974e-05
11838,4.7301974614877396e-05
11839,2.6131128045735674e-05
11840,5.329787579015058e-05
11841,0.0001702151574924503
11842,8.803308804449674e-05
11843,0.000433556988935239
11844,0.0002351097481649909
11845,2.825456679425354e-05
11846,0.00012847522308910157
11847,5.168233904143665e-05
11848,3.209747449929956e-05
11849,8.743577344034933e-05
11850,0.00017956694844767715
11851,0.0009543732691384412
11852,6.467641874274546e-05
11853,0.000500146162956435
11854,0.00059664223219744
11855,5.9221938904598486e-05
11856,8.517249140832562e-05
11857,8.526386193687201e-05
11858,1.9074231439014252e-05
11859,9.134207530944529e-05
11860,7.898555807968742e-05
11861,0.00019184087974430595
11862,0.00011709072050610707
11863,2.4788722222269078e-05
11864,9.898655690209051e-05
11865,0.00012675448753162263
11866,0.00011174077997291417
11867,0.0005131699855239905
11868,0.06435609601088092
11869,0.000603763235923936
11870,0.006357205256482104
11871,0.00039547286789709936
11872,0.00020063111873560303
11873,0.00015496075448165374
11874,0.0002365084921118627
11875,0.0006504998555252595
11876,0.0016434007938304755
11877,0.00010116130203573136
11878,0.0014532011394494657
11879,5.092726407756249e-05
11880,3.3124688072593805e-05
11881,4.9872939660663454e-05
11882,2.7917219009004515e-05
11883,0.0035276487745995767
11884,0.050437057686730256
11885,0.00011073535182455009
11886,5.7138948322648525e-05
11887,0.0005330034726108631
11888,0.008135818310482709
11889,0.011902094624075632
11890,0.0020591351078576552
11891,0.0006611162273988684
11892,0.0002345780156673254
11893,1.7402962798926597e-05
11894,4.772707380599107e-05
11895,0.00014152785763940062
11896,0.0025900066282568356
11897,5.225607301923152e-05
11898,0.0008085628799003149
11899,3.339163759951004e-05
11900,7.570080795710683e-05
11901,0.0005371434217607627
11902,0.00036835055890990483
11903,0.0006503997210562932
11904,0.00012226102805709682
11905,7.794147297433922e-05
11906,0.00011335467701709249
11907,0.00031220327107961827
11908,0.0005978796562052209
11909,0.0004496576130568173
11910,6.777962796016099e-05
11911,9.348401461263882e-05
11912,0.0020092800259467027
11913,0.00012477469529055166
11914,0.0002047885153870558
11915,0.006256589274472116
11916,4.340447931881729e-05
11917,0.0001981269916753893
11918,5.825462470137585e-05
11919,7.802140008329563e-05
11920,0.00021825614049555313
11921,0.00013112100936993093
11922,6.13640898577151e-05
11923,3.37175845921499e-05
11924,0.00014893888894456264
11925,9.951365135825541e-05
11926,0.00017474568491375987
11927,0.00013710578688757015
11928,2.640940368328548e-05
11929,9.12582116026086e-05
11930,2.993178513056656e-05
11931,0.006975895053653869
11932,0.007796561429496779
11933,0.0001020851284581792
11934,5.4535832510836146e-05
11935,0.00021930169251345943
11936,0.003969086524754285
11937,0.00861399094307983
11938,0.00012573874333328934
11939,0.005929882908131323
11940,0.00011020806121414543
11941,4.7300028034109354e-05
11942,0.0002864615975397999
11943,0.0012377707766410948
11944,0.0003738413440448541
11945,7.423238485446378e-05
11946,3.3940544434316806e-05
11947,0.00016550242780326337
11948,0.0009362740828147674
11949,0.0015773426290033373
11950,4.706424950955433e-05
11951,6.35895565725678e-05
11952,9.18829122589028e-05
11953,0.001074456008642976
11954,8.345618484752423e-05
11955,2.6558088546481185e-05
11956,4.0813081574691335e-05
11957,9.691324701201116e-05
11958,0.0004214992841576573
11959,5.103575969319751e-05
11960,0.00011451472691411941
11961,0.00011921157370299222
11962,5.0273703403398195e-05
11963,0.00010702318756093603
11964,0.021120245329885625
11965,0.00038595155459982775
11966,0.00015566048228685987
11967,3.834916553242545e-05
11968,0.08060217279976449
11969,0.000249935642484361
11970,8.39268623172986e-05
11971,0.16117528489257643
11972,0.2639508699919435
11973,0.00015498800103754963
11974,0.000347138977049562
11975,0.0004138831462444539
11976,3.6457515362277525e-05
11977,0.034657015329222086
11978,4.4410405752177534e-05
11979,5.152913988006678e-05
11980,0.0001527661128728304
11981,0.00010204182639515899
11982,5.736937341574971e-05
11983,0.0018885937925713075
11984,0.010335063128766234
11985,4.702193851453716e-05
11986,0.0013969701712938326
11987,0.00012967651383964687
11988,3.614656925412869e-05
11989,9.501692883241734e-05
11990,0.002050100312722742
11991,0.003119671275339855
11992,0.00024719566749350857
11993,0.001419358516778994
11994,0.0001398169432548009
11995,0.00044506949312150536
11996,5.96786984368486e-05
11997,5.4784549328624454e-05
11998,0.0026611455078198567
11999,0.0025836885665328833
12000,0.005350615481787796
12001,6.572832598407906e-05
12002,6.86870048465612e-05
12003,0.000112369440737689
12004,3.4077411257114205e-05
12005,4.3882206103335344e-05
12006,0.0007788559807036264
12007,0.010820507024204395
12008,0.018203962622182296
12009,0.0017080579436167093
12010,0.00016467872411661966
12011,0.004466421915011542
12012,0.00011906174575161311
12013,0.00013031577719807222
12014,0.0001642547890064056
12015,0.00044298581844039696
12016,0.00017290302501926956
12017,0.1154078141472569
12018,0.03071480979849408
12019,0.00010310792266581795
12020,0.00019431048776661245
12021,0.0016060946123100557
12022,0.002199710555800633
12023,7.722707239907453e-05
12024,0.0012958254965620226
12025,3.7382109028418796e-05
12026,3.660785869622477e-05
12027,0.0005839413816058989
12028,3.124704946322467e-05
12029,9.89625873569343e-05
12030,0.00033398082890486434
12031,0.035375632372758606
12032,2.5806195910611176e-05
12033,9.905214041266121e-05
12034,0.003965777673100293
12035,0.007300731631739854
12036,9.962599488199e-05
12037,0.00015277685198244797
12038,2.3061385934209634e-05
12039,1.7999406385259247e-05
12040,0.0002655363480222831
12041,0.0003382004509991592
12042,0.000256798387521542
12043,0.00017176496792708422
12044,0.0020613306316419563
12045,0.00015232536675158977
12046,0.00022859702534806147
12047,7.515477310973405e-05
12048,6.213125251774915e-05
12049,0.005372341589794867
12050,0.005357936457548769
12051,0.00028327500717776716
12052,0.007750724415209992
12053,0.00016791360689837924
12054,0.00012660147718022408
12055,2.3515584097385043e-05
12056,5.356224298707989e-05
12057,0.0008432270227810371
12058,5.208193564946375e-05
12059,5.197520176124353e-05
12060,4.261776312774526e-05
12061,0.00020440940763179105
12062,2.6567438450384887e-05
12063,0.002511445097280257
12064,0.0010694242777700806
12065,0.0037565885614454743
12066,4.749551303230584e-05
12067,0.00010680118332049662
12068,0.0008558601095330267
12069,7.295982540230746e-05
12070,7.377941197021269e-05
12071,0.008699740156225004
12072,0.001716529849376891
12073,0.00015580232725368937
12074,3.373891735580938e-05
12075,0.01749339117287899
12076,0.005004910030028885
12077,0.0024313168919544463
12078,2.5692437817763886e-05
12079,4.6156488398261195e-05
12080,0.00011175254836790051
12081,0.002343978912634668
12082,0.003023774260320912
12083,7.33765671626302e-05
12084,4.6412109424214504e-05
12085,0.0001059739360170579
12086,3.444963271169765e-05
12087,0.00013635159061275932
12088,0.00010444427460897371
12089,2.3519499927988976e-05
12090,8.54939847149458e-05
12091,0.051004836327979516
12092,0.0016897536565588837
12093,0.02713074938458455
12094,6.434443860540149e-05
12095,8.498484393638582e-05
12096,0.00020495655259300218
12097,0.008619134577708723
12098,0.00783156572396023
12099,0.00029594569898327045
12100,5.450483244666614e-05
12101,0.00016302596501589122
12102,7.162342977297784e-05
12103,0.0002501972821812782
12104,0.00018030639883742078
12105,0.0007201859593221556
12106,0.0013665198480028908
12107,5.903691080327402e-05
12108,0.00044728214010597323
12109,0.0016838488630367167
12110,0.00044918628470843073
12111,0.0003502137835705658
12112,0.000533054695767747
12113,0.0035165159899004164
12114,0.0012900131183793766
12115,0.0005740725500072508
12116,0.00011853937614569167
12117,0.004636849283628343
12118,0.000595284893301461
12119,0.0005499416027428682
12120,0.00011821604845260175
12121,9.411248838638611e-05
12122,0.0008154258087628589
12123,0.00013068838161062112
12124,7.728283073540828e-05
12125,0.009846883468038066
12126,0.0020727410008681254
12127,0.0007830192790099775
12128,0.00013004588545804534
12129,0.0015820578503232198
12130,5.163958357736226e-05
12131,0.007901160258935636
12132,0.00048494806521372626
12133,0.0002705975121011469
12134,0.001468041958118093
12135,0.0009069713453120724
12136,0.0011587358994453955
12137,0.013470126722185565
12138,0.00010809770103229286
12139,0.00018451655509057254
12140,0.00011552290966147234
12141,3.22534462595498e-05
12142,2.97054096204403e-05
12143,0.00011728408393064718
12144,0.0001043267423583233
12145,7.108981836317986e-05
12146,0.0012487311695196669
12147,0.00025234713244729666
12148,0.0022156515619824618
12149,0.0005530822462463755
12150,0.002347050390961622
12151,0.0068145376630078455
12152,0.00023886891478944297
12153,0.0006506418075552048
12154,0.00013726889221972918
12155,0.0041435833040752565
12156,6.896500994489136e-05
12157,0.0002428966450224549
12158,8.89831273620746e-05
12159,9.832111579003435e-05
12160,5.540734530995637e-05
12161,0.0019595027786569307
12162,0.00011906456624333646
12163,2.7556631048670853e-05
12164,0.00024903551887905435
12165,9.360085524674186e-05
12166,0.0007987687833631038
12167,0.008805488292419759
12168,3.882179908456055e-05
12169,0.0001120059570200483
12170,0.00010498757958945112
12171,0.00019063182593288773
12172,0.001995593814586086
12173,0.004717425024556803
12174,4.160304261188085e-05
12175,0.00034552924346061285
12176,0.0004370141761611537
12177,0.00040435276847311936
12178,0.00013482746026223548
12179,0.034059197188640006
12180,5.3219944439347806e-05
12181,6.939501314283087e-05
12182,0.04022598855916162
12183,0.0014866004921464423
12184,8.362012116862357e-05
12185,6.292287307497311e-05
12186,0.00028438386505176934
12187,0.0009700282785279644
12188,0.001170026418721258
12189,9.001701788100156e-05
12190,0.0020174612730603065
12191,0.0029616159629323163
12192,0.00036700604412994115
12193,9.933101889373966e-05
12194,0.000102138249505677
12195,8.193672823240992e-05
12196,0.0001576776500131236
12197,0.008942941501639875
12198,5.4652353538061746e-05
12199,0.0005163358015019702
12200,8.231874735429406e-05
12201,0.00012558736732202013
12202,6.833178108641887e-05
12203,0.0036476825632270767
12204,7.404776920516911e-05
12205,0.37760874975152736
12206,0.00047945161895678013
12207,0.004158443118091816
12208,0.012028256635332706
12209,3.9001344208848864e-05
12210,4.181489837927384e-05
12211,3.3186845272318906e-05
12212,0.00022218642005018903
12213,4.582405814718495e-05
12214,0.0007650371963651056
12215,7.408220954795974e-05
12216,4.895388859353191e-05
12217,0.00013195691030303453
12218,0.0033194816548080333
12219,0.0001241508850066837
12220,0.001507578974614621
12221,2.8658259806815864e-05
12222,0.0058822769382165085
12223,3.2587252168337066e-05
12224,6.019719154402784e-05
12225,8.265320958617643e-05
12226,0.00026574667512510456
12227,2.7567548015523872e-05
12228,7.888707355520863e-05
12229,8.090296188503197e-05
12230,0.0013289301392781926
12231,0.010183472430291237
12232,0.0005067635161973996
12233,0.00020128433375576557
12234,0.0011581126281383805
12235,5.68027348624727e-05
12236,0.002091602781178919
12237,0.01759398658405347
12238,4.284690183955523e-05
12239,0.0014090363523123926
12240,0.0011027370630935303
12241,0.02391179977533889
12242,0.00027959349045932313
12243,7.44341864461638e-05
12244,5.1994528788182584e-05
12245,0.000190149232430592
12246,0.008355427070855353
12247,0.0005081393186899454
12248,4.8480163461035164e-05
12249,0.002352248086187077
12250,4.912398238721115e-05
12251,0.05291244661944674
12252,0.19387606462286616
12253,4.6765962217606805e-05
12254,0.00011314270574497848
12255,0.00011947859354106166
12256,0.00021895428357197235
12257,2.2649936237350778e-05
12258,4.938598637920016e-05
12259,0.0004908867799910917
12260,0.0013937238955998564
12261,0.00035960750004858925
12262,0.008611194999111232
12263,0.00016554203284475325
12264,9.904271780034322e-05
12265,0.006570007620990167
12266,0.0002663663038955421
12267,2.5173129211481654e-05
12268,5.1322505464846554e-05
12269,0.012821232204999044
12270,0.00010666530389257795
12271,0.00036073047408811054
12272,0.0025763000439148606
12273,0.013139042689756571
12274,0.3044830001516286
12275,7.854059178061882e-05
12276,0.0001393290692105612
12277,8.009633312064859e-05
12278,0.0026466772664789817
12279,2.891846665320933e-05
12280,0.005209709337432399
12281,0.001108754649062042
12282,0.00010052985997602184
12283,0.00030781983683890327
12284,0.007220272850083542
12285,0.005036484713822335
12286,0.005288392215134217
12287,0.011371445624045058
12288,4.095138281731182e-05
12289,0.0001557857391811805
12290,0.0019449957216074322
12291,0.00601199749184417
12292,0.13330882724802193
12293,0.004003929558234057
12294,0.00014275260742217382
12295,0.0010020782656277067
12296,3.5650215146660794e-05
12297,3.4658276880395895e-05
12298,0.004064681773063333
12299,9.547028440390365e-05
12300,5.863098298584917e-05
12301,0.0006869618169394036
12302,7.606704229061078e-05
12303,9.115636502703657e-05
12304,7.989125325519649e-05
12305,3.742496721024764e-05
12306,0.0017768843363486543
12307,0.00036662767351235945
12308,5.288271085373331e-05
12309,0.00019466798691259297
12310,0.0001880524174909182
12311,0.00013881003400342216
12312,0.000459224717253649
12313,0.0007682710339347659
12314,0.00018864129864362044
12315,2.9367077632303088e-05
12316,0.3892023380850172
12317,0.00013532605649994265
12318,0.017578345275409708
12319,4.434843586209622e-05
12320,4.3765357949825554e-05
12321,5.7931829794665744e-05
12322,0.0004039000461805581
12323,8.746646810009199e-05
12324,0.001148657167231784
12325,0.00010975717937168794
12326,0.009551256950175398
12327,0.00010038640442978546
12328,8.590821047586668e-05
12329,0.00023965790672456736
12330,0.00018504062011151702
12331,0.0001449723616885992
12332,0.015770458147793067
12333,0.00012490860494738973
12334,0.006717711910467439
12335,0.00010941982296820863
12336,0.0001880342864180753
12337,0.00269726504372423
12338,0.0021810955449130037
12339,0.00010496056507218328
12340,0.00019101268534453477
12341,5.487926182690341e-05
12342,3.663412460521076e-05
12343,0.00037153914862265395
12344,7.761610698790542e-05
12345,0.0008422916382362094
12346,0.0017903194470497868
12347,8.499197510362642e-05
12348,7.680818190781977e-05
12349,2.3564891230302882e-05
12350,0.0017246222788221948
12351,0.0002119846020123249
12352,4.028240770250678e-05
12353,4.204080961247101e-05
12354,0.0003300231807000978
12355,0.00481237969575265
12356,0.03220834900593321
12357,0.00349594690133304
12358,0.001515799093533214
12359,9.133790262360335e-05
12360,0.006994189813241206
12361,7.710656538242563e-05
12362,0.0002234808251288928
12363,0.0001307493322666572
12364,0.00012740265694050345
12365,0.0007987353681636258
12366,0.002644160565749684
12367,5.070600940025098e-05
12368,7.904018136665415e-05
12369,0.0002530349129975145
12370,0.00037764430032860845
12371,0.00048107546217501156
12372,5.314861469847845e-05
12373,0.010322924159359098
12374,9.479863873426423e-05
12375,0.0008776495834477771
12376,7.482276847974823e-05
12377,0.0003644593669198071
12378,0.00017623357415996307
12379,0.00012293015155682296
12380,0.0019457995404864412
12381,0.0017419591325687882
12382,0.00011397966868733215
12383,0.004168324457365583
12384,2.9190112287303435e-05
12385,0.0001297627837621415
12386,0.00037946150547162863
12387,3.0124130644402402e-05
12388,0.001406148614977349
12389,0.001077562612358594
12390,0.00549138316577767
12391,0.0024405120729549283
12392,0.003803281615900727
12393,0.001993385742259083
12394,0.0002603612627882579
12395,0.00041135041631241813
12396,0.000990803546707928
12397,0.05213633298198561
12398,0.013805604296937479
12399,0.00011345583678611816
12400,0.01131704069423502
12401,0.00013316287230894774
12402,0.00012900258597847028
12403,0.006920393738839577
12404,8.136464393806914e-05
12405,0.0001632653303917406
12406,0.0015221132207066208
12407,7.542316615793165e-05
12408,0.00479609070413433
12409,0.00016697725620027772
12410,6.487423216153891e-05
12411,5.411470060671715e-05
12412,0.0010641515734526826
12413,4.116329578466456e-05
12414,0.01821309456800111
12415,0.013151978831773287
12416,0.0020231009366740533
12417,0.0004102912671058908
12418,3.389145730086124e-05
12419,0.00012154188771720327
12420,0.0001245498509940502
12421,0.003991452541189202
12422,0.00044801955168311355
12423,8.301374177297646e-05
12424,0.0010468601572527823
12425,6.092054429905464e-05
12426,0.011073995743227618
12427,0.0003338109802337812
12428,0.0027108891840519297
12429,6.456222580697595e-05
12430,0.07679458621986775
12431,0.00021485866291393548
12432,7.812750391050804e-05
12433,7.770137130478903e-05
12434,0.015224302928546814
12435,8.30080085580116e-05
12436,0.4549688470929468
12437,0.0012687851173415088
12438,0.00278046092672228
12439,6.228439353154637e-05
12440,0.00015777876917362778
12441,0.00012991677194586134
12442,0.006568077528101661
12443,0.00014552548735069734
12444,9.019218051548782e-05
12445,0.0010945673143604984
12446,0.0011279449352361787
12447,0.0002139817397619458
12448,0.0004919999422384045
12449,0.006975371671216918
12450,0.0002258935522389613
12451,0.04714912221002944
12452,0.026476115284568152
12453,0.0050631085041781855
12454,0.000658532364257234
12455,0.0009290207182985965
12456,0.0004838062265453775
12457,0.0004926920459451181
12458,0.00027270007057245284
12459,0.004904692927728896
12460,0.007141248712384413
12461,0.0011932376874740067
12462,0.0002385796582361462
12463,0.0013817309767294261
12464,8.645918655798574e-05
12465,6.492277271747123e-05
12466,9.801701535673229e-05
12467,5.8082966484077506e-05
12468,6.35795913054553e-05
12469,0.0006480589155477716
12470,0.002264109773656336
12471,4.977074901612072e-05
12472,0.0027023951048064736
12473,3.284586319338158e-05
12474,0.004332089629154313
12475,0.0008446262309561812
12476,0.0024270468816324398
12477,5.30383456814295e-05
12478,0.001167906726123763
12479,0.0010182193818818349
12480,0.0017574134810939748
12481,9.653140664481984e-05
12482,0.0014962858580977215
12483,4.3668990838660315e-05
12484,5.225266620292884e-05
12485,6.901318436914813e-05
12486,0.007596340430040359
12487,0.0030728110031125184
12488,9.099640897181065e-05
12489,0.005618899313354529
12490,0.04060590334170712
12491,7.965367951969787e-05
12492,0.0004150857282111091
12493,0.00018983583882286708
12494,0.0002496997677972898
12495,0.00015157906376335356
12496,0.00015391622197815082
12497,0.0006093258180521952
12498,0.13548427145179515
12499,0.011755085024366427
12500,0.00018313214281971414
12501,0.007949838746825885
12502,0.00021749037322580576
12503,0.0006127358617089273
12504,8.924095056259539e-05
12505,0.00017488583557988233
12506,0.00013487443336541313
12507,0.000763344452299456
12508,0.0001360255112524761
12509,0.010913867667266684
12510,0.012001827311055441
12511,0.00013579300153856031
12512,0.0001458775425827436
12513,0.00010731218797646949
12514,0.00016090605647356223
12515,0.014724619468056355
12516,0.0001474769340240591
12517,0.00013970963569195048
12518,5.1662638915488706e-05
12519,0.0004380034758384271
12520,0.003256201081132586
12521,0.001434829289403433
12522,4.3943996625332563e-05
12523,0.0002870837219241094
12524,0.00035885200619984077
12525,0.018051540664443783
12526,0.00016841038188778745
12527,5.880851182157823e-05
12528,0.0002880003254914523
12529,0.0021014752340556163
12530,0.0023887183357885777
12531,0.05067478048649569
12532,4.3208047235323695e-05
12533,0.0001773315902834617
12534,0.009570748335583492
12535,9.373293142981966e-05
12536,4.0077050640096225e-05
12537,4.179963157903427e-05
12538,0.00012304562482533767
12539,0.004378682222210418
12540,0.00037255752950497224
12541,0.00011891288412349427
12542,0.0002133461606219039
12543,6.271806945704303e-05
12544,0.0003640323351067054
12545,0.009446179276857267
12546,0.00013269799449384972
12547,0.0005021386057920514
12548,8.796874173476367e-05
12549,0.005777406197859734
12550,0.00983620332462786
12551,0.00216229435126401
12552,0.00010016104158414825
12553,0.004380284265349145
12554,0.0001881368705745146
12555,0.0004482812407599594
12556,0.0022967701431274154
12557,8.075183435394971e-05
12558,5.657968067366473e-05
12559,6.238045409650622e-05
12560,8.986500950294533e-05
12561,0.00010766787134464403
12562,7.368028185001705e-05
12563,6.065866200435044e-05
12564,0.0011089160372350145
12565,0.00048605169573124
12566,4.256410743393468e-05
12567,0.0021945650971242807
12568,5.750163617073986e-05
12569,0.009164562627202836
12570,0.0034090645290229247
12571,0.00022978920485749386
12572,0.00817415255872884
12573,0.0001890559481046156
12574,0.00030029411068959935
12575,7.510856360310185e-05
12576,0.00010149282769580229
12577,0.005343683303288396
12578,0.00041739259544682427
12579,0.004783561481533323
12580,0.00019742736677273148
12581,0.0001668219850059398
12582,0.0003101578404477074
12583,0.00012370829363712968
12584,0.00013676212305565723
12585,0.0001240685837192522
12586,0.00025453070788214525
12587,0.001557741161046985
12588,0.009872413253463427
12589,9.342755129346375e-05
12590,0.002858910407236918
12591,8.646257811949871e-05
12592,0.0002483846341570736
12593,0.00011256705333233985
12594,7.869749109485923e-05
12595,0.001121785982213189
12596,6.23809652973673e-05
12597,0.003086058932054659
12598,0.00014526265032031377
12599,3.336476978344065e-05
12600,0.0002320602510138535
12601,0.0005014768879004929
12602,0.01019342760535192
12603,0.0009442061448456668
12604,0.00015012053016171393
12605,0.001090349784859701
12606,0.00012210660656535724
12607,0.0003835146676457291
12608,0.0002876228377493048
12609,0.002842583283411585
12610,0.00014892905802149227
12611,0.0001041406435683656
12612,5.4354404748634946e-05
12613,0.00028633710213049363
12614,0.03551464747492698
12615,0.0003252358163925437
12616,0.0004569740924167138
12617,4.643470086204719e-05
12618,0.04000643367257567
12619,0.00013455860223263123
12620,7.946765150803635e-05
12621,0.0002696368839940987
12622,0.01819666443006101
12623,0.00047654112260775975
12624,0.19470595800241774
12625,3.0845124751713686e-05
12626,7.425339767353353e-05
12627,0.3410932800785236
12628,2.533587609412706e-05
12629,0.0009578341739699877
12630,8.049435027121242e-05
12631,0.004475945181918231
12632,0.0018742387804331951
12633,0.0003945701061854702
12634,0.0002397077700914331
12635,0.001340834328643076
12636,9.052174436832853e-05
12637,4.5895374344629974e-05
12638,0.000155767692884069
12639,8.793437545702577e-05
12640,0.1519061861231746
12641,0.00017686655742036697
12642,2.7855157005075533e-05
12643,0.00039484839070546874
12644,4.4353839430644224e-05
12645,0.00010819106019291835
12646,6.0736949406096406e-05
12647,0.00021860291440190118
12648,0.0001871035679785849
12649,0.0005838348647351131
12650,0.00010969480686788007
12651,0.0018007197500236334
12652,0.008635842572172175
12653,0.0013048346320096867
12654,7.4033874207604e-05
12655,0.0018347290598284105
12656,0.6988459439686241
12657,0.0011683274137724686
12658,0.0034195516613292265
12659,0.0003117850584339937
12660,0.00023734281557266017
12661,0.00015282093772605248
12662,0.009660628598200363
12663,0.00020320450757387916
12664,0.0021725477942989143
12665,7.757719069280063e-05
12666,0.000209767410699683
12667,0.00037320552702777737
12668,5.420890362891088e-05
12669,0.00643156121618216
12670,0.0001085805626765846
12671,0.00016058189924125806
12672,0.010805636943032512
12673,0.0014266906561211288
12674,0.00831715978743437
12675,8.644262559236713e-05
12676,0.0001479267645594062
12677,7.072925710102957e-05
12678,0.0014482461436842189
12679,0.0002236064298164149
12680,6.868272050079628e-05
12681,0.004558519909412984
12682,0.0005471492829246185
12683,5.085568079268361e-05
12684,0.0002389131602275866
12685,0.0033145900004045844
12686,3.9958578366294337e-05
12687,0.0011841108174959034
12688,0.0003880909092642035
12689,5.6722087385018285e-05
12690,0.009411672043466983
12691,4.200377565689447e-05
12692,7.417758575815177e-05
12693,0.00017172330424667121
12694,6.173347908914066e-05
12695,0.0033218942293520085
12696,0.0002699237426019161
12697,0.00013913280984533704
12698,3.609268066038025e-05
12699,0.0001339315202117876
12700,0.00014626396662273063
12701,0.00011366725216388178
12702,0.0010635721264129197
12703,0.0012935657971257352
12704,0.0025583066133401033
12705,0.00035532805268806585
12706,0.00014061034577698088
12707,0.00014217090719632173
12708,8.83789260663223e-05
12709,7.372087649111511e-05
12710,9.048847344726347e-05
12711,4.670307848326859e-05
12712,0.002299003456361457
12713,0.00012367054755448915
12714,0.000146971314383099
12715,0.0007152340003347233
12716,0.00014857928914907155
12717,0.0024802188144314326
12718,0.0004091177518842261
12719,0.0003263016564488086
12720,0.06338506012082032
12721,0.00036169998648449836
12722,0.04493931867720726
12723,0.000442002998360054
12724,0.000579729136725103
12725,0.011666691313790056
12726,0.007964516372206926
12727,0.023280730340187586
12728,0.0033277238458961564
12729,0.011529806455750701
12730,0.027623576019626422
12731,9.24801392950765e-05
12732,0.0001213460230230379
12733,4.6348444496337995e-05
12734,0.009681818913330639
12735,0.0001885002645240093
12736,0.00010470018488590697
12737,8.813985015416665e-05
12738,0.00010035249855553647
12739,5.9584795979798984e-05
12740,8.541989952936667e-05
12741,0.008219553797263333
12742,3.989036978252827e-05
12743,0.0005831715894980998
12744,0.0023686614259954197
12745,0.0003071347953869114
12746,0.0007726564926499909
12747,0.01582109343724984
12748,6.186716796075888e-05
12749,0.00014392765447554333
12750,6.360930412390231e-05
12751,4.6718003715546976e-05
12752,0.0005825070701822434
12753,0.0004480003940724531
12754,0.0012092382820521439
12755,0.0004941950216095581
12756,0.0054016055284700215
12757,0.0011336778020946308
12758,0.00012872861781744468
12759,0.004757170206713335
12760,0.003091259068032512
12761,8.025518988930447e-05
12762,0.003755788720473644
12763,0.0033167425550267053
12764,0.0045609516302797274
12765,0.0018070381844907835
12766,0.0008735710117126009
12767,0.15829578547931272
12768,3.599383525393666e-05
12769,0.00040347426374697795
12770,0.0003492156065107081
12771,0.00014208845763390333
12772,0.009549560524508973
12773,7.984645606146597e-05
12774,0.005175468413300589
12775,0.00012413963139641665
12776,7.604663365017524e-05
12777,0.0010080983781322358
12778,4.6035053304233845e-05
12779,4.3117200389552934e-05
12780,0.01758777344124483
12781,0.012897665289434082
12782,0.012967760937368424
12783,7.55481452095151e-05
12784,0.00012377009393488408
12785,0.0001486297469119111
12786,0.00019682911725345882
12787,8.636301907288062e-05
12788,7.675667237099018e-05
12789,0.008764339842065682
12790,0.00029436206539271636
12791,0.0003231527093555911
12792,0.00013378929226040695
12793,0.02656887633244805
12794,0.00010039587699056492
12795,0.025307796751108107
12796,5.2965891043490936e-05
12797,6.454736202914766e-05
12798,0.0001806688263321636
12799,0.00020322128197756972
12800,0.0007313675020816616
12801,0.00015335945420293226
12802,0.004202233389849567
12803,0.0016522190401946641
12804,4.996178669855714e-05
12805,0.00017470088256095795
12806,0.0013725977654712829
12807,9.703147507150781e-05
12808,0.004114725537969076
12809,0.0006287648783904389
12810,0.002793903694834762
12811,0.0006157940061322153
12812,5.294677061645318e-05
12813,0.011497717395551938
12814,0.00021139980641049264
12815,0.00018889882064528426
12816,0.02340656732745492
12817,9.987619210984092e-05
12818,9.257745528035667e-05
12819,0.00018021274409601878
12820,0.00019696979442243115
12821,0.00035225249275388143
12822,0.0001790468098957922
12823,0.06740431200986112
12824,0.00028829147821413673
12825,5.3843644095771e-05
12826,3.610323546407427e-05
12827,0.00034424327838480825
12828,5.1948638581477496e-05
12829,0.06711174825396743
12830,0.001082667780703864
12831,0.00010001699015213324
12832,0.00017802780108646922
12833,5.1707948162314855e-05
12834,0.0002863192618769901
12835,4.596668258947409e-05
12836,0.0002834213784667059
12837,2.9871293049783203e-05
12838,0.00013292031384399698
12839,0.00020671413487100723
12840,4.0787988285965496e-05
12841,4.935708028997443e-05
12842,0.01130216100726873
12843,2.6554997009538012e-05
12844,0.0006265342492480587
12845,0.0016873637004545105
12846,8.124822628081599e-05
12847,0.00031052292986665024
12848,0.00010421653547981269
12849,4.275967940646369e-05
12850,2.8730590443312364e-05
12851,0.0006541760183995338
12852,0.00011785845007218282
12853,0.002495533317644822
12854,2.4125369824964683e-05
12855,5.5295579718139654e-05
12856,8.281605855663606e-05
12857,9.503957910484003e-05
12858,4.2006603359328825e-05
12859,0.004047157818177679
12860,4.402702162540975e-05
12861,0.0004274429640734236
12862,4.088189794434344e-05
12863,8.544654043043874e-05
12864,4.8778693547389156e-05
12865,7.160950888287849e-05
12866,0.00010451265816029753
12867,7.493891829705972e-05
12868,0.005159703867469817
12869,7.315466120763046e-05
12870,0.000193745644561704
12871,4.647433686081836e-05
12872,0.001227855809773759
12873,0.8944613720559076
12874,0.00014275213932567196
12875,3.883047218079777e-05
12876,0.023427224605363405
12877,0.07659996415019728
12878,0.0010981051910732378
12879,0.0003480234662753955
12880,0.0010334011707250853
12881,0.00013115132921348254
12882,0.0006901434441270778
12883,4.439728671998119e-05
12884,0.002489372166826186
12885,0.0003203523485950118
12886,0.0006236581678106379
12887,0.00019460122546204465
12888,7.097944292836544e-05
12889,0.0007241265787845863
12890,0.00034749027071182806
12891,3.3618956505666856e-05
12892,3.959228269264902e-05
12893,0.00033706507044467196
12894,3.2624571600455124e-05
12895,0.0002150562960081252
12896,2.5941016212091465e-05
12897,0.00021870677595642757
12898,0.0012089382533640371
12899,0.011418384596346521
12900,5.5990113438479866e-05
12901,0.0007648067062357627
12902,0.00010226086092136486
12903,3.314670438067892e-05
12904,5.337769171505594e-05
12905,4.537279865826867e-05
12906,5.6591865678190184e-05
12907,0.0001979866222479408
12908,0.001686940073600815
12909,0.0002980196315187769
12910,3.913695636587633e-05
12911,5.362585823445664e-05
12912,0.0027936821171346453
12913,6.995721324290345e-05
12914,0.06397769325389502
12915,0.09347736027231424
12916,0.0001724278881339642
12917,0.0007266096703531218
12918,0.0002721796258540614
12919,0.00042757952954337343
12920,0.00014647233067906638
12921,3.166090470805392e-05
12922,0.012506009549491371
12923,4.566013916689904e-05
12924,5.959215363113574e-05
12925,0.0003194733281075779
12926,0.007436668724646554
12927,0.00013770034053299925
12928,0.0002270609021637868
12929,6.498551230429182e-05
12930,5.324034621749211e-05
12931,8.447610321695574e-05
12932,2.61021553116474e-05
12933,0.0001373036352106969
12934,6.798101308285457e-05
12935,0.0004013830952472699
12936,5.6406439256724474e-05
12937,5.1307699846822816e-05
12938,0.00012916196932627073
12939,4.622303434992308e-05
12940,3.6329443529850614e-05
12941,0.0002463771865333247
12942,6.564054969956022e-05
12943,4.474586364555495e-05
12944,0.00011349421933190807
12945,3.404010922168266e-05
12946,0.00034064225918441286
12947,9.842164280244923e-05
12948,5.612368042615721e-05
12949,4.059940990126856e-05
12950,7.472812407957995e-05
12951,0.00020112713042795172
12952,6.372024861493251e-05
12953,4.0990789643947085e-05
12954,0.0001003284856065408
12955,0.9566914978405416
12956,4.948064995304244e-05
12957,0.0002241074907052313
12958,0.0005123588819918255
12959,4.816563830892436e-05
12960,0.024651110877761763
12961,0.007459388533092953
12962,3.147684259608315e-05
12963,6.259024376452217e-05
12964,8.137248331043621e-05
12965,0.00010628346992431642
12966,3.665268311063923e-05
12967,0.00011367454241321835
12968,0.050941467389725645
12969,0.0002387468746708801
12970,5.3057139052172646e-05
12971,0.0005298444550947391
12972,0.006431517248749433
12973,2.916803542128977e-05
12974,0.00027515398556652676
12975,0.0002666975193257838
12976,0.00011775258078119293
12977,5.187458309339195e-05
12978,7.616626282331133e-05
12979,0.8539620004808015
12980,0.1389540735259417
12981,0.00031718853184875377
12982,0.0002895327648507086
12983,0.000540656677165967
12984,4.636097860341822e-05
12985,9.536389561344635e-05
12986,0.0064337240314771855
12987,0.00012072337476732506
12988,3.5851548212172014e-05
12989,0.007891049586360941
12990,0.01773083079573632
12991,3.0309352110219085e-05
12992,0.00026705002185799075
12993,0.0004778264016112566
12994,4.000405060211965e-05
12995,9.682309515504552e-05
12996,4.177105396971965e-05
12997,0.07215905914703133
12998,0.010513617857766685
12999,7.414304272307171e-05
13000,0.0012895522748226861
13001,0.0053077258651654125
13002,6.276715140718698e-05
13003,4.1243775327772977e-05
13004,3.082407057196302e-05
13005,0.00013401625531521852
13006,9.120802841695264e-05
13007,0.00013443811392663233
13008,0.005802028067152832
13009,0.0004967119436751818
13010,0.056543271358544714
13011,0.00014814386087737023
13012,2.8702464087276472e-05
13013,0.0006315614376267381
13014,0.006187175928702063
13015,8.097125885186344e-05
13016,7.810522632916114e-05
13017,0.00027798250292282006
13018,6.294496079424776e-05
13019,6.72219046218469e-05
13020,5.47811748061078e-05
13021,4.921585950372254e-05
13022,0.00014442026826990767
13023,4.4547746578833943e-05
13024,4.8868400299046074e-05
13025,4.545731169427047e-05
13026,2.9171222598613152e-05
13027,8.79862591612818e-05
13028,0.00010636753027880988
13029,3.375124800576673e-05
13030,0.0003089293980163288
13031,2.519458328931836e-05
13032,7.905596736008412e-05
13033,4.326820598521136e-05
13034,0.0007142488918872351
13035,0.00757228421420109
13036,0.24183068403620567
13037,0.00012579357917545005
13038,0.007300865433047521
13039,0.00020086496092164952
13040,6.157683373267816e-05
13041,0.0006690264460877299
13042,5.838240754331299e-05
13043,8.474669106260333e-05
13044,0.00018348850023300426
13045,0.0005308708176856097
13046,0.00015737114545831714
13047,4.077317457587957e-05
13048,0.0045371166867172645
13049,0.00017489720182226645
13050,0.11080120860675854
13051,0.00015860684276358536
13052,0.18459831657429487
13053,0.00027384431864197736
13054,0.0009414766722735751
13055,0.0003260917194161198
13056,0.0010255835455323474
13057,9.688871146461658e-05
13058,8.132956453523782e-05
13059,2.9048937874251918e-05
13060,7.113736845293063e-05
13061,0.11471135957257608
13062,7.40621589925532e-05
13063,0.00010934853240739299
13064,0.00010003871313302868
13065,9.592481817656607e-05
13066,0.007379995416068613
13067,6.895411782127318e-05
13068,4.411654129938733e-05
13069,7.011394507342608e-05
13070,0.00010244270785135216
13071,5.7879640106160574e-05
13072,3.976256352218149e-05
13073,5.7852550609333804e-05
13074,0.0021982231648088797
13075,0.0019051338612579235
13076,3.885085837334604e-05
13077,0.0010360945365177007
13078,4.8329339607809096e-05
13079,0.010541345119608742
13080,3.0632279239190446e-05
13081,2.3961089009131652e-05
13082,5.227435021826248e-05
13083,3.652590319487945e-05
13084,0.00010908949161321387
13085,4.273759732658716e-05
13086,0.001037113438625752
13087,9.427056144321758e-05
13088,0.003273771111821805
13089,0.00014665350459895583
13090,0.000179640115956602
13091,5.901622441340029e-05
13092,7.000297615824649e-05
13093,0.003294405021354081
13094,8.017500458943041e-05
13095,3.7766584234436665e-05
13096,0.00017307741870242624
13097,0.0004894610255935245
13098,0.001984497019330278
13099,0.0011315187598573543
13100,0.00010338018166873976
13101,6.539047890429199e-05
13102,6.50485579138324e-05
13103,0.650096367548547
13104,0.000368556130946188
13105,0.00011388291430277069
13106,0.00011395893768649813
13107,0.0014251749179844755
13108,0.0017547750055392788
13109,9.739988266020496e-05
13110,0.0005678525966860677
13111,0.0008315437339090955
13112,0.0016862694974056896
13113,0.6520154539579043
13114,0.00019502421105812556
13115,0.0005821770492010018
13116,3.7982501967364976e-05
13117,3.1091070128402215e-05
13118,0.014394135659241511
13119,0.0001563093041608234
13120,6.837243570913994e-05
13121,5.801458480763496e-05
13122,0.00036058091315124596
13123,0.00012448412963205483
13124,5.0297244830418976e-05
13125,2.5945706854680538e-05
13126,0.003042811471735494
13127,5.1339782620996456e-05
13128,0.0003644110945932069
13129,5.271690425007567e-05
13130,6.194569405851287e-05
13131,0.08245093326920243
13132,0.004429608776765858
13133,0.34840096690702993
13134,0.0032949944942744286
13135,0.00021250622814662076
13136,0.00017543922958934176
13137,5.4880337481669844e-05
13138,6.941003259323286e-05
13139,6.877090153821022e-05
13140,0.00015290107424350595
13141,6.644150788364852e-05
13142,0.002309099410864857
13143,3.267031733726349e-05
13144,0.0003175578595820499
13145,0.00036872268228790444
13146,5.3712091810083024e-05
13147,0.0003473348753505989
13148,0.01704097451667384
13149,2.5218529439373468e-05
13150,4.585617249041367e-05
13151,6.679208422939822e-05
13152,2.8744098368943932e-05
13153,7.308001638589638e-05
13154,0.00015690388876680636
13155,0.00010280655283819077
13156,0.0015794548533164094
13157,0.0004014928933531952
13158,0.6572465383678242
13159,0.002261068438031548
13160,0.00022044088258155328
13161,0.00017914817870563394
13162,2.766600573118602e-05
13163,0.00010697401787179258
13164,0.00013675077611920516
13165,4.445453290587625e-05
13166,3.679598611438418e-05
13167,2.6413996118383524e-05
13168,0.00014445697604785292
13169,0.00012699001753462558
13170,4.922263337350998e-05
13171,3.05126240054978e-05
13172,5.853726621610271e-05
13173,4.607470959137171e-05
13174,0.00019733782301023327
13175,0.00010086046613440028
13176,7.235526478616617e-05
13177,3.640464530602624e-05
13178,6.430032758433625e-05
13179,0.00016722547967453917
13180,3.123753693484908e-05
13181,8.373849292575188e-05
13182,2.7282073035660816e-05
13183,7.648447096158036e-05
13184,3.76251256617599e-05
13185,0.6044135622651566
13186,0.2535626878647202
13187,7.080083379762704e-05
13188,3.0283412368073243e-05
13189,5.889369763622754e-05
13190,0.00017775264900084592
13191,2.976231429720139e-05
13192,4.20714335979896e-05
13193,2.6144358974492075e-05
13194,0.022452951278341727
13195,0.041538165035744194
13196,0.00011705120476544824
13197,0.0018960998547119755
13198,6.063103638462418e-05
13199,4.9197770696972505e-05
13200,0.0015526356066264246
13201,8.09975336973664e-05
13202,3.0880061780871796e-05
13203,4.4754244548719334e-05
13204,0.00010283162310686864
13205,6.411291349810759e-05
13206,4.551522105745011e-05
13207,0.0017710017644745127
13208,0.000195235977130151
13209,0.0001997827548847154
13210,0.00023252055582237869
13211,7.347138096196606e-05
13212,0.00018273743727921656
13213,0.00014130662833803046
13214,0.01773575395126464
13215,8.653748854192878e-05
13216,0.00025376467944889983
13217,0.00024001877455429916
13218,3.8429820786196206e-05
13219,5.1255295859619366e-05
13220,0.0023116713146787812
13221,0.010881149049267815
13222,0.00017302655390521166
13223,3.913989940271099e-05
13224,5.691838315395442e-05
13225,2.7307283722124585e-05
13226,2.4146989548471866e-05
13227,4.1052565701730386e-05
13228,5.634838668059401e-05
13229,5.644290766025883e-05
13230,0.00013154390968764964
13231,4.866504877456109e-05
13232,0.00014217816727648104
13233,6.05434293643439e-05
13234,0.0004744533400765463
13235,0.00010204614938078582
13236,0.0030430850891837854
13237,6.128836153785803e-05
13238,0.00035132879823017524
13239,3.800005938424561e-05
13240,0.03251283811547946
13241,8.296277098326116e-05
13242,0.00011406904169653936
13243,0.0001706866452579639
13244,4.1655079372996186e-05
13245,0.00013260727748495442
13246,0.00036102615307152195
13247,3.465901608986739e-05
13248,0.0001393809649459095
13249,6.801886825265002e-05
13250,0.0008059062964046881
13251,0.00016655795034571915
13252,3.568182806331034e-05
13253,0.0002038468040424834
13254,9.211220252135674e-05
13255,6.409989836483253e-05
13256,0.0008535102224897931
13257,0.0016455973093083235
13258,0.00013420024362939689
13259,0.00020769546753247035
13260,0.00020507945711927336
13261,4.709592805800869e-05
13262,0.0014496845322013309
13263,7.43749421051685e-05
13264,0.00026746346021969364
13265,0.00022060478827793523
13266,3.955556428005663e-05
13267,4.2118183434761276e-05
13268,0.00011258511406199347
13269,0.018990867505719006
13270,0.0002938292763059752
13271,4.9706976135475295e-05
13272,0.00010188433863665381
13273,0.00044531079129821687
13274,4.5929488256032536e-05
13275,3.651531906097764e-05
13276,2.9584308377607104e-05
13277,3.028065988292888e-05
13278,4.1712851017385484e-05
13279,0.00010335214277878234
13280,7.088711737049768e-05
13281,0.00018823556256117384
13282,4.60757666355667e-05
13283,7.484005001344809e-05
13284,3.296043774863033e-05
13285,0.0002996726604269309
13286,4.661624649754566e-05
13287,0.0015596354539649318
13288,0.0004313738680680872
13289,0.000218494634466123
13290,0.00023479510794891778
13291,4.166522537611918e-05
13292,5.40940246508495e-05
13293,4.4276170736158075e-05
13294,4.261907740149199e-05
13295,0.0005162433454957051
13296,5.910607979269205e-05
13297,0.00011150237657037168
13298,4.46763412279555e-05
13299,2.9488499566114932e-05
13300,4.9619675060611706e-05
13301,6.794749097335547e-05
13302,0.00023983665832842107
13303,0.00011707134556643081
13304,4.4708526351088216e-05
13305,0.0003118639657827886
13306,2.347356116080397e-05
13307,4.7685028292026547e-05
13308,0.000675459720553135
13309,0.0010287385844321983
13310,3.720405753641044e-05
13311,0.0014875402319489595
13312,7.11231127945559e-05
13313,3.921078412050305e-05
13314,3.428741293277445e-05
13315,3.6006307891380496e-05
13316,7.395367719759413e-05
13317,2.6516254014657515e-05
13318,0.005884317792985023
13319,0.00014441105131730763
13320,3.92489428177121e-05
13321,2.4411404542554146e-05
13322,0.0009290835583443171
13323,2.5593495071836865e-05
13324,3.309903762523612e-05
13325,3.7827795171116346e-05
13326,0.000954420544670765
13327,0.0005144187878183959
13328,6.652832581613863e-05
13329,3.461189406715552e-05
13330,5.006871690423739e-05
13331,2.730672177529362e-05
13332,0.0016815616354241517
13333,0.00014129899184915732
13334,8.21285167094924e-05
13335,0.007783922883688138
13336,0.0036321781605385
13337,3.1585876379310176e-05
13338,0.054862485340041636
13339,3.295296403696172e-05
13340,6.421066025315458e-05
13341,0.00047631674859698845
13342,0.00011199420813599525
13343,0.00041709839974951666
13344,6.634418829782671e-05
13345,0.00011238889114774497
13346,7.315849042066546e-05
13347,8.364531102651244e-05
13348,0.005691932257649012
13349,0.0001201334832048726
13350,8.921384199629396e-05
13351,2.8795914558104095e-05
13352,0.00013477038080178302
13353,4.27775043988453e-05
13354,5.434072141890138e-05
13355,5.326146798027518e-05
13356,7.156751828822527e-05
13357,6.157529011044227e-05
13358,5.5405853034782164e-05
13359,6.21230170518733e-05
13360,0.00047715688835472443
13361,0.0001537728115373922
13362,5.228931056446061e-05
13363,3.157671414845319e-05
13364,0.0014904664242797298
13365,0.00047589436183008297
13366,0.00010718440658527971
13367,4.82986618420037e-05
13368,5.3293045579414876e-05
13369,0.0005869428182034659
13370,4.661160121327225e-05
13371,3.159191435812901e-05
13372,0.0009341723587164468
13373,0.0006681935731501376
13374,8.074255726994909e-05
13375,6.743745670639383e-05
13376,0.006384412783338104
13377,0.000651989699217144
13378,0.13125007866406574
13379,4.571389519495283e-05
13380,9.642261951363959e-05
13381,7.59898331238438e-05
13382,2.9774347700051178e-05
13383,5.5074257551848096e-05
13384,0.0001861684295965077
13385,0.00019950806288934118
13386,0.0034428204664219302
13387,3.967774386683606e-05
13388,0.01151200364010727
13389,0.0004998566168670938
13390,0.042849792822905006
13391,4.4819739631927765e-05
13392,0.00017068942324432765
13393,5.9190850865867395e-05
13394,5.3243994062634106e-05
13395,0.0001853348288450262
13396,8.615951596467536e-05
13397,8.001249223477604e-05
13398,3.274280222271757e-05
13399,6.82518292445631e-05
13400,7.730982369351701e-05
13401,0.0002972373662738821
13402,0.00033660611200127293
13403,6.552455034018775e-05
13404,9.114915264379508e-05
13405,6.200955101175944e-05
13406,4.554057513786717e-05
13407,4.323141367133325e-05
13408,6.959016031908585e-05
13409,0.00013101037863235752
13410,3.875306776404602e-05
13411,0.0021741463272676813
13412,0.00747318752828767
13413,0.0002618302489821703
13414,0.00012870127326640882
13415,2.47931006051832e-05
13416,0.00011197188442077803
13417,0.001679231314642629
13418,4.785486002306018e-05
13419,7.134418041723141e-05
13420,7.801362221085132e-05
13421,4.5784366957932174e-05
13422,5.6394140368238255e-05
13423,3.79143917017691e-05
13424,3.6138182645719206e-05
13425,0.0018829831276003697
13426,0.001962692239692255
13427,3.371680392301978e-05
13428,0.0002674538768344852
13429,3.610068267254912e-05
13430,3.782659301442268e-05
13431,4.857562401138452e-05
13432,3.436223078952544e-05
13433,5.847116984777749e-05
13434,0.0003629636983418441
13435,2.4817601138883012e-05
13436,3.731437577554873e-05
13437,0.005624561789023906
13438,6.780242935940178e-05
13439,3.8753757330505714e-05
13440,6.762615662704478e-05
13441,0.00012675830200533164
13442,0.0005774514727411981
13443,0.00015217515613142547
13444,0.004504333454853642
13445,3.945204391082411e-05
13446,0.05121308839379633
13447,4.081136663019305e-05
13448,6.0550854628726906e-05
13449,0.0032331131678209777
13450,0.0010706094385298372
13451,4.127186344370142e-05
13452,3.420906320811993e-05
13453,3.9268769445710276e-05
13454,0.12331306270327383
13455,0.006373159725011379
13456,0.00037098377686424185
13457,5.9092117701264435e-05
13458,0.00045696176871640865
13459,7.39372321258807e-05
13460,0.0018766123477062223
13461,4.937753995532003e-05
13462,6.401810625217748e-05
13463,6.15837189737685e-05
13464,3.403929358499894e-05
13465,0.0001508335182440509
13466,3.561922941359586e-05
13467,0.0002244194160886381
13468,4.403740658338402e-05
13469,5.484825386341066e-05
13470,7.202665199894362e-05
13471,2.4919125387041888e-05
13472,0.00039717731652612174
13473,5.651985913633464e-05
13474,4.9843526578262416e-05
13475,3.739211317481775e-05
13476,3.092581910201635e-05
13477,9.181809664992234e-05
13478,5.0601273734776395e-05
13479,0.0002210267747174107
13480,0.00039839947435830054
13481,5.851145684042113e-05
13482,3.924893107092182e-05
13483,0.00025140951771243143
13484,0.00021078678928681087
13485,0.017606756811220214
13486,8.468475311872246e-05
13487,4.745998744355296e-05
13488,4.586103636712416e-05
13489,5.2334665113959606e-05
13490,5.041631689734524e-05
13491,8.599823215417609e-05
13492,3.925734996263164e-05
13493,0.0002296820129814578
13494,3.830893955799643e-05
13495,3.7994904851815846e-05
13496,7.726950933722407e-05
13497,4.16741507768779e-05
13498,0.001615077202405586
13499,0.00024068944414770612
13500,8.362680186635661e-05
13501,5.204378202346507e-05
13502,3.6315845370322186e-05
13503,4.365106737098955e-05
13504,0.00015317981416784412
13505,4.6904346292346405e-05
13506,0.013051042747718549
13507,9.956109000109321e-05
13508,2.500892595174812e-05
13509,0.00013507789602300427
13510,4.423495421144181e-05
13511,6.927029522021861e-05
13512,0.0001245375887934819
13513,3.802122984051817e-05
13514,4.6584994459036264e-05
13515,0.0011480399214688671
13516,0.00023879886517402877
13517,4.24234633232154e-05
13518,0.0007319643054516247
13519,5.333740861560039e-05
13520,6.348045761031678e-05
13521,2.7034372210796478e-05
13522,5.5823487141894495e-05
13523,0.0002780273926676098
13524,3.98058604506554e-05
13525,3.550256415648927e-05
13526,4.3127644520983536e-05
13527,2.0684791751488536e-05
13528,0.0004936359022572511
13529,3.412513958047323e-05
13530,3.1133787035889167e-05
13531,6.147456783068811e-05
13532,8.244771542256081e-05
13533,0.00011001699591564613
13534,6.852163469707447e-05
13535,0.0003870502735716265
13536,2.9704182336004404e-05
13537,4.195444202970158e-05
13538,6.668107646889379e-05
13539,2.4477386542666632e-05
13540,7.729337196660027e-05
13541,4.609114388962608e-05
13542,6.006822582933512e-05
13543,3.8633315729499356e-05
13544,0.00015992234885009609
13545,6.291678973856102e-05
13546,2.3602753465128602e-05
13547,3.059720795788012e-05
13548,2.4604100190258136e-05
13549,0.0001526133540673698
13550,3.4097880912835335e-05
13551,0.0005665293751889335
13552,4.111073140988582e-05
13553,0.00045393434480582454
13554,0.0009963624089678635
13555,7.113311898791004e-05
13556,0.0001660060327934082
13557,3.4699983145825e-05
13558,0.00012360092560653496
13559,0.000274562024627856
13560,0.013212123326985176
13561,0.0005441753261644366
13562,0.00023113272839243344
13563,2.8812027456869255e-05
13564,3.008785152710517e-05
13565,0.0005053646719250824
13566,0.0003121282834986836
13567,5.808141201052591e-05
13568,2.327212049295541e-05
13569,3.27178251003129e-05
13570,4.1324385953499716e-05
13571,0.0006086841880829367
13572,7.821405283732938e-05
13573,3.4890160541562255e-05
13574,6.216884718012388e-05
13575,4.413071059746049e-05
13576,7.91915825069563e-05
13577,4.0281308045423984e-05
13578,0.0008843568558060868
13579,0.0002165052151954284
13580,0.00010222227476707094
13581,4.052894997656752e-05
13582,8.524141524817292e-05
13583,0.0004888470252550478
13584,0.0004958424642790294
13585,0.00010309219307132283
13586,0.00023658782817774455
13587,0.0001859570162761421
13588,6.03073087677073e-05
13589,0.00011133553458821483
13590,3.998919501729587e-05
13591,0.0002915341625898266
13592,3.8442341047438285e-05
13593,2.5155832750062665e-05
13594,6.344650710115232e-05
13595,3.129521731827719e-05
13596,0.00038890567403539005
13597,0.000881206255110404
13598,3.6321768790101465e-05
13599,3.4904594945723786e-05
13600,0.001943563064588464
13601,5.202310667934105e-05
13602,4.4198338830130754e-05
13603,2.5674455063515036e-05
13604,0.0004201041000452494
13605,3.7477309081299184e-05
13606,5.187505954805675e-05
13607,0.018486346646644714
13608,0.0021464052018108286
13609,3.84869894304869e-05
13610,2.0580628267708084e-05
13611,0.0003229179098703503
13612,0.002638161155704915
13613,6.657785733579965e-05
13614,0.0005068948416950172
13615,0.005402264662141091
13616,3.271576140225133e-05
13617,3.900262486779966e-05
13618,2.8312286517077858e-05
13619,2.7271964126815205e-05
13620,3.902519047688597e-05
13621,5.2850969588973106e-05
13622,0.0002264164913066447
13623,3.883752118770442e-05
13624,0.0002499586111194543
13625,2.686334607006248e-05
13626,0.00393945829875244
13627,0.0026610875029218434
13628,0.000157502234928316
13629,5.191331846642858e-05
13630,4.4605263182228036e-05
13631,7.096025681037148e-05
13632,6.140627183776461e-05
13633,0.00016645453683353253
13634,0.0008073775306880564
13635,0.02531842138977521
13636,0.00045055913446663423
13637,3.985697201293525e-05
13638,0.00016391790147278078
13639,0.0032769025147586167
13640,5.9939459219580354e-05
13641,9.006701623420904e-05
13642,5.627051417058826e-05
13643,7.645830213805861e-05
13644,0.0016567360806662424
13645,0.0014489328740290646
13646,3.6252681915573384e-05
13647,7.988252782591178e-05
13648,9.562382213090387e-05
13649,9.89613606940751e-05
13650,0.0004757319874607086
13651,0.003547658871829052
13652,0.00012829520209071418
13653,0.002675184034982957
13654,6.037666036692682e-05
13655,0.0006260647714058185
13656,0.00012760237359676587
13657,6.816824737130214e-05
13658,0.001057798168294062
13659,3.794721642777153e-05
13660,0.00017277455193060614
13661,0.00025605319643903145
13662,8.227643460299023e-05
13663,0.00018082076158037815
13664,0.00025384205755087184
13665,0.00011117025118210549
13666,0.0001241350021186583
13667,5.700214166207431e-05
13668,6.492214241103781e-05
13669,0.001814808126286731
13670,0.00033090416329485407
13671,0.00028741490115240513
13672,5.205454726595975e-05
13673,0.009977873841682593
13674,0.0014600473009915933
13675,4.843840759628101e-05
13676,7.050754655186061e-05
13677,5.686184523153901e-05
13678,0.0001250915848832503
13679,0.0006261742103371908
13680,5.09820949858918e-05
13681,0.0001572877432521873
13682,0.004936820503289698
13683,0.00032668565076125213
13684,0.0009718222541556557
13685,0.00010694981786594972
13686,0.00039233942426095873
13687,0.00639195442332868
13688,0.00012632097429895136
13689,4.5889323738197546e-05
13690,0.00011571693193122335
13691,0.0010713530461683443
13692,2.4879620625196888e-05
13693,7.677985751775662e-05
13694,3.518858708362774e-05
13695,2.3565905812282117e-05
13696,3.95095381033999e-05
13697,0.00014521210603299047
13698,0.0004807404817716427
13699,6.896456371583535e-05
13700,0.00036346749523471
13701,5.669464473869131e-05
13702,0.00010700699836409768
13703,5.0805505915988e-05
13704,3.6118190008544714e-05
13705,2.455601984446227e-05
13706,0.0016493248164936615
13707,3.606504178863947e-05
13708,2.9944559531661194e-05
13709,3.443472389665844e-05
13710,0.0002309804814008316
13711,7.351705521526143e-05
13712,5.343803075356117e-05
13713,9.317390657668496e-05
13714,0.020129349511064258
13715,0.010095390406137956
13716,6.769684192784913e-05
13717,0.00015767971196365763
13718,0.0025495665564630133
13719,0.0001401538543540136
13720,7.838400096812134e-05
13721,0.00035989654358297525
13722,0.0014685519694388135
13723,0.0003454959886566221
13724,0.001518917018435179
13725,0.0006653346685320831
13726,0.00010840099679971293
13727,0.0008764694778748911
13728,7.876464802243948e-05
13729,0.00012538459671823475
13730,0.01489117237188246
13731,0.00023132710027586788
13732,0.00011345199150925101
13733,0.00011424816172934599
13734,0.0009233803059224821
13735,3.099838829719039e-05
13736,5.637880265584387e-05
13737,0.011470652742169051
13738,0.00010967071601941818
13739,0.0009933610681141338
13740,0.00015276527748502226
13741,0.000618380171915924
13742,4.345026911326484e-05
13743,3.538039436939045e-05
13744,0.000989813386685638
13745,0.000255168525407888
13746,0.0014123264772290807
13747,6.854777124061736e-05
13748,6.052607404674193e-05
13749,3.9624430327525565e-05
13750,0.00015820753514487925
13751,0.00022997616563538568
13752,0.0111315564720265
13753,0.00015980581699667778
13754,0.00029412435217910293
13755,0.0014782799089995634
13756,0.0023157882962870843
13757,0.0004249099386427179
13758,0.00017868773418287283
13759,0.001250908982433936
13760,0.0002490390195785468
13761,0.0032444869041582058
13762,5.46296026730277e-05
13763,0.0005466144264506408
13764,3.752860795720427e-05
13765,8.971425500117419e-05
13766,8.919549250369317e-05
13767,0.0008379276093463374
13768,0.0016533664645725684
13769,9.859518163395863e-05
13770,6.182147580677431e-05
13771,8.177819169725799e-05
13772,0.0007610271383030537
13773,0.0007403497891538709
13774,0.00022175964064469946
13775,0.00021916637389094015
13776,0.00046628596327355075
13777,0.002631759650947444
13778,0.0019169087938428677
13779,6.133863226205582e-05
13780,4.470157611629206e-05
13781,8.765350016144513e-05
13782,0.0006230507067038386
13783,0.00034526854209373636
13784,0.0015234244248928139
13785,3.8794475581520943e-05
13786,4.1959570005411695e-05
13787,0.00048332497453784944
13788,4.509339773526534e-05
13789,9.232203312299964e-05
13790,0.00035728555843303884
13791,0.00012995816638581155
13792,0.00016585797014434343
13793,0.003805966551930607
13794,0.00194792801291122
13795,5.935748425674467e-05
13796,0.00121358498123177
13797,3.7109323824631836e-05
13798,0.0001741217929466124
13799,3.606057760083502e-05
13800,2.047402967574842e-05
13801,4.047059654720432e-05
13802,0.0008117306140377846
13803,5.5485561379082964e-05
13804,0.008853494604050691
13805,5.8425387647639476e-05
13806,0.0005116804679274406
13807,0.00011657779435455057
13808,0.0005114005279742649
13809,0.007005463172395342
13810,0.00011455117766466443
13811,3.2561117955757184e-05
13812,0.0037626524645082635
13813,0.0001645692359610597
13814,0.00031628585471517204
13815,0.00042873664858207117
13816,3.514231383730668e-05
13817,1.8942782745129485e-05
13818,0.00019339175774280804
13819,0.00013241771082046658
13820,5.5668497664830207e-05
13821,4.1140236330622805e-05
13822,6.0911780048157584e-05
13823,8.754550124849338e-05
13824,2.9936874489950884e-05
13825,3.249645234823006e-05
13826,0.04777974660537952
13827,5.6614420722447614e-05
13828,0.0004807013578303422
13829,0.00015114188781414044
13830,0.0014575426695155095
13831,0.00011714898145009432
13832,0.0025015623950906214
13833,7.056820016479039e-05
13834,6.214300947958235e-05
13835,2.6093719128830126e-05
13836,0.014423148919303814
13837,0.001064534077595982
13838,0.0014114411447653564
13839,0.00016003211025124352
13840,0.00017240430145204328
13841,0.00011948037242078371
13842,0.9527429832605273
13843,0.00024408800565272918
13844,6.162133159358707e-05
13845,0.00045602778332030913
13846,0.0004948474429714614
13847,8.478423048379341e-05
13848,0.00012440120947526632
13849,0.003102158505646514
13850,0.0074948997993368556
13851,0.017173943228074296
13852,5.11299453799552e-05
13853,3.8676113117429927e-05
13854,5.274158764654174e-05
13855,3.680819983351351e-05
13856,0.0001099169384290687
13857,0.0005906018355412546
13858,2.7865691314240193e-05
13859,9.945333206483084e-05
13860,0.0039820200648267535
13861,3.084701958348987e-05
13862,0.0005410955754269536
13863,0.0005752694976275241
13864,0.0018553654761600496
13865,0.00010560446732218475
13866,6.836212671110808e-05
13867,3.9495487022481826e-05
13868,9.077085408227296e-05
13869,0.00019368326070917573
13870,0.0012648944313751794
13871,0.0001624960010634313
13872,0.00027970434716145565
13873,4.238915668442557e-05
13874,0.00012904879091449274
13875,0.000792792777552514
13876,0.002797087754286991
13877,7.014484749349957e-05
13878,0.00018357992073367765
13879,4.165369813499372e-05
13880,0.00010080761291648554
13881,0.00047607240048100553
13882,0.002655684134877219
13883,4.4692793159027306e-05
13884,6.272917380429764e-05
13885,0.0003118655514784229
13886,5.567715330189167e-05
13887,0.00024122117316116375
13888,0.0018113538224917409
13889,4.526574854596387e-05
13890,0.002669790013601855
13891,0.00011096104805254822
13892,0.0007016966266486396
13893,7.10053900832664e-05
13894,0.015021786034843661
13895,0.0008962699996223868
13896,0.000549542270792595
13897,0.0009006682786242863
13898,0.00022603789329959782
13899,2.3863736041595418e-05
13900,0.0002958039399946572
13901,0.0027652227963117664
13902,3.309699415254334e-05
13903,0.001893739915190603
13904,0.0010717347774001009
13905,1.8419154261991088e-05
13906,2.2513800483025906e-05
13907,0.0015644128041113637
13908,0.00015458814715175025
13909,0.0001956556002919537
13910,6.371353979368801e-05
13911,0.017323880840757217
13912,0.00011325560595906027
13913,0.00022505460466422226
13914,0.00036292521941548404
13915,0.0007656892396104819
13916,0.0015919616363982696
13917,0.00015344146464984755
13918,0.00020943312227669097
13919,0.00016339439683847332
13920,0.00018607957076507335
13921,0.0004148263226233493
13922,3.7879858001073246e-05
13923,0.00013393227577093546
13924,0.00013230869037283156
13925,0.0010695991064105348
13926,0.00010689761478819261
13927,0.0001812208770885074
13928,9.659453565373655e-05
13929,0.0010101777780136011
13930,3.763335001397914e-05
13931,7.646794268432776e-05
13932,0.001240055405954005
13933,0.00013141790042124626
13934,8.16174369521707e-05
13935,0.003775772752209132
13936,0.019175060230688108
13937,8.21100285706058e-05
13938,0.00019035034788317582
13939,0.0006943966915017972
13940,0.00027831505820564864
13941,0.00018846375805774178
13942,0.0001247974360619038
13943,0.0036427870260183097
13944,8.374787042966497e-05
13945,0.0016320661437678936
13946,0.00016982123970215394
13947,3.7974445972271664e-05
13948,0.0036351074674893145
13949,5.418789611745282e-05
13950,5.70305085523787e-05
13951,0.00015383728969541516
13952,0.0005758303372196184
13953,5.336437608104894e-05
13954,0.0019694997487751825
13955,0.0001499504922614209
13956,0.0004525390591592856
13957,6.401442099734094e-05
13958,0.0012135652640829174
13959,0.004562827207004504
13960,0.0011101218193500261
13961,0.0004366987470395994
13962,0.0005072294986251618
13963,0.00014253287144212848
13964,0.0001313795497027833
13965,2.867744840031913e-05
13966,2.5109193692136074e-05
13967,0.02522991166053385
13968,0.00033089845819842694
13969,0.00019429726781969525
13970,0.0009862921828184671
13971,0.00016277324709848865
13972,0.0012514503635266765
13973,0.00837593022814807
13974,3.0294851129036917e-05
13975,0.000395784406411226
13976,0.0012986071058642382
13977,0.047265580009770713
13978,0.009816017937987254
13979,0.00011150868982056096
13980,3.5706332145335704e-05
13981,0.0001165025839726999
13982,2.792974784124703e-05
13983,4.084333718109809e-05
13984,0.0003379293662187122
13985,0.0003772429516799192
13986,6.422377840460553e-05
13987,4.593827086094994e-05
13988,0.005325804213403384
13989,4.0089558214465186e-05
13990,0.0001373114586796297
13991,0.001115045018628799
13992,0.00012182184370051539
13993,4.7240506043395665e-05
13994,0.005771257019812308
13995,0.000938764153959902
13996,8.028667845385734e-05
13997,0.0004951454370714792
13998,7.000066170522324e-05
13999,4.1834210920163604e-05
14000,0.0014167750274323636
14001,0.0012610090874532666
14002,0.00010927983930823196
14003,0.00017441885647804143
14004,0.00042033128035100806
14005,7.806676945704916e-05
14006,4.2282983219727226e-05
14007,2.5453767452588728e-05
14008,6.269274111185712e-05
14009,0.0004984799055185652
14010,0.004485681523291105
14011,0.0001252866934293919
14012,0.0127527658952796
14013,0.007724720575226848
14014,5.0300820307815425e-05
14015,0.000553203170858463
14016,0.002239058992962177
14017,0.00019277028378422443
14018,0.00025536280983121963
14019,9.549810988678468e-05
14020,6.156397321379018e-05
14021,2.004209831168647e-05
14022,0.00011847087756874011
14023,0.0005854098166344819
14024,0.00017688013228718568
14025,2.5701725266753972e-05
14026,0.00045471166890088553
14027,0.009759562396296152
14028,0.0032672793625930278
14029,0.0003011503289411868
14030,0.00017006194497555058
14031,3.236981164197345e-05
14032,0.010152590424148674
14033,0.00013398830124021943
14034,0.00013371680627943965
14035,0.0009628204556586487
14036,2.9619144311782436e-05
14037,5.8771311081689234e-05
14038,0.00023467768374960674
14039,0.004258567419051531
14040,0.00021561187015333902
14041,6.238043932833552e-05
14042,0.02179962890554459
14043,0.0021010282779794975
14044,0.0002817544972133712
14045,0.004299619646381029
14046,5.490098822568596e-05
14047,0.0017467685841728194
14048,0.0018736426476024324
14049,0.00020334071942269821
14050,0.00016975686588219095
14051,0.005132773254028996
14052,0.0001327896878995221
14053,0.00018357687440143683
14054,0.013570416951077524
14055,7.700420357994313e-05
14056,6.889584438365745e-05
14057,0.0006647661070825976
14058,0.00012842179451131496
14059,0.00020605784843260463
14060,0.000500688876928654
14061,0.00497457277474032
14062,9.002582929850462e-05
14063,0.00016215133386020194
14064,0.006423808382588561
14065,0.0009815470462146295
14066,5.552078265387818e-05
14067,6.627394050036055e-05
14068,0.06372008076201506
14069,2.5017159963282872e-05
14070,9.282655284066052e-05
14071,8.001772234651828e-05
14072,5.7825302209221436e-05
14073,4.3788489611310684e-05
14074,2.50545220556406e-05
14075,0.0002824643224575476
14076,5.500056783146679e-05
14077,8.477509576885586e-05
14078,6.292325399190124e-05
14079,5.4887384060222974e-05
14080,0.00012700470084266817
14081,0.0011487407054448003
14082,0.0009335350891831941
14083,8.505555304214556e-05
14084,0.0014446406096766883
14085,3.871111049173034e-05
14086,0.0005506969763968614
14087,0.0005705660315283342
14088,0.0016315856430119153
14089,9.36054973366539e-05
14090,3.058548061621675e-05
14091,2.7584568643503154e-05
14092,0.0035630920054826724
14093,0.0035658258131694167
14094,9.595844440965574e-05
14095,3.5630767390619626e-05
14096,0.0002077322766835821
14097,4.398028015735619e-05
14098,0.00013276348704993246
14099,0.0005520500860227401
14100,0.19417359362676928
14101,0.0002467768596123604
14102,4.4119102366227395e-05
14103,0.00027429974959262694
14104,0.0012333394579857448
14105,0.0002204254071981838
14106,0.00015216316081182547
14107,8.944610781463631e-05
14108,8.353761127833406e-05
14109,0.0007447552419768742
14110,0.00020889999413611885
14111,0.00039182004408218113
14112,0.00048269307957390397
14113,0.00037136158111700766
14114,8.556592186927841e-05
14115,0.00014768931425269456
14116,9.969456505217554e-05
14117,0.00021665177644632477
14118,0.000932542609453638
14119,0.00015186162779969538
14120,0.00042096711284531047
14121,0.03180432667519103
14122,2.8472601472373082e-05
14123,8.207796658048334e-05
14124,5.4207788234519124e-05
14125,0.004779209349715997
14126,6.576791004123743e-05
14127,0.000172631829163244
14128,0.00011447747710805392
14129,0.00027816970621775673
14130,4.514293987193858e-05
14131,0.00020906317161660163
14132,0.022267612510962716
14133,3.071549307880673e-05
14134,2.5230080660490596e-05
14135,0.006281486914448934
14136,0.0005024851288070393
14137,0.00033337482202322927
14138,0.015313279078119312
14139,6.340555769412011e-05
14140,0.00010667888135765884
14141,0.00013662301688181718
14142,0.0011620038383115298
14143,5.184387754644242e-05
14144,9.905182973123333e-05
14145,9.64536882505645e-05
14146,3.5134379191695045e-05
14147,0.0011166380719313165
14148,5.386110363487346e-05
14149,0.0021697773077938567
14150,0.00016970361249737476
14151,3.830824959369283e-05
14152,0.00011406193844354377
14153,2.6571256674008664e-05
14154,5.8988592487977854e-05
14155,5.660468881659194e-05
14156,8.322803514933971e-05
14157,5.54039577288746e-05
14158,0.023398558467135518
14159,0.0028469025402913144
14160,0.0004773409207338047
14161,0.0003461623771055677
14162,3.195435874075252e-05
14163,4.0224460023203896e-05
14164,0.0001007495941943342
14165,0.0009456553935757626
14166,0.0004528823241696016
14167,0.012829115486732068
14168,7.348546943594033e-05
14169,0.0003261104822815888
14170,0.00010450594450547553
14171,0.00017889075846567228
14172,0.00046490300176829213
14173,0.000701762738289233
14174,0.00011051464973501955
14175,0.0012182852580531532
14176,0.00027415871181622064
14177,0.00018655209812963515
14178,5.083230358574498e-05
14179,0.008439429790513743
14180,0.0006089634884121969
14181,0.002354391559940314
14182,0.002335049525571766
14183,0.002222742283847215
14184,7.571922475306818e-05
14185,0.0001037747220068763
14186,0.0002255212323399743
14187,0.0002737999348726821
14188,0.001884130673559829
14189,0.011354247102812388
14190,9.094084952406979e-05
14191,0.0007860840147668115
14192,0.000613399148128975
14193,0.0004599810872314942
14194,0.013044496532925854
14195,0.00017892481433663898
14196,0.0004838407983130434
14197,0.0006935590270327597
14198,8.981383361847576e-05
14199,0.0013354138244203583
14200,0.0010640191428795847
14201,0.0023127741988079
14202,5.107648093884985e-05
14203,4.164016467584714e-05
14204,0.0001397800287028797
14205,8.502412732806989e-05
14206,0.001072541051514125
14207,0.00045988951522156675
14208,7.587362441325507e-05
14209,0.009221782732713497
14210,0.000116817437542193
14211,8.524311684105153e-05
14212,0.0003336202185575152
14213,6.1004464838791496e-05
14214,0.00041565431380901957
14215,0.0031278050183850153
14216,0.00014895629300196734
14217,0.0016171136483158377
14218,0.012820635209815417
14219,7.166411721683747e-05
14220,2.5373035816350126e-05
14221,5.205576059559339e-05
14222,0.00020560690932738438
14223,0.008382637833450517
14224,0.00015390608620033977
14225,0.0007452105427422362
14226,0.0002960734545439158
14227,0.0015922849988931529
14228,0.00019569660014250408
14229,0.0007871421384876998
14230,2.677632777207048e-05
14231,0.001447412736327263
14232,0.0006043444450282199
14233,0.00026102510338214645
14234,0.0009430142720338668
14235,0.0017662705779705836
14236,0.01272843405132166
14237,0.00027356582527464715
14238,0.0006199448446900337
14239,2.8228840727777033e-05
14240,2.8243545260217484e-05
14241,0.006492111947744861
14242,0.00024258364133608544
14243,0.05982423447915858
14244,0.02001219450429925
14245,7.850916003612784e-05
14246,0.0008019294445756785
14247,0.00036493091426521574
14248,0.00011253326805348166
14249,0.002679939744633874
14250,0.0003421130404838524
14251,0.0004532663621633402
14252,0.0001360267409303568
14253,0.00033843436997835707
14254,0.0006639105401961774
14255,0.0017843528657260598
14256,0.0022889855906242026
14257,0.00037034591218049336
14258,9.568562457967067e-05
14259,5.958887358339836e-05
14260,0.0002352691585758478
14261,0.00010006345797310456
14262,0.0009758723273223784
14263,0.00012568997606583307
14264,0.0001432264820550414
14265,0.0005617305447414385
14266,0.0012345735359220768
14267,5.650359136267478e-05
14268,7.110231331858567e-05
14269,0.0004835534517978546
14270,0.00030809507463552376
14271,8.440217360705855e-05
14272,8.957892487067348e-05
14273,3.131815875779532e-05
14274,0.0014310630253212486
14275,0.0001484982260418724
14276,4.9504565452555695e-05
14277,0.00263078231166567
14278,0.0001566630361077629
14279,0.00015345764422981957
14280,0.00012970155896065329
14281,0.009516791041603611
14282,0.00045165967949091154
14283,5.30810821654089e-05
14284,0.0001621817024816974
14285,0.00010695374786262598
14286,0.0001276581188107402
14287,0.00010929929900401236
14288,0.009973257576536882
14289,0.00018589918880292507
14290,0.00030480019291944933
14291,7.688047348667598e-05
14292,0.08060745317318259
14293,3.369010000794496e-05
14294,0.0004958762475090297
14295,0.00020486159407918144
14296,9.273641522429166e-05
14297,0.006798174663830923
14298,6.91288720917527e-05
14299,0.000329009504597237
14300,0.0002668801704019363
14301,0.00030504821437933545
14302,0.00013633611469395787
14303,9.480309455898553e-05
14304,0.0011627173593680242
14305,3.965027052053509e-05
14306,0.029505302273752275
14307,0.052800804478511466
14308,0.001451728798028155
14309,0.00773053210243924
14310,9.22942828125698e-05
14311,0.00021361381481193662
14312,0.00013472967653697782
14313,0.0001716733345416042
14314,0.00020269878781816142
14315,0.0007084449219542507
14316,0.002282310426668423
14317,0.00010232178067971454
14318,0.0004416548859010274
14319,0.000329216060350666
14320,0.0001791795118231695
14321,0.00024418289300940136
14322,0.015648273154197118
14323,5.844279910281512e-05
14324,0.000311433695654173
14325,0.00021743127442798581
14326,8.916416686510111e-05
14327,0.0002996440244666841
14328,0.0006126686227823273
14329,0.00037002337896880846
14330,0.0002233423104299997
14331,0.00012505508863119012
14332,0.014404854925761676
14333,0.020709910124631102
14334,0.00013379765550081295
14335,0.00012016411058187414
14336,9.021126914225642e-05
14337,0.00281293924893687
14338,0.00017432828724127397
14339,6.617487141596739e-05
14340,0.00027876951057205545
14341,0.0003723945108273836
14342,0.00015099752105168725
14343,0.0007922221842847927
14344,0.00045156531945138116
14345,0.0002909024873334484
14346,0.0005255294429222421
14347,9.577770397527858e-05
14348,0.0005162821020569492
14349,0.00041683413337706014
14350,0.00019308379497161597
14351,0.0012166796040767266
14352,0.0003856491305195837
14353,6.820822390054933e-05
14354,0.00021414219992202063
14355,4.069782485767472e-05
14356,0.0014457726453200293
14357,0.0022629015859343426
14358,4.884309549038952e-05
14359,0.0008585581675288712
14360,0.01422044686364769
14361,0.0002583890009763506
14362,0.057409095173311456
14363,0.00015624127864592507
14364,8.628256311622249e-05
14365,0.0018003252511860884
14366,0.0008513351727370569
14367,0.0003150193501626345
14368,0.04108438606851683
14369,4.641026535690037e-05
14370,3.277887995643984e-05
14371,0.00010307971046480258
14372,0.0005095392844420875
14373,0.00039164047674570396
14374,0.007486197528124036
14375,6.34284469751882e-05
14376,0.004807588660155367
14377,0.00018729328983770884
14378,0.0039180739672460465
14379,7.31968980832765e-05
14380,0.00022461721813859674
14381,0.00010104885362968748
14382,7.651241010159768e-05
14383,2.833131863655487e-05
14384,0.0018749592220117478
14385,0.00013068880551901678
14386,0.0004047167092675375
14387,0.0010487445825346643
14388,5.537509871966243e-05
14389,7.494223644703272e-05
14390,2.620696846015214e-05
14391,8.970882726216674e-05
14392,0.0032710236517517707
14393,0.0028613637492910416
14394,0.0001965352694545309
14395,0.0008822964397345654
14396,5.616928415084499e-05
14397,0.00033304483106422797
14398,0.007487541386610159
14399,0.00022478110731939397
14400,4.182032281317928e-05
14401,0.00023414672328489968
14402,0.0001077642926175761
14403,5.209262122324288e-05
14404,0.00010281449586892818
14405,0.0006058780140709918
14406,7.689171679460378e-05
14407,5.345959914110914e-05
14408,0.0837575757656073
14409,0.0001190079161516484
14410,0.00011885349202241891
14411,7.053012119836791e-05
14412,9.099263899098069e-05
14413,6.186476968229658e-05
14414,0.00016912769719393646
14415,4.375337650080884e-05
14416,3.087021100881008e-05
14417,0.0017728264012959929
14418,0.08201585781959178
14419,0.34673153411781726
14420,7.53788350011083e-05
14421,2.056502294401035e-05
14422,0.00016794950861888426
14423,7.502810929868482e-05
14424,0.0001118969977650253
14425,0.0063727978140052325
14426,0.02622384301873837
14427,5.7171171600261e-05
14428,5.5019253778690455e-05
14429,0.0007121503397412305
14430,0.0004757601507540175
14431,0.00429947560939139
14432,0.00021574686248097174
14433,0.0001929874361265582
14434,6.47753109467452e-05
14435,0.0002920178418514838
14436,0.00014079331358593563
14437,0.00027658242836851144
14438,6.0132465852902674e-05
14439,6.290961451077838e-05
14440,2.7538308363296767e-05
14441,5.3945699771638055e-05
14442,4.3323302173695644e-05
14443,0.00018749649441938604
14444,0.00011000185715165436
14445,0.0038210560274450243
14446,7.572612546136417e-05
14447,7.787504616517361e-05
14448,7.76594716206377e-05
14449,0.00011997196819634384
14450,0.05373952549782742
14451,0.16060362642997045
14452,5.852674479818057e-05
14453,0.00013004881424773655
14454,1.9532147353786706e-05
14455,0.00011298324971078424
14456,0.0001411806266343245
14457,0.00011366911770864605
14458,3.9341214746198134e-05
14459,0.0001162107030649638
14460,0.00025824208945024273
14461,0.0002926629154728261
14462,0.00010662503688504751
14463,2.3348040135137493e-05
14464,0.002226771851741234
14465,0.00022401853531360452
14466,6.650532100320769e-05
14467,0.0007889802098916541
14468,7.261957542153624e-05
14469,5.665081287102898e-05
14470,6.149453970093069e-05
14471,4.978886958145194e-05
14472,0.00021632506956800165
14473,8.971179124752134e-05
14474,0.0007815754800579699
14475,0.00011627956218205021
14476,6.15976480277813e-05
14477,0.00037815866768050574
14478,0.0003665278620554152
14479,0.0002214385651333859
14480,6.87268775501796e-05
14481,0.006795873045091168
14482,0.000102254135781674
14483,0.00012098873177292455
14484,0.001135301475688646
14485,9.272418806623837e-05
14486,0.000288990131398695
14487,0.004242395854787134
14488,5.272058338957562e-05
14489,0.12352344532180973
14490,4.36669708469543e-05
14491,0.00011988250131573003
14492,9.197437547828527e-05
14493,0.0009430657043074276
14494,0.020538849310073375
14495,9.871361220257031e-05
14496,0.000779243104630909
14497,5.693760463322275e-05
14498,4.2497474422986854e-05
14499,4.3909260628953805e-05
14500,0.00010568676583368292
14501,0.0016601494743125837
14502,0.0004738980576365102
14503,5.805709087497522e-05
14504,5.8581816721108604e-05
14505,4.616503767073417e-05
14506,0.00010005198406068429
14507,0.0002253008842339603
14508,0.0001352981336232675
14509,0.0007116472110872029
14510,0.0002234905983284983
14511,0.00011779832345910801
14512,2.7561479200361577e-05
14513,0.00015752823139797775
14514,0.0005234899712932799
14515,2.3537049461628442e-05
14516,8.980884295148856e-05
14517,9.193828277476371e-05
14518,0.00013136678896241138
14519,8.102725372909972e-05
14520,0.0044102313676577624
14521,0.0012413247452848096
14522,0.003957374273539974
14523,5.8655991267730293e-05
14524,0.0072408869884782855
14525,3.67457285223129e-05
14526,6.796783967151588e-05
14527,6.732810545583942e-05
14528,3.787835116082686e-05
14529,9.504923105755565e-05
14530,0.00029707711490433987
14531,0.00766574937172153
14532,7.442647518096544e-05
14533,9.072229614201265e-05
14534,0.00013110053094314022
14535,5.4198778554783494e-05
14536,0.00013315059254153473
14537,4.322858572175226e-05
14538,0.050472874148673054
14539,3.660862793620093e-05
14540,4.111380853901172e-05
14541,0.00010959073705114875
14542,0.00011720820594017518
14543,0.05919742846609884
14544,0.001733779634474092
14545,0.00019473184789720223
14546,5.017453830721896e-05
14547,0.0013799678078208638
14548,0.0022243211541208446
14549,0.00029589927405778885
14550,0.00011100065689527647
14551,0.0007341707987097202
14552,0.00010107965784455713
14553,0.0004261432339931327
14554,0.00016075714445802644
14555,0.0008772676262856843
14556,6.442463691097451e-05
14557,0.0002504455491138098
14558,0.003289454640160688
14559,0.00018109939067924457
14560,0.00024565910960436125
14561,6.388199094671425e-05
14562,9.67518501266253e-05
14563,9.731381737911241e-05
14564,7.941124214370101e-05
14565,5.1708155820828686e-05
14566,6.558484528760415e-05
14567,0.00018337680378913642
14568,0.0009078771457297855
14569,3.617575425393974e-05
14570,8.412503302717276e-05
14571,8.49186857894154e-05
14572,8.904481585661478e-05
14573,4.5271637153670835e-05
14574,6.669206810202791e-05
14575,5.959438542418248e-05
14576,0.00010952986964159025
14577,6.168858886619539e-05
14578,5.465353892349511e-05
14579,6.385694772808742e-05
14580,0.0016168594034187671
14581,0.016103760151439012
14582,5.714659313611484e-05
14583,0.002194328580443037
14584,0.003063940911189038
14585,0.00010761043525071624
14586,6.956740473254111e-05
14587,0.022958753443972073
14588,0.00012436428213248316
14589,6.678012404664144e-05
14590,7.009226129495114e-05
14591,6.186596075537572e-05
14592,0.000935212719009438
14593,0.00015885575945134408
14594,7.220136920291284e-05
14595,9.108875758788365e-05
14596,0.007860615796823511
14597,9.343392764849843e-05
14598,5.5055963613231994e-05
14599,0.0006100786077502194
14600,0.0010241331719023604
14601,0.00018797814290226177
14602,0.0001038426414756721
14603,0.00021931151478357517
14604,0.00012315927576340272
14605,0.00014953932013427444
14606,6.526798027501516e-05
14607,4.1876308473663575e-05
14608,3.812966998832846e-05
14609,2.7581327456109238e-05
14610,4.978622341279351e-05
14611,0.005917759744914046
14612,0.00012855744412931008
14613,0.0005276715301993177
14614,0.000900442195362965
14615,4.877283578201681e-05
14616,0.00011018098362624968
14617,9.142548194043648e-05
14618,9.958537831382942e-05
14619,0.00012242766123184357
14620,7.350877339670318e-05
14621,0.00035934160205764864
14622,4.39004766716821e-05
14623,0.00014868977361587684
14624,0.0005613443799161118
14625,0.0002015071300155552
14626,7.00137039869314e-05
14627,9.269805579852628e-05
14628,9.26404262745387e-05
14629,0.001956590099859736
14630,0.0009546208180550419
14631,5.3730028614934866e-05
14632,5.891467479422118e-05
14633,7.889140767671158e-05
14634,0.00015558248647464814
14635,5.163463372913883e-05
14636,9.20568138396567e-05
14637,5.87025688198882e-05
14638,1.6663567447971918e-05
14639,2.90609433300118e-05
14640,0.0003047806826663453
14641,0.00023677906910793612
14642,0.0002821825653382681
14643,2.4733428385249364e-05
14644,6.723981536920531e-05
14645,0.00012681283125952656
14646,0.0001169084009030265
14647,0.0007056251902149898
14648,0.00015398171258489994
14649,7.075683562276528e-05
14650,8.580948597487871e-05
14651,0.00046414920491567445
14652,0.000737516822248005
14653,3.430475971586643e-05
14654,8.74390239824966e-05
14655,0.0004084162035489653
14656,0.0005170274252055497
14657,9.426398417411182e-05
14658,0.004863897462479343
14659,0.00015580673573883957
14660,3.5225040124854715e-05
14661,0.0005364063763453001
14662,0.0010589369617155832
14663,0.0035394441362013177
14664,1.6610260888396256e-05
14665,0.00014859819979491488
14666,0.0004437056842307175
14667,5.355379277979568e-05
14668,0.005246717575842176
14669,6.60381531092353e-05
14670,0.002249764582379717
14671,0.0015343691454104095
14672,5.9052466253820576e-05
14673,0.008353093917117988
14674,0.06183844627243518
14675,9.156847986722957e-05
14676,0.01731654760704059
14677,9.872936154162611e-05
14678,0.000124333297412342
14679,5.5633327911031005e-05
14680,0.006646714433913089
14681,0.0024394046920232894
14682,0.008728650027538868
14683,0.024500078038381563
14684,0.003108485623367643
14685,4.696386772136993e-05
14686,0.00011810601817986024
14687,0.00010234466842767814
14688,0.00026047775196102503
14689,3.785556687278186e-05
14690,0.00029163310440191064
14691,0.0011715714795593824
14692,0.0006054835013598236
14693,9.556085028948281e-05
14694,5.7847004847056306e-05
14695,0.0009417827895577959
14696,0.05678694192287612
14697,3.816090826538813e-05
14698,0.01923293644384973
14699,6.851187765432908e-05
14700,7.357310863588219e-05
14701,5.977842385776885e-05
14702,9.056941842327813e-05
14703,0.00018652121962337988
14704,0.003026110442229589
14705,0.00021861101026449383
14706,3.211516622588434e-05
14707,0.00010050151963015002
14708,0.00014813844761396634
14709,0.000632947233245879
14710,7.884171537776777e-05
14711,0.0016019612837278705
14712,3.3432258354382566e-05
14713,0.000181522652860408
14714,0.00016649930300563886
14715,0.0025984659606863134
14716,0.0001581478258097894
14717,8.378607395516533e-05
14718,0.0001795126844260205
14719,0.004581871607650472
14720,0.0013452309225746835
14721,3.675171815386402e-05
14722,6.99075370209433e-05
14723,0.0008460526629117517
14724,2.6144095616390977e-05
14725,6.295781060244666e-05
14726,0.012242451908730074
14727,5.113534176382187e-05
14728,0.0003310425001018918
14729,0.00330030074346918
14730,0.0044801387505738356
14731,0.00011032527061921753
14732,0.000120103017151756
14733,6.479044895138512e-05
14734,0.004566092778828579
14735,3.927244479375509e-05
14736,7.44862570182225e-05
14737,0.00010457634892004979
14738,0.0016058494374410859
14739,0.0035520344948178893
14740,0.0014331077931319738
14741,0.00010766510868474873
14742,0.00010504730769326156
14743,0.00020369067902501113
14744,0.0001201533181346498
14745,0.0002148205621031951
14746,0.000318291674108233
14747,0.016639596065840277
14748,0.00014572816471460727
14749,7.848584453868206e-05
14750,0.00010704104691121126
14751,9.267142781209075e-05
14752,0.0004710318621013461
14753,6.54652906152162e-05
14754,0.0077660764632048905
14755,0.0003105075160653581
14756,9.46477014590184e-05
14757,0.0016492221815026923
14758,0.00015126981772784666
14759,6.239748525133603e-05
14760,0.00023648011176730503
14761,0.00015367520806676708
14762,5.718164167477573e-05
14763,0.003216726195464702
14764,8.106352608629397e-05
14765,0.0006437900545830628
14766,0.0006092020365207677
14767,9.200305845225891e-05
14768,4.089890612472398e-05
14769,5.805483540926159e-05
14770,3.5674656831311025e-05
14771,0.003039165302195055
14772,0.00012977797027165791
14773,0.00012442277446784327
14774,0.00038805514526313984
14775,6.691238413144466e-05
14776,4.016721053435204e-05
14777,0.00011188203798870742
14778,0.0033386012602118244
14779,0.004278304131639483
14780,0.0018225738384073029
14781,7.938538808150268e-05
14782,9.683636712068092e-05
14783,0.00013399024614466434
14784,8.304139319632124e-05
14785,0.005736820390273856
14786,3.8762075830411814e-05
14787,0.000379722104109559
14788,4.810870074426243e-05
14789,0.0001085151231340117
14790,0.00011614381822789821
14791,0.0030365853025276987
14792,0.05153111789687337
14793,0.00016697916986754466
14794,0.0008684253269440779
14795,6.890690925365595e-05
14796,0.0008536294361068897
14797,0.006732840511711577
14798,0.00015419055773305284
14799,4.2047653371942825e-05
14800,0.0007678789614329344
14801,0.00012109571274961952
14802,0.00013971062161372577
14803,7.357800845017103e-05
14804,0.0019895091069723763
14805,0.00023987128622154712
14806,3.533425298104919e-05
14807,0.0002537567506582597
14808,0.006887446889313528
14809,2.6722941504395306e-05
14810,0.0009419827673031069
14811,0.0001042400871811532
14812,8.993989829125335e-05
14813,9.553268831896294e-05
14814,0.00028684169091875344
14815,0.00015643911756248557
14816,0.0026450669106830673
14817,9.360341732041503e-05
14818,0.0016195774889353853
14819,4.397900216291438e-05
14820,0.03354471288340955
14821,5.0618178232140915e-05
14822,0.00338717276089751
14823,0.0036574304068292722
14824,0.00025127006850031306
14825,0.0002270527811398067
14826,0.0002734618709934477
14827,4.2074425985615743e-05
14828,0.0020610196536948416
14829,0.0018345423850797387
14830,0.00036715227520437295
14831,0.0006981506188955748
14832,0.00010558985027129324
14833,0.0010982890167784097
14834,0.0019581923540351884
14835,0.00032425501641930853
14836,8.909856153219942e-05
14837,0.0012403973142863344
14838,0.00033646151211616656
14839,6.670311313699745e-05
14840,0.00015299238826435422
14841,9.039459437845972e-05
14842,0.00017478385022677188
14843,5.7794799794141854e-05
14844,0.004487863467845593
14845,0.2545601939352353
14846,5.465082868806231e-05
14847,6.580416196691721e-05
14848,0.016594746418457575
14849,0.0002288853032603124
14850,5.7172071045688254e-05
14851,4.113683131385446e-05
14852,5.650392406369286e-05
14853,5.739725878171202e-05
14854,5.385812430162937e-05
14855,5.164015684395308e-05
14856,0.0002967021983791106
14857,0.00018525596870118684
14858,0.00027052557213129804
14859,5.0092309741107e-05
14860,0.00025472727597996246
14861,0.0004853311433481466
14862,0.00013602009544574616
14863,0.0004829280938957755
14864,4.9912245916812785e-05
14865,0.00013092804219926602
14866,0.00011132605545884648
14867,7.803641055841582e-05
14868,7.065726756891676e-05
14869,0.00040499978807958387
14870,0.0001815900025359622
14871,7.2157868630604e-05
14872,6.114493592009591e-05
14873,0.0003433739632238889
14874,9.91424548125142e-05
14875,0.0012336932431364334
14876,0.016356632635841594
14877,0.0010760664385520036
14878,0.00017424850244703822
14879,6.115315660170589e-05
14880,0.00012092802224338215
14881,0.013887308737273629
14882,3.2735949053797624e-05
14883,0.0004750847759196418
14884,6.477099239241345e-05
14885,0.00027562770955661043
14886,0.5268214705644935
14887,0.0001363824524925295
14888,0.0010815397488745941
14889,6.568339859090558e-05
14890,0.00015907446939688414
14891,8.960807853158201e-05
14892,0.00010685991125938184
14893,0.00042472619764466235
14894,0.0003755946172658253
14895,0.00018181073255184893
14896,0.011607744944873034
14897,0.9120876572683374
14898,0.11902271793797921
14899,0.0003982196884971082
14900,4.3238776107781e-05
14901,4.34092450822344e-05
14902,6.19089170028912e-05
14903,7.031973509177844e-05
14904,0.00012814711985884123
14905,0.0001441047992640645
14906,0.016880278956375012
14907,0.00020630685466098542
14908,6.330640880369765e-05
14909,6.690305553976898e-05
14910,0.015186723112537177
14911,0.011119610555112052
14912,8.488058232542319e-05
14913,7.110554807464957e-05
14914,0.01542439413014613
14915,0.0002518903866916884
14916,0.00016729073215383193
14917,0.00024065851527748234
14918,6.02290389219766e-05
14919,7.636775147007231e-05
14920,5.2069027369376445e-05
14921,0.08318873957038994
14922,0.019242404315354258
14923,0.00016304496440206024
14924,6.825678275243049e-05
14925,0.00012381780203558733
14926,5.0619455509804495e-05
14927,6.378575290723974e-05
14928,2.3010262221356443e-05
14929,8.265595326081482e-05
14930,0.006385928110666348
14931,0.00030133220203359625
14932,6.104093562227877e-05
14933,9.937425733627164e-05
14934,3.297839244315929e-05
14935,0.007714614612414859
14936,0.0002828430408152394
14937,6.971839984724169e-05
14938,4.073967741914706e-05
14939,0.05250539949555215
14940,4.7741114571886194e-05
14941,0.00013235252270481598
14942,0.009996150976835335
14943,6.37609439897651e-05
14944,0.00023320174092643055
14945,0.00014014709618561413
14946,0.000286068553582465
14947,7.068898071202903e-05
14948,4.233442831194914e-05
14949,0.0005733216423729569
14950,0.0007355241748731223
14951,6.774098334139255e-05
14952,0.0006382645011882545
14953,0.0010905235384352082
14954,0.017727599855158205
14955,0.008399142695034606
14956,0.04838253279801297
14957,0.00014380439806858616
14958,0.00011847604283508595
14959,0.006452955145441611
14960,0.006419406841961285
14961,0.004589270565935485
14962,6.847034773094378e-05
14963,6.430473399800971e-05
14964,5.370626908165032e-05
14965,0.021034457192804404
14966,0.00029948604181199697
14967,6.317673378854457e-05
14968,0.00010464894673265105
14969,6.548992034646719e-05
14970,5.463232531332711e-05
14971,0.0004663286663553837
14972,0.0002283605611016159
14973,9.526458919916476e-05
14974,7.99730579129011e-05
14975,7.619150104531109e-05
14976,8.488364977761327e-05
14977,0.00019563514796041813
14978,8.12023307371724e-05
14979,8.909309747232095e-05
14980,0.0023584800142283204
14981,0.0006521161260761944
14982,5.3965001244605895e-05
14983,0.00010910091063035085
14984,0.0005607547909996433
14985,0.0004980318180086794
14986,0.009810563435952636
14987,0.00015863495583875436
14988,9.258089708855454e-05
14989,0.00012314389328589253
14990,6.247971368170288e-05
14991,7.584915409429598e-05
14992,5.17160811474591e-05
14993,4.7012709963749625e-05
14994,0.0006798473615234784
14995,4.2239826005513154e-05
14996,0.00013291317616160635
14997,5.974031210946285e-05
14998,0.00016287906192128968
14999,8.626320589309567e-05
15000,0.017290577055021815
15001,3.6740979415691063e-05
15002,7.680892860220524e-05
15003,0.20336118402791667
15004,0.06684404551293315
15005,3.808687509920625e-05
15006,1.9282653925995777e-05
15007,7.559257111255469e-05
15008,7.818102182312766e-05
15009,6.08072229922802e-05
15010,7.040088480308782e-05
15011,0.001442877926849435
15012,0.014712338283233557
15013,0.017424232816229845
15014,5.729597481671667e-05
15015,0.02238235917500437
15016,0.007859410514115697
15017,0.03545974851750665
15018,0.00010505546836709762
15019,8.92095161033152e-05
15020,7.426497686113195e-05
15021,9.614211022737614e-05
15022,0.00033030319095919073
15023,0.022138394119150234
15024,7.328317879741215e-05
15025,0.007885292479007062
15026,6.354989026392037e-05
15027,6.817376622819954e-05
15028,6.422700093189411e-05
15029,7.978234060815193e-05
15030,4.514842342934731e-05
15031,0.006106766440770336
15032,0.00350434452123428
15033,3.9300863723115646e-05
15034,6.812947618648122e-05
15035,0.4478077511046911
15036,0.000399544137514961
15037,0.002744002449379282
15038,0.009876750014344562
15039,8.950945532508086e-05
15040,5.2779532582028586e-05
15041,0.0001385804850924465
15042,5.6188555874806564e-05
15043,4.870502681353466e-05
15044,0.002256015219000612
15045,0.0003427923443058944
15046,2.9098621395085505e-05
15047,0.00021913190495890573
15048,2.6880355523130433e-05
15049,6.57427879017502e-05
15050,6.566430437537092e-05
15051,8.79247717681719e-05
15052,0.009498770607728104
15053,3.6942308859220954e-05
15054,8.726140139760838e-05
15055,0.0007159381514102875
15056,0.001820367890927455
15057,0.01578402666653935
15058,5.60341556402188e-05
15059,0.00031282675504984626
15060,0.0034447978941972756
15061,8.001230051589498e-05
15062,7.253546219947525e-05
15063,0.00044952581291230734
15064,0.00024143696097866382
15065,0.002505997959359496
15066,7.456190642414109e-05
15067,6.960780961040964e-05
15068,0.008685837186636885
15069,0.016493630897098367
15070,0.00023208586776268556
15071,0.009608551403568243
15072,5.5758214427960004e-05
15073,0.016275192487414457
15074,8.319900508532134e-05
15075,6.857002137047623e-05
15076,7.451516217514019e-05
15077,0.0002940612909620156
15078,6.985140427187256e-05
15079,7.288638983476024e-05
15080,3.936440754142191e-05
15081,7.247438307077222e-05
15082,0.7230182897982733
15083,0.014102058134587642
15084,6.116473755823072e-05
15085,4.7078336763019386e-05
15086,4.7670073414254726e-05
15087,0.00012616362570765845
15088,9.384457007151917e-05
15089,0.0004543511511668311
15090,7.963531238594807e-05
15091,0.021886577370912402
15092,0.061965571141271256
15093,0.016137845648383543
15094,0.00021701472023832627
15095,7.862355383781445e-05
15096,0.002612727767599672
15097,5.312509214723662e-05
15098,6.916108103525382e-05
15099,0.00014231337464304578
15100,0.001211547004813867
15101,7.56073936198596e-05
15102,5.865726199876147e-05
15103,4.758630459119666e-05
15104,0.00016813374782422783
15105,0.0030047568881288672
15106,0.05257897878704224
15107,0.00010357115684126747
15108,0.00034579592070312884
15109,0.00013607383130768638
15110,0.00021112108162326656
15111,0.006526947048282414
15112,0.0006887846444465711
15113,8.10906230724231e-05
15114,7.428084163370023e-05
15115,5.620752419185248e-05
15116,0.00038642393301449227
15117,7.637163792782083e-05
15118,5.732723663218293e-05
15119,6.0418696522167474e-05
15120,4.131241636504352e-05
15121,0.0020717937969501644
15122,0.08935518960545029
15123,4.093569910504963e-05
15124,5.315012967128215e-05
15125,3.812363828548783e-05
15126,5.34411054073149e-05
15127,0.00032035629246016627
15128,0.0002443885041494964
15129,9.222394744140817e-05
15130,0.007908583553615487
15131,0.00024016095157705669
15132,0.00016471618679523317
15133,0.03521091679569368
15134,5.2392210832735895e-05
15135,0.004632433643008103
15136,0.0019423376319755744
15137,0.04903814775027273
15138,0.0026271512002482315
15139,8.2323770402233e-05
15140,7.295610777568624e-05
15141,7.155726162714869e-05
15142,0.0002403701214622674
15143,5.557991275810508e-05
15144,0.0002830643770878957
15145,4.620364674958587e-05
15146,4.062260190134792e-05
15147,9.037184578226696e-05
15148,0.0011579441167510497
15149,0.002156573324318236
15150,0.0003104832054539139
15151,0.00020600126606899193
15152,3.6817959786480175e-05
15153,8.622291649231768e-05
15154,0.0008663755078196795
15155,0.015755863559582313
15156,5.987565866320828e-05
15157,0.10559228571223589
15158,0.0009267742781337032
15159,0.01813211527608981
15160,0.00018424317430690778
15161,0.0010715167761188402
15162,0.00019420522411458285
15163,0.00024119139856482332
15164,0.008828927531154232
15165,0.0011218678477766348
15166,5.548235247591738e-05
15167,0.00016715758684990816
15168,6.621505240205531e-05
15169,9.484923098642477e-05
15170,0.01661723473281753
15171,8.198400015988195e-05
15172,0.010254068527940476
15173,0.00046472251166527546
15174,0.47158478934330395
15175,9.975520637665735e-05
15176,0.0012111883955393038
15177,0.0002994495477329624
15178,2.762499430074677e-05
15179,0.0003389797099977455
15180,0.00856435834540151
15181,8.57521482553094e-05
15182,0.0165519188617428
15183,0.0002050426559635804
15184,9.829168572800895e-05
15185,4.9305708298054204e-05
15186,4.2559877482017545e-05
15187,0.0001026649764533347
15188,0.00021695041481993262
15189,0.0002935747694560745
15190,0.00023595143501061274
15191,0.3722176694482545
15192,0.0002463602186181135
15193,5.117357770838716e-05
15194,5.056962123306976e-05
15195,0.00019328225213132905
15196,0.0004496234387208366
15197,0.0012478617223550042
15198,6.013964685526803e-05
15199,0.0009166012889496922
15200,0.00014491280635302816
15201,0.0001267659181410523
15202,6.307862470515961e-05
15203,0.00038466498847273476
15204,0.0020844368385810144
15205,5.963170988563606e-05
15206,0.16176906981441597
15207,0.12521117098447082
15208,0.002816405844120593
15209,0.5875332685186765
15210,8.890454860467407e-05
15211,7.615612205136868e-05
15212,0.0002272574181587168
15213,0.09471870716594696
15214,0.0001852415513588478
15215,0.19349129332124626
15216,0.43625972563427
15217,0.0003705070124126557
15218,8.216685749897788e-05
15219,0.00021155130919506482
15220,7.156783208496133e-05
15221,0.0016112407301769605
15222,0.00013909536662337537
15223,6.993302543237972e-05
15224,0.00024394183566364024
15225,3.35651072881879e-05
15226,0.0005003654936398047
15227,0.00019119975786409117
15228,0.0021808502735533183
15229,0.034747171086452824
15230,5.5075608888849284e-05
15231,7.849227354709542e-05
15232,6.689998538575617e-05
15233,0.00013380273490150188
15234,6.980691126240301e-05
15235,8.769249806701073e-05
15236,4.6234874041990034e-05
15237,4.4227670907483535e-05
15238,0.007280755600848737
15239,9.911840080045998e-05
15240,0.001396304888856031
15241,0.00021230215128780202
15242,0.0006803630605496239
15243,0.013038196841526854
15244,0.00011762832906890839
15245,0.014628893908512533
15246,0.00017120009017437436
15247,5.3578153207592894e-05
15248,0.00037154748980093664
15249,4.891547922892042e-05
15250,0.0011716497150685813
15251,0.00010416430736396734
15252,0.00019789115386910182
15253,0.09731847016785404
15254,9.42866836000608e-05
15255,0.00014899183427887565
15256,0.00012548347583428437
15257,0.009944914874815258
15258,0.3282403516793365
15259,4.933970580208631e-05
15260,0.002669394055875868
15261,0.00018818706633461793
15262,0.0028085309929824108
15263,0.012189547385064265
15264,0.0017986272144369525
15265,0.00013649114303001286
15266,0.08955457813114216
15267,0.004138844915525083
15268,0.00011039099978818298
15269,6.920581328658303e-05
15270,0.012663829317488445
15271,6.0984204615801134e-05
15272,6.496312874039985e-05
15273,0.000398900787397439
15274,3.754295845373287e-05
15275,0.0004066567814908637
15276,0.01320312890957696
15277,0.00010088360004271409
15278,0.04134281746692882
15279,7.118250036612539e-05
15280,0.00866776375713119
15281,0.09333167652832157
15282,0.00014200974272082512
15283,0.0004744192405913763
15284,9.38574608333209e-05
15285,0.0005716599206765781
15286,0.03294836617683651
15287,6.265096348436001e-05
15288,0.00032684136698260725
15289,0.0033129395749490987
15290,0.003177574622209541
15291,0.000749311429647789
15292,0.00015841493041994053
15293,4.704507511486519e-05
15294,0.0001815386040940266
15295,0.0003394736808996356
15296,0.005163943560047209
15297,3.762637647353584e-05
15298,0.00022172340544197319
15299,5.778242016824446e-05
15300,0.00033547005382685187
15301,8.22476506636388e-05
15302,0.0007660514658332012
15303,0.015533634004566522
15304,5.5266031030905956e-05
15305,8.200527731587328e-05
15306,0.00022281942079028957
15307,9.76573273736948e-05
15308,0.0813563529234614
15309,0.0019387283745362967
15310,0.00010605295656131964
15311,0.019569001181028178
15312,0.01217096156985472
15313,3.7580107990350165e-05
15314,0.00038149451388670306
15315,0.00012558931384589305
15316,0.0005086387898271339
15317,0.017682105329680706
15318,7.100960160202588e-05
15319,0.0018340979872528973
15320,0.005361890667476428
15321,0.005023937055541999
15322,0.00030239802367782993
15323,0.0026648138937238903
15324,3.90032584670919e-05
15325,0.0014405281796770095
15326,0.024148509625144626
15327,0.0001697537028125236
15328,0.006921993306601213
