index,target
0,0.0009904855162467744
1,0.0029244887311985707
2,0.001082580137502376
3,0.000810645189655643
4,0.0006165589223025214
5,0.000555700018118252
6,0.030097977927954066
7,0.0014444781305646553
8,0.00015677561002867544
9,0.0006329651965501941
10,0.0005473829969287203
11,0.0008141708264043474
12,0.00045341819496240687
13,0.0002874337454395494
14,0.0003836112906817377
15,0.0008084781943578387
16,7.731309787999116e-05
17,7.550603639831389e-05
18,0.0006897796612630304
19,0.00042588787246335266
20,0.009542092349631102
21,0.0006580692532783713
22,0.0002528066167863335
23,0.004104419219342206
24,0.0007395329952308034
25,0.0008268742310864692
26,0.0007989552152359245
27,0.0005609021179039783
28,0.0004801205191258634
29,0.9927633807451061
30,0.00041724855055973463
31,0.0010333518061813813
32,0.0004629816382480897
33,0.014292164631041198
34,0.0008209789727674117
35,0.0003435439946720941
36,0.0014717049777577822
37,7.513865940869652e-05
38,0.002010328975861265
39,0.013511223789539811
40,0.023832766673273623
41,0.00029251258677684145
42,0.0010061622169111027
43,0.00038388226488241005
44,0.0016474506900223597
45,0.0015623157865277816
46,0.005652793346874595
47,0.00488726447191026
48,0.0006956613264476469
49,0.00116587268276875
50,0.000737814186218219
51,0.002651478133027633
52,0.0006334354462569331
53,0.0002298955564167072
54,0.00021778172120961265
55,0.0015895704299892142
56,0.00024259346427661787
57,0.0007651794587549587
58,0.0003242724398666363
59,0.0007914222649365142
60,0.00025955665422594933
61,0.0002974905429445812
62,0.011466751689325042
63,0.00029329367937452053
64,0.0011862176220174185
65,0.0008767445594232298
66,0.011157381864592444
67,0.0003521251903295799
68,0.012098614697749302
69,0.0016899477070120694
70,0.002773491951247698
71,0.0009579236393890687
72,0.00037679485356136353
73,0.0008002114572465286
74,0.0011393520687306045
75,0.0016014340105553614
76,0.0006407367323819147
77,0.0031066549289647076
78,0.023672421065370926
79,0.004041203751033771
80,0.002840974017687255
81,0.00046357945514083186
82,0.0005381533909383275
83,0.0004078265395198339
84,0.0025673265507302943
85,0.003716563568378614
86,0.07350440691123197
87,0.06024921350046718
88,0.0016938795994921464
89,0.00346664291842349
90,0.0011785835362071175
91,0.0002493553792472348
92,0.00015228367787324041
93,7.481584361110897e-05
94,7.652898540270313e-05
95,0.0008768607964729586
96,8.196715288769393e-05
97,8.003804695010214e-05
98,0.0004771400912006168
99,0.00028023608836303006
100,0.0014569105532850804
101,0.9951660843190254
102,0.002086389802741003
103,0.0010372473520445645
104,0.00021925232192682208
105,0.00015761201160061268
106,0.001375724598538441
107,0.0010860957680995011
108,0.0006698285387231086
109,0.00016130176654664024
110,0.00016657158437571973
111,0.008967542232299446
112,0.00011171427076558576
113,0.00010487041142853559
114,0.00013900680315612036
115,0.0008640439012752226
116,0.0013412130791758531
117,0.0006808822361965078
118,0.0008154244841988883
119,0.0018215486286000857
120,8.164013782473109e-05
121,0.026903869972151807
122,0.000331156597124776
123,0.00014553871380747706
124,0.0010498244144342439
125,0.00040402265266284204
126,0.08602015867169877
127,0.021679592406303554
128,0.0003735593346401821
129,0.08327578484269123
130,0.03257555398867636
131,0.07095150272906936
132,0.9948941539950008
133,0.07091319073686306
134,0.006630477150595657
135,0.00044197951399077486
136,0.0002875212246430613
137,0.00026421854716748833
138,7.317200244855852e-05
139,0.0005211920402406348
140,0.0022682666463941987
141,0.0007443306519790383
142,0.0012872010085000698
143,0.00021967238401332344
144,0.0013647603733626253
145,0.0005217908280522648
146,0.0004947108508864079
147,0.012177534714002741
148,0.0005591636309275384
149,0.22935755715450626
150,0.30042879015018986
151,0.00048180078654611334
152,0.0020731299670281663
153,0.000757117403228761
154,0.00018570079864238482
155,0.0008825643273884284
156,0.0009607753490386532
157,0.0013616863350369543
158,0.26761280133100984
159,0.0015598871916142417
160,0.0010183181316230506
161,0.02210029450299379
162,0.039223798525084
163,0.0010146413368411812
164,0.0009372558453350336
165,0.003904055693143377
166,0.6922645174721487
167,0.020207634159024483
168,0.0003172391455151981
169,7.652649861343978e-05
170,7.525043974606321e-05
171,0.011349782616195226
172,0.0007340938143455944
173,0.0002334253579259063
174,0.01089546841048514
175,0.0008114496368019318
176,0.0010056992471903815
177,0.014995987373089653
178,0.00014415890010929436
179,0.00042502682106389825
180,0.00010632376744881844
181,0.00010498668168644805
182,0.0007356640816971947
183,0.0009907572713647992
184,0.0005297238012826334
185,0.00045442198290450745
186,0.0008014227626323948
187,0.00025638932683897135
188,0.007520117820915648
189,0.0005723619587733481
190,0.002446296889191006
191,0.0013881202769275894
192,0.0004698236518366523
193,0.06459600835265725
194,0.008868914858405543
195,0.006887022622291662
196,0.023719947430034728
197,0.00027274871035286384
198,0.0005957518188852969
199,0.0004594868894987066
200,0.0009160710918488131
201,0.00035946708312846205
202,0.000534622426256743
203,0.0014280772083739408
204,0.0013076938926378262
205,0.0006888197461926862
206,0.00032166951881537804
207,0.0002673489227606392
208,0.00019086549832972424
209,0.00030267480997946583
210,0.0008949983264405637
211,0.00300619548873961
212,0.002849807795303273
213,0.012373284540712803
214,0.0003324125792296756
215,0.0003458658406617701
216,0.07083794955464802
217,0.00034640604776876947
218,0.0007008407278902293
219,0.0003334795571933575
220,0.000149630690742828
221,0.00014308281056577227
222,0.00016433809013181627
223,0.00034594228578072934
224,0.07681824312028805
225,0.041002076344604635
226,0.00021207736886916248
227,0.00010949388855354902
228,0.00021357900382583357
229,0.0008606855821932328
230,0.0004016610963965165
231,0.0013141460402910788
232,0.00022102461397244814
233,0.00020617161488501213
234,0.0010775111106443164
235,0.0020026900103117394
236,0.000480647698404599
237,0.00035149060249021927
238,0.9444661731917868
239,0.0005733832161369842
240,0.0019178681189785218
241,0.07078966704102613
242,0.028854612070533442
243,0.005942415871278809
244,0.0012378314912627393
245,0.017970701189070997
246,8.508863987379728e-05
247,8.672490458436071e-05
248,7.587891490329528e-05
249,0.00011850200134809077
250,0.00012122838659668109
251,0.001576787815436486
252,0.0007354892538155961
253,0.1474782502832529
254,0.011932505632074965
255,0.00017137889223491008
256,0.00016787950228634
257,0.00021419445563419055
258,0.00037794173365551483
259,0.004234756892831977
260,0.0008563056850273305
261,0.0002763082326452675
262,0.0007496135270303602
263,0.0011668388261150456
264,0.00022420848672765307
265,0.00029834862484321686
266,0.0002019500215887936
267,0.00028343457229945896
268,0.0008432156338275352
269,0.0050354903652143415
270,8.318535963787316e-05
271,7.618649430373518e-05
272,0.00010137588380437169
273,0.0002922296238438374
274,0.0027752768897269797
275,0.00039894212818036655
276,0.0006140627361361053
277,0.00020655701168610514
278,0.0003664105582232832
279,0.0007124720588929602
280,0.0002443509729250416
281,0.01529160155322501
282,0.00023076093796055595
283,9.418350512036282e-05
284,8.200491686198531e-05
285,0.0023523131825336782
286,0.0001632214178578178
287,0.00017574331231833928
288,0.033251837172900575
289,0.00843168609066652
290,0.0011515378223505095
291,0.00028744557011897866
292,0.0002605507254438511
293,0.0003164508250761486
294,0.0001928075106901594
295,0.000518767039916301
296,0.0018431699897191287
297,0.0032858295865087414
298,0.021025301605235254
299,0.0005349436114438008
300,0.0002588963384816352
301,0.0002113864749608136
302,0.0010427920160454333
303,8.06566494615066e-05
304,7.72886906119623e-05
305,0.0004462677046076652
306,0.00010147775739556702
307,0.0005826467430469604
308,0.00018556881228187007
309,0.00027938626707741147
310,0.0003239520511208275
311,0.0003630052324921683
312,0.000714102551033275
313,0.00016168547642618852
314,0.023373337935257057
315,0.0019427068701112515
316,0.0001911598625411442
317,0.010089688179558678
318,0.0004339231111050685
319,0.000649891420830878
320,7.52959976729017e-05
321,0.00022120318800484436
322,0.00018556310868293982
323,0.00013367838302054085
324,0.00013609544171495834
325,0.0003698363680355209
326,7.54775327656289e-05
327,0.0002792269867288228
328,0.0002488418656290575
329,0.0003688691539390322
330,0.0006555572612279091
331,0.0010596800639587748
332,0.00016775306475312434
333,0.0005711128727641923
334,0.0006761451414511215
335,0.00015997239242355787
336,0.00017940685425243657
337,0.0003577586981289586
338,0.0004528362821990493
339,0.00028023856144711247
340,0.00020207806998323732
341,0.0006102893290955535
342,0.0003772233282924478
343,0.032642433489652345
344,0.031148617899256093
345,0.0026039049212814207
346,0.0013629424590126172
347,0.0004510157912748212
348,0.0014254149998106445
349,0.000526080232622657
350,0.0008032202733291686
351,0.09945125781580674
352,0.0662313672476563
353,0.0015395975259423745
354,0.000524282211952384
355,0.0007230190474807952
356,0.001239390512660935
357,0.002180113283255273
358,0.0007480938823686146
359,0.0034210979065805182
360,0.007472062668439698
361,0.006987073063463206
362,0.0005062160119467424
363,0.0006926932180212111
364,0.00021879540286008346
365,0.00031108459120451844
366,0.004644018433337252
367,0.0005360248969132651
368,0.0002733036061101522
369,0.014731935207284405
370,0.0003774920363005447
371,0.0004081006327267912
372,0.0011484146219716742
373,0.0007256396489441918
374,0.0004990797728032888
375,0.00011123980369175546
376,0.16627084753416993
377,0.00098915107151686
378,0.016365516344643845
379,0.2868827290518128
380,0.0007059737713469997
381,0.0022909181354704915
382,0.0032147222812677788
383,0.00033442793138104536
384,0.0005493632537031995
385,0.00035532855489275454
386,0.00011791738409714443
387,0.0003036811053516512
388,0.0013441211495178083
389,0.010715395389469515
390,7.861461271897947e-05
391,7.842363843049711e-05
392,0.00019958084668216186
393,7.825396369601707e-05
394,7.694979801029776e-05
395,0.00015234323730489287
396,0.0001381619451029555
397,0.020566126766440092
398,0.006124268056154949
399,0.0034449892829231206
400,0.002549362426357321
401,0.2119816867494358
402,0.14012896807747482
403,0.0024349640616913425
404,0.07506813265398997
405,0.05457003381718491
406,0.018754226259446487
407,0.00019474113452475623
408,0.0006529588791715503
409,0.00033231434916729946
410,0.0002609558575352621
411,0.00023110153391174337
412,0.00043998381108178183
413,0.0004972041424760235
414,0.00011134520160623862
415,0.00011299379468072607
416,0.0020144349114320304
417,0.02003101275208403
418,0.004505493302580879
419,0.0007628125507661024
420,0.00030019055555782076
421,0.0014990037924852285
422,0.0002612222878433711
423,0.00013851571457025
424,0.970867066339246
425,0.0004939056319965907
426,0.0007452839555385397
427,0.005213703683359209
428,0.00014683780019073418
429,0.00016232025991465558
430,0.0007336524090440898
431,0.018187175150580034
432,0.0009022327820122319
433,7.536737784906065e-05
434,0.0006960316110061337
435,0.010220241819418873
436,0.01116952781204054
437,7.6987660749612e-05
438,0.00017732909334184862
439,0.0006436517109970315
440,0.00021777745083755219
441,0.00019698607535885746
442,0.002147469721401512
443,0.0023925107392544533
444,0.00016460812893361696
445,0.0021963490579990424
446,0.0007724775357819257
447,0.0005064274590166336
448,0.0002068393833984824
449,0.00022090126515915634
450,0.0003997435261575225
451,0.0006634421960591593
452,0.11221870418726387
453,0.09252202035907431
454,0.0005539515507798068
455,0.0003928403416606465
456,0.0002045764999794568
457,0.0016695906813785984
458,0.00014895232006294047
459,7.695593300712807e-05
460,0.0002537939880367363
461,0.0002633960861637816
462,0.0019952287654010025
463,0.0013022196769915148
464,0.00013507410290150497
465,0.0001364095515683195
466,0.00011058425741209926
467,0.00033712183624275073
468,0.0016420155743390307
469,0.00047256316542244154
470,0.0001122425858110889
471,0.000746662119847898
472,0.00025327723494462836
473,0.000264223516895793
474,0.00021725445508483397
475,0.00766218636330142
476,0.0004055482274153664
477,0.004822240692532287
478,0.0012623862673248184
479,0.006841378684417499
480,0.002378690069891487
481,0.0004354568024691114
482,0.0004514696648031975
483,0.012260188674939144
484,0.00016711192661353317
485,0.0012283305236563166
486,0.0002639211536991705
487,0.0004176738194774784
488,0.0007909284447188615
489,0.00038782657920061463
490,0.0009217359183159399
491,0.0006597693214544897
492,0.005470394047384961
493,0.0001950052095950416
494,0.00018181856909378567
495,7.608250645886437e-05
496,7.868338318916497e-05
497,0.001243036548199809
498,0.0009036034495440841
499,0.0003875337461122892
500,0.0028798734308558534
501,0.0009581680458199675
502,0.0004126798594911522
503,0.0075766460457239865
504,0.0013808732891787687
505,0.0006821367332286605
506,0.0007962035810340438
507,0.0005818698154405415
508,0.005428961859554131
509,0.0005218005517297584
510,0.0015349609615534548
511,0.00043070777348232936
512,0.0030324194054799003
513,0.03501245647270904
514,0.003099563545233194
515,0.0006916514856492976
516,7.691794949127823e-05
517,0.00036542832217235124
518,7.257834532219378e-05
519,0.00010415393403872518
520,0.10185681676992217
521,0.015403513227839066
522,0.0011350584936977372
523,0.0009843525944274313
524,0.0002451167491754005
525,0.0006396110117650341
526,0.00031882100012398703
527,0.0002465553628186133
528,0.002633597144643173
529,0.0005315766385226345
530,0.00015140964342484205
531,0.0001615610188445507
532,0.001251889798459051
533,0.0011059769099260697
534,0.0006575840517893839
535,0.01156276026271351
536,0.0004018635625596652
537,0.0005095910089892911
538,0.058539393947910724
539,0.01701343231397607
540,0.0070929008549093595
541,0.001844852250021688
542,0.0006873190585667127
543,0.0002363524940349212
544,0.002851018791989845
545,0.004995084067508642
546,0.00021116068781322017
547,0.0029159780426117293
548,0.0011438672619298754
549,0.0003041397390555133
550,0.0013445342117819146
551,0.0005109065962989013
552,0.00039597647963540375
553,0.00034366437565822245
554,0.0003134254067685825
555,0.00015257616877171462
556,0.00014260446942871888
557,0.0012484634004345067
558,0.0007168355624265488
559,0.00024508535095891517
560,0.0006617185607766074
561,0.0009121309210517869
562,0.00030442206355093214
563,0.00021361149019327903
564,0.00026615326866226023
565,0.00042523925207176667
566,7.849467329987175e-05
567,0.05271565910320173
568,0.0012331893614757334
569,0.0001515379544913667
570,0.0046477271175921556
571,0.0008261284129446803
572,0.0003812672635909274
573,0.00033525088315278597
574,0.00011129042038449811
575,0.00010103017730989233
576,0.9835446393377797
577,0.00028269592274560927
578,0.0008651417291360016
579,0.0010898947181250773
580,0.00015961242399236062
581,8.727032871255338e-05
582,0.0017525905961026712
583,0.10521791262546287
584,0.00016937023049424222
585,0.00014827291612188668
586,0.7880833559592133
587,0.0008167578619389951
588,8.20025266955968e-05
589,7.341274048858554e-05
590,0.00047114780089584015
591,0.10216187972948432
592,0.026403734367339154
593,0.00021403562028637595
594,0.0010082787418228029
595,0.002780003931867102
596,0.00010854705228804437
597,0.0005748321779880147
598,0.0001446685041553346
599,8.553163349267053e-05
600,0.00014091466342392264
601,0.00013702292760383938
602,0.00012773716004724987
603,0.00013480098031573947
604,0.011967275080167507
605,8.088086940926717e-05
606,8.987480380313561e-05
607,0.0009223687642774245
608,0.00024178707719441764
609,0.9327840787991765
610,0.00029010861157738083
611,0.0010215448985272477
612,0.0018253817679431013
613,0.00036739832233644964
614,0.9694773237273184
615,0.0018738085057172077
616,0.00035787920058010186
617,0.00011696612794127558
618,0.00011056354641695722
619,0.00031543322012597956
620,0.0034783874541653797
621,0.0003899913392870238
622,7.721370006328254e-05
623,0.0005507408655825059
624,0.00011245174463990018
625,0.00010862132175784705
626,0.0005104765686888702
627,0.000633107739319033
628,0.0003096552341263648
629,0.00014063751165510532
630,0.0001690164998460928
631,0.004550310067646543
632,0.013430360028803805
633,0.22253385444021107
634,0.0016075863355350466
635,0.00048343883699770984
636,0.0005718256590194091
637,0.0002850166331271134
638,0.0008515992896864549
639,0.045056717110243706
640,0.0022576924961614986
641,0.00015435970842521185
642,0.00015410676319803197
643,0.0003861849949927838
644,0.0017519495924928686
645,0.00037251607057433195
646,0.0015358413755165573
647,7.754798324774133e-05
648,0.0010815389125215327
649,0.0012984810966511387
650,0.00010354319119518717
651,0.0001118247494247968
652,0.0007016872475905382
653,0.0011755191860435064
654,0.0005900974221988645
655,7.567716360101499e-05
656,7.821519774686299e-05
657,0.00023344027190469897
658,0.004005926481848212
659,0.0004555131913609041
660,0.0021961988806360887
661,0.0012983170910576315
662,0.0019696760492093567
663,0.08617043364910505
664,0.007647322762138739
665,0.00019106093222222777
666,0.0008755613762721291
667,0.0016369369012724047
668,0.0005312718055145181
669,0.0007424370644382999
670,0.00033378804205666003
671,0.06302356603858741
672,0.01035042054111336
673,0.01389320064014916
674,0.00024546912526585835
675,0.000814588963584496
676,0.000339290424575944
677,0.00046052773315074635
678,0.0008937730287370148
679,0.009917137014843034
680,0.0015364455931110123
681,0.0002838632091448069
682,0.0015944483323811528
683,0.00037791474556187003
684,0.0006991639874321374
685,0.0002054264164178234
686,0.00022326277580253786
687,0.0013596736233469956
688,0.01831169649546033
689,0.0005767551380857411
690,0.15370412017756832
691,0.00022097409312565077
692,0.0002598832775448856
693,0.019385316377099965
694,0.00021644017143900566
695,0.0002762927132128141
696,0.0008504904786350669
697,0.0006073093476097497
698,0.0009786820410511098
699,0.0001895838197899594
700,0.0009114512630183063
701,0.0004901340796154716
702,0.0010154892386809097
703,0.0003636780523206287
704,0.00015080400860177306
705,0.0007786471000448283
706,0.0008914688164461434
707,0.0009496031809371112
708,0.0032757669143415177
709,0.0003283414085521729
710,0.00021662612414173298
711,8.438040569890012e-05
712,0.0003738657658387482
713,0.00021400209833196592
714,0.0010812197472265404
715,0.0020142138386127547
716,0.00038911036187091953
717,0.0012212418308438608
718,0.00022348446356242716
719,0.0004015814820139868
720,0.0003890005946278084
721,0.03737887703046514
722,0.02641890887399957
723,0.0006331677623923178
724,0.0005046850258742022
725,0.0007088978945383518
726,0.0025102655979208346
727,0.00018894883994922598
728,0.00043141934406846344
729,0.0012143849348656964
730,0.42867614197000775
731,0.001219217974919271
732,0.0034097229363340966
733,0.0005147001895998173
734,0.016239529969010062
735,0.007277800520073227
736,0.0015696857197361972
737,0.0003088529021511615
738,0.00017726243253506348
739,0.0004968670955575571
740,0.00020034777898485755
741,0.0066451131252141275
742,0.0005512253357747236
743,0.0004596694646714004
744,0.00017475063556648127
745,0.00022305509088484256
746,0.004074344563670217
747,0.013625070988221678
748,0.05042041528438592
749,0.0009173820181161349
750,0.0002573960079624428
751,0.0002957307368870358
752,0.00025407058372603226
753,0.0002515428800536867
754,0.0009703305915562798
755,0.00021832339760206946
756,0.0004275737512156864
757,0.003389224279944586
758,0.0007763767615750767
759,0.0007648249071108794
760,0.9979663509179948
761,0.00039172107334717565
762,0.0006794637939855983
763,0.005282278171092535
764,0.07157186446435226
765,0.010555002954503425
766,0.00100114158287946
767,0.0005589348046253044
768,8.336852767090287e-05
769,0.0001792855537749045
770,0.004476572645466724
771,0.00023166855777416985
772,0.0005638140489765181
773,0.0002637458966939832
774,0.0006952763794070762
775,0.00045537898902180243
776,0.0017398116177131224
777,0.0016924315953566731
778,0.0002487025962512213
779,0.0003468834961767698
780,0.3638429797713938
781,0.001472899130223328
782,0.00032978117256737973
783,0.000702627081856381
784,0.0006612451095901016
785,0.000484386277609422
786,0.0005395817367377295
787,0.00023124929733274753
788,0.0002477131620182879
789,0.00041645336502218273
790,0.03374407038972753
791,0.03457119088989281
792,0.0080736515938965
793,0.0091027521619091
794,0.0021954254025633472
795,0.0001599452862470517
796,0.0007643892029569972
797,0.00013875581444883732
798,0.00016851061305786307
799,0.0013480203824145338
800,0.0203276248212071
801,0.0003895433006746994
802,0.00012186033686112458
803,0.14951131833059877
804,0.0005079545208398518
805,0.00014918351350593967
806,0.01944203459562497
807,0.0034108704376331817
808,0.0009258038941371711
809,0.08299351083013476
810,0.00010672250552725771
811,0.00028187939324362236
812,0.037644082666308074
813,0.003716088208754921
814,0.017603334841388797
815,0.0003326472852954655
816,0.0006108529092744536
817,0.0018774488828654054
818,0.00015078121221777656
819,0.00015396118335797476
820,0.0006206616153528318
821,0.0001462859128244216
822,0.00014067755379517472
823,0.11639305123733848
824,0.00029742914781396765
825,0.09150364327327094
826,0.00044822214771024076
827,0.1274211389864649
828,0.0029020685672227625
829,0.004064337776218777
830,0.0030265457854679414
831,0.0014400412126096592
832,0.0004697267246888823
833,0.0002717199179638364
834,0.0002469435571070134
835,0.00047659854338853497
836,0.0002931415566909981
837,0.0008793691973902152
838,0.002161324697002336
839,0.00011016829730195281
840,0.0018761132861877233
841,0.0006525622032496237
842,0.001109756607310333
843,0.0006502453203689702
844,0.015254110444470887
845,0.00014718065076603704
846,0.0008129779283527847
847,0.0005250092232730201
848,0.00015680527657547884
849,0.00029644942866311445
850,0.0012509541456702372
851,0.0006979819595446737
852,0.0004996452785640977
853,0.00023546740310717785
854,0.028801173269933533
855,0.0002862636163962067
856,0.022943816617150885
857,0.03282376801819005
858,0.000764814922714382
859,0.001956984234923532
860,0.0001100795465321978
861,0.00027732492498837834
862,0.00018055612809975534
863,0.00023333473672891108
864,0.0004414636392499415
865,0.0008627610894326604
866,0.0073437460621641375
867,0.0002541413906964343
868,0.010376117806062657
869,0.004170831422781342
870,0.000356798463887567
871,0.0002582677480782029
872,0.0003736515507813018
873,0.00024162782426550422
874,0.001222666776156709
875,0.0008410412451603172
876,0.00024685332932704925
877,0.00034925326309914354
878,0.0006805241603374026
879,0.00020990006035045617
880,0.0002101482725116086
881,0.00022647620472323696
882,0.0005750506032251675
883,0.00011481442327938478
884,0.00013737393124411832
885,0.0007587780075098574
886,0.00038465053260858663
887,0.0001859363866453395
888,0.0009553545032881233
889,0.002452718172122399
890,0.00045116851705770503
891,0.0026136644241170565
892,0.0004932190705229595
893,0.0007322644190733596
894,0.0003679662575425275
895,0.0002597392836952029
896,0.040748020541254606
897,0.0007005749791047066
898,0.01207997242006714
899,7.85633707737049e-05
900,0.0011337199010674553
901,0.00030919219424527147
902,0.0006845210831977115
903,0.001957285013452648
904,0.004500332849920926
905,0.0005514066832903875
906,0.0012879626824076767
907,0.00033982042362173265
908,0.0010430945546209725
909,0.00014254783041245956
910,0.00018714958983865652
911,0.00024002924773045437
912,0.00022354523497335695
913,0.001218167860084649
914,0.00044588232569761253
915,0.0002114556081832802
916,0.019146306933652053
917,0.0004411097090918846
918,0.00045649860072255086
919,0.08388189939827002
920,0.0022695254751126303
921,0.0032774712109492786
922,0.012070660849747561
923,0.2200243259131746
924,0.017347623130996928
925,0.00010695600795028026
926,0.0008707194107348291
927,0.1130725576785718
928,0.000323154476822286
929,0.0026178592586812207
930,0.0009134344223264885
931,0.0296614431678912
932,0.03657011904410401
933,0.00018647754206378538
934,9.374592152446419e-05
935,0.0006185834169391084
936,0.00017754113330370575
937,0.00020049530751861558
938,0.0006508015279950198
939,0.00023791406421021802
940,0.0001050844986000071
941,0.00010857597454905351
942,0.003682779059532716
943,0.000377033693239482
944,0.000686155970462176
945,0.00024109716701728595
946,0.0008193799355592747
947,0.0003529297919842039
948,0.0017716633304637793
949,0.0006190665239411633
950,0.00014519838207193255
951,0.0011597697506557955
952,7.975792902035098e-05
953,0.0007428445713712647
954,0.0012816516189474874
955,0.00012682222542706798
956,0.00045596964616723167
957,0.0008805014652136836
958,0.00024372160170422114
959,8.932967105584994e-05
960,0.00115076429420182
961,0.0008969995892028022
962,0.0004794165469920382
963,0.0006167389702538
964,0.0006726488899301651
965,9.448615263207274e-05
966,0.0030585061807894614
967,0.005482222063626191
968,0.0008526202144285127
969,0.00014012329892336469
970,0.001200262093725629
971,0.0007454745016031588
972,0.0006782490078079829
973,0.00034675490901395483
974,0.028383762192464652
975,0.0013149238486620213
976,0.0011193429592215723
977,0.002666459593029119
978,0.0011973747510095572
979,0.00018010617354413913
980,0.00024678318233051124
981,0.00014303324902890398
982,0.002132848625128099
983,0.0013554324623912064
984,0.0013029350062091927
985,0.00047392493375981076
986,0.0012769086923754003
987,0.008737525992735161
988,0.001007395947505298
989,0.0003076392039454988
990,0.0046845559610770105
991,0.0002568870317472858
992,0.0007866703656378155
993,0.00043106120363429226
994,0.00013681012821995672
995,0.0005417574913296077
996,7.744661580762451e-05
997,0.0003341120258568
998,0.0004710247884331047
999,0.07435031086567087
1000,0.0006327227041363479
1001,0.00033642202764230176
1002,0.0004060585936096294
1003,0.0005442886845941797
1004,0.0005763601636164595
1005,0.0005032989751372436
1006,0.0007247395982945163
1007,0.0008851569827678541
1008,0.0001741920954711382
1009,0.00015479948273935785
1010,0.00031257004788139847
1011,0.0008721967932770226
1012,0.0002517151718076911
1013,0.0006189665843738906
1014,0.037170487594383295
1015,0.0002452107476869928
1016,0.0003607446601747096
1017,0.01327454612925919
1018,0.0005832046138028531
1019,0.0008161604812759316
1020,0.00011241145910053185
1021,0.010364606526495453
1022,0.0012144706033293466
1023,0.008775652956836012
1024,0.00016128223018196881
1025,0.0004443921860409307
1026,0.0008036284593897099
1027,0.00026195958758683295
1028,0.0002887279938634696
1029,0.0005273132771177629
1030,0.01793950479044825
1031,0.0005988189089019941
1032,0.0006877722267640159
1033,0.0014158570137508663
1034,0.0009509528885671021
1035,0.0011046012232392441
1036,0.00014935450088404055
1037,0.992795035095636
1038,0.0015420134547492182
1039,0.00039198574680680343
1040,0.000244504053921323
1041,0.0006216128236396336
1042,0.1701590800402724
1043,0.00017141764616070398
1044,0.00028723623131531685
1045,0.0001353116584088009
1046,0.044178177417494524
1047,0.0007099870224836124
1048,0.00036108360933285517
1049,0.00043077420424084297
1050,0.0003732151415152008
1051,0.014190345209152116
1052,0.0008993497251451711
1053,0.0017315877905694002
1054,0.0001061889620780742
1055,0.0001395220571655022
1056,0.00026455614864279555
1057,0.00024396000889909879
1058,0.0004526093936641936
1059,0.03212956042989355
1060,0.002360832065305178
1061,0.0021065609380420823
1062,0.001368650756066986
1063,0.00046018239624234173
1064,0.0005671892158637768
1065,0.09361439027937642
1066,0.0007791611607400339
1067,0.0012703524328069136
1068,0.00025234931488096735
1069,0.00017480008263297004
1070,0.0014953211642335432
1071,0.1736677767275419
1072,0.0018836006146686437
1073,0.00032682068825586324
1074,0.00025857419466341144
1075,0.009812891416879351
1076,0.00019819267031790047
1077,0.00025863302210893266
1078,0.00012933450245884115
1079,0.0005775784886049838
1080,0.00020729290791431524
1081,0.01131845805085524
1082,0.0008755443104581078
1083,0.0097224359651537
1084,0.0002201438739347688
1085,0.0002659648961899619
1086,0.0003647784133772422
1087,0.005445567948108157
1088,0.0007112769674073495
1089,0.00043261490744231996
1090,0.00045262192757222487
1091,0.000746307048856436
1092,0.0011387861284686612
1093,0.0007119831138342415
1094,0.0004937612188408095
1095,0.005568824847054374
1096,0.000569112930240732
1097,0.002044573704075584
1098,0.00018226133930160422
1099,0.08974087515087556
1100,0.00016136602447515167
1101,0.004250823692661738
1102,0.0003309429932737088
1103,0.0010897416093521804
1104,0.0001267255737839994
1105,0.000144027776566891
1106,0.00017051768566244698
1107,8.528819093603178e-05
1108,0.0006314416370081719
1109,0.0015089899719298535
1110,0.00034260654741012387
1111,0.00026240808300849623
1112,0.0004071522262075076
1113,0.03737532617452806
1114,7.292140591470743e-05
1115,0.0033627999742299754
1116,7.885040099138623e-05
1117,0.00021504266230235324
1118,0.00010260847568647445
1119,0.00017678221818177162
1120,0.00046817612304016784
1121,0.00028936911489957156
1122,0.00014606321498566798
1123,0.000830398788054432
1124,0.0001495663959897746
1125,0.0006797261468366553
1126,0.0006494060977604275
1127,0.0003977756387751554
1128,0.00037317993906367433
1129,0.0006841601350332696
1130,0.003710227464645801
1131,0.0006131989021892679
1132,0.0005611009451898017
1133,0.001725770591130236
1134,0.028700258457248586
1135,0.9930482059978798
1136,0.00032034916966103386
1137,0.0068482958030531655
1138,0.00031214429237804163
1139,0.22749550332675067
1140,0.06469204643623604
1141,0.00021877804572281953
1142,0.00017692689336975612
1143,0.0002911393286853035
1144,0.004069842120097392
1145,0.0016323731994952553
1146,0.009420148571007637
1147,0.0016331908454004253
1148,0.00043522073604313394
1149,0.00017335462709444773
1150,0.0001859646157379257
1151,0.00015387354191891622
1152,0.0003594797720432944
1153,0.0001344741435864528
1154,0.1765683926084713
1155,0.01566034306429641
1156,0.0203256921263666
1157,0.0040549846718632284
1158,0.00037683510097105927
1159,0.004645356183601778
1160,0.00048788475449254706
1161,0.0005505516181180373
1162,0.00018677768476536212
1163,0.33799257089925466
1164,0.000205068954014906
1165,0.15258333651192335
1166,0.0002881658595331507
1167,0.004102303732789786
1168,0.029419392835622747
1169,0.0002585511992890712
1170,0.000985769872682904
1171,0.0011865784284229072
1172,0.0016325917130486528
1173,0.0004933710804195179
1174,0.0007779676638620992
1175,0.001411607396858665
1176,0.000581004133479498
1177,0.001296238122304596
1178,0.00041553678812274056
1179,0.0004898437371924313
1180,0.0006763404366687852
1181,0.0002456952104945336
1182,0.001041889928034027
1183,0.05236005119263727
1184,0.01912189182245377
1185,0.00039162647367882485
1186,0.0001175754196571274
1187,0.0005124562442615723
1188,0.002060331148020229
1189,0.00029707507743022266
1190,0.0004591105751308222
1191,0.12381533426079758
1192,0.00017301048809822167
1193,0.00017361439816981
1194,0.0011892621708252558
1195,0.0015929723730907282
1196,0.0005290725529417495
1197,0.0017269690979656942
1198,0.00021538245962561333
1199,0.0005901458556451593
1200,0.0025494871569645117
1201,0.000700017443078962
1202,0.0010672755572335925
1203,0.06728233266108022
1204,0.00037380797452452
1205,0.0002266863801576371
1206,0.002436449072242679
1207,0.00028033524997455423
1208,0.9770751675456364
1209,0.0005701921240284862
1210,0.002061135346389519
1211,0.00033551133595871384
1212,0.004680402730482688
1213,0.00036111637742270233
1214,0.0005221920225850637
1215,0.00034744612397917806
1216,0.00040232646519334017
1217,0.0009222190023110421
1218,0.0001718772567440819
1219,0.0019742440013545714
1220,0.028084154232153526
1221,0.0013280570998572465
1222,0.0007594523224078449
1223,0.00022478924771507933
1224,0.0007797548260675978
1225,0.00025888530916565427
1226,0.0007976503124974478
1227,0.00015682238092943026
1228,0.0009124747357202336
1229,0.0003519830175431263
1230,0.016369478895580956
1231,0.000547705724770987
1232,0.0001458806064953025
1233,0.003762231644580149
1234,0.0005793179383724831
1235,0.00038162895482594494
1236,0.9862714287468846
1237,0.001750918244391554
1238,0.9985644072534925
1239,0.059254118615252496
1240,0.0005328523773390478
1241,0.03593573203599236
1242,0.00704216253121272
1243,0.07284390148784228
1244,0.003998277936341969
1245,0.00020326218895619464
1246,0.0005146061981101175
1247,0.0003558424309071496
1248,0.0008687347393025215
1249,0.0016186744991671807
1250,0.00935896357253738
1251,0.0001661159746076739
1252,0.9970473414638757
1253,0.00042193958638790115
1254,0.00045168711626508663
1255,0.00046007203853042756
1256,0.0003115106294388977
1257,0.00025551362793809173
1258,0.030625775283382135
1259,0.00033362057127825346
1260,0.00033936769118709067
1261,0.0007159483621845972
1262,0.0006009037990099796
1263,0.0008503315150579583
1264,0.0007301277493707398
1265,0.0005081147486863787
1266,0.25204966274149876
1267,0.00015857674263052186
1268,0.00016449447457028062
1269,0.0007635337305287864
1270,0.000229638090139542
1271,0.00014660549971192774
1272,0.0005940581266671883
1273,0.0032080398351763107
1274,0.0006681416569718033
1275,0.0011935668472083645
1276,0.00027732631546663637
1277,0.0004106391414176549
1278,0.0008150574008050059
1279,0.0004924486222559832
1280,0.0006101767661495217
1281,0.004349771987793578
1282,0.021906428242974767
1283,0.0007838330318762049
1284,0.001295429333890408
1285,0.0005757346303870143
1286,0.0010424778208929185
1287,0.9183925217487608
1288,0.9979130829222926
1289,0.0004503792551833909
1290,0.21047861537109988
1291,0.9979382404870207
1292,0.009493395022634092
1293,0.0059390377657281
1294,0.0004327617494691398
1295,0.000366240640800843
1296,0.0011129127428826894
1297,0.00029047944999748254
1298,0.0006923930335157149
1299,0.00047506693947282056
1300,0.0029578463234608545
1301,0.0009527089056876861
1302,0.00022818167790933123
1303,0.00037157457582099424
1304,0.9918124129975509
1305,0.000519223593826036
1306,0.9979967517469472
1307,0.00018445154169865582
1308,0.23962292975375368
1309,0.0037168741160590974
1310,0.000491140631520427
1311,0.000319335699343916
1312,0.0005222839799317442
1313,0.00013619812721845615
1314,0.00013487933841988662
1315,0.0006492485437547941
1316,0.0041791820193271935
1317,0.0587193127988229
1318,0.0003620608072882348
1319,0.000496401239237139
1320,0.0005905741121822698
1321,0.0005844870666660316
1322,0.00027012528919700973
1323,0.04260920368407994
1324,0.0007212104911154843
1325,0.00042124036646145073
1326,0.0006047877089689547
1327,0.0005612058448645094
1328,0.0001193121598100039
1329,0.00011912191821984109
1330,0.0002381987856585925
1331,0.0002794667020437758
1332,0.4838012946544101
1333,0.6473574122586122
1334,0.9978890653516995
1335,0.0003358653675418927
1336,0.0005880564042810195
1337,0.00042503158245016045
1338,0.000342753369736824
1339,0.00015706021050304644
1340,0.03393902516691562
1341,0.0004914701754629711
1342,0.0007625208182695976
1343,0.22112615646074724
1344,0.0006062038194637745
1345,0.00020181506710391467
1346,0.000258531064457047
1347,0.00028848140163039354
1348,0.0005529436834123445
1349,0.0002264243553508794
1350,0.010271724045001507
1351,0.00048604295665571385
1352,0.00046780634603242925
1353,0.00010451352815141787
1354,0.00037559313237477934
1355,0.01961973647877566
1356,0.0007012932664448509
1357,0.0007198808477024898
1358,0.00019607790731480243
1359,0.00021657864437794918
1360,0.001041159704777083
1361,0.0007360882477582562
1362,0.0822829391615535
1363,0.060972022284760466
1364,0.00035546996406634506
1365,0.0012392338168094683
1366,0.0003029957198805985
1367,0.010284548179423477
1368,0.009070147739276552
1369,0.0004376174350019239
1370,0.0004239431354255261
1371,0.0004458653375654268
1372,0.0006443993375476386
1373,0.08915369924397172
1374,0.9978613981995217
1375,0.00015407945976000288
1376,0.0031301551141290976
1377,0.01292093282348789
1378,0.0006544585250290294
1379,0.026216904495049636
1380,0.00036398362990562534
1381,0.0005349226679072734
1382,0.00034409403950953424
1383,0.0002255738339726592
1384,0.09029495852169471
1385,0.0014519506599097443
1386,0.0013248516936122394
1387,0.0002465298231235346
1388,0.0003607441558571442
1389,0.00021504428249217617
1390,0.0003479890625211722
1391,0.0003294913602708032
1392,0.0001675684247750908
1393,8.32853468455295e-05
1394,0.9961002713356966
1395,0.001223881382192923
1396,0.0003372303559476029
1397,0.04230211521672455
1398,0.001367205224104764
1399,0.0010633548057140591
1400,0.0008308286485634999
1401,0.0003446048836686266
1402,0.00039291778803808835
1403,0.0006809328250896251
1404,0.0018973110163916338
1405,0.001155730580399404
1406,0.00126855841972695
1407,0.0006217399816632321
1408,0.00029113070458682824
1409,0.0004774801836615214
1410,0.0005355308184722856
1411,0.9981643557606432
1412,0.0007023252795336611
1413,0.00014747780503728572
1414,0.0004741920849632357
1415,0.000943289621913372
1416,0.2737223768501555
1417,8.963558935463015e-05
1418,0.0017512803720103848
1419,0.00039104936855691944
1420,0.00015220560726903555
1421,0.1400549504535084
1422,0.00020273638794482385
1423,0.0013681395620564567
1424,0.000995003567434706
1425,0.0017946351924679918
1426,0.00040182357603835324
1427,0.00012843104472651002
1428,0.0009022349190745696
1429,0.0007616476289107447
1430,0.00012159869902733192
1431,0.0009933445801448369
1432,0.03511895428392199
1433,0.0008014182016652905
1434,0.0021788184292034127
1435,0.018865557028933656
1436,0.00018992087574156276
1437,0.01432133896365607
1438,0.006676891655842089
1439,0.004868037227647068
1440,0.0010017191716836292
1441,0.00017931894597857876
1442,0.0002159541539327817
1443,0.002287927431146205
1444,0.0029802245300908224
1445,0.00048280496757185644
1446,0.00031279752140294466
1447,0.10550827680580385
1448,0.00874339763239897
1449,0.001003566430472962
1450,0.00039108840152416184
1451,0.000254902649311568
1452,0.0007094452570926552
1453,0.0006324193319860164
1454,0.08795258811152729
1455,0.0004657326643433984
1456,0.0006665831043780429
1457,0.00040095163508834626
1458,0.06198305048300516
1459,0.001736715966322016
1460,0.00015974812847324187
1461,0.00041008760001032594
1462,0.0003634323292045019
1463,0.0013213957145711895
1464,0.013844195059002367
1465,0.0015632624284784072
1466,0.00048537444494070587
1467,0.0008700735465216414
1468,0.022670987923127228
1469,0.0004960620545946582
1470,0.0006854855712984727
1471,0.010686388024954866
1472,0.0003955888371025075
1473,0.00022871370276406197
1474,0.998939170672101
1475,0.0006806290720537579
1476,0.0006191831382702754
1477,0.00018573464311319983
1478,0.00022728421941601743
1479,0.00026899894450365915
1480,0.0011953022641813097
1481,0.0002346807401575804
1482,0.0003823822573855235
1483,0.0006022971357871814
1484,0.00029713120380280445
1485,0.0021652266606452214
1486,0.00034471773812417764
1487,0.00013429321771047197
1488,0.001127401235813816
1489,0.00043721534516939396
1490,0.00026705322799540126
1491,0.00039608121703098504
1492,0.00017639480418838338
1493,0.007401891188824882
1494,0.002839216910209638
1495,0.0002375585330399066
1496,0.0005657924653968197
1497,0.0007401226002731255
1498,0.03423905882896959
1499,0.000704791507628246
1500,0.00015847806845080048
1501,9.403469294426782e-05
1502,0.0006821985174396105
1503,0.17914159343362615
1504,0.000634428619768673
1505,0.0013192180128695054
1506,0.0005999396095706917
1507,0.00031621526840137665
1508,0.0029084792628495224
1509,0.000248371730710272
1510,0.00038550341271279394
1511,0.000653226910017756
1512,0.056797692460328564
1513,0.03703147284124107
1514,0.0002213339473601136
1515,0.0002644095101742573
1516,0.0006307572514294341
1517,0.397449268041118
1518,0.0009730935549919332
1519,0.006286624258391911
1520,0.00013987704142619334
1521,0.000312768477019102
1522,0.006742345793214062
1523,0.0002772953589729339
1524,0.0008701888916907424
1525,0.0011981399755138142
1526,0.008111440058286602
1527,0.00016793358321374126
1528,0.000627683201377447
1529,0.00022445545154258574
1530,0.001813042833876008
1531,0.00037948818009571653
1532,0.00016304131383063888
1533,0.00010155800073207726
1534,0.006518625800635643
1535,0.0012059610356345552
1536,0.00020160850002648618
1537,0.000677671865510191
1538,0.0003526733272920048
1539,0.006122087752588964
1540,0.02885170077419687
1541,0.12420463419424496
1542,0.0038871212938148686
1543,0.00025111223017895256
1544,0.039259915210004145
1545,0.00016903681170301336
1546,0.0002831670147954689
1547,0.0001396046532835015
1548,0.00046234106354567427
1549,0.0026029861320971985
1550,0.000758955832175183
1551,0.000616091113775049
1552,0.00021510321598013763
1553,0.00026226570494425593
1554,0.0007606337505809979
1555,0.0747027704580187
1556,0.019999678818469518
1557,0.0013491480978546412
1558,0.0002946566771259744
1559,0.0008612181242902821
1560,0.00018796037907613518
1561,0.0003637503929798274
1562,0.9969062220565579
1563,0.0002514079681109049
1564,0.00034703117531692453
1565,0.01274494362104275
1566,0.00021432244793759712
1567,0.0005091788921299625
1568,0.00026457398827698915
1569,0.0007290709888290425
1570,0.0002592857128493971
1571,0.9970766578576298
1572,0.0003338310322717192
1573,0.0009521807074501497
1574,0.0006501629138152533
1575,0.0001833419366335099
1576,0.0007848347640088483
1577,0.0002925459649109099
1578,0.001117856417065563
1579,0.0030903544249160217
1580,0.0005820621976777233
1581,0.002500812349055189
1582,0.0004722757772745169
1583,0.0003822280679745344
1584,0.0012702667060353905
1585,0.0005913353740213967
1586,0.00021760231224436812
1587,0.0002648840453147019
1588,0.11472054961095694
1589,0.0005308635168402983
1590,0.0005914956887840704
1591,0.06622020530946056
1592,0.0023997383486385167
1593,0.00041255102636548563
1594,0.0626484433770991
1595,0.058042090785119974
1596,0.000969950920727045
1597,0.0009321143431700342
1598,0.0005304117896321621
1599,0.0007863343066102447
1600,0.0005449477529430597
1601,0.0004660317429838226
1602,0.00040510562367449606
1603,0.0004048406148210272
1604,0.010738753708065592
1605,0.0004527055188328453
1606,0.00038305149952472104
1607,0.0009306662130638034
1608,0.00045471902304057105
1609,0.22709363405606614
1610,0.0003497440129268886
1611,0.00034107626000637597
1612,0.0003772331394040943
1613,0.00328005340863817
1614,0.9742531155004354
1615,0.0006440723560860829
1616,0.000409163016521812
1617,0.005421858503793566
1618,0.013016776132083515
1619,0.00037400158402223286
1620,0.0003289556286231672
1621,0.00020541109350968447
1622,0.09180298325540735
1623,0.0004595126170342049
1624,0.010541191240655437
1625,0.0001541955930081794
1626,0.0002160240241858776
1627,0.959333321878618
1628,0.0007931673455249593
1629,0.0002868866988211648
1630,0.0006941516065556879
1631,0.006765154869648992
1632,0.00034986061248477873
1633,0.00027814369986832303
1634,0.0005734535840781733
1635,0.000183524152504295
1636,0.0013222684555101824
1637,0.0001699283666237482
1638,0.00034662474142009705
1639,0.00029610034264253033
1640,0.00028487985005470624
1641,0.0013561251409479696
1642,0.000712861377151229
1643,0.0002605643976021161
1644,0.003021256080144118
1645,0.9975099544172881
1646,0.0004295149119244437
1647,0.13769491936331496
1648,7.245441226553003e-05
1649,0.00299993296844325
1650,0.0011860131649931807
1651,0.00023916783759046425
1652,7.71195708004021e-05
1653,0.0004971327063174221
1654,0.001908842596114791
1655,0.0003080500033509191
1656,0.2519953341939318
1657,0.0003980435510125226
1658,0.0012391674597889164
1659,0.0003409755548816712
1660,0.0003949109646470489
1661,0.0033259665200113435
1662,0.00046814511799692153
1663,0.00034151890271374324
1664,0.00022873109036441916
1665,0.00033127416733856206
1666,0.0002018886182173859
1667,0.0003585220933829653
1668,0.0006846751534288237
1669,0.0009539512639388757
1670,0.0003854275256223897
1671,0.0002958337316982741
1672,0.0009061432155087499
1673,0.0018146794504664576
1674,0.9984954695272108
1675,0.0007872426784155072
1676,0.0002401941373558133
1677,0.0004954976083854057
1678,0.000460645388541754
1679,0.00027574746310309105
1680,0.007873325381431881
1681,0.00023324864509282898
1682,0.0005912315393247115
1683,0.0027519337658768353
1684,0.005563989981024706
1685,0.00059090022594519
1686,0.00014400584149458295
1687,0.00028594498923294474
1688,0.0003193556766020265
1689,0.0053765985056470535
1690,0.000762508732283531
1691,0.00041806772299009514
1692,0.0005179643383730493
1693,0.0043273336174235386
1694,0.00020295435166778044
1695,0.007822609401569562
1696,0.00020906606189470306
1697,0.0006428443328936017
1698,0.0006552442220114096
1699,0.0002882864988959464
1700,0.0009597955326135423
1701,0.00030604694456846216
1702,0.0006181248288134935
1703,0.0003888738604482205
1704,0.248352569426829
1705,0.00018982477158641575
1706,0.02308362392278131
1707,0.9979719785655666
1708,0.9922011194638687
1709,0.00017347980794809432
1710,0.00013119574331776684
1711,0.00019733847025206556
1712,0.0005933750892173326
1713,0.000174450638251837
1714,0.00042479057781842866
1715,0.00042738238475742733
1716,0.00033599782603376866
1717,0.0005622175221856737
1718,0.0006033705383018248
1719,0.00021952136327359757
1720,0.00029727990558010094
1721,0.9758420346780475
1722,0.9983254537035202
1723,0.0002221902220509232
1724,0.00019772836617541748
1725,0.0007935189428187452
1726,0.00029199482690109736
1727,0.0013247608453871313
1728,0.13020617283184327
1729,0.0023059840860764095
1730,7.920089725101044e-05
1731,8.504043849583311e-05
1732,0.09413543985715436
1733,0.039368220087274405
1734,0.001600739839338397
1735,0.0018540878546935966
1736,0.0036103781470747326
1737,0.00018965801031347538
1738,0.0003461897599964091
1739,0.0009217568019199164
1740,0.00022091510935617849
1741,0.00024128458340140838
1742,0.000111497064459137
1743,7.40944862224381e-05
1744,0.0007613081386792588
1745,0.07809147889416752
1746,0.013837397205830571
1747,0.00028439014394730127
1748,8.183582784616338e-05
1749,0.9871174191182822
1750,0.000607834774199813
1751,0.002424113938487648
1752,0.005702883724857948
1753,0.00031852761437815147
1754,0.0004449555645318434
1755,9.811555323592424e-05
1756,0.00011086931391950553
1757,0.00021087651566113977
1758,0.0001347755033741967
1759,0.00024968728198717646
1760,0.0001547354350601007
1761,0.00021908905192845156
1762,0.0001723278329570719
1763,0.001429523121325906
1764,0.00012263474495947225
1765,0.0012709553415487579
1766,0.00014603324973326136
1767,0.00015662748261033354
1768,0.0037687358392264037
1769,0.7168275689236072
1770,0.03549088704391759
1771,7.236939150666281e-05
1772,8.395867033744325e-05
1773,7.93621104897139e-05
1774,0.000471522615762789
1775,0.00025653121127619
1776,0.00037130085415064976
1777,0.00031825702824664836
1778,0.00028172998653953126
1779,0.00018075198049784849
1780,0.00027287207321045366
1781,0.0017186787941420255
1782,0.0005573831413392711
1783,0.0008407312988837467
1784,7.984011327654892e-05
1785,8.034253507126468e-05
1786,0.0002730642790961317
1787,0.0002998155199293684
1788,0.0002835331371761504
1789,0.0008762225153343172
1790,0.00022352704485136682
1791,0.0002124971488108291
1792,0.0002093237377309524
1793,0.0002820254114249975
1794,0.00022655154687643747
1795,0.0002949062724203465
1796,0.0002734933496398711
1797,0.014579084541058001
1798,0.0010585815528661128
1799,9.884989689662774e-05
1800,0.00023965657003672736
1801,0.006142933801619325
1802,0.00027041353105159577
1803,0.009676384724042461
1804,0.0030778284230234564
1805,0.0005648041918050707
1806,0.00034521861866007705
1807,0.00028929791859281715
1808,0.9989500492454704
1809,0.00019659082601105427
1810,0.00021724346094925857
1811,0.08711292534045671
1812,0.00010712399846990262
1813,0.0013282319144530407
1814,0.001315381117613198
1815,0.9927242082716896
1816,0.00048631132750592815
1817,0.012840245798450936
1818,0.9853245800494868
1819,0.000875457816835977
1820,0.0002207977047982902
1821,0.00033214070830304374
1822,0.0002480356717986843
1823,0.00020040275331312786
1824,0.00026412013012582896
1825,0.0001343910792368116
1826,0.0001909176521881399
1827,0.00015199068192064735
1828,0.0003090218783024207
1829,0.00025370398160821673
1830,0.00024014301395492815
1831,0.0002548025434689718
1832,0.00020453573677534594
1833,0.00048130122146158047
1834,0.00011331853979272548
1835,7.450764331075582e-05
1836,0.017097902419578925
1837,0.007358325922806025
1838,0.0001851066200492569
1839,0.0002069976437324073
1840,0.0006148277470862819
1841,0.0002734367372614631
1842,0.055838922862010455
1843,0.0008209826213315256
1844,0.00012666348413075995
1845,0.008063059098437023
1846,0.0008957874454359113
1847,0.0004213251142821766
1848,0.0012772186558750575
1849,0.0001818045287736455
1850,0.0005366958368661262
1851,0.00010422566070900447
1852,0.005682810527463704
1853,7.330410790361046e-05
1854,0.0002074290904147106
1855,0.005467824652932727
1856,0.00015711358611353342
1857,0.00016787614974092527
1858,7.460446576017311e-05
1859,0.07220881493804328
1860,0.016902078221548655
1861,0.0001817476163939177
1862,0.00023365364107781652
1863,0.00019640983857068737
1864,0.0014357913752991096
1865,0.0002097542502153623
1866,0.000989867213669109
1867,0.0020208209228240633
1868,0.00033158843905243
1869,0.00016972482786432581
1870,0.0005228897998651087
1871,0.005445555864829362
1872,0.000309441177640788
1873,0.0002156589963751622
1874,0.00020195891655529108
1875,0.00022291977163017875
1876,0.00021322179754913644
1877,0.0002539898541467885
1878,0.00035575037746415325
1879,0.011301920194179174
1880,0.00022507402397338347
1881,0.00015532460190732772
1882,0.008277095076778087
1883,0.00033308750029769144
1884,9.387530104400187e-05
1885,0.00070671550912274
1886,0.0002616793516890969
1887,0.0008075610166682556
1888,0.0013693779951556185
1889,0.011288614279989843
1890,8.949159758427998e-05
1891,0.0002753539620778856
1892,0.00016898220980886806
1893,0.02856292868587084
1894,7.390149148950581e-05
1895,7.478497038338809e-05
1896,0.007884366879652037
1897,0.001217933332384943
1898,0.00012822849401781085
1899,0.00023460741261639636
1900,0.0006148061536695205
1901,0.00037611643309331177
1902,0.0017986841657715324
1903,7.58282016587367e-05
1904,0.0005226031708089407
1905,0.00024370297421874416
1906,0.13128466037797323
1907,0.0002055976061669052
1908,0.0002649760205778441
1909,0.0002593312389985594
1910,0.0009248662003242671
1911,0.0015362954023693202
1912,0.017782503905500274
1913,9.236231446812338e-05
1914,0.04514497483026205
1915,0.0015081174709728495
1916,0.0005747702857351958
1917,0.00015287254462463418
1918,0.00024316303327979698
1919,0.0012537631125901683
1920,7.71809607219795e-05
1921,9.913519532038628e-05
1922,0.06380657206041396
1923,0.00021026680747293592
1924,0.00013348586589618776
1925,0.00025032869070285984
1926,0.0001337914997166072
1927,0.00019706310393944067
1928,0.0004585698442837089
1929,7.872652144646795e-05
1930,8.292226095778288e-05
1931,0.7134297116605611
1932,0.0024400957281618973
1933,7.562338707840053e-05
1934,7.59276289642181e-05
1935,0.00172977123732879
1936,0.0002489579257254832
1937,0.0010249018494481277
1938,0.00017442249500336588
1939,0.001885403854855159
1940,0.012836369908802086
1941,7.862499832738913e-05
1942,0.00022313966628911217
1943,9.732845916013258e-05
1944,0.00019093603437378269
1945,0.0002854949184146386
1946,0.0004372424713837512
1947,0.0002528175392857452
1948,0.0001420202967663894
1949,0.0003065246415554264
1950,0.0003044873401899459
1951,0.0005496517205854908
1952,0.0006036752486510115
1953,0.00032518389419626873
1954,0.00014721855801479172
1955,0.00013460610688737707
1956,0.0015204758010393818
1957,0.0011824158566557895
1958,0.0009590819703701915
1959,0.9959953790232199
1960,0.03530919214592389
1961,0.00015452031108178322
1962,0.0001710162244806524
1963,0.0004526920495558288
1964,0.002939935883846364
1965,0.0004956609305157313
1966,0.13700833151645794
1967,0.0001870148727479172
1968,0.0001675154642368409
1969,0.004584711363509792
1970,0.0002380416229420126
1971,0.01254469638507571
1972,0.012331135127784715
1973,0.0005470089407678287
1974,0.0009192382158485647
1975,0.002597147342187891
1976,0.00017618239652799475
1977,0.00040630550306342765
1978,0.0002064854594315812
1979,0.00023962682526041382
1980,0.0013908238785974387
1981,0.10565472016621033
1982,0.9983007879330763
1983,0.0005814780015010954
1984,0.00018974862461388365
1985,0.0002126390226321483
1986,0.00014224810647941677
1987,0.0151066120417692
1988,0.00014467786562281975
1989,0.0022628673379150345
1990,0.00033543251164485705
1991,8.128625791156412e-05
1992,8.034991216930499e-05
1993,0.9721608349516725
1994,0.0040311838082010415
1995,0.00018017512508131117
1996,0.3285744204100466
1997,0.000395987139800875
1998,0.00023706127848442882
1999,0.00017515066088287474
2000,0.0011682186918283374
2001,0.0026869742747583436
2002,0.001215249537796767
2003,0.00037024537746823164
2004,0.9650472482312693
2005,0.0004934525959632874
2006,7.178368835145093e-05
2007,0.00019637099952018108
2008,0.00019560561678867724
2009,0.0001938715196666476
2010,0.00036975887076292095
2011,0.0001842133589276761
2012,0.0048420376821562226
2013,0.028088489509638208
2014,0.00026469320623670776
2015,0.00023845823444593327
2016,0.0001298489525766701
2017,0.000239006064992897
2018,0.00014679982533849284
2019,0.0001499029825892903
2020,0.0006826232224116641
2021,0.0009504556476882519
2022,0.0005904968991257838
2023,7.264224037292605e-05
2024,0.0006793204998104402
2025,0.0008648942479426413
2026,0.008200328088420214
2027,0.9983931364854065
2028,0.0002223719223313013
2029,0.0490293046820658
2030,0.024688208162755267
2031,0.0002371588308192982
2032,0.0005523935040420305
2033,0.00021265051316607443
2034,0.00039736602073651864
2035,0.00011992217014436554
2036,0.0010405064075091823
2037,0.00010831123652159102
2038,0.004331123429792477
2039,0.000536065280600814
2040,0.0008199965709425822
2041,0.009127828888333054
2042,0.00011573498583356959
2043,0.00023639116201748636
2044,0.000532183287624211
2045,0.035595598270216966
2046,0.02741320162311121
2047,0.0003104572028261734
2048,0.0003456346031626362
2049,0.012666118809450571
2050,0.986451249847333
2051,0.00021190944810310178
2052,0.0003290309658020265
2053,0.0003801771694418506
2054,0.004063308976559636
2055,0.055393862035422334
2056,0.00022360017893184933
2057,0.004033174880908942
2058,0.0010821507563507048
2059,0.0005801283187718023
2060,0.0005591892442449932
2061,9.817133812349186e-05
2062,0.016770295537701353
2063,0.00024815412110866064
2064,0.00014299835031694134
2065,0.0003429888801044424
2066,0.0007282271951708013
2067,0.00035246005310237436
2068,0.0005429826428870849
2069,0.0005529713865070904
2070,0.0003905847408232033
2071,0.0007306842024150191
2072,0.00034151271197508255
2073,0.0002951145160194749
2074,0.000710369884382471
2075,0.00013043412403715074
2076,8.496654120932899e-05
2077,8.884566265901611e-05
2078,0.000328896013486585
2079,0.00024274501037825175
2080,0.00012867945304469627
2081,0.000483922510514762
2082,0.01095056027157218
2083,0.034086198695725385
2084,0.00018642196942422973
2085,0.0002784694883869481
2086,0.000309415341880564
2087,0.004471738999621199
2088,0.00020039796132857967
2089,0.9739058896098944
2090,0.0002654455582309983
2091,0.0005733961332637929
2092,0.0004539797160119707
2093,0.0009273757315626545
2094,0.9967055118305664
2095,7.786138972550396e-05
2096,0.0010255839300901631
2097,8.36372044426398e-05
2098,0.001438665144696702
2099,0.00018323354761744915
2100,0.6903033043308209
2101,0.9986036373322964
2102,0.006886849012809673
2103,0.00010017705707351383
2104,0.17446633654317803
2105,0.9989014649936097
2106,0.000146251339395898
2107,0.00021092440617478738
2108,0.9932907114278692
2109,0.0015722619260343958
2110,0.000235868226912652
2111,0.00015003352743397694
2112,0.00025619286603389957
2113,0.00021543215401585497
2114,0.33122139001427975
2115,0.00048437530507388314
2116,0.045250207550814686
2117,0.00042455460467948026
2118,0.0006024647358628783
2119,0.0001853695347235488
2120,0.006619714787804594
2121,0.027943004139484223
2122,0.00025258380043305005
2123,0.9982537629327354
2124,0.0012858226863870434
2125,0.00026787231367874146
2126,0.0002376000970934345
2127,0.0006469110676724241
2128,0.000619207575088965
2129,0.00031317247257384373
2130,0.01421770698246671
2131,0.9963742839022846
2132,7.951176793918794e-05
2133,0.013546566326687843
2134,0.006978941269573481
2135,0.0004130136481130647
2136,0.02954689495155839
2137,0.00013429886318079722
2138,0.03944561828499169
2139,0.0009999566692258572
2140,0.02007687587901134
2141,0.00017118118880233077
2142,0.00018160003720199937
2143,0.00012748836613180595
2144,0.004571507482126005
2145,0.0001739766384051308
2146,0.993943206695216
2147,0.0002634487416953413
2148,0.00013339088833530874
2149,0.0005287445541338143
2150,0.00799810703131846
2151,0.0016078894071953286
2152,0.00012523838198540667
2153,0.0012570851798677806
2154,0.08335317196364524
2155,0.0005487439488801832
2156,0.00011886102063961586
2157,0.0004973101332116034
2158,0.00010393630260682018
2159,0.0024709961347866858
2160,0.000259171814599473
2161,0.0002944996351369392
2162,0.0005162669104241761
2163,0.022922697944574015
2164,0.3143163353973882
2165,0.0014749041633498946
2166,0.0001723692974867818
2167,0.000126407798135784
2168,0.00016841433857215046
2169,0.004469770071990895
2170,0.9986475143371418
2171,0.000159329653853847
2172,0.0003244487100204702
2173,0.0002704982031746753
2174,0.00026162958376319125
2175,0.00018902517689784132
2176,0.9946963068101382
2177,0.0008235329669710476
2178,0.00019044559313226636
2179,0.0004422042367932217
2180,0.0004075365081864438
2181,0.00019280393877985305
2182,0.0002486909309387487
2183,0.03132964006496067
2184,0.007342140274883345
2185,0.0005878764377168205
2186,0.00015127752426135084
2187,0.00038697589372877503
2188,0.0004671147531273014
2189,0.00011432242345516257
2190,0.0011312731702830447
2191,0.0007480573133299337
2192,0.9909980884349844
2193,0.0001860493667271418
2194,0.0009733530809883101
2195,0.014597896412632113
2196,0.0003315097095430759
2197,0.0005168553277669749
2198,0.0004356087172836338
2199,0.00031243015386410504
2200,0.001879445943804521
2201,0.0008123355093108938
2202,0.0018709036234628965
2203,0.000347036916937341
2204,0.009564137786590581
2205,0.00010846355904726564
2206,0.00042049870310828833
2207,0.0003201940852334513
2208,0.0002857131404658754
2209,0.0004847034043353177
2210,0.0002747434048655001
2211,0.000358052260753763
2212,0.010505313647122583
2213,0.00036157404360385716
2214,0.0990746026773072
2215,7.31082012049483e-05
2216,0.0006480845954606115
2217,0.00026888821092188207
2218,0.00031588346375879567
2219,0.00017322325908867485
2220,0.00015443196977956778
2221,0.9876821404521209
2222,0.0003681595045625772
2223,0.0017990250086512703
2224,0.11586406779980549
2225,0.00022856908967958215
2226,0.00039243183463548426
2227,0.9987595743856328
2228,0.002409349316627574
2229,0.0003656772534580301
2230,0.00028140608975793833
2231,0.0002799892220035218
2232,0.00023676921204510373
2233,0.00026959386256074705
2234,9.580844623345798e-05
2235,0.993975696799651
2236,0.00033513279795766953
2237,0.0003282078914535116
2238,0.001036859815190244
2239,0.012901489937012626
2240,0.0164668993857211
2241,0.00010366157571257394
2242,0.9963885953808026
2243,0.002554021553679298
2244,0.00017022756413952156
2245,0.0039056476252260163
2246,0.00022501070702201265
2247,0.00021476282705700897
2248,0.0003322393773467822
2249,0.0822870359070569
2250,0.05811741011731232
2251,7.874278545244152e-05
2252,0.0033642828996480164
2253,0.00017844569938771645
2254,0.01523417354106869
2255,0.0799107794156438
2256,0.005574685819405033
2257,0.00015729174214743912
2258,0.0002485069196446767
2259,0.00020365355227927912
2260,0.9974590143118383
2261,0.012624003796816519
2262,0.0001979142727817597
2263,0.00016866578240208428
2264,7.842421573397472e-05
2265,0.0002492390222038133
2266,0.0002131140933630283
2267,0.00021800850553642962
2268,0.00023127393352159452
2269,0.00019428353135653636
2270,0.011904733595127902
2271,0.2170948326160759
2272,0.0002957065425703368
2273,0.0003048119786250486
2274,0.0002024776133581924
2275,0.00021369454337633203
2276,0.00048191166594409383
2277,0.9988697586032439
2278,0.00021962207417490623
2279,0.00014092338572146046
2280,0.0003056666797361762
2281,0.0002302804849940738
2282,0.00015793844910546475
2283,0.9980736555428434
2284,0.0014491344715261557
2285,0.00040671294985484803
2286,0.9931885173663761
2287,0.00011809618779515917
2288,0.00020369915984633008
2289,0.0002715628732891398
2290,0.0002718595484412985
2291,0.0004208591563248208
2292,0.006579708099332687
2293,0.001162338708223799
2294,0.010150527761722612
2295,0.0020246475599141273
2296,0.9981872954579518
2297,0.00017886929002778823
2298,0.00013972012826875702
2299,0.0014107615514994515
2300,0.015496049166382354
2301,0.0016417013159239536
2302,0.00019806717815375668
2303,0.0002796380414973131
2304,7.455720476456488e-05
2305,0.0005658441981095993
2306,0.0006527270040514938
2307,0.0003162252556664769
2308,0.9978501999957397
2309,0.0004200235358327176
2310,0.00023959434719328154
2311,0.0002479992231547054
2312,0.00011859572913815771
2313,7.810004948737408e-05
2314,0.00017870288247703896
2315,0.00016787947977310933
2316,0.018152345490397546
2317,0.9938687018498381
2318,0.0020467661919635225
2319,7.70231550912829e-05
2320,0.00014982727509933822
2321,0.00220086778433578
2322,0.00017046525439935004
2323,0.0001726932776030229
2324,0.00021360644001096403
2325,0.015030574091906487
2326,0.997801001465849
2327,0.00019772860674923957
2328,0.00016921755901513913
2329,0.031248411694851007
2330,0.0016828726892213763
2331,0.0012906495250737666
2332,0.1145330153228312
2333,0.00027748100616085025
2334,0.00028635613003284244
2335,0.0003208574731002685
2336,0.0010408936349640895
2337,0.9971440667415121
2338,0.0003719771460980089
2339,0.0003461203139889849
2340,0.9989033064127133
2341,0.0002377863381650695
2342,0.0002977554576087944
2343,0.00011910270754245129
2344,0.00025827388828247394
2345,0.006495533780101814
2346,0.0002149812340375335
2347,0.9918353749530624
2348,0.001097511953392963
2349,0.9728608668042449
2350,0.01141525288198833
2351,0.0006410782708880257
2352,0.9800837623108073
2353,0.0343768210849547
2354,0.01941183883516471
2355,0.002427562683335123
2356,0.012874852267172786
2357,0.9975185894374855
2358,0.0025382541739416833
2359,0.0023562542425776332
2360,0.7889559938744993
2361,0.000999577092178656
2362,0.9912654226670021
2363,0.0003717273004388416
2364,0.00034087233096715227
2365,0.997379717653468
2366,0.03702437019058299
2367,0.013843568358147923
2368,0.018207382154704157
2369,0.0022582519875930314
2370,0.00017762767345574416
2371,0.00019220735675711174
2372,0.3478736959972359
2373,0.00017915913033800577
2374,0.001197551505062554
2375,0.0003765364750539033
2376,0.49147910714536236
2377,0.05881382699957457
2378,0.9985813924010838
2379,0.5934020135684033
2380,0.9976193322344299
2381,0.009255194074151358
2382,0.00017923757660014432
2383,0.003941287305918292
2384,0.9991844505391254
2385,0.00024157984976748485
2386,0.00010877697781807582
2387,0.9977662705229815
2388,0.0003703727423103804
2389,0.000602380408709408
2390,0.000138711038190631
2391,0.030471196223637087
2392,0.006826254612126661
2393,0.00016722103900730547
2394,0.0002631021719985495
2395,0.0003607370556781375
2396,0.0045494480614534216
2397,7.717462017697078e-05
2398,0.9983299467368297
2399,0.0001655372653717344
2400,0.0004936279928746744
2401,0.000665132219747801
2402,8.089308367725326e-05
2403,0.00031548306171415416
2404,0.9966615164523068
2405,0.00029779271345799284
2406,0.0002194014746063479
2407,0.000972203525072572
2408,0.0005187403478576021
2409,0.00021215343364140187
2410,0.0004679430903981048
2411,0.0009031832475204638
2412,0.0003354504062360135
2413,0.00031560235617808096
2414,0.0002758663916894536
2415,0.0002351718114971548
2416,0.020048263966171435
2417,0.000183424022978696
2418,0.00027112342939999675
2419,0.045630695103460246
2420,0.00027589231801142386
2421,0.0001733619876178027
2422,0.00018576123713594692
2423,0.00022484713548450824
2424,0.9927367595396868
2425,0.021226395122987386
2426,0.032234252193471626
2427,0.00021518974318399036
2428,0.0003461432846667307
2429,7.655713145593248e-05
2430,0.00019070950951416464
2431,0.00021886865058102638
2432,0.00027883190383626506
2433,0.00033282821586467007
2434,0.0009262745667450067
2435,0.0003241092523953227
2436,0.0002382244079622813
2437,0.9982974118549561
2438,0.0002186322647845431
2439,0.00017990093923686047
2440,0.00016434019861457752
2441,0.0003501828911413558
2442,0.00016838263608426958
2443,0.00016217726014306668
2444,0.9648353928635943
2445,0.9977246460784469
2446,0.00021869354544449133
2447,0.0002475944101892166
2448,0.00021581633976962213
2449,0.07554476800321001
2450,0.02105517005888508
2451,0.006593502298762252
2452,0.00022086224312251038
2453,0.00027564407960375416
2454,0.0006000136554273101
2455,0.027016597489293886
2456,0.0006737885463053493
2457,0.0310050224996861
2458,0.0006694358039667168
2459,0.0002580612987663917
2460,9.395587202614035e-05
2461,0.0033639102043943056
2462,0.02219324607954084
2463,0.9988978757207514
2464,0.0001871188926818204
2465,0.028187948920087125
2466,0.0007356015394080007
2467,0.0005214993535884874
2468,0.00012837904910876103
2469,0.003443126074940693
2470,0.016183995718059643
2471,0.00016820078194117402
2472,0.00012295868680497013
2473,0.012659558000964471
2474,0.002516118575272381
2475,0.003223889182477826
2476,0.000994649977313192
2477,0.004827786370363258
2478,0.9406006062864563
2479,0.0004975443633099227
2480,0.00023729253498962357
2481,0.00024670705761162677
2482,0.0010252148974988912
2483,0.9991597939787639
2484,7.147879542812566e-05
2485,0.000514278296064248
2486,0.0002484980777406642
2487,0.00030094681270219836
2488,0.0001862815136632178
2489,0.0003718055453008632
2490,0.026460054580052718
2491,0.001464797560974073
2492,0.00015291752979504497
2493,0.9660758159360912
2494,0.00018859524437170148
2495,0.0001411566659344111
2496,7.693829823138196e-05
2497,0.9985835188192832
2498,8.945221946833069e-05
2499,0.0003883212853800462
2500,0.00012698269350370762
2501,0.9973323065698938
2502,0.11073089286512139
2503,0.453700918028243
2504,0.00010884983443422156
2505,0.001531577200642624
2506,0.00023002434180281178
2507,0.01240610602189741
2508,0.00015070550357812815
2509,0.0003647034522477147
2510,0.004127434934494768
2511,0.0010367690138447217
2512,0.0007070591471502175
2513,0.00022191090213276608
2514,0.0004095538427417598
2515,0.00015143440877630934
2516,0.00022458990679965072
2517,0.00046773487560981526
2518,0.00018191289052731254
2519,0.9980252254667382
2520,0.0001945016959565249
2521,0.00018048954438306446
2522,0.00039494871043303906
2523,0.0006269370614227551
2524,0.0010724625826525804
2525,0.9983410511878426
2526,0.8252314468964063
2527,0.00011094569147158105
2528,7.336618203043418e-05
2529,0.000211322302442192
2530,0.0001976334955265409
2531,0.00011133685464694361
2532,0.0001589699607146204
2533,0.9969235588614073
2534,0.0681009194463514
2535,0.01279997595762109
2536,0.07689567421681329
2537,0.0007087852024753293
2538,0.0004307633379723666
2539,0.0004384074785363847
2540,0.00015653646620581802
2541,0.00026274515862087484
2542,0.00019708860461302744
2543,0.002349750456193435
2544,0.0002475517174726384
2545,0.011012252809879759
2546,0.0303915868998114
2547,0.0002034284526277555
2548,0.00021739645076298593
2549,0.00010361965290762984
2550,0.0008146257109951929
2551,0.00022255796927302089
2552,0.00020970915111422588
2553,0.0002379619550182766
2554,0.00020754980633316597
2555,0.0026691324521370295
2556,0.9977482663457998
2557,0.0003168355121260547
2558,0.00026500400892864385
2559,0.9908625993101603
2560,0.9991946569644725
2561,0.00023339996868503187
2562,0.001119197937829997
2563,0.000286749998037579
2564,0.0004802780360185717
2565,0.00023326482734452482
2566,0.00011150363020475271
2567,0.0003561006332643772
2568,0.00030393763534626724
2569,0.0004710054928466031
2570,0.00017179948003727608
2571,0.00017736465204523845
2572,0.002338164105659831
2573,0.00024460856064919043
2574,0.979759760490974
2575,0.0015885240471593877
2576,0.0002335858661368341
2577,0.00022250642628331326
2578,0.00018485458931301156
2579,0.00025138207731031264
2580,0.00015301576985945342
2581,0.009638587807125886
2582,0.00020323232842408838
2583,0.11647762274328959
2584,0.00021549330307113934
2585,0.001960539510445324
2586,0.00018114475945543875
2587,0.00017304098157573184
2588,0.0005662225103790558
2589,0.0002527289286468163
2590,0.0792623454400547
2591,0.00022242628378532167
2592,0.0002974517057345239
2593,0.0003036383060482032
2594,0.000194863841072081
2595,0.00017071747233952836
2596,0.0009648281834528387
2597,0.00021381964458272543
2598,0.00018039397747416348
2599,0.00021046723068675327
2600,0.0003074924967171928
2601,0.0002854907176286229
2602,0.9912191448925508
2603,0.011633097310391218
2604,0.03286530024542741
2605,0.9779366398388198
2606,0.9887950546283204
2607,0.02006302205879464
2608,0.0017552875711994583
2609,0.00026469251819444235
2610,0.00028742116742647725
2611,0.993157750968642
2612,0.0033169313719073404
2613,0.0002869490873826431
2614,0.00021025464809136968
2615,0.00039289978398224435
2616,0.0002953437906522768
2617,0.0011115272529977367
2618,0.9837876410365588
2619,0.00017079835330685767
2620,0.025543978781108166
2621,0.004709037991247181
2622,0.0013467272163045867
2623,0.00016870254916157243
2624,0.00047345022301418507
2625,0.996716361952142
2626,0.00034529690682873557
2627,0.0003805951829697077
2628,0.9932081370129398
2629,0.00022160388624973773
2630,0.8478367041030477
2631,9.356910836751094e-05
2632,0.00027988016357870715
2633,0.00018057414131586883
2634,0.9987012042596028
2635,0.998769475561217
2636,0.004221710288457022
2637,0.0001792468817786457
2638,0.0014767576711379451
2639,0.00034434424564177706
2640,0.0001693217066389199
2641,0.0002570145481823203
2642,0.00022763163875108103
2643,0.0003864017474894668
2644,0.0004030122609930321
2645,0.000136241464844676
2646,0.052648303793425576
2647,0.006693383511710696
2648,0.00019769327962447487
2649,0.9604758909698521
2650,0.00023242420151396836
2651,0.00014131327093785706
2652,9.103436470406757e-05
2653,0.9984539066338334
2654,0.0003417930000341071
2655,0.000282267487822099
2656,0.005023090068308331
2657,0.032165275274337095
2658,0.0003132323528885009
2659,0.00030111318256936223
2660,0.00019810010018708838
2661,0.0014783611960561508
2662,0.0018291754663084252
2663,0.00026601647387726766
2664,0.9958895490274646
2665,0.00025776630759406316
2666,0.0002718001005931804
2667,0.0001883090732519431
2668,0.00032826156538021546
2669,0.0003123329747655559
2670,0.9925623891191583
2671,0.00043025352655759664
2672,0.000315274270642538
2673,0.003827569858094561
2674,0.024348063715824486
2675,0.0002345255405431808
2676,0.00032114462687248875
2677,0.00034097820431546117
2678,0.0005531183071282912
2679,0.00025941654182405464
2680,0.00020329173392123027
2681,0.0003039780728295802
2682,0.9965695479883194
2683,0.0009854071659352091
2684,0.0023365728957456125
2685,0.9835188815952713
2686,0.00063714502775581
2687,0.027166053861332546
2688,0.00011353390746340055
2689,0.0002941930397754568
2690,0.000423167906331364
2691,0.00013841857303058245
2692,0.00038544690474231775
2693,0.0002923805098393237
2694,0.00010253870462681345
2695,0.004228094826422681
2696,0.0003403312327243665
2697,0.0013353232178883385
2698,0.00024300969027797554
2699,0.0002698588814163645
2700,0.00019921760000106496
2701,0.009724713376540411
2702,0.00035425190129370133
2703,0.020255345708475904
2704,0.00023660150366330233
2705,0.0011888913331318187
2706,0.0003360605275207557
2707,0.0010681617155644347
2708,0.0004193325301279952
2709,0.08164671207621252
2710,0.0008777080710981524
2711,0.00020863580614563726
2712,0.0016872800235934204
2713,0.00027369385385847154
2714,0.000432533378711129
2715,0.9821544538756186
2716,0.00019395746550312267
2717,0.00016558314581382295
2718,0.9963028243251498
2719,0.0002134036940528907
2720,0.00018496686755663778
2721,0.0003488832061636082
2722,0.9919895914111951
2723,0.9977063390930541
2724,0.0003277371410369581
2725,0.00027443426407314177
2726,0.00024829210680680266
2727,0.005546866741886274
2728,0.00037738425362762924
2729,9.480653760552081e-05
2730,9.692854978572067e-05
2731,0.00033221305515080735
2732,0.00037633801336358675
2733,0.015516462990716868
2734,0.0017097263432760245
2735,0.0001933923150234334
2736,0.0006991801211462908
2737,0.00010486358851596039
2738,0.0002481345946504389
2739,0.00038071460935570325
2740,0.00025738876342956565
2741,0.00024524628803848837
2742,0.0002924524500671207
2743,0.00037000233801218294
2744,0.0003055607368029576
2745,0.0003473184992667156
2746,8.950639856602135e-05
2747,0.00011397374190702257
2748,0.0002695953042162358
2749,0.00028860057556990193
2750,0.00023086440942096843
2751,0.0003773379841676583
2752,0.99109881972518
2753,0.0002582988762531895
2754,0.0004888273615004068
2755,0.9989472918589122
2756,0.9988107186711563
2757,0.0002083057807072385
2758,0.00017725480201613624
2759,0.001787918273248723
2760,0.977277722137732
2761,0.9975622149003955
2762,0.9972970279046034
2763,0.000399654048347944
2764,0.0003846972826407625
2765,0.01626676791355733
2766,0.0014880233198281622
2767,0.997796866916358
2768,0.9983768039472594
2769,0.0003528312495679111
2770,0.0001770484102603331
2771,0.00015877448962587636
2772,0.0003180015701779374
2773,0.00037055702427982596
2774,0.000131872266740682
2775,0.0006072399281130789
2776,0.00047689281010672663
2777,0.004061112174814396
2778,0.0012787146370597927
2779,0.00026921869889938
2780,0.00027175723351840754
2781,0.0003425400829113761
2782,0.00033839395520201144
2783,0.008868832695491517
2784,0.0008389447000612647
2785,0.9989183268282857
2786,0.0013988300747616385
2787,0.00012296458187712505
2788,0.9901548413326211
2789,0.0007582692791246448
2790,0.0001442417468036644
2791,0.0002536781389315553
2792,0.1323860223631606
2793,0.00023464286502827597
2794,0.0003032853742427352
2795,0.011615175358841675
2796,0.0003110048539755162
2797,0.5680707129926826
2798,0.00030015786887471405
2799,0.00019141468544740003
2800,0.024994464165450616
2801,0.002780984552104528
2802,0.0001469757479438389
2803,0.00035780087374543226
2804,0.0006432597088695866
2805,0.00017279005215753207
2806,0.9989187092096806
2807,0.00026635503733364916
2808,0.01807521304597343
2809,0.02093794408509075
2810,0.36190788963857223
2811,0.00040061165005984156
2812,0.01048149731924894
2813,0.001425237385856765
2814,0.02442905896330676
2815,0.0002953871880418223
2816,0.00255896693968537
2817,0.00022106342149151478
2818,0.00022115450418014614
2819,0.9970109248886958
2820,0.0001168282818234269
2821,0.000261636470263684
2822,0.0006148569703512939
2823,0.00018111806442791737
2824,0.0009608292684556031
2825,0.00011586552508401802
2826,0.9984580564203902
2827,0.0001214508007136149
2828,0.98100283927511
2829,0.036995339716002176
2830,0.0022556302228375503
2831,0.0010085797416175743
2832,0.9842740861458014
2833,0.00022425783107604783
2834,0.0009308753755001819
2835,0.00013469708246092467
2836,0.0004835528374604616
2837,0.00036212828685883104
2838,0.00026291945934250074
2839,0.002565358292100764
2840,0.31640911863184845
2841,0.15305433687521547
2842,0.00013953690578318926
2843,0.0027825208726429207
2844,0.000370288650637848
2845,0.0003648681186564096
2846,0.0013209666817485678
2847,0.00017900584058874568
2848,0.9900564436877743
2849,0.9977748094946699
2850,0.0005312125130769953
2851,0.00020027630737737403
2852,0.0002125431894571148
2853,0.00012387140172986292
2854,0.003874791498991019
2855,0.0038980056173359237
2856,0.9792878929571319
2857,0.00024687855258319314
2858,0.005520619791311352
2859,0.0005809790175187503
2860,0.0003288366742818389
2861,0.00030944664083726195
2862,0.0003012685483909602
2863,0.0009949702340701853
2864,0.53007905864662
2865,9.22741842218155e-05
2866,0.0038361938929686048
2867,0.00012360516157984138
2868,0.9975002838683231
2869,0.00030873733417791907
2870,0.0020801891942358558
2871,0.0029939858646031775
2872,0.3516763616850499
2873,0.015407415171228175
2874,0.001262344653795016
2875,0.00024379475636125678
2876,0.0019611732118197537
2877,0.004299642726475028
2878,0.0021847064323217502
2879,0.0007726782343397675
2880,8.231841835781403e-05
2881,0.9985780237962428
2882,0.0033812571566303198
2883,0.0006811640645738181
2884,0.006663461528644004
2885,0.00036534053113219895
2886,0.00031224955663186594
2887,0.00018362572791486812
2888,0.14732223012669904
2889,0.00025444578591016177
2890,0.04545954280363516
2891,0.0006533962473064513
2892,0.9801729880702016
2893,0.0019891649608782254
2894,0.985076988267067
2895,0.0005236391408572687
2896,0.0007914731223291619
2897,0.0009595670905002739
2898,0.00036688625293039855
2899,0.006268351691641724
2900,0.009817688780833219
2901,0.0004888125527584225
2902,0.0009717797462736273
2903,0.00022252302938458008
2904,0.9910461357749718
2905,0.9978126825441487
2906,0.0002896195007785363
2907,0.00048257094619583233
2908,0.0001252571618172449
2909,0.006132714584406107
2910,0.008197986865692609
2911,0.008110233422890547
2912,0.9989510744970062
2913,0.009424841588461005
2914,0.0004269685651993438
2915,0.00652274942115669
2916,0.0013111697535131066
2917,0.00011430352910385825
2918,0.00022400900292244755
2919,0.9012179802129534
2920,0.00034645371376683463
2921,0.0008521885253701459
2922,0.00023122847920108432
2923,0.9669806173061495
2924,0.00010318357287612473
2925,0.9469720116630024
2926,0.00020876865327970978
2927,0.004423300726365072
2928,0.9768937793505884
2929,0.0003870271322678291
2930,0.9838756598471281
2931,0.0005258587503887649
2932,0.9694217926524635
2933,0.0012699169944187453
2934,0.00027238199907853353
2935,0.00036262409133029004
2936,0.001240675278613557
2937,0.0010007638038320907
2938,0.00048828091689398685
2939,0.002029215317145971
2940,0.002431312991740373
2941,0.0004574250932843831
2942,0.0002647254844085102
2943,0.14624373278808772
2944,0.0045233692151467
2945,0.0006097081366349762
2946,0.00013790574938172263
2947,0.0003130524144809207
2948,0.00024039512071364054
2949,9.012835813673495e-05
2950,0.0003345456208558866
2951,0.9981832711263967
2952,0.00014378547291326124
2953,0.008886998082810505
2954,0.977770223074363
2955,0.0013693022898853223
2956,0.0007447830043592561
2957,0.0007946789838838139
2958,0.00047720458660286097
2959,0.029363556634297776
2960,0.964092873680665
2961,0.0011289285371494189
2962,0.00023898791143085575
2963,0.0003732034637418647
2964,0.021803584860244828
2965,0.013811897452179547
2966,0.00014336344414424919
2967,0.0001240953237601707
2968,0.0001509780129926328
2969,0.00017155668092014184
2970,0.00010054000797256565
2971,0.9984092060366876
2972,0.998359810230341
2973,0.05185423706328758
2974,0.0025672514529216884
2975,0.0026284565650956165
2976,0.00016656422737574162
2977,0.00013981814387728934
2978,0.000575028441609209
2979,0.00021372082970880284
2980,0.0002586791234653695
2981,0.0006894686200241295
2982,0.017598605119309253
2983,0.018943526662062376
2984,0.13056000987191546
2985,0.0002904213881845864
2986,0.00021120959398165376
2987,0.011034302799581725
2988,0.00046800096568048804
2989,0.00011261708675072731
2990,0.00015124944296822571
2991,0.00017537841036588598
2992,0.0007380549823914876
2993,0.00023240512640289022
2994,0.00021725456969188286
2995,0.00017553346756552752
2996,0.000978233291846285
2997,0.00017680687566717728
2998,0.00019308575058699567
2999,0.08317975557872344
3000,9.187899617925721e-05
3001,7.415827951330163e-05
3002,7.699777776048414e-05
3003,0.010788158075023854
3004,0.00020223076506783303
3005,0.00023867682201136574
3006,0.0003755670264158688
3007,0.0022102067086923415
3008,0.00020038895102425535
3009,0.00023691243342177943
3010,0.17522149006515547
3011,0.9812806443383282
3012,0.00012001860487982285
3013,0.015877577543822064
3014,0.0091860911741777
3015,0.016220593807182163
3016,0.001122843376174279
3017,0.01527769508795671
3018,0.0003705121131633834
3019,0.11581115222967593
3020,0.00024187168312955146
3021,0.0001963361387378049
3022,0.00010832090535623497
3023,0.00018455905042067677
3024,0.00020834239512818547
3025,0.0002125271006981282
3026,0.003806598649053346
3027,0.00013934901557997853
3028,0.00016294776979539592
3029,0.00016210649882348764
3030,0.00022915550357171412
3031,0.00015942931860456482
3032,0.00015874037842133617
3033,0.00017994772200022923
3034,0.0004420337986234139
3035,0.000333487540675272
3036,0.0005360496858697183
3037,0.05360498964699021
3038,0.030360296226786154
3039,0.04840124618701942
3040,0.0002022006541868124
3041,0.008207191151491825
3042,0.0004487192495458532
3043,0.0007745203832600038
3044,0.0001857506261059802
3045,0.00018848839140267774
3046,0.0004108824579130826
3047,0.00017216312840296965
3048,0.00019181679136676352
3049,0.02259951597812641
3050,0.00031643347842743707
3051,0.04418126492003116
3052,0.029418484729497575
3053,0.00019418712238060122
3054,7.998364716644688e-05
3055,0.0001392442025994754
3056,0.00011195958646484484
3057,0.00013746392048433746
3058,0.00021767107141168075
3059,0.00017773285807933548
3060,0.0001070351689377892
3061,0.012417490731939002
3062,0.00021677048471774866
3063,0.005526247412205916
3064,8.252026080629953e-05
3065,7.036751481839156e-05
3066,0.00026178793096612047
3067,0.007293063800649672
3068,0.006487693365256243
3069,7.517669364112612e-05
3070,7.399123588254751e-05
3071,0.0001258105823032505
3072,0.00014003263991469822
3073,0.00019681720683977023
3074,0.0002514537221469339
3075,0.0001844642629382868
3076,0.00020433332345896988
3077,0.00014901453945578765
3078,0.0007767276033234579
3079,0.061125687634788026
3080,0.00012830861537548266
3081,0.00015071121120253546
3082,0.08030367574638642
3083,8.087548912536087e-05
3084,0.00010257705924129408
3085,0.00014492256804436035
3086,0.8475727092307933
3087,0.00020028699344176588
3088,0.00019052075082116098
3089,7.376306377320703e-05
3090,0.0008912475797857103
3091,0.0036421678206750956
3092,0.03790144506455102
3093,0.03680527030478701
3094,0.0003863527798362631
3095,9.202479140215126e-05
3096,0.00019929002655765456
3097,0.000789832828687316
3098,0.0006302907886683075
3099,0.9831092727688887
3100,0.34609385307626855
3101,0.005041375487112615
3102,0.00022621609391727495
3103,0.00025510316322313543
3104,0.00017674716136407224
3105,0.0002227296085949313
3106,0.00023047576293744033
3107,0.0001255998023266878
3108,0.00016068047877846123
3109,6.944537054231704e-05
3110,0.0002601395296688711
3111,0.00021904717724756758
3112,0.029458332273238446
3113,0.0001439398801244883
3114,0.00026436502660919436
3115,0.00022034096006591305
3116,0.0002185481974706846
3117,0.0001561368199075658
3118,0.00016325706450806234
3119,0.00013464323753194007
3120,0.00018506130756301527
3121,0.00029668173615867555
3122,0.0004324001368241536
3123,7.664176878235162e-05
3124,0.00027828863809451745
3125,0.00022071912662770853
3126,0.00018233812496402637
3127,0.00015365037201551968
3128,0.0001879137473584318
3129,0.00016061691514996447
3130,0.0018729604825204957
3131,0.002829770412626809
3132,0.004283730474896625
3133,0.0004721139005276114
3134,7.371807269785911e-05
3135,0.0031011389922558216
3136,0.00016259208796301424
3137,0.00018415936316554512
3138,0.00015245092479860856
3139,0.043627741569377085
3140,0.00929489569015626
3141,0.05694505417787996
3142,0.000281980772727749
3143,0.00026446181367105714
3144,0.0004686310189591466
3145,0.0033109137521312587
3146,0.13145702177248866
3147,0.009012476546996705
3148,0.00018277906984412557
3149,0.0001635706535177795
3150,9.739180221211721e-05
3151,0.00019682030138716477
3152,0.02723720037060192
3153,0.09230609367243767
3154,0.01772372047463771
3155,0.00025436038924248376
3156,0.00020678663355625562
3157,0.008322338347700261
3158,0.012997845682701842
3159,8.858661066600279e-05
3160,0.00018611363355025258
3161,0.007845253982283546
3162,0.006438742255936403
3163,0.9866117866862345
3164,0.00429437298840293
3165,0.0018077654660050833
3166,0.05145488396945547
3167,0.008318598485513532
3168,0.0036348924891848747
3169,0.0001853541037921935
3170,0.0060948578352258325
3171,0.015353295136607197
3172,0.0006217937112451121
3173,0.00014546757851141212
3174,0.00011125635733093344
3175,0.0002992402613017049
3176,0.0002933615825585232
3177,0.00024098769905923884
3178,0.00022474625625116726
3179,0.00025750250684734497
3180,0.014222495581638028
3181,0.009431838683879116
3182,0.00046734698208196235
3183,0.00034646564210322325
3184,0.00017879739399539996
3185,0.7480739890162575
3186,0.9037487741338627
3187,0.00039384485291822055
3188,0.0010570929854054486
3189,0.00023383754666922888
3190,0.00026155667185391856
3191,0.1512119602941868
3192,0.00014979111948197206
3193,9.000280650524109e-05
3194,0.00037796743829749915
3195,0.008594621670066872
3196,0.027631738126510007
3197,0.98752350700896
3198,0.006435548883260728
3199,0.042650027023548163
3200,0.08179356849130004
3201,0.0003894044229779881
3202,0.9857477348745018
3203,0.0001988246551096176
3204,0.0001481999845178158
3205,7.99905220161467e-05
3206,0.00019119561402831362
3207,0.00010216636040177389
3208,0.06427041403727772
3209,0.00019397943805869337
3210,0.00024208373777817013
3211,0.00012666702347950123
3212,0.00013661033451394457
3213,0.01113705986641037
3214,0.0002846432470956585
3215,0.00024203230400020756
3216,0.9930536214167182
3217,0.00026572553188270126
3218,0.0015734988435821943
3219,0.0008785185595632835
3220,0.010964792122139948
3221,0.0001966287945064867
3222,0.06276882615636595
3223,0.0002657379206022418
3224,0.9948842693971074
3225,0.0001595909622148305
3226,0.00018081431871373854
3227,0.9985222798419597
3228,0.00033574360093151023
3229,0.00022142152453210172
3230,0.00021253433241785795
3231,0.00012179391276865713
3232,0.00015101889535266034
3233,0.00014958257049999712
3234,0.0013964512823101914
3235,0.9722871096033101
3236,0.0003619518713233914
3237,0.0001596168868322034
3238,0.0002548603650027533
3239,0.00010941136746941494
3240,0.9749267309850007
3241,0.0035200786067374978
3242,0.00018398221394391783
3243,0.00017863759263076327
3244,0.001603778790401015
3245,0.00011256781504285967
3246,0.00020099958763108858
3247,0.9951882226878566
3248,0.004475296102954581
3249,0.01945952059741037
3250,0.021966742385518434
3251,0.0002370185260227433
3252,0.0002156663274069912
3253,0.9562801574608477
3254,0.00017837035739191092
3255,0.000161354775372909
3256,0.009375536923947245
3257,0.011619043206790702
3258,0.004711791355046546
3259,0.01165566409013366
3260,0.032191931131222706
3261,0.06511424297422026
3262,0.005350326387569935
3263,0.9982977600862227
3264,0.00019764438063184028
3265,0.0001240198687343899
3266,0.9816388955756506
3267,0.00014565716375717188
3268,0.00027807742612603306
3269,0.0001147165520116514
3270,0.03227117062250269
3271,0.0011692528264611313
3272,7.625928686234425e-05
3273,0.00022697889770071145
3274,0.0001884667550566859
3275,0.0003683949113957979
3276,0.008388783646445876
3277,0.00013730400542645685
3278,0.00020866246220796998
3279,0.0002488057318465732
3280,0.00016187607601833473
3281,0.0178191878946822
3282,0.0004068243853423409
3283,0.001298558406213343
3284,0.00032264820997899397
3285,0.00016755077185753362
3286,0.00017618807320786187
3287,0.00020915087853195938
3288,7.68702627219594e-05
3289,0.0014523234303944206
3290,0.00032549940931429067
3291,7.498874872848822e-05
3292,0.012978829238162879
3293,0.02986707707665896
3294,0.021643163916216304
3295,0.0021877410545424886
3296,0.003261848109665468
3297,0.0001735680870668652
3298,0.000183035093407281
3299,0.001208995992984125
3300,0.0015658054794370345
3301,0.00019009024506137204
3302,0.00020032588470736225
3303,0.000523877710894728
3304,0.00022408091294656802
3305,0.0009263246318698607
3306,0.00013563116346221072
3307,0.000159601535667298
3308,0.004102456241343767
3309,0.01020837475231948
3310,0.0002366963912427948
3311,0.00023076047067026954
3312,0.0013703610401362644
3313,0.000181551392208278
3314,0.00016282466728930546
3315,0.0012598494228590225
3316,0.00027096659409556266
3317,0.00023639996958587663
3318,0.0002332921383111588
3319,0.000286927185936832
3320,0.00023550054796719972
3321,0.00018563613772050008
3322,0.00019698462493042244
3323,0.00015219873918662904
3324,0.0001983403179086613
3325,0.0002804137585717651
3326,0.06800751809454327
3327,0.0004246262558117063
3328,0.00021652257830866574
3329,0.00018006575632831183
3330,0.0001718632724450895
3331,0.018721011728363067
3332,0.00804620950995093
3333,0.009115899700758774
3334,0.0001463796126166896
3335,0.00035601441364640455
3336,0.0001976857045880755
3337,0.00016795093059236637
3338,0.00015179175241389055
3339,0.00017828052970298076
3340,0.0002310826474933074
3341,9.93515006010995e-05
3342,0.014961702127469214
3343,0.00042132778500240047
3344,0.00025860726383051494
3345,0.0001645967576156268
3346,0.00017786486243899806
3347,0.00020911424339512195
3348,0.00014391366019361323
3349,0.00015422727695474806
3350,0.00015571035845697418
3351,0.00026253172559371726
3352,0.0001352173472481158
3353,0.00015727967292403
3354,0.0002125841015486102
3355,0.028993526635615822
3356,0.006703483738691592
3357,0.004344113719436526
3358,0.0001302106507472732
3359,0.00014521250646649974
3360,0.00033215480001085707
3361,0.9695464410021053
3362,0.000335262398210342
3363,0.0001864804040039373
3364,0.00016880034763895217
3365,0.00022950221486992011
3366,0.00025854927538977875
3367,0.02803804292655874
3368,0.00016163218165622924
3369,0.0001573939862372117
3370,0.00016531424638049924
3371,0.00508054333129685
3372,0.01805629309461848
3373,0.012170792545614444
3374,0.009705428079563823
3375,0.0024581908251216857
3376,0.00030191377875013687
3377,0.00015431149525507005
3378,0.99714919921719
3379,0.0002499604036129689
3380,0.00021384410042501106
3381,0.0001659230676537869
3382,0.0002080757964869123
3383,0.00023347213817288506
3384,0.00018418377105084024
3385,0.21893905752661175
3386,0.008352285017899419
3387,7.772935354527984e-05
3388,0.0002395045761511469
3389,0.00026772200950969844
3390,0.0001483155762998622
3391,8.791859594087608e-05
3392,0.00013280867942540655
3393,0.007707881411899628
3394,0.9991369195238746
3395,0.00010640216302000832
3396,0.00018509104223641724
3397,0.00015130790349886765
3398,0.0020853347129730034
3399,0.0003794770276893632
3400,0.000264163967817004
3401,0.0002121424011246972
3402,0.00020256470414797752
3403,0.138323290782804
3404,0.00022848234388543132
3405,0.009255648651554765
3406,0.00046033276997952505
3407,0.00016286202034661025
3408,0.008760596366501094
3409,0.00965917794618682
3410,8.297366793604246e-05
3411,0.12657020501009464
3412,0.02132799020623558
3413,0.1259883262049556
3414,0.00015936894938722653
3415,0.00019292274986105795
3416,0.0001755747989769811
3417,0.00013738906464937358
3418,0.021012663302780808
3419,0.00021789126378042017
3420,0.00019312527309921367
3421,0.0019741875242907866
3422,0.0009426004547579642
3423,7.24794978082217e-05
3424,0.00014271375623641777
3425,0.9969998859451348
3426,0.00017575640478456936
3427,0.00017568449884496242
3428,0.00021989567146660162
3429,0.0009858604962976552
3430,0.00047183521099990373
3431,0.046389222422088046
3432,0.00022158613722607763
3433,0.00023204114835978997
3434,0.0002789596372823666
3435,0.00022368137264309912
3436,0.00022088729016749657
3437,0.00023009611703347558
3438,0.0001964902686515032
3439,0.0002034407893250302
3440,0.0002029957653892945
3441,0.0002042322279181081
3442,0.4464185759918637
3443,0.0382304076779989
3444,0.0001481224706234103
3445,0.01920050585213722
3446,0.00023747660723687268
3447,0.00013121437417160548
3448,0.9772494996044632
3449,0.0001261248478139837
3450,0.00014853866173752004
3451,0.0005636374526160878
3452,0.0001641115052490672
3453,0.00011405238306746734
3454,0.02423790651544867
3455,0.0025005995883493246
3456,0.0011389539512068085
3457,0.00017550612048966823
3458,0.00019395904865135316
3459,0.0001636233101080195
3460,0.00023402103792689207
3461,0.0001813298357191499
3462,0.00017463831539121287
3463,8.943590619359277e-05
3464,0.0004223158057428831
3465,0.0015614139018182796
3466,0.01764496491652926
3467,0.0002554256717784039
3468,0.00020953875955153468
3469,0.00013705488242686281
3470,0.0001832229255632134
3471,0.00016432897676615742
3472,0.012243555481244959
3473,0.00022142870718013124
3474,0.00018874127232671053
3475,0.010367894052163474
3476,0.0001824814470673338
3477,0.0004270729541391234
3478,0.00019688673127112453
3479,0.00019220466685766
3480,0.0002998203725446782
3481,0.023579047030108095
3482,0.011761689346507238
3483,0.0004467695665850444
3484,0.0001808209449903556
3485,0.00022031270687646731
3486,0.0001403671113151604
3487,0.00012701840942319224
3488,0.00016103583619848005
3489,0.00023371423888244024
3490,0.000887528416142319
3491,0.921326951855764
3492,0.9983940367445957
3493,0.000135601160623757
3494,0.0002149549763481673
3495,0.9922095631805796
3496,0.014808203620670247
3497,0.00032180914549530574
3498,0.0001459137653329776
3499,0.00013751340653647264
3500,0.00013801420760013164
3501,0.0003878451103480762
3502,0.019287928292045703
3503,0.0006404382100518093
3504,0.00017630481601952543
3505,0.0001816106022939485
3506,0.0002001903345969668
3507,0.015225256259612258
3508,0.0002351765338362805
3509,0.00045800130716243723
3510,0.00015787117518933862
3511,0.10893828216533383
3512,0.00028120846196915767
3513,0.005791662051184787
3514,0.00022134090738698637
3515,0.05134864261033785
3516,0.00013203445179052505
3517,0.0007648928714731818
3518,0.01733431493657015
3519,0.05044932523490786
3520,0.00019696262581742416
3521,0.00022969044487236096
3522,0.0006800309357991713
3523,0.0001388459805240457
3524,0.02287536291100193
3525,0.09418329991961968
3526,0.0005411841489330752
3527,0.013884653073076552
3528,0.00012733808720994392
3529,8.224940328890905e-05
3530,9.865817564208982e-05
3531,0.0002185352434566325
3532,0.0002362336635290027
3533,0.022229188567673985
3534,0.06369072956920427
3535,0.3014025518154186
3536,0.01742739127879083
3537,0.0001749451496344898
3538,0.029550341390245326
3539,0.0008109426775199383
3540,0.0051229678893268404
3541,0.00020500980272666726
3542,0.00030567331736600523
3543,0.010059409250826898
3544,0.0001628772580058718
3545,0.0002026278931320286
3546,0.00023408230706398677
3547,0.25255513475371194
3548,0.0019335574770175078
3549,0.0009661208320598683
3550,0.0180776389904032
3551,0.02213546393909347
3552,0.0001765671804663257
3553,0.0021000419813688104
3554,0.027307707526252813
3555,0.001220551085355909
3556,0.00017163909754740937
3557,0.00018816795814272024
3558,0.002778676432676843
3559,0.00012165219552871459
3560,0.00012999576829156225
3561,0.0012953086028775086
3562,0.000812107534638246
3563,0.0001812838838983765
3564,0.0001365181056976014
3565,0.0001495517025046507
3566,0.020538066543450015
3567,0.0009744304859715012
3568,0.00023914843884644633
3569,0.01376285473814852
3570,0.0002210040023760752
3571,0.00019154765405875486
3572,0.0001531991667542089
3573,0.0002026031558649557
3574,0.003958481861139108
3575,0.0002392379715008569
3576,0.00018407293942631286
3577,0.00025113360033673525
3578,0.00021933591692178817
3579,0.0002015486757618342
3580,0.0001826036383302219
3581,0.00018616669995642705
3582,0.00019577865405819893
3583,0.0002202348346343331
3584,0.14245123652909383
3585,0.00023878460842828515
3586,0.010056584849793502
3587,7.76762827744751e-05
3588,0.1367353159804748
3589,0.0056518193317952135
3590,0.013464265591852468
3591,7.504306921785187e-05
3592,0.0001842307554179293
3593,0.0001762966262795409
3594,0.0007019147875794898
3595,0.00022132987004697412
3596,0.00025896171617163105
3597,0.00018112392946038035
3598,0.0004059256828900369
3599,0.008210871980276636
3600,0.005211477510468912
3601,0.019034964843061122
3602,0.04813838397779622
3603,0.00017669743508089608
3604,0.0001372285665409141
3605,0.0002788986224629988
3606,0.008479154450559998
3607,0.0004129707836237908
3608,0.00020651736490089086
3609,0.9881090503231998
3610,0.0001738612045053181
3611,0.0003980192799722322
3612,0.00020485176973464048
3613,0.0005227802848109432
3614,0.00014270198705620602
3615,0.005343924162648529
3616,0.0009863801238591272
3617,0.9808815072031051
3618,0.00019202438526795678
3619,0.0015666635461294297
3620,0.00017992449176780688
3621,0.0002298941297082211
3622,0.02474916827132686
3623,0.0001457710357940151
3624,0.037965474403560386
3625,0.001938782933470226
3626,0.0001891120927856392
3627,8.475236782600162e-05
3628,0.0005959771927243551
3629,0.04772503570548255
3630,0.000317146892608642
3631,0.0004922723479598265
3632,0.9877459440778089
3633,0.010335080840649737
3634,0.008203162479924291
3635,0.9909088559102635
3636,0.00022942056369150437
3637,0.00016859329542994787
3638,0.009112824138368582
3639,0.009394776426729185
3640,0.00024538409588978816
3641,0.0009605652051365382
3642,0.9868537227569206
3643,0.0024083583895413534
3644,7.216028512790188e-05
3645,0.00019608723519593262
3646,0.012580403616023967
3647,0.00014523618446227567
3648,0.0002127079111655497
3649,0.0002812030660007689
3650,0.08017314404258959
3651,0.000123874496192582
3652,0.00020006528079692825
3653,0.00023728439522594647
3654,0.22722737816288358
3655,0.0747704929227265
3656,0.020510466074442894
3657,0.00016731595323629076
3658,0.0001815646161937179
3659,0.00022853959461155519
3660,0.00021303562061999394
3661,0.01458865901892718
3662,0.0002528076392563225
3663,0.15672793294071047
3664,0.7611599084229602
3665,0.9874454034550062
3666,0.0003183517253431151
3667,0.0007588241297548818
3668,0.014702285998081762
3669,0.00029551020495208294
3670,0.9813384189904932
3671,0.00034942738604884716
3672,0.00023893066818609922
3673,0.0002992923947482322
3674,0.990968577370787
3675,0.00013874230516151836
3676,0.00022349646914016276
3677,0.00016257978210409784
3678,0.00045519039524912093
3679,0.009453475818367228
3680,0.00013303262235377723
3681,0.000327103997048847
3682,0.26142707829767853
3683,7.542312470726617e-05
3684,0.048839272583065016
3685,0.002040133730516153
3686,0.053462478341661845
3687,0.024456539830061224
3688,0.00017730313740671144
3689,0.0001799109632814228
3690,0.9971513626739213
3691,0.053593849610391875
3692,0.00012098468821301611
3693,0.00023329559843651907
3694,0.9783082687051545
3695,0.00016468546000422002
3696,0.01042324303547176
3697,0.00018333759753034643
3698,0.0001980267601928871
3699,0.030936193806495288
3700,0.03454058951413423
3701,0.00013054134237885305
3702,0.00021922453349525593
3703,0.00017366782160769287
3704,0.00020171908046327496
3705,0.00011008330423405559
3706,0.0048235851882142775
3707,0.00020836142340545445
3708,0.00011739679899361286
3709,0.0001759682601411286
3710,9.9441414580801e-05
3711,0.02815481772837016
3712,0.000470981766757102
3713,0.00019711325328798245
3714,0.004597080026575594
3715,0.00043759174821671415
3716,0.018511372880140122
3717,0.026942624685534277
3718,0.00013038132838746956
3719,0.00019901252159108926
3720,0.011107565305904583
3721,0.00043459835943627996
3722,0.04838403317497782
3723,0.9979064783674412
3724,0.03848399257412795
3725,0.020728071488480906
3726,0.0854819571749221
3727,0.011549503783822227
3728,0.00016893108981133137
3729,0.12145137492806665
3730,0.00025674630422960274
3731,0.0001653106367278369
3732,0.0003157982166256326
3733,0.00014422623605866481
3734,0.0265253315508302
3735,0.011083431493813054
3736,0.00027024709618695347
3737,0.00019704359512902214
3738,0.00045950528813402025
3739,0.00020734380614656373
3740,0.00020642603119776286
3741,0.00019962830044690434
3742,0.00019832003465495153
3743,0.03904116223238688
3744,0.011824835386848127
3745,0.00017734098048023897
3746,0.0002041866350038516
3747,0.0014633042574553224
3748,0.00020165747279865548
3749,0.0001315975139814636
3750,0.021572723068311712
3751,0.9728557564409328
3752,0.0001531952659907035
3753,0.03109336592975869
3754,0.00020585527910700982
3755,0.0006316910540671011
3756,0.0001926496479671905
3757,7.958179011563487e-05
3758,0.00020280719710660594
3759,0.9813310352458327
3760,0.00011010698019371442
3761,0.0002336734950035814
3762,0.00019923424537874788
3763,0.003111930529894902
3764,0.0010614955455752182
3765,0.0003535219400538583
3766,0.0003023822383823139
3767,0.9712689316982784
3768,0.0003716168199245448
3769,0.007746602603296371
3770,0.00021752692848939323
3771,0.00024391537852627354
3772,8.072007334272827e-05
3773,0.0018555620085383387
3774,0.01700373410504144
3775,0.00025419307894381595
3776,0.1575406137979835
3777,0.00046184729522217937
3778,0.9987454593459137
3779,0.001839463798107861
3780,9.047730137399943e-05
3781,0.00017846346969854461
3782,0.00017434775213652078
3783,0.003917431733016594
3784,0.00017994378322656502
3785,0.0031422670625752052
3786,0.0002691126726348126
3787,0.00020191599221647602
3788,0.0659622088434112
3789,0.00012881932185195916
3790,0.00019908215114159805
3791,0.00013363874256294185
3792,0.00013375225209584157
3793,0.00010789624923395085
3794,0.010325927952288209
3795,0.00014869855332894398
3796,0.013306506944691038
3797,0.03613078505725383
3798,0.0001497960057228619
3799,0.00019272050801662986
3800,0.9369723573376229
3801,0.00022126303655208685
3802,0.000256147168483818
3803,0.0012743731654644252
3804,0.02733889900705827
3805,7.318708280526674e-05
3806,0.0005491813074829108
3807,0.00025337409901904454
3808,0.00022967633872498402
3809,0.008473843206913512
3810,0.01072807852197119
3811,0.00012508382170983948
3812,0.0002227191792517346
3813,0.00032166090935054775
3814,0.030624169096902472
3815,0.31142456832903365
3816,0.008851161897711301
3817,0.026416220241359534
3818,0.0004058231738144181
3819,0.03190008766610837
3820,0.001129289164505509
3821,0.9979721009368516
3822,0.00015076489170795485
3823,0.0001392689935590244
3824,0.1052219883830405
3825,0.00022259459130654965
3826,0.48514721967315816
3827,0.0002259373207729013
3828,0.00017615150093133796
3829,0.00019813762598518521
3830,0.2674859524923979
3831,0.00043937314262925087
3832,0.00021434025877066504
3833,0.0002101072926183651
3834,0.9800110184575506
3835,0.00020582552957014018
3836,0.010263723905986547
3837,0.019510144843944106
3838,0.005068095162900145
3839,0.004986002424710871
3840,0.008100880196515598
3841,0.00020102005182580477
3842,0.00021930574425205827
3843,0.00018972716471615374
3844,0.20143925779564578
3845,0.0002171051214371372
3846,0.00012467248923221953
3847,0.0001370963420021444
3848,0.007349090258107499
3849,0.00032504954107384756
3850,0.00014867245766243985
3851,0.0001269002743718957
3852,0.1933069184285005
3853,0.03211488152798939
3854,0.0005526313007488987
3855,0.016846240731222144
3856,0.013647546368554753
3857,0.006424252146673746
3858,0.050389924911031315
3859,0.0002305832106091353
3860,9.776456303414228e-05
3861,0.006958614503507654
3862,0.09241240791041645
3863,0.00037573425078473235
3864,0.0004272483375727309
3865,0.07180287003180708
3866,0.9433190979835441
3867,0.00013225513502156263
3868,0.00814652661043939
3869,0.0002016765815402145
3870,0.00024346391982626265
3871,0.0008156651827880895
3872,0.020497544487591456
3873,0.029419287847175023
3874,0.9965616364138619
3875,0.04583605777460325
3876,0.008164904792938528
3877,0.04119363586281764
3878,0.9984907530428211
3879,0.00019212173112293055
3880,0.003981118830160339
3881,0.013172843702305278
3882,0.0003334266279467696
3883,0.00014988279824199537
3884,0.00011778836486019122
3885,0.005658024593793198
3886,0.05896371561730255
3887,0.00841005983026555
3888,0.0001896138289178252
3889,0.0001785524970490384
3890,0.015098816716939547
3891,0.00031231708770858367
3892,0.0001884446530138675
3893,0.0004340345495237298
3894,0.045580950766049975
3895,0.0001997762480586876
3896,0.0002213692045921101
3897,0.00027766765631347915
3898,0.8517950821831857
3899,0.9982815029328801
3900,0.00024325784738837985
3901,0.00028735546128555456
3902,0.0001632396526498965
3903,0.0001794990410849037
3904,0.00021458673990220652
3905,0.00015606568792494324
3906,0.00027065960889297643
3907,0.00030722556199026016
3908,0.00018044043621508762
3909,0.0018120930300367533
3910,0.989574917238181
3911,0.00035681509769262674
3912,0.00038445269312634785
3913,0.00021881347550265049
3914,0.00020244152745796016
3915,0.0005792826382226394
3916,0.00018810605963828038
3917,0.004311460380696865
3918,8.71099402258988e-05
3919,0.0002743372961266152
3920,0.29611147836032864
3921,0.00016764534291152249
3922,0.011474018705545869
3923,0.968003491930466
3924,0.00035089715784824345
3925,0.0014023550878372415
3926,0.0427494676321597
3927,0.008105668987848199
3928,0.00045965329154585107
3929,0.0002590230141959836
3930,0.9974454789279573
3931,0.00019757212730169157
3932,0.00011322630314542368
3933,0.000181698175321384
3934,0.003869862789460146
3935,0.0018245849046609475
3936,0.07772860159442878
3937,0.02190959484857655
3938,0.024932110774072765
3939,0.00023765733099536334
3940,0.009943388449136696
3941,0.04791686169953981
3942,0.00016073629405812602
3943,0.050575629143895774
3944,0.0001866887829812099
3945,0.0001989656951004891
3946,0.9984762535883982
3947,0.006800492153521201
3948,0.9858558653767282
3949,0.1448537582190526
3950,0.00023896797006847946
3951,0.0002534228960500495
3952,0.09094997389597631
3953,0.017974728436076094
3954,0.0002512999362397882
3955,0.28582683620252786
3956,0.00020166683302286293
3957,0.0001001969673794469
3958,0.00023886015548372588
3959,0.006803776112162788
3960,0.0002345839841655492
3961,8.761951274101573e-05
3962,0.0003249459759158695
3963,0.9976229084013124
3964,0.9988307394886948
3965,0.00017072793298334574
3966,0.013431080066953835
3967,0.00012670967115318023
3968,0.00026172271150826353
3969,0.00036772661926178245
3970,0.00037704724006015956
3971,0.00020372584894298495
3972,0.00016979373365121148
3973,0.00023374914194238021
3974,0.00012484939080104009
3975,0.0001195250886986531
3976,0.0002949997183552844
3977,0.00017176445782932098
3978,0.024729614178839926
3979,0.000364490884376563
3980,0.00019507372022996018
3981,0.00017340236382159245
3982,0.00019331450706722633
3983,0.9957667720691458
3984,0.00023728613883851676
3985,0.00017914312295851226
3986,0.00020972600276924014
3987,0.008914125774644573
3988,0.004951696016871264
3989,0.0002127075417160366
3990,0.00040045151552348514
3991,0.0003623037384296215
3992,0.009878048759691622
3993,0.00020488784957487085
3994,0.00023691803533001482
3995,0.9978005555816946
3996,0.32018116509967776
3997,0.0004702786387598851
3998,0.00012024398045528851
3999,0.00018408182824520452
4000,0.020606414574198886
4001,0.10291445849771108
4002,0.00018627228404084344
4003,0.0002181158901656803
4004,0.00023544013542217522
4005,0.00161965704884432
4006,0.10678770190820004
4007,0.0028710066729660273
4008,0.0016742953489616217
4009,0.0002637852330013848
4010,7.683487502246401e-05
4011,0.9986675909744672
4012,0.010416447424246047
4013,0.00024379279629367176
4014,0.0001861982631602256
4015,0.00077726860324807
4016,0.0005202646135490574
4017,0.012960059368586746
4018,0.0005414156209066297
4019,0.00018728868973385155
4020,0.4167887782638102
4021,0.00021784222702934142
4022,0.00016893625184183418
4023,0.05100388506335479
4024,0.00014826320243192543
4025,0.0002708893137100796
4026,0.00022269724942755977
4027,0.00013081972435021694
4028,0.00014963930549412213
4029,0.038280133182366075
4030,0.11908827648151858
4031,0.023849666108512923
4032,0.0002117772901547627
4033,0.0015883252360562121
4034,0.04861972030673998
4035,0.00047698764679687605
4036,0.011513141557102261
4037,0.012486444276883155
4038,0.9779492147823312
4039,0.00011307795541143695
4040,0.01376491315528362
4041,0.0006683367605194448
4042,0.0010732245774191505
4043,0.0015859498749762647
4044,0.0022758457498202205
4045,0.002811988917133986
4046,0.00015926990027844115
4047,0.00014262066842684907
4048,0.00039916975831610294
4049,0.000927371617553862
4050,0.0002091635591540383
4051,0.00041808898531474315
4052,0.01177786389835549
4053,0.0006391230386802247
4054,0.9681169261446054
4055,0.9991447573911332
4056,0.000170174928476019
4057,0.00019825440743349393
4058,0.00010237307079181321
4059,0.049522988130004955
4060,0.007931531133943657
4061,0.007996940172517088
4062,0.0001374662688481885
4063,0.00027256434152355264
4064,0.0002058120826790956
4065,0.0018884975955926694
4066,0.9975263114908671
4067,0.00020640775724536697
4068,0.895096501634972
4069,0.00015563447358452008
4070,0.00019133392387977568
4071,0.00047423221057359794
4072,0.00018817592826148356
4073,0.0007149881509740685
4074,0.0061928911346336765
4075,0.00033483777880557975
4076,0.00012455816573837868
4077,0.02859881980396748
4078,0.0002696481436093603
4079,0.0001940414033121193
4080,0.00029465852685874527
4081,0.00022544390487760162
4082,0.0003215795974126515
4083,0.00012928365798549462
4084,0.0005243004889616584
4085,0.45059786320344253
4086,0.001629083459363399
4087,0.00048179986875184746
4088,0.0002645031968288715
4089,0.00012597594424818787
4090,0.0002761571938680023
4091,0.00030876995284508937
4092,0.00018325889542387404
4093,0.9916189017042175
4094,0.00024429388026673095
4095,0.01805371438741937
4096,0.0002295763306581633
4097,0.0003403214438158778
4098,0.011667706349623535
4099,0.0016370666248172814
4100,0.009516455872946045
4101,0.00012184188761500479
4102,0.015253929883674158
4103,0.0007995896116746966
4104,0.006705271555685795
4105,0.00894407474951801
4106,0.01892859908381856
4107,9.610588561375578e-05
4108,8.18824881256347e-05
4109,0.00014177171074864883
4110,0.9315536172591582
4111,0.003330316614231307
4112,0.012125571109666666
4113,0.9051583658904756
4114,0.0009184675089347066
4115,0.9754471941605829
4116,0.0034138057405152995
4117,0.010775164252821514
4118,0.004781041405796289
4119,0.0001877047751649836
4120,0.0001967026029424483
4121,0.000378635828034429
4122,0.9874142324625638
4123,0.0006794443513183877
4124,0.9817620433430989
4125,0.008138147570683507
4126,0.9927618038188946
4127,0.00571800520967933
4128,0.0001252698474887486
4129,0.0009531166352000145
4130,0.9982742033406927
4131,0.038091117503909276
4132,0.0011122975386305234
4133,0.027627550817151812
4134,0.0042725775562177225
4135,0.0005167143204974693
4136,0.003010960279356622
4137,0.00014173289813821673
4138,0.3680737555582559
4139,0.010756182104023331
4140,0.00034435467485944307
4141,0.18904719658843608
4142,0.1233171151745007
4143,0.0003776655877327069
4144,0.0046901855495186905
4145,0.0027303549262311924
4146,0.0005461170603985584
4147,0.00031091130486764944
4148,0.0001262583988132116
4149,0.00018677185184139017
4150,0.00011744217971733625
4151,0.0002591772821982646
4152,7.643757892772344e-05
4153,0.0004266019232359947
4154,0.00011512736159600247
4155,9.870681078207966e-05
4156,8.334583597444719e-05
4157,0.0009447212269680378
4158,7.570547092320136e-05
4159,0.0001110861964797414
4160,7.645804665289764e-05
4161,8.538272048087047e-05
4162,0.0004380377203702781
4163,0.008922536573061217
4164,7.080564895266448e-05
4165,0.0013625175675997501
4166,0.0004361291360154924
4167,0.00022565836852204323
4168,8.43298253222167e-05
4169,0.00014168785323145612
4170,0.0005799517556378343
4171,0.000528966820518371
4172,7.180513829530774e-05
4173,7.662078151652284e-05
4174,0.0004421350354939605
4175,0.00035544744125288005
4176,0.0007958026166043738
4177,0.0015347205791495383
4178,7.727969566861121e-05
4179,0.0003034485365931725
4180,9.166488498836781e-05
4181,0.0002611193799369056
4182,0.004494470769151481
4183,7.816188380412731e-05
4184,0.000333211308871294
4185,0.0003639735252018354
4186,0.0003423024365553848
4187,0.03928958733660276
4188,0.0022732930100467204
4189,0.0024938587668863906
4190,0.00034745059738639807
4191,0.0016102861528493376
4192,0.0003974156565653539
4193,0.0010861532516683874
4194,0.004000990121302847
4195,0.00035820897439678266
4196,7.227170357774289e-05
4197,0.25687595637961147
4198,0.5076324228241146
4199,0.0007818677402523089
4200,0.003993373624611252
4201,7.575998743845411e-05
4202,0.9987924196063723
4203,0.00022712885183529978
4204,7.66416163274926e-05
4205,0.00033782722728506345
4206,0.00027377575919266574
4207,0.00023673724468304807
4208,0.00145492724723219
4209,0.0001082523622457769
4210,0.00023669979506278464
4211,0.00041479217219669314
4212,0.04721572480751539
4213,0.002114568701977991
4214,0.0004887584316915428
4215,0.0015390759973751725
4216,0.00017855909016217987
4217,7.499664477125036e-05
4218,0.00023587776562569517
4219,0.001621932349030366
4220,0.006395321635302831
4221,0.02021114325263649
4222,0.0005797834428576844
4223,0.001959624791874381
4224,0.0088927632827678
4225,0.0017588094239575306
4226,0.0061749480909445
4227,0.0005657597803773998
4228,0.003068578184776064
4229,0.00010916132601202934
4230,0.0012473697665855246
4231,0.2873914452796603
4232,0.008095475031717711
4233,0.00012319525446089717
4234,0.00018963788502682075
4235,7.705284199157792e-05
4236,0.020217201893688683
4237,0.00012673372234463966
4238,0.0020410611080496793
4239,0.0003089956469837921
4240,0.04394521810162862
4241,0.0015149489879744149
4242,0.00020361218782096003
4243,0.0006952220831934495
4244,0.0002806823522334449
4245,0.00025199090716996985
4246,0.0015490985334018488
4247,0.9897873734801491
4248,0.00028083036067346986
4249,7.042587359314858e-05
4250,0.0003617654506674889
4251,0.005992358478241985
4252,0.01880631273161757
4253,9.252926139335955e-05
4254,0.0009510360592776778
4255,0.0002042120274023937
4256,0.0004516566257650414
4257,0.0002127413314208564
4258,0.01835024265476124
4259,0.00016157519563303013
4260,0.0003686210500832061
4261,0.00046896330193238543
4262,0.0001475493337279574
4263,7.668372175846259e-05
4264,0.00020829077242788102
4265,0.0025722729227256906
4266,0.01416438133260029
4267,0.0032716315861122266
4268,0.04999498839866482
4269,0.00500013104506575
4270,0.0018782627708299395
4271,7.321981095563868e-05
4272,7.307939406241682e-05
4273,0.0004679378942698157
4274,0.0016241011518726624
4275,0.0026559559071332437
4276,0.00045257039782079216
4277,0.0002696511906120693
4278,0.03296876207889243
4279,0.0001943930021786386
4280,0.008363598372592167
4281,0.00023595588240406555
4282,0.9983871633324781
4283,0.06073055520195488
4284,0.00023770898437885007
4285,0.0002328208587539608
4286,0.00047021144364292177
4287,0.007757777310072054
4288,0.0004821354498523069
4289,0.011946513084334842
4290,0.013986993291634725
4291,0.0003955530281914735
4292,0.00010740228706608806
4293,0.0002790850550280822
4294,0.04273259802024841
4295,0.000603250332669973
4296,0.00013109646723747254
4297,0.014664447287389925
4298,0.02971983428646636
4299,0.0003117327423067595
4300,0.0004164981654612987
4301,0.000885255725801206
4302,0.0002577027868272615
4303,0.00735139275478579
4304,0.13620762255505406
4305,0.00012694296399038074
4306,0.0014712015652982406
4307,0.0003487280326086151
4308,0.005746031665432073
4309,0.0002467489485406146
4310,0.20233133536521297
4311,0.00033021543442204355
4312,0.013642949651809098
4313,0.009443548147729252
4314,0.010226826080429529
4315,0.00681920843388827
4316,7.48894380610376e-05
4317,7.354870478193824e-05
4318,0.044977791550742045
4319,0.011892393483139335
4320,0.03176082653303657
4321,0.0004697391435032982
4322,0.9297312195194417
4323,0.0003061714448052427
4324,0.011087057538444018
4325,0.005600478383838664
4326,0.0004860118614186112
4327,0.00023349887979097969
4328,0.0002354314891808732
4329,0.0003107037515165089
4330,0.0679482462027958
4331,0.000261091466425691
4332,7.631739921456674e-05
4333,0.00401943178649475
4334,0.00020555222824144697
4335,7.489782231970888e-05
4336,0.0011880908407713334
4337,0.0032568859575476243
4338,0.0007256606461693987
4339,0.0004802731836302669
4340,0.00038523747027428324
4341,7.266610611911881e-05
4342,0.00036530009215601225
4343,0.00977099133635972
4344,7.391180916848108e-05
4345,0.9946987295840997
4346,7.145931623740767e-05
4347,0.001189679094664347
4348,0.01766665184740876
4349,0.000771508253021003
4350,0.0002534753708348683
4351,0.0034534152251017454
4352,0.03880785913288794
4353,0.006365802290277197
4354,0.0043899595625597875
4355,0.0012763514902179016
4356,0.00035099236809471004
4357,0.00019978246279923174
4358,0.0006130811643562523
4359,0.00047829874136984496
4360,0.00038158225687749106
4361,0.000482421771615945
4362,0.02342111598452534
4363,0.00033699373061251336
4364,0.011107547709215604
4365,0.0009096302818083358
4366,0.0012850919160775566
4367,0.0038293662956918584
4368,0.0007668656530395574
4369,0.00013299116015978366
4370,0.009664732357888717
4371,0.0019933355309929507
4372,0.0003518239053620051
4373,0.053654179917269264
4374,0.0003638113257759557
4375,0.0003347922141041787
4376,0.001750567002488956
4377,0.0002654602708274527
4378,0.025155149190366977
4379,0.04851723079242849
4380,0.00022984011548588023
4381,0.0007319649463582498
4382,0.0004337655868415717
4383,0.1320387437673156
4384,0.008735993008749544
4385,0.001344094214497548
4386,0.0001617159273154415
4387,0.00010845064682813433
4388,0.0006075064202107118
4389,0.00031466732392878275
4390,0.00042270929371060023
4391,0.016729089760186944
4392,0.02932405267613642
4393,0.013188741707722464
4394,0.0013815535116787937
4395,0.0015788509143092808
4396,7.209813540423904e-05
4397,0.00022349464288093932
4398,0.0008967442346877096
4399,0.0002568267445810958
4400,0.0003605339428909797
4401,0.9985643691344783
4402,0.0007876550249591337
4403,0.0003042988883954061
4404,7.768795565951775e-05
4405,0.11305880326329157
4406,0.02081182731550727
4407,0.0005383192454635293
4408,0.014318330043015456
4409,0.00037517124107872734
4410,0.001731494916644841
4411,0.0003506605906825115
4412,0.02531745153247489
4413,0.001283280361780974
4414,0.022006665394004126
4415,0.007181163792388171
4416,0.0006960057440017625
4417,0.0357728641834767
4418,0.0010657480554662647
4419,0.00011816216516687384
4420,0.005060931368175182
4421,0.0002832202617468371
4422,0.008355615097834985
4423,0.00021025038762400835
4424,0.00042142345789019574
4425,0.7574782387103791
4426,0.9988432957492904
4427,0.00033282000157068326
4428,0.0007834515457652896
4429,0.9990212980899686
4430,0.00042230759293587615
4431,0.001228593388214851
4432,0.0014359093520230485
4433,0.04280571914615559
4434,0.00798911708188102
4435,0.01988508688137973
4436,7.37769445945796e-05
4437,0.0002659617117628597
4438,0.0027060790483991654
4439,0.0023503453987814655
4440,0.0272238387951676
4441,0.0022709116783829414
4442,0.00011083653883215357
4443,0.00036356813981793684
4444,0.00026380845365043626
4445,0.07772817941696054
4446,0.0002864016255725104
4447,0.006127652330129948
4448,0.008546890323096412
4449,7.479041215220088e-05
4450,0.0008865271608112308
4451,0.00020025007612536048
4452,0.031254000382331504
4453,0.00012103570761628127
4454,0.013935069177631442
4455,0.005619270653901851
4456,0.006195931636193806
4457,0.01159322259237446
4458,0.0003994481202634041
4459,0.004363144090122629
4460,0.001711435384105169
4461,0.005307893139623131
4462,0.0902261521814676
4463,0.0033201331408879687
4464,0.004724889364355089
4465,0.0005906015698201354
4466,0.00400994391354567
4467,0.01080124957871063
4468,0.01981534570653789
4469,0.07292299193168553
4470,0.00032099329471091365
4471,0.002641734276510644
4472,0.00020747892623323956
4473,0.02169328309541324
4474,0.0003204687468738964
4475,0.0021947550050520704
4476,0.0001934420709943457
4477,0.005858105360750632
4478,0.001857547373273397
4479,0.004186077436349385
4480,0.0005252432247155235
4481,0.09440740858900473
4482,0.0032926558867868486
4483,0.00010965180148058144
4484,0.2690962007099123
4485,0.013048698466667997
4486,0.00039973671935116927
4487,0.058747207216549524
4488,0.00010028655752649732
4489,0.00014171279115015366
4490,0.0010366205886505697
4491,0.0018250628318125944
4492,0.006269194903158885
4493,0.001854424539744297
4494,0.0017557843991564547
4495,0.9936452519254593
4496,0.0003914179131208651
4497,0.003822096699720427
4498,0.011015149322772042
4499,0.9934070393646252
4500,0.0007838894484947306
4501,0.0011247154699442193
4502,0.0002658620559000372
4503,0.004269627796288989
4504,0.0013283996713105008
4505,0.00034639273266941423
4506,0.00035107337140367537
4507,0.0022448386205845446
4508,0.003442645945591237
4509,0.00020866845608767662
4510,0.01498818464043732
4511,0.0017816413256356762
4512,0.9981946772855205
4513,9.839782459834809e-05
4514,0.0019099313376440032
4515,0.0005528141693052609
4516,0.00035245055824908555
4517,0.3072846268542881
4518,0.0035721395848993557
4519,0.007537304764211508
4520,8.370725780091914e-05
4521,0.05085632938891256
4522,0.0008040554197511339
4523,0.04562975331987153
4524,0.00010063984495803271
4525,0.0002928631070651551
4526,0.9931478214945291
4527,0.0030998879498695753
4528,9.861482451387459e-05
4529,0.00030735601443086563
4530,0.0017922670531487176
4531,0.000325590352592604
4532,0.002733369563751747
4533,0.0019711925633458254
4534,8.320007159683536e-05
4535,0.0014973122253097854
4536,0.0017500588968888061
4537,0.00012084233051658241
4538,0.0005105803235358064
4539,0.0010554346635262483
4540,0.00803457091958606
4541,0.0010217626755350036
4542,0.00028896650910201693
4543,0.006509360822311572
4544,0.014760343907122562
4545,0.00032410157446380544
4546,0.0008503575209360063
4547,0.0003028716675969545
4548,0.004680093280846424
4549,0.008496048677076862
4550,0.0053372404558577075
4551,0.0001299887057869302
4552,0.9987012004199167
4553,0.0002721500515201785
4554,0.005631309623967953
4555,0.9937824751626916
4556,0.0009419486531940717
4557,0.00019316736343875018
4558,0.00025728993876033716
4559,0.0030704081870156345
4560,0.001687164546511012
4561,0.006829758588390992
4562,0.03209394280950846
4563,0.047078680220405546
4564,0.006587506930172774
4565,0.014064825655071531
4566,0.016913671880969684
4567,0.0003266335854815971
4568,0.004910118941973735
4569,0.0016611436784916254
4570,0.9911708199740893
4571,0.0011321176095879554
4572,0.003777843101272824
4573,0.9143991856935537
4574,0.00012542268098528965
4575,0.00886996807808549
4576,0.003354957523048654
4577,0.00880518434158482
4578,0.003812063242036058
4579,0.03410435863812676
4580,0.02380432258326213
4581,0.00038622485960728033
4582,0.0005424989431773761
4583,0.0050171196244094465
4584,0.04910981084120335
4585,0.0074332663131427305
4586,0.0016667461861159054
4587,0.0007735666140523019
4588,0.08050767231385632
4589,0.05259987722542155
4590,0.004107281084010559
4591,0.0027931448511148618
4592,0.005060901954161321
4593,0.00020697314545433981
4594,0.0003008172514865024
4595,0.00865161502702291
4596,0.1311660960224496
4597,7.680391512982812e-05
4598,0.00022093111638310202
4599,0.0047988186239724595
4600,0.0015391832316414926
4601,0.00014616051980840451
4602,0.00013090121433802484
4603,0.04248986471584001
4604,0.011692694593862327
4605,0.0023761336879178493
4606,0.7764350561294024
4607,8.942253764408897e-05
4608,0.0030923170748412524
4609,0.0002787672958954457
4610,0.014598075923291192
4611,0.004558200542361161
4612,0.011691007571872643
4613,0.004478906825748467
4614,0.0013337061690252994
4615,0.0003304778052050416
4616,0.9950315637757884
4617,0.0003484498978084109
4618,0.0002344687656148122
4619,0.0003586934201010976
4620,0.006602769366626243
4621,0.001726131604753258
4622,0.0013435768710071887
4623,0.00012663334047903534
4624,0.00020498182240573297
4625,0.0005489820185376558
4626,0.0025303402138598476
4627,0.0015505251234649298
4628,0.0027551150090684403
4629,0.000509934150025256
4630,0.0009131108735179821
4631,0.04476145471242367
4632,0.0001447238837744929
4633,0.0003543911445083205
4634,0.005978290736356586
4635,0.0006459193614065585
4636,0.030672147006827376
4637,0.00026996825819097835
4638,0.0021920917067179005
4639,0.00010162095490221727
4640,0.0006550627562471812
4641,0.0013021732913746841
4642,0.0001381335949993555
4643,0.00011876747824151534
4644,0.000531179076236351
4645,0.01092160839373633
4646,0.033080247304096554
4647,0.0003995740772618832
4648,0.00023925678044785765
4649,0.0023535804296548448
4650,0.000707777683268114
4651,0.00016786802254954112
4652,0.007732554314536437
4653,0.0001079489914475007
4654,0.0018885418074389045
4655,0.0012351054404297968
4656,0.00030138487218249455
4657,0.0021070422913192226
4658,0.014321206267580749
4659,0.02893793643970672
4660,0.0003341257021512742
4661,0.0017591559554958076
4662,0.001047432815102278
4663,0.00022430955789244652
4664,0.0003869428481075482
4665,0.00023877177153193663
4666,0.008002172408318948
4667,0.0047124162462565
4668,0.0004641421490904492
4669,0.00025860397567604684
4670,0.004143836014761757
4671,0.00032951856753918183
4672,0.1224752753004493
4673,0.001801726354353109
4674,0.00036173440796727845
4675,0.014775005086343908
4676,0.012925189627540166
4677,0.0006105571559183266
4678,0.9987262772268899
4679,0.9935976508023066
4680,0.9989393814024188
4681,0.9964769741175721
4682,0.001055348337759089
4683,0.005859939102448205
4684,0.0028542140187452773
4685,0.008977388864459795
4686,0.0010251042382147216
4687,0.0016307524871551418
4688,0.040741781965898866
4689,0.021661171265791007
4690,0.0005605786398189368
4691,0.0014314364428570999
4692,0.002278217341747399
4693,0.00043210327735907774
4694,0.0018457108655391126
4695,0.0006095468805871871
4696,0.07142550419719555
4697,0.011815765565367486
4698,0.007157132230730076
4699,0.0009522982703878404
4700,0.01264722060744788
4701,0.0004888779273997633
4702,0.00010911030018059021
4703,0.0006356934192878831
4704,0.9943284689123647
4705,0.0006310098533941839
4706,0.017647646608957353
4707,0.00013862494229060406
4708,0.0009604225197741217
4709,0.25291425973703835
4710,0.001826197908059137
4711,0.0046840530947789265
4712,0.012576825940494757
4713,0.000539953705539423
4714,0.0005932093670770525
4715,0.0006720153344571945
4716,0.0006057324166338598
4717,0.0027065193925383435
4718,0.00029694270273603496
4719,0.0003897949804419345
4720,0.07638163208329363
4721,0.028390878290001465
4722,0.015087130585626388
4723,0.007741389857403259
4724,0.0004250571890432827
4725,0.0027474715180179246
4726,8.22585965320027e-05
4727,0.0015138243210973772
4728,0.00020336916476747653
4729,0.00039120157632859984
4730,0.00022583459571689327
4731,0.006264118998741987
4732,0.026396881577210624
4733,0.09212098281321404
4734,0.00023954076214446974
4735,0.0007386927252479109
4736,0.00033137432292596435
4737,0.0006426005815958035
4738,0.0023803716854135324
4739,0.012639817468007191
4740,0.010145275788089877
4741,0.0022041711790233886
4742,0.005172629104347888
4743,0.0301093497763218
4744,0.004051417685682903
4745,0.0011500224077440084
4746,0.06119870355922907
4747,0.00039646334811997333
4748,0.004436976715794255
4749,0.0039199352837393005
4750,0.029727437588085943
4751,0.9984102447271622
4752,0.00032464705912596287
4753,0.09057235812414835
4754,0.00011661684504726683
4755,0.0002793193731991379
4756,0.03309530613258667
4757,0.0038155069528924847
4758,0.0007017638554659179
4759,0.0006590053024031062
4760,0.009112763502061095
4761,0.001074528061001425
4762,0.00011578453512601815
4763,0.00024838005622157566
4764,0.026755686020149556
4765,0.005240327556470079
4766,0.0012585891345016794
4767,0.001415832484965965
4768,0.0011382404040539734
4769,0.00012901522599992736
4770,0.00019280387771735365
4771,0.0001458862890862192
4772,0.0003112800532762263
4773,0.00028028178728846013
4774,0.5276437908678803
4775,0.019723689940544235
4776,0.9910704653675892
4777,0.9984057851696075
4778,0.0003306932326349796
4779,0.0015622351135146945
4780,0.004743802976309628
4781,0.0025073916939205233
4782,0.0002203296194597351
4783,0.00022634436171333882
4784,0.998450428903373
4785,0.0006165912185308098
4786,0.00034751358848455203
4787,0.0006330038112089716
4788,0.001042206751583278
4789,0.0010569408165111954
4790,0.0006615283040585041
4791,0.00025463578242163184
4792,0.9719532888384066
4793,0.0001341098938393777
4794,0.00036551979355492465
4795,0.5356064872238088
4796,0.9987997687237788
4797,0.020088483736456893
4798,0.0004933503095723573
4799,0.010167900042472163
4800,0.0006081379511519312
4801,0.00034541448328600946
4802,0.9974097870158991
4803,0.013449317414065503
4804,0.0007278726707949034
4805,0.002844807030439975
4806,0.0008222997822620379
4807,0.0015475449736844222
4808,0.0005122102106497777
4809,0.0007937978447576837
4810,0.00025539617739131536
4811,0.004836740433151813
4812,0.02197003671947661
4813,0.007080477983104129
4814,0.0001260023268170052
4815,0.023465085991592426
4816,0.0037301709644308053
4817,0.011748616320752966
4818,0.002467010125781059
4819,0.5953294382304456
4820,0.0003572592830990347
4821,0.9932240458254109
4822,0.0015466235425915912
4823,0.00012710599306222417
4824,0.005497056749954235
4825,0.0004460570119278869
4826,0.00021837349806285716
4827,0.9192080407809184
4828,0.003798148926983695
4829,0.004214971172024297
4830,0.0009912733299327055
4831,0.00038396021450383833
4832,0.9953208429233273
4833,0.00032291016746095996
4834,0.9980162731837339
4835,0.0009400321864857297
4836,0.9980400466247925
4837,0.9988917862530788
4838,0.08331168793150771
4839,0.0034990124602499602
4840,0.0008300528012210805
4841,0.00029772330894638373
4842,0.0006886322609111263
4843,0.0003441130313082969
4844,0.11419203650843195
4845,0.0010191539007520325
4846,0.9838841719718292
4847,0.9976862605862742
4848,0.0019443887385826575
4849,0.004926887574464479
4850,0.0048786178309356875
4851,0.0005094354179762462
4852,0.00013425376045993588
4853,0.00015277025615375783
4854,0.003007328719541523
4855,8.793807782277447e-05
4856,0.01943254593885094
4857,0.00032131431792956197
4858,0.0002442157460011412
4859,0.007848714079583066
4860,0.0008390886221439284
4861,0.0026760232824202335
4862,0.00022672616260368763
4863,0.0001794200320033412
4864,0.0003301185303743813
4865,0.005141381016351051
4866,0.029454085157875932
4867,0.00026585174684454226
4868,0.006404878539839437
4869,0.0031843181701361476
4870,0.00017550551988673081
4871,0.008615201616554604
4872,0.0002671898221541176
4873,0.001918707980621072
4874,0.0029375668694356406
4875,0.00014493989390327854
4876,0.0006884892831416293
4877,0.005456202542475238
4878,0.9957494181533981
4879,0.0010468130155968014
4880,0.0020457364122562966
4881,0.0002608890692865042
4882,0.0001641047899204711
4883,0.0001186081285822945
4884,0.00013610197627674452
4885,0.0010846108238788494
4886,0.014187299522399163
4887,7.078265094747996e-05
4888,0.10457024357223002
4889,0.0005485947679552408
4890,0.0023460548929296393
4891,0.11772074224018278
4892,0.0002968338302265926
4893,0.12578742063138246
4894,0.02041355732518013
4895,0.0017016827504551843
4896,0.003958447112481471
4897,0.0005748117340739613
4898,0.011635039466033358
4899,0.0022163145835684063
4900,0.005327680083513445
4901,0.0063599478900329045
4902,0.0049401390887265535
4903,0.01716733508248365
4904,0.00016218759825831016
4905,0.9367679872840888
4906,0.05057622093915083
4907,0.00037631729899876984
4908,0.0010408475825846102
4909,0.0004629638545796781
4910,0.0004709945818006862
4911,0.029693068695451946
4912,0.0003225216275716374
4913,0.003656088586328872
4914,0.001299715365903908
4915,0.00018643777131054624
4916,0.00034511141091058875
4917,0.006669962679205112
4918,0.0027764431734813365
4919,0.07474295050271071
4920,0.0026605188089661043
4921,0.004051077802606814
4922,0.0006015597827727623
4923,0.0006173032766821722
4924,0.0009244471424311735
4925,0.0027375999341188186
4926,0.0029735024500724128
4927,0.0011826805517494304
4928,0.007781815197943733
4929,0.005584956052395324
4930,0.003397828278101782
4931,0.0009017143066052475
4932,0.0036254191906959082
4933,0.0007043142519958043
4934,0.9988339978060642
4935,0.00030353571420502
4936,0.0003758673814288598
4937,0.01694250655389206
4938,0.0014414195523639146
4939,0.0005052661508427295
4940,0.00040303158839619953
4941,0.00022058995878176374
4942,0.01763387144547699
4943,0.00013135570635246634
4944,0.007073799969464227
4945,0.002514706166224219
4946,0.0003187975583107052
4947,0.004782687919137947
4948,0.0005763211458362857
4949,0.004949336012386481
4950,0.9990877898988956
4951,0.003906420491606735
4952,0.0014299463250738533
4953,0.0003328827705109718
4954,0.00017890213032337388
4955,0.0024834598994889247
4956,0.0032800075301554835
4957,0.0017540808613109304
4958,0.00026948790878968847
4959,0.011059205193101846
4960,0.22557641072073067
4961,0.002041512334025328
4962,0.005643600016391038
4963,0.1803120263431128
4964,0.019095835180080126
4965,0.0004846437580415866
4966,0.004770769867679424
4967,0.021227395850960576
4968,0.0002562315472274732
4969,0.24723218655808205
4970,0.9982038160513358
4971,0.0007301330739498602
4972,0.00237282501306307
4973,0.002334636144996789
4974,0.00021604995077292405
4975,0.0071888534098660615
4976,0.0002445586590840806
4977,0.0007315814424203356
4978,0.0001726579540735894
4979,0.008572509556102493
4980,0.0003107928144254008
4981,0.0008119809076314032
4982,0.00647269153024411
4983,0.0001484362158109662
4984,0.0005188579090569378
4985,0.00012494565422484935
4986,0.00026677498794336715
4987,0.00024439282003963083
4988,0.0002477717886632343
4989,0.056707823587110795
4990,0.00022205902370262437
4991,0.0570230971191266
4992,0.01997855223548633
4993,0.002552698386138308
4994,0.0004017879623710916
4995,0.007047884689733887
4996,0.0006224463612496551
4997,0.0170888957397365
4998,0.06405756511000338
4999,0.0002876723398126943
5000,0.0019445528822371854
5001,0.01891367162989428
5002,0.000753854621045006
5003,0.019375555958447806
5004,0.004471561056848954
5005,0.0006449892113649323
5006,0.0004974697051745834
5007,0.0008265690526130422
5008,0.00023708690729393458
5009,0.0005653023943819394
5010,0.00019360375033770016
5011,0.00018179175351490154
5012,0.0008355475880588027
5013,0.1186937507057773
5014,0.6038870386544375
5015,0.0003278098894216071
5016,0.003900620368294548
5017,0.0003806607311391986
5018,0.0006712790797313839
5019,0.002949304982924683
5020,0.03116454653614646
5021,0.0003696827500890698
5022,0.006676323070431008
5023,0.9967379927835456
5024,0.00017462754420430267
5025,0.0008293653754647839
5026,0.00020712646283385693
5027,0.00037588253658227684
5028,0.00022004221895795712
5029,0.000229081375446734
5030,0.0001804563732625242
5031,0.06399335665052665
5032,0.0005518512832627953
5033,0.00030713882621767824
5034,0.0039032416387258183
5035,0.04238866812958926
5036,0.00014885019894459594
5037,0.0033120323643042807
5038,0.0008241372850925896
5039,0.019207741102878734
5040,0.0279680598762442
5041,0.003057913055291915
5042,0.9973410728916324
5043,0.00018827483197449214
5044,0.0003500301452386669
5045,0.00030333524566139136
5046,0.9885404915192675
5047,0.0004424842058433213
5048,0.07659762018218028
5049,0.0011491454250650579
5050,0.001325855621876226
5051,0.9985736325129997
5052,0.00013372459476475732
5053,0.005673988760198712
5054,0.06962593316522037
5055,0.01633992151807057
5056,0.00023941847464074248
5057,0.0009771071420089329
5058,0.2692198147108371
5059,0.009770418683069992
5060,0.00026721561727864943
5061,0.004312821645280086
5062,0.05075309796792191
5063,0.007121672758436342
5064,0.00282413439047495
5065,0.0033601428633973094
5066,0.0006557643781770918
5067,0.0026158686382917744
5068,0.03789506587327762
5069,0.00034780847433501605
5070,0.0032013234265567646
5071,0.0002314909623978392
5072,0.0007518139176244026
5073,0.01682976775019996
5074,0.0002750587408747368
5075,0.00018715171258540744
5076,0.0017435615212012367
5077,0.001107881948255889
5078,0.013929836194953416
5079,0.0003904135525533861
5080,0.9924041227034694
5081,0.0006193696811849671
5082,0.0003002075180518889
5083,0.0002474082806401815
5084,0.06010310000864498
5085,0.0022665709133928473
5086,0.013653259951194213
5087,0.008577585293943242
5088,0.0004172620112417815
5089,0.0003266514510022623
5090,0.009478342554573877
5091,0.0002684298055743997
5092,0.0003848545975859997
5093,0.0003586382779085592
5094,0.9960248951289989
5095,0.14127722848786411
5096,0.00011084812186379386
5097,0.004568321233329583
5098,0.001211749013566484
5099,0.03535463577896271
5100,0.0007102357145191664
5101,0.00019629086223921216
5102,0.0028884797119713835
5103,0.002511352708413346
5104,0.9945261016264431
5105,0.00545026256962333
5106,0.00022887866801813063
5107,0.029877562867671535
5108,0.0004855546447812147
5109,0.004160283845404858
5110,0.00033910259104883496
5111,0.22756454406533466
5112,0.002822040173475419
5113,0.9958943841124845
5114,9.643353775258624e-05
5115,0.018149643468854507
5116,0.00030540473120672083
5117,0.018510186672111052
5118,0.0010437341730115727
5119,0.0006224751934330302
5120,0.00018968421811437045
5121,0.9423366795751159
5122,0.00016245018018886106
5123,0.000254799555096353
5124,0.011215858051307608
5125,0.0488812476041179
5126,0.01382408710108382
5127,0.0004809498473099764
5128,0.00010715288244828749
5129,0.00023900903795799652
5130,0.9979217004809031
5131,0.0002315882978868721
5132,0.018480535221483973
5133,0.0005813540166025539
5134,0.00048794370179743653
5135,0.00027262871708901834
5136,0.004321558396768556
5137,0.0004122612494571869
5138,0.00023353292148100288
5139,0.00045844030620167877
5140,0.0017043556859174362
5141,0.0016111034533388725
5142,0.0001055408974880378
5143,0.0022210533681612924
5144,0.9980997848446218
5145,0.00102522248484657
5146,0.9348827565236227
5147,0.014815926320184478
5148,0.00042587291745894984
5149,0.0003454655438693073
5150,0.016179106226309768
5151,0.00018654286822467314
5152,0.9695443365435642
5153,0.00015803131989563672
5154,0.0004197949207697288
5155,0.000226508303182839
5156,0.001145692703478036
5157,0.0789462534070782
5158,0.00028546699086631235
5159,0.000268690029140922
5160,0.0024008592300637462
5161,0.0008736279804315437
5162,0.9972911303985329
5163,0.002162561885571621
5164,0.0004942115079347962
5165,0.09010491732513085
5166,0.0003551792113538026
5167,0.9519571935545095
5168,0.00038880344471333317
5169,0.9577954410242832
5170,0.000290903165821311
5171,0.005265147725096892
5172,0.000289477923783576
5173,0.007164797153021499
5174,0.00013564999459890983
5175,0.20906832493048677
5176,0.0010716563167041753
5177,0.002247413070207238
5178,0.006864225185552827
5179,0.00028427319603691037
5180,0.0003664402410994476
5181,0.00013341382630652302
5182,0.04403094465905609
5183,0.00015435786199956497
5184,0.00384292752848705
5185,0.00014817611783473676
5186,0.0035244966523333837
5187,0.03261620944211986
5188,0.0103522334702831
5189,0.006726788115443855
5190,0.00042362942825264723
5191,0.0005306537053849188
5192,0.0002821401038089986
5193,0.00353633691568721
5194,0.00026668885558828973
5195,0.014295388877694099
5196,0.00036790284313549537
5197,0.00027040106147764484
5198,0.0003570606772512046
5199,0.997610337685168
5200,0.00012465108840810986
5201,0.000346675676772496
5202,0.00022676767271739623
5203,0.0009598391356440228
5204,0.0002738965521033135
5205,0.00033352198538981497
5206,0.0010806685122821658
5207,0.00019992797001274604
5208,0.00026762901047247214
5209,0.00126827726765595
5210,0.00010434615689034553
5211,0.00012693888615302812
5212,0.010278760537784842
5213,0.001061514278407337
5214,0.0002191617516188864
5215,0.006818577179205898
5216,0.003999907864431016
5217,0.007763273410883921
5218,0.004275036455692688
5219,0.011122239803380025
5220,0.00024850579048310865
5221,0.00011696611598400057
5222,0.0009857616708859383
5223,0.004502969537385178
5224,0.029678939647241536
5225,0.00021378601772039326
5226,0.0004741616594994353
5227,0.006512841463962282
5228,0.0010456613000916048
5229,0.006571761262360523
5230,0.004110348424276362
5231,0.003712657418823313
5232,0.0006652643910526091
5233,0.9987869359182924
5234,0.0005027382561855912
5235,0.0002566669164345236
5236,0.0055049595397533456
5237,0.0010708364769920302
5238,0.012096068955097471
5239,0.0008928598227874675
5240,0.0002557241113242251
5241,0.00024283592943535317
5242,0.0006635318618897345
5243,0.0012659953866706519
5244,0.00012611651373150735
5245,0.998622394612077
5246,0.02144776807327945
5247,0.00041648914276310665
5248,0.01996298123619153
5249,0.00034901684766901756
5250,0.002664125546523962
5251,0.000298080171013086
5252,0.001146442955886401
5253,0.9976104786547297
5254,0.00031423472451174003
5255,0.00012016040252683024
5256,0.00026345581153267104
5257,0.0013696222586230477
5258,0.4254855465823315
5259,0.01126692873190707
5260,0.0005715725836105388
5261,0.013208839304933625
5262,0.0037392836734867034
5263,0.001620254387338467
5264,0.0004673083765055087
5265,0.08875713128961862
5266,0.003269913899892558
5267,0.005331616369410219
5268,0.05708332872929027
5269,0.003139332943436214
5270,0.0016077247636108883
5271,0.0389216743977316
5272,0.9691934621740513
5273,0.00024980877236072097
5274,0.0007136852862156011
5275,0.00015400027378998803
5276,0.9986672997220492
5277,0.6560958817295092
5278,0.0035198893606802296
5279,0.005386219711111444
5280,0.19367917038279794
5281,0.009156454259775345
5282,0.07137103353074789
5283,0.011108084644459037
5284,0.005928373989948035
5285,0.00010563777054710599
5286,0.0003263937955106282
5287,0.0005402168635561041
5288,0.032635190022299046
5289,0.00015385357108438857
5290,0.0004827216716815951
5291,0.07439685950405976
5292,0.006267659440796156
5293,0.00030451363375086165
5294,0.0002507039053788027
5295,0.00030631046173096457
5296,0.09192438858507546
5297,0.0003475829803756391
5298,0.0020888601569926356
5299,0.0006234529094951511
5300,0.9979350152803482
5301,0.019223529184399485
5302,0.0011957033570889704
5303,0.014150371909186773
5304,0.0008154744959510777
5305,0.005265168518126413
5306,0.9990592838307176
5307,0.0002733782596518673
5308,0.0016682506031722132
5309,0.02567269975307298
5310,0.05431131714959877
5311,0.00030254120182343056
5312,0.0002460483339219497
5313,0.008192692979262256
5314,0.00024683817209827485
5315,0.00044267559714981973
5316,0.9974066444171974
5317,0.033078334307505446
5318,0.007197783049784831
5319,0.9915128446816318
5320,0.012862937422521573
5321,0.0003195026952962486
5322,0.009406664097024762
5323,0.004816367075478749
5324,0.00019114609437731228
5325,0.21436282278240443
5326,0.0032756906249007643
5327,0.007022349847122647
5328,0.9990882011474828
5329,0.014266989547667707
5330,0.0011233531659204257
5331,0.003829005399456138
5332,0.021996543746957163
5333,0.000259608667256237
5334,0.01931895291668559
5335,0.02817077462759953
5336,0.00027539873825592676
5337,0.0019835202060124817
5338,0.0068991421324912814
5339,0.0016315013213990246
5340,0.013983847607537733
5341,0.9942688126918305
5342,0.00034247256387831727
5343,0.007962467132772742
5344,0.0006094776879765802
5345,0.00024118642195600798
5346,0.0004835968855040058
5347,0.16766666478025666
5348,0.0005037981808676124
5349,0.9990025822339772
5350,0.0005921866529492992
5351,0.9951517747014247
5352,0.00026904924502244704
5353,0.0005960795430571602
5354,0.00016470420150170324
5355,0.998516645022808
5356,7.448404711247699e-05
5357,0.0011631342717496086
5358,0.00046623546690329024
5359,0.00548163210327584
5360,0.0016798355162258144
5361,0.00010410853588511393
5362,0.008851650133176094
5363,0.0011163459739402498
5364,0.00011782796506104156
5365,0.00018579162198847818
5366,7.389007447988584e-05
5367,7.891262006796196e-05
5368,0.008319177002968104
5369,0.010099400600547394
5370,0.00022176957289265993
5371,0.04986733689119187
5372,0.9989196620397731
5373,0.0005047102793896699
5374,0.0003351890549324906
5375,0.0015401338061243116
5376,0.00010996540544084246
5377,0.0019474713985233177
5378,8.028950641967955e-05
5379,0.0808510637458322
5380,0.00015264810859295466
5381,0.0001488245336316697
5382,0.004748230013416311
5383,0.00024002120888195268
5384,0.0008154144048487369
5385,0.00028255619282341424
5386,0.00046125605483234543
5387,0.01572113624063779
5388,0.01458447063675591
5389,9.118547120098877e-05
5390,0.05803436729273059
5391,0.00020868190896697865
5392,0.0003391787682058665
5393,7.36493979492005e-05
5394,7.463080571124205e-05
5395,0.0005880984455177333
5396,7.341393998905924e-05
5397,0.00025041439133903905
5398,0.028848854789414374
5399,0.001469783692199329
5400,0.3572709121661538
5401,0.0014936780741488058
5402,0.0001429696469794644
5403,0.0005489239824662305
5404,0.0008358287672439603
5405,0.008157891233760052
5406,0.00014517584216268707
5407,0.0006014275546183314
5408,0.00010595529156815086
5409,0.9812546199031565
5410,0.008658129926234197
5411,0.027849269597373487
5412,7.555665858539606e-05
5413,0.005864550763731132
5414,0.0012361232675539475
5415,7.526375531187697e-05
5416,0.0006428329766595191
5417,0.0003073796748128513
5418,8.29036840409433e-05
5419,8.271035949876157e-05
5420,7.888309922904588e-05
5421,8.361638920978613e-05
5422,8.420063509799553e-05
5423,0.9950490202616153
5424,0.0001217964170693988
5425,0.00019173382497845364
5426,0.0016593418064217037
5427,0.001047711151187234
5428,0.0001878579823942779
5429,0.00017130790349240488
5430,8.606850864299781e-05
5431,0.0024467912753269082
5432,7.22440940099222e-05
5433,8.225739222463205e-05
5434,8.110047876252659e-05
5435,0.0005989963749186474
5436,0.9546770900335751
5437,0.0004857767847461712
5438,0.0011001113225493516
5439,7.701511507027526e-05
5440,0.002202892551009547
5441,0.005156573894222661
5442,0.002496368701303956
5443,0.0010319099823693546
5444,0.0008114797367251896
5445,0.00019358059024001173
5446,0.00021563968810620767
5447,0.2493105313784453
5448,0.0001450441995342086
5449,0.003379314955264378
5450,0.003323674409648744
5451,7.458910769262042e-05
5452,0.00027884003285825787
5453,0.0005209626852193446
5454,7.495835766498428e-05
5455,0.007555117028175988
5456,0.006363880179980559
5457,0.00010721701514479923
5458,0.00039042020600128845
5459,0.9982296073665411
5460,0.004181800466728221
5461,0.00021925248658313858
5462,7.337805702825363e-05
5463,0.00021111032359221788
5464,0.0001672376511102841
5465,7.716404866083382e-05
5466,0.9959543198127511
5467,9.380658938706937e-05
5468,0.0007789040809216442
5469,0.006001560325088479
5470,0.15120477737308896
5471,0.00015650343687127814
5472,0.0010849543386602445
5473,0.0021439873927150592
5474,0.0008869057333049906
5475,0.0017622012530014463
5476,0.13481876470091875
5477,0.9887145892941505
5478,0.0027862890031379226
5479,0.0017013740604329523
5480,0.004371913863957147
5481,0.0001599056722631641
5482,0.9234668119641813
5483,0.022152432749766804
5484,0.01953928301611561
5485,7.212307712546126e-05
5486,0.0037277573976897565
5487,0.007802685334323584
5488,0.0018501508235422627
5489,0.003784360313013235
5490,0.009681068742063193
5491,8.23361700957221e-05
5492,0.00023673748460902337
5493,0.05190203648669965
5494,0.10909485752185293
5495,0.00014103776038518507
5496,0.05769548666151632
5497,0.00022391543470301841
5498,0.00027561707136885833
5499,0.05048737076533558
5500,0.001627797283141371
5501,0.0007291620878346317
5502,0.004771600430055231
5503,0.00549284210588508
5504,0.008969213178856761
5505,0.011666620746465059
5506,0.0004753166058290749
5507,7.56292473790184e-05
5508,8.926918984301619e-05
5509,8.285594881656105e-05
5510,0.0054423806964941064
5511,0.001883634988367165
5512,0.0009579331533031653
5513,7.167209567356888e-05
5514,0.0010221996301228722
5515,7.479373439033522e-05
5516,0.0008011185634887545
5517,0.0003903351826008017
5518,0.002564925113471704
5519,0.003603060253252425
5520,0.04498757939468815
5521,0.32192745234124653
5522,0.01038829264229571
5523,9.931794342872484e-05
5524,6.714188235372909e-05
5525,0.0004322317464032421
5526,8.757312922832709e-05
5527,0.00014692895651222205
5528,0.00021168889090625274
5529,0.00026657712750454066
5530,0.00016107477827243606
5531,0.0005795464721609118
5532,0.7189374551371319
5533,0.001543011465537806
5534,0.005075486132706584
5535,7.415983736218589e-05
5536,0.00014270290146149972
5537,0.00022850028554614472
5538,0.00021528349845064383
5539,0.0040648024170818215
5540,0.0006388572809841899
5541,0.0002046392034724251
5542,0.00041441372349366334
5543,0.00012166612290219138
5544,0.027248433550283568
5545,0.006788055201425347
5546,0.36698773042183197
5547,0.002350158650066113
5548,0.011730412055443434
5549,0.024252520635768163
5550,0.0014516067282816711
5551,0.01646991739659831
5552,0.1775528321166116
5553,0.0001415617541089778
5554,0.002041605155749235
5555,8.378268895839927e-05
5556,0.01688530480631264
5557,0.00016952791486888564
5558,0.0005759600007859332
5559,0.00684087432857316
5560,0.00019511692779116758
5561,0.000201242025770039
5562,0.00014180435027955687
5563,0.044210981161287057
5564,0.00012853065278424259
5565,0.00032304255205250435
5566,0.00040218146935632105
5567,0.0009036061734091396
5568,0.0003881287993901493
5569,0.0006372080547800632
5570,0.001144720604887034
5571,0.027975591762973578
5572,0.9763480042748105
5573,0.9889824696496377
5574,0.03374602755047859
5575,0.0008099208150186273
5576,0.9234708162747893
5577,0.9986847172349327
5578,0.10848835093375375
5579,0.09411197143670316
5580,0.0003085333771093853
5581,0.0014956358310855918
5582,0.9807689459078274
5583,0.00019530914631193507
5584,0.011323464126770122
5585,0.00011558281275899223
5586,0.0007022565783497705
5587,9.410497278071294e-05
5588,0.0020777927716455072
5589,0.0003651087249459401
5590,0.0017560755701938949
5591,8.125892954426392e-05
5592,0.247120882310332
5593,9.794325498803882e-05
5594,0.0010709995277859488
5595,0.006673117402204082
5596,0.0030722033249968982
5597,0.0002487643764307312
5598,0.0007558017958775113
5599,0.0032028003859738475
5600,0.0006443599578693655
5601,9.369503722555448e-05
5602,7.560032417086801e-05
5603,0.001040811844332801
5604,0.00013718626525859793
5605,0.002442630593993419
5606,0.0002988904647567237
5607,0.00024030095177732008
5608,0.004834303173245967
5609,0.01715472467772814
5610,0.02219877866132907
5611,0.037772023980489074
5612,0.00015819957321588522
5613,0.00020645427300609872
5614,0.0660501635784512
5615,0.0029247804031777955
5616,0.00040039051700652844
5617,7.883795361322282e-05
5618,0.03192719150128578
5619,0.1592059418260478
5620,0.01095281738053683
5621,0.0005203158922570624
5622,0.0002718908915486179
5623,0.0002794305697772123
5624,0.0012581239906326483
5625,8.610470018665585e-05
5626,0.00011947135080147754
5627,0.0024184307761182665
5628,0.04031773366740105
5629,0.000208156285139933
5630,0.0004526182214390763
5631,0.00012790379345209275
5632,0.00028280825783900504
5633,0.0027747146738357578
5634,9.162183764161966e-05
5635,0.0002852697955106001
5636,0.0003227622713846545
5637,0.0005266693127644239
5638,0.00020305110422165533
5639,0.0002746777232742363
5640,0.0013408463499533084
5641,0.002748309492170204
5642,0.9870893879751371
5643,0.00036417428982096366
5644,0.0014850995348437853
5645,0.00024866892570970123
5646,0.014134585937225632
5647,7.714073043314364e-05
5648,0.00016015105848949334
5649,7.825292616740703e-05
5650,0.00018390276580612433
5651,0.00018130571260096713
5652,0.0006801145570134407
5653,0.004294335498497305
5654,0.011589972170028027
5655,0.00044968273519733966
5656,0.0003233102060402361
5657,0.00022415132456149028
5658,0.01679561818489019
5659,0.004661404798268449
5660,7.428080218126687e-05
5661,0.00018834790288838857
5662,0.0004666075388725549
5663,8.780643792347138e-05
5664,0.0020096155049286342
5665,0.0005118730507458357
5666,0.060531973484891956
5667,7.746968607439128e-05
5668,8.400637753165246e-05
5669,0.13428396762301792
5670,0.0004186255599976811
5671,0.004923323103610903
5672,0.07414845524094334
5673,0.01484267112151601
5674,0.9985918219981105
5675,8.796099386635966e-05
5676,8.203607417940447e-05
5677,9.120848903298431e-05
5678,0.030575570526460216
5679,0.0001402336295032687
5680,8.124351618351383e-05
5681,0.0002478101671068791
5682,0.0001410201637436573
5683,0.00019420741952553964
5684,0.00016097351241410232
5685,0.0051400198849483195
5686,8.06307798710467e-05
5687,8.465977870108104e-05
5688,0.0031427644091024166
5689,0.0032746025909040086
5690,9.680054861398944e-05
5691,0.003692866287538981
5692,0.016060866203369772
5693,0.0007559278976894346
5694,0.8351212705332791
5695,0.025251573411930916
5696,8.386335611092708e-05
5697,7.738744245098646e-05
5698,0.0008648008139866086
5699,0.004250172715339682
5700,0.0007338819048268488
5701,0.0004974181569421793
5702,0.00943428680116284
5703,0.003224358013474874
5704,0.0041150130167747516
5705,0.011702601889315281
5706,0.00011238256947887073
5707,8.001191577146948e-05
5708,0.00025760335832029885
5709,0.0002712069221768286
5710,0.0006156829428687026
5711,0.0023084262261770265
5712,0.052579656335232115
5713,0.003626653353000414
5714,0.0015192042187078406
5715,0.00014200676063236124
5716,7.554137128934764e-05
5717,0.003792183065363165
5718,0.06845327499912535
5719,0.007931642697479244
5720,0.0030230014302570223
5721,0.00035983007987217344
5722,0.0025500967989211293
5723,0.00015274380491501037
5724,0.0013365480958515753
5725,0.00040187216902770156
5726,0.004467833035636961
5727,0.0031710520037293933
5728,0.0033873882220877395
5729,0.0018691093883223494
5730,0.04127417935679236
5731,0.01301007809929396
5732,0.9947867678746126
5733,0.00026137163959157034
5734,0.9714232626785659
5735,0.008042501197929246
5736,0.001127195595364201
5737,7.661823537662192e-05
5738,0.00019119962355670003
5739,0.0002386580253981458
5740,0.0013324834210338386
5741,0.009280307967069695
5742,0.0007600624183413001
5743,8.276529668220746e-05
5744,0.0006830254672944799
5745,0.0016804729193132307
5746,0.020779943369860315
5747,0.00010521042491811559
5748,0.0019860778057207602
5749,7.191557884553686e-05
5750,7.74908990849861e-05
5751,0.016907344356940017
5752,0.0015653593222759137
5753,0.9983533303858995
5754,0.033684855389565796
5755,0.00019932631074827834
5756,0.00015357657316396667
5757,8.194278390484648e-05
5758,0.00848682364045748
5759,0.07619789969669985
5760,0.9980305907331045
5761,0.004551864643166018
5762,0.004968242515341643
5763,0.007569206033992195
5764,0.00427292193533164
5765,0.005620546464509056
5766,0.00031672256826900365
5767,0.00024049730220865605
5768,0.0023259198722489186
5769,0.0003453066339416086
5770,0.0029731995262909394
5771,0.0022499665483168463
5772,8.038158855239684e-05
5773,0.005023738524830314
5774,0.948184598692386
5775,0.9979580826438752
5776,0.0003055804874359897
5777,0.09346757530126434
5778,0.0009363406300614211
5779,0.0002538652322665909
5780,0.046304703747497324
5781,0.0006458333584962818
5782,0.0019302496211010586
5783,0.014773527489426813
5784,0.006140678655729684
5785,0.006460381032585785
5786,0.9988256358087536
5787,8.33506500588165e-05
5788,0.0006052898945775042
5789,0.0012377967011086802
5790,0.00016020229356625816
5791,0.0006443089136810614
5792,0.004175066233164987
5793,0.0018639433927033343
5794,0.006638088283001784
5795,0.14818385627535416
5796,0.0007198492993427811
5797,0.007138138997557196
5798,0.013229471781733882
5799,0.00018391367835839378
5800,0.00788713004725991
5801,0.0007943930099586799
5802,0.00019830022251427146
5803,8.049355453835511e-05
5804,7.676735598962902e-05
5805,8.959793712888915e-05
5806,0.00023681150444560374
5807,0.0016268477010193151
5808,0.006681123082241604
5809,0.007462314268870891
5810,0.0001615701676661062
5811,0.007224833998795231
5812,0.0004576719240167434
5813,0.0718509379536428
5814,0.0018542455291228797
5815,0.025834511908512926
5816,7.566388900696282e-05
5817,0.000291978819113308
5818,0.014381756716666416
5819,0.0027443543199976157
5820,0.0018613062299851484
5821,0.1915696110893982
5822,7.524213704149916e-05
5823,0.005185132194176245
5824,0.0035605684043023833
5825,0.00020993753640777203
5826,0.0007465021065946262
5827,0.00033814603088942426
5828,8.233392913690469e-05
5829,0.00016671583918393787
5830,0.02765168029558342
5831,8.758303529123398e-05
5832,0.9982939958689434
5833,0.00013471509652876918
5834,0.07283447963761887
5835,0.0008968445550569635
5836,0.9846752352805359
5837,0.0006049997499101287
5838,0.11740527700975074
5839,0.00021517388095360237
5840,0.9879435165964056
5841,0.004088178596559395
5842,0.14626808170582364
5843,0.03594901972939992
5844,0.6740597081743867
5845,0.00019284671232816498
5846,0.00022679194169873186
5847,0.001544689418943006
5848,0.6549100397048945
5849,0.0004952163781643757
5850,0.00020100851318577778
5851,0.00014938938112177177
5852,0.00020663599423625224
5853,0.0015150084149236655
5854,0.0001727995753608763
5855,0.00017534463109279217
5856,7.475343381641212e-05
5857,0.0030443633289151785
5858,0.0174234726510105
5859,0.00025421625837756086
5860,0.003979803434151106
5861,0.0010415947463582715
5862,0.000428724561104043
5863,0.0003135510663979238
5864,0.000339309211545316
5865,0.001253467507033069
5866,0.9975310491976626
5867,8.692422127973075e-05
5868,0.002073382154645518
5869,0.9928836316236488
5870,0.001468333994894522
5871,0.08943661457920855
5872,0.0006576445424733535
5873,0.002634167641072772
5874,0.007101834212268567
5875,0.993555299649886
5876,0.01584358756787066
5877,0.0001859490496590266
5878,0.00029895055088272613
5879,0.0007445247252608698
5880,0.00415301256733983
5881,0.0012771488242781877
5882,0.0037459320383902836
5883,7.881840840640072e-05
5884,8.053042687584587e-05
5885,0.005958062789882217
5886,0.00204206606460432
5887,0.040068679547429965
5888,0.0009204358864349598
5889,0.0018199997516125128
5890,0.07971794106853561
5891,8.441901254313142e-05
5892,0.001089917688702061
5893,0.0015466884879929694
5894,0.003799429771588765
5895,0.9491697374387258
5896,0.9975448869591418
5897,0.997171479076106
5898,0.09371094897469094
5899,0.00048225784172909456
5900,0.2536272738170833
5901,0.03119809560601945
5902,0.005297832918209357
5903,0.0025783120695506262
5904,0.0001488468390782672
5905,0.004567105319116776
5906,0.0033574393542547785
5907,0.0004895402920531247
5908,0.0025345180378834762
5909,0.037301913399986675
5910,0.00022658178473874803
5911,0.9924964495519839
5912,0.0007765480764240361
5913,0.9961070780815143
5914,0.009193054116654413
5915,0.0020573872643369928
5916,8.25228723228183e-05
5917,0.00020362370824381573
5918,0.00020456120305490278
5919,0.9967515237345204
5920,0.0009650334050828526
5921,0.004424481706535931
5922,0.00022915856432833653
5923,8.807201015577082e-05
5924,0.000239409696310562
5925,8.034075899437038e-05
5926,0.006936520402675443
5927,0.00036402152513575537
5928,0.023425543157882874
5929,0.0013106054230803054
5930,0.017608552266291714
5931,0.9882968439336175
5932,0.9959305307067112
5933,0.00018199952026716392
5934,0.00019312134145210878
5935,0.0014135570743681563
5936,0.0002761934369870967
5937,0.00033757323683988167
5938,0.0023510299426587056
5939,0.7734660788986185
5940,0.0014843713887090879
5941,0.002698076371022732
5942,0.015971811417958837
5943,0.00028837028700826094
5944,0.012396154491748485
5945,0.0011158931166342007
5946,0.009755982192244736
5947,0.0004929304659421732
5948,0.009281100773044759
5949,0.00014611230441997252
5950,0.00022299471503042404
5951,0.010557107503964658
5952,0.016721419643615135
5953,0.002217737922189951
5954,0.9971942865847347
5955,0.0002704676772981414
5956,0.0002633782385004347
5957,0.00852490787128978
5958,0.0012714093607125241
5959,0.0034627203389837823
5960,0.0002287115203414004
5961,7.895453459199009e-05
5962,8.175686139943643e-05
5963,0.000505955793775092
5964,0.00013642689599454165
5965,0.00015487479047386756
5966,7.905367649160601e-05
5967,9.061315668081935e-05
5968,0.0001501776369556312
5969,0.9953455479162641
5970,0.00457239511051999
5971,0.9887852080957946
5972,0.007720286456062831
5973,7.855146993961472e-05
5974,0.04989723570051462
5975,0.00020401920645609834
5976,0.00021872718785915423
5977,0.0350920784968388
5978,0.0019048367515454533
5979,0.0006726907195344151
5980,0.0009038907992638562
5981,0.0061547687805319955
5982,0.018469333990721877
5983,0.003122189858604834
5984,0.9936974471354307
5985,0.0002659162937086233
5986,0.00029435795583250817
5987,0.00021889788937135818
5988,0.0008844275072502926
5989,0.00015786001239662096
5990,0.010208058611519367
5991,0.0002448592275758895
5992,0.9858014580538221
5993,8.095178689238487e-05
5994,8.138812177768742e-05
5995,0.007006136769864013
5996,0.00022551763521278504
5997,0.044558432825285516
5998,0.0008919991886832204
5999,0.001046049739393459
6000,0.000550426116960716
6001,0.005381205953723553
6002,0.00041487909005239707
6003,0.9852181697470531
6004,0.0002587953715175798
6005,0.0036629631126129172
6006,0.006192691838578493
6007,0.9763171645351154
6008,0.0001884588954953649
6009,0.0003575139532423321
6010,8.930448905617323e-05
6011,0.00047297161650744013
6012,0.018652420464511384
6013,0.00022520973944434465
6014,0.00022499121585711204
6015,0.007640092159199151
6016,0.00016934946200917832
6017,0.002047685630227139
6018,0.048811175573165104
6019,0.0006238895879357472
6020,0.9944822026964969
6021,0.0003961563352029312
6022,0.004617359621785265
6023,0.004275333071511537
6024,0.9911353146200497
6025,0.00018986729482643334
6026,0.025387754680687637
6027,0.00026799950978897703
6028,8.103164803640305e-05
6029,0.0007037883274152031
6030,0.0001502837061335539
6031,0.00020704365710029482
6032,0.02264011202536119
6033,0.07008009546150537
6034,0.015008537790684433
6035,0.08031682050279706
6036,0.060541942205278275
6037,0.010741683298783786
6038,0.0001940995553986336
6039,0.006594164931545464
6040,0.00010597441335761871
6041,0.005446959514909551
6042,0.006435713334623447
6043,0.006090388399925809
6044,0.004384913728652068
6045,0.00033386398306335544
6046,0.0009198029048143638
6047,0.0009402746842442494
6048,0.0009541430641154715
6049,0.0036808027681287997
6050,0.00018545753152133658
6051,0.991180137563658
6052,0.0005581077908102168
6053,0.004857921729554011
6054,0.9916630457106835
6055,0.00045480599774974287
6056,0.2351570710074203
6057,0.012993082080463564
6058,0.007693973631115056
6059,0.00028681613492089093
6060,0.022330442163235598
6061,0.007931102418634633
6062,0.0037943080503433577
6063,0.0006638391254328146
6064,8.263075739450943e-05
6065,9.799422669625394e-05
6066,0.0018479329506744513
6067,0.9894799940971278
6068,0.00048616660720979027
6069,0.0018870899788427445
6070,0.0006849537475255247
6071,0.00039351356437486283
6072,0.025773248624872614
6073,8.124222358642998e-05
6074,8.65080214428662e-05
6075,0.04304465788289776
6076,0.0002071345257654688
6077,0.014607562447164432
6078,0.0007533711982506128
6079,0.0001447968651105007
6080,0.01085296146465795
6081,0.00028346892835682885
6082,0.00029411220413901333
6083,0.00022540916619830938
6084,0.020085245749344314
6085,0.010169134222036308
6086,0.0010647148295840007
6087,0.0011576235334733553
6088,0.0008070762212717579
6089,0.00014154968388097877
6090,0.9917441596793072
6091,0.0002900639106240861
6092,0.0005155629090891334
6093,0.00014101593317809855
6094,0.00036113283936976977
6095,0.0009696455118798124
6096,0.0006539178077470834
6097,0.00014593304083556187
6098,0.00036166676584853977
6099,0.05799104338809134
6100,0.0011213253096453483
6101,0.9984595163850759
6102,0.0017142548379159254
6103,0.0025504436199243682
6104,0.0010279302351781092
6105,0.504111353523732
6106,0.9815014717862114
6107,0.9875669078805205
6108,0.023267967744191674
6109,0.0002264752326340702
6110,0.002601710750184035
6111,0.9988072438064945
6112,0.008138722234121286
6113,0.017811253241581386
6114,0.001320464260720356
6115,0.0007054601130601849
6116,0.009572244428870575
6117,0.0001347212939079234
6118,0.00025435491911757126
6119,0.00015187375779056146
6120,0.9981848156346611
6121,0.0005043305480372837
6122,0.05064492144541475
6123,0.0007215963109129562
6124,0.009540371648832051
6125,0.0008156388150426297
6126,0.0018417461344446696
6127,0.014336674568332652
6128,0.2719035662519763
6129,0.0007067082504304786
6130,0.005423858359282253
6131,0.000249704318221995
6132,0.002039818097984336
6133,0.9978295410820571
6134,0.006289365084674416
6135,0.0015072923711605091
6136,0.00013548865205753493
6137,0.00014789886294583197
6138,0.05759577599693021
6139,7.74167826346512e-05
6140,0.004518351450999059
6141,0.010963477130878608
6142,0.0003356149397767849
6143,0.020153852767569057
6144,0.015598032461441333
6145,0.0007732136406936451
6146,0.9442770319739134
6147,0.00840556946160185
6148,0.36095017672513463
6149,0.0004435041182321085
6150,0.0007472333443055547
6151,0.001463492407152356
6152,0.0008908949531584783
6153,0.016936552726288755
6154,0.0017172784161847878
6155,0.0015716084835447175
6156,0.000265328743200121
6157,0.9667708198750337
6158,0.000987523469197873
6159,0.9958168019259104
6160,0.003786587929908067
6161,0.004957519449622002
6162,0.0357446650766924
6163,0.0011752672028486327
6164,0.00013479065495570062
6165,0.0007188065537607081
6166,0.0005051029687346191
6167,0.9943054533370421
6168,0.00013939542611066997
6169,0.8895484629603579
6170,0.0038545649970000264
6171,0.0013976788874096968
6172,0.9988793110421647
6173,0.0005822010459250375
6174,0.0029148128867251275
6175,0.004772820355495746
6176,0.018132161301348655
6177,0.0039018174744735535
6178,0.00028776590463520094
6179,0.9521406242655301
6180,0.01198716220194255
6181,0.0038452936756312576
6182,0.9982988355147064
6183,0.00127489221425663
6184,0.004702274074569676
6185,0.00045120392081787915
6186,0.0001321270475083916
6187,0.0015986686831331684
6188,8.958378629729446e-05
6189,0.0001640847883887852
6190,0.0016770910650406856
6191,0.00446987773963004
6192,0.00022188713439687764
6193,0.0051463381266199605
6194,0.011969243237364568
6195,0.07632275209333901
6196,0.012592486730088176
6197,0.5376088812825346
6198,0.18700885241748005
6199,0.9983128580047472
6200,0.001538504173457518
6201,0.00454844065685079
6202,0.007482261500979399
6203,0.9960368053500813
6204,0.00457949417332689
6205,0.0005516853704480767
6206,0.0007426887255425792
6207,0.00017866188570547908
6208,0.017576722803217766
6209,0.002018234255128444
6210,0.012968101440054284
6211,0.9812144440155187
6212,0.0015766493039337758
6213,0.04370259300019842
6214,0.0002724642566966937
6215,0.0005054850597726306
6216,0.9959500392670474
6217,0.008669797983632929
6218,0.015862627813516335
6219,0.010057349260333063
6220,0.007171210990673249
6221,7.992852337100568e-05
6222,0.000251643617352081
6223,0.0002362836007819389
6224,0.020344598508438293
6225,0.003696680969889199
6226,0.004085846005253009
6227,0.00019596355590717463
6228,0.0037836138278181178
6229,0.0025394618583931905
6230,0.9484666914529697
6231,0.003493932466582003
6232,0.05249954898656926
6233,0.0008691941560273065
6234,0.002691233619214467
6235,0.004774608067113537
6236,0.010859723611374984
6237,0.025562105181869476
6238,0.46204473679991376
6239,0.0049106577509637015
6240,0.0006079518827217812
6241,0.05630058539348566
6242,0.07508756349935265
6243,0.05104741985155037
6244,0.00194530711646146
6245,0.000722234969439263
6246,0.9966284735989894
6247,0.004124899920454222
6248,0.022854653462565617
6249,0.00047041742307503854
6250,0.005753780859149551
6251,0.00016615311161438475
6252,8.398267456201571e-05
6253,0.00017464265950057842
6254,0.0016302465984185427
6255,0.00014401987928318977
6256,0.0004599886082407113
6257,0.000522003054098579
6258,0.00043325447051709447
6259,0.06052276659842422
6260,8.061900752704539e-05
6261,0.03222909040727866
6262,0.0003266208513997276
6263,0.000458170201106786
6264,0.007479790580384771
6265,0.00033034038485997954
6266,0.00022299690711903366
6267,0.0001925375447365617
6268,8.363995874571416e-05
6269,0.001556663279127854
6270,0.9714247061877638
6271,0.0003068680711268965
6272,0.9891927031721979
6273,0.00013614211907324216
6274,0.0013317686167009272
6275,0.00017211488631705419
6276,8.278237474558415e-05
6277,8.134600928247722e-05
6278,0.001135104556471938
6279,0.011159633274553632
6280,0.0453383572556124
6281,0.9991645925667054
6282,0.0009405945607122767
6283,0.001202498900680742
6284,0.013662937445426898
6285,0.001202672783812708
6286,0.0018855966187948958
6287,0.0014459999824651452
6288,0.000486310233210582
6289,0.0003377754602595888
6290,8.16571075276417e-05
6291,7.891675980517065e-05
6292,0.0005924319217732688
6293,0.003944094376178776
6294,0.012351906334510788
6295,0.002268316010034091
6296,0.0794027329639855
6297,0.00017289268207076986
6298,0.07446454146977594
6299,0.0006117621415382396
6300,0.0002537660624750054
6301,8.236403921416611e-05
6302,0.040355799327977546
6303,0.0003384174605036239
6304,0.0001433095468407365
6305,0.0005925426824666891
6306,0.0013609728659453916
6307,0.012285840501250572
6308,0.004308376598187672
6309,0.02871737290718592
6310,0.020807304719551452
6311,0.00012472621443319944
6312,0.01983095152416222
6313,0.019397206410974106
6314,0.0014341221473684654
6315,0.007702378173857003
6316,0.0011345516348969008
6317,0.00013683161184088944
6318,8.384541628756415e-05
6319,0.004417021017390578
6320,0.006503157210660258
6321,0.000738331028233229
6322,0.0005730944789126185
6323,0.0125060614394291
6324,0.012422705618414274
6325,0.02465593955226095
6326,0.9934293957641674
6327,0.00016003469408357065
6328,0.9842126200372988
6329,0.0002754330145069353
6330,0.003854770385017754
6331,0.000243978869590509
6332,0.0011367117918965044
6333,0.0001479006460543908
6334,0.002097299024964927
6335,0.0001539393588209685
6336,0.00018914660317786527
6337,0.0005721357219928286
6338,0.9947378308568109
6339,0.0006069398715708509
6340,0.9982123827229026
6341,0.9652287010743761
6342,0.00035837741743234303
6343,0.013551125562477447
6344,0.00101120561270463
6345,0.004162524626677261
6346,0.0006542300092390086
6347,0.00015566462633809485
6348,0.002178134610732752
6349,0.9806221905346618
6350,0.0006340360818122652
6351,0.006379599623851201
6352,0.021930685684842025
6353,0.9985079465908078
6354,0.00022223690380867217
6355,0.9828948773780816
6356,0.01600095758901684
6357,0.0003701539407860583
6358,0.24830484407407
6359,0.004917805766911684
6360,0.016256141113119047
6361,0.9976468559438546
6362,0.00038468820661674894
6363,0.9764347904955445
6364,0.0037404141033243283
6365,0.003944311580487086
6366,0.0015858548136592372
6367,0.0070019476393388125
6368,0.9454173379121013
6369,0.0006510636225607057
6370,0.025688749224366904
6371,0.9985763162897558
6372,0.0001598930089143596
6373,0.0005203885463297348
6374,0.00016655308853586126
6375,0.0010169867340311992
6376,0.005861382861494238
6377,7.958807493272826e-05
6378,0.0006752348327479123
6379,0.00027530097905022335
6380,0.00032009877830733275
6381,0.000501605812638431
6382,0.11360449519487523
6383,0.0007199766106163838
6384,0.0039001336636766775
6385,0.008613670781078869
6386,0.00460308200538951
6387,0.007763670271395852
6388,0.28897886386498206
6389,0.0030187592842934015
6390,0.00013650376384261967
6391,0.13237346064068728
6392,0.00021522941869516146
6393,0.012665098287868581
6394,0.9955501429856864
6395,0.04549968658528159
6396,0.048939692227233836
6397,0.0011505395650961818
6398,0.010182491792378788
6399,0.003360722422175438
6400,0.0008825565501322744
6401,0.0002318048243082297
6402,0.00015841671019106214
6403,0.0011741318689630783
6404,0.23924574854969824
6405,0.9662986297570837
6406,0.007013641157270226
6407,0.9098462445579205
6408,0.01704503483956834
6409,0.0002519911810597734
6410,0.000149254680777701
6411,0.9929223714528529
6412,0.0014603327498698341
6413,0.9980563950908108
6414,0.0004685390227652752
6415,0.1903996784023196
6416,0.00013424495120330595
6417,0.05193608864886292
6418,0.0012408437801136023
6419,0.986774291985752
6420,0.03710472828755294
6421,0.00010789991925408293
6422,0.009487537729277405
6423,0.9982657713733738
6424,0.9862806274964833
6425,0.055228880365055556
6426,0.0018709367194165154
6427,0.27071714805558444
6428,0.016937568424310632
6429,0.0011431282815957465
6430,0.9858166430045386
6431,0.9975310330138389
6432,0.0011476939349913233
6433,0.00033362499029640215
6434,0.00015371983047349338
6435,0.9977210371347816
6436,0.007496950364943425
6437,0.09880968724078229
6438,0.007518231310609513
6439,0.054716254089243965
6440,0.000532431619116955
6441,0.00032633965843483273
6442,0.14286550548546625
6443,0.02637188342178391
6444,0.0038729002934571174
6445,0.9033748929312821
6446,0.9715902214725176
6447,0.0029577468299810438
6448,0.000221063432007554
6449,0.004568508898364299
6450,0.010160012995211775
6451,0.03366446073509264
6452,0.993490915033699
6453,0.0040622618423922785
6454,0.00017566751522998916
6455,0.004259308624731613
6456,0.0009725982165761191
6457,0.9293117946238066
6458,0.00025135252528822794
6459,0.004262719388916135
6460,0.0001404566510334226
6461,0.6588904026460403
6462,0.0012277647452242184
6463,0.0010610940758142488
6464,0.9976298051993304
6465,0.00016379257888224735
6466,0.001785079907210219
6467,0.0021213597463071074
6468,0.9946658724010083
6469,0.9985348756043496
6470,0.9906868302606362
6471,0.0008822249459702001
6472,0.0010731524139677077
6473,0.0008636640386211621
6474,0.007358313982568204
6475,0.9850094311400561
6476,0.000223488755897454
6477,0.0042415111823945785
6478,0.0005299377125590701
6479,0.0012414195951140528
6480,0.00015196554436709657
6481,0.00014725774654517388
6482,0.0024450019106841982
6483,0.0001307443316457023
6484,0.0005542505052128098
6485,0.05060096403499226
6486,0.007624158307431616
6487,0.00023758157763613142
6488,0.00011499684232791617
6489,0.00041105659377764893
6490,0.05067696015886615
6491,0.0005469039416651239
6492,0.0004165279710723613
6493,0.9843393159526161
6494,0.0003394853940188932
6495,0.00027431498990079496
6496,0.00029453952987784155
6497,7.753886328008473e-05
6498,0.0003042724546345922
6499,8.517125995624626e-05
6500,0.0003746770191033406
6501,0.00010464880512413632
6502,0.0004308855458084778
6503,0.0011924459141924766
6504,0.003978206784373941
6505,0.5636250089969475
6506,8.087269238848569e-05
6507,0.00024934535013046725
6508,0.0008277394016708488
6509,0.00041530009967811717
6510,0.00024106250947650534
6511,7.729826993384145e-05
6512,0.0004853351680986297
6513,0.00012857214523155606
6514,0.00014299042045741315
6515,0.2355007144978991
6516,0.0017072629755211593
6517,7.594573065216704e-05
6518,0.0042882764243309755
6519,0.05270288168219937
6520,0.000840361657661233
6521,0.02568922445422604
6522,0.00236430997747608
6523,0.0006398897532309153
6524,0.0003096431102181777
6525,0.00019996884934078623
6526,7.342511970013396e-05
6527,8.073829054424128e-05
6528,0.000865756450033282
6529,0.010517872287015907
6530,0.00028980469416838196
6531,0.00029780828153886546
6532,0.003746023257432589
6533,8.310276913120257e-05
6534,0.00011639631813241218
6535,7.350251991213938e-05
6536,0.009254799489587118
6537,8.91782919582388e-05
6538,0.00011105207747979643
6539,0.0020587005084863135
6540,0.9963668394307597
6541,0.0016324534253030383
6542,0.0003824967626627344
6543,0.0007696557890154527
6544,0.00013081134487654645
6545,0.0059662885668614945
6546,0.004576325083676146
6547,0.004218330254985917
6548,7.90430417181227e-05
6549,0.00026973459646196184
6550,7.819222656867968e-05
6551,0.00014124135601414176
6552,0.000237147118774057
6553,0.0002002366793641264
6554,0.00023549170714748914
6555,0.00021957539238196908
6556,0.0007557266975518033
6557,0.002177955273678078
6558,0.01152030989320005
6559,0.016540987810961215
6560,8.075012653562825e-05
6561,0.01194904468264012
6562,0.23347708582904403
6563,0.0006893587389248225
6564,7.767498248287808e-05
6565,0.00042070221409721707
6566,0.0003352680406017716
6567,0.004915996867529836
6568,0.0002587822618038592
6569,8.356511355387457e-05
6570,7.756539156035316e-05
6571,0.0003421832681401849
6572,0.0026733801091229016
6573,0.00038305922622234044
6574,0.0007946991736423606
6575,0.9987590414079399
6576,0.00017068779011107977
6577,0.00017027548861839103
6578,0.01693360371309602
6579,0.00015188247089793398
6580,0.001794013603282369
6581,0.001184389228795347
6582,0.005047796163523589
6583,0.0002925824467154387
6584,0.000936519287327999
6585,0.0003017420090842929
6586,0.020096881277634322
6587,0.01652617719398935
6588,0.04460054814078736
6589,0.00037502972376637016
6590,0.002171118135931924
6591,0.0018516189867925719
6592,0.0005761132903199415
6593,0.00030822691889686446
6594,0.00027002674061288556
6595,0.0002600028335302672
6596,0.003919777898791635
6597,0.00077273683698831
6598,0.0942716393281725
6599,0.0004310726080149456
6600,0.00023305488064870702
6601,0.9985362326769355
6602,0.0009625097005836606
6603,0.003537448302153162
6604,0.00023290901831603478
6605,0.006361813347903113
6606,0.013633550532399435
6607,0.0007768414160775892
6608,0.00029882733129356137
6609,7.820134512323695e-05
6610,0.9985902867907172
6611,0.0001706238779887388
6612,0.0002577598178586327
6613,0.00014098499620738541
6614,0.00015281493953148427
6615,0.006714331420748511
6616,0.00033166592119475554
6617,0.00035356556899436055
6618,0.0094435393339293
6619,0.00015188514047858386
6620,0.000400004983312519
6621,0.001233397586010544
6622,0.00028679384734343124
6623,0.00014863990968778896
6624,9.223927061489854e-05
6625,0.00034597421282344905
6626,0.00032352160927068957
6627,0.9981348576348742
6628,0.00022131947870119407
6629,0.00011413070313248121
6630,0.0002867974956320029
6631,0.00027396614783744514
6632,9.191304042982142e-05
6633,0.0001309323320741455
6634,0.00025647406041588976
6635,0.00039626431252983856
6636,0.055999433258255904
6637,0.0004179826106353546
6638,0.0002525834709165797
6639,0.0006275880339988063
6640,0.044074621533329666
6641,0.003497901859044235
6642,7.999407848090313e-05
6643,0.03551509090828726
6644,0.0038843879723543966
6645,0.00042477923005487296
6646,0.0003917349166792024
6647,0.0010136888922093158
6648,0.0009679731271716359
6649,0.0002449410105445572
6650,0.050943712808906375
6651,0.00024386368531375798
6652,0.00015345895521903842
6653,0.00015455698963130112
6654,0.00027867514467915384
6655,0.00010317441078738291
6656,0.00023027200709128563
6657,0.008984358157623714
6658,0.0009596230658119027
6659,0.0006075199731053156
6660,0.00029596506424790564
6661,0.9986811824172854
6662,7.411814311807721e-05
6663,0.0010531015287458061
6664,0.0015930915968477653
6665,9.172656147798223e-05
6666,0.006049943506904129
6667,0.9812048031155856
6668,0.009929406837879561
6669,0.10947446079998384
6670,0.06084200412113505
6671,0.0007016126143050851
6672,0.0005795016025066322
6673,0.0012581070197513848
6674,7.979975674663012e-05
6675,8.139949584493145e-05
6676,0.004679067378342948
6677,0.00013099471551238805
6678,7.008829122819619e-05
6679,0.0007109382764509817
6680,0.0008460333744830245
6681,0.3072378466272896
6682,0.04189656663887562
6683,0.01859481704479152
6684,0.0022347054464981293
6685,0.00016293516766119996
6686,0.00013531381311584378
6687,0.0024733807947728437
6688,0.019783442495802286
6689,0.00031476003872637424
6690,0.9990624630310693
6691,0.00017129040783842663
6692,9.575978615421093e-05
6693,0.06563508532787433
6694,0.0002745983824098144
6695,0.0075839753745239515
6696,0.00010891148780381853
6697,0.0005466060302331732
6698,0.0004197720586267961
6699,0.00011744794539385833
6700,0.003861072935000172
6701,0.00024171249866271788
6702,0.0040369127469197874
6703,0.0001832965887508045
6704,0.0016394473733023416
6705,0.9984445222469258
6706,8.03188235328583e-05
6707,0.0003064665487853017
6708,0.00039074420576845875
6709,0.0007337894978795307
6710,0.00035497210834434907
6711,0.000616989997721617
6712,0.0004037901212852059
6713,0.00027190647005416056
6714,0.005139497526211856
6715,0.00025142350315111005
6716,0.00032610461665930095
6717,0.0005843746690076364
6718,0.0005474976868200665
6719,0.018757154526849444
6720,0.09330642642648034
6721,0.0003737186656715223
6722,0.010635525518481447
6723,0.006189025777308964
6724,0.00017543194134650824
6725,0.00018160510871780764
6726,0.0014214556564464088
6727,0.06957591423689027
6728,0.9983367991103254
6729,0.007421197784635923
6730,0.9966789881546682
6731,0.000494270501018419
6732,0.00044277652799518753
6733,0.002844437412765956
6734,0.00015932796705447685
6735,0.00629153540306474
6736,0.02077165486915228
6737,0.000182801804912625
6738,0.0021648593531532027
6739,0.016307760765384257
6740,7.703088934300344e-05
6741,0.0529227250240575
6742,7.696950044371159e-05
6743,0.0006684717020763158
6744,0.0017721537789532685
6745,0.00389659127453752
6746,0.00047754731559006584
6747,0.0008320099940358216
6748,7.412922360738548e-05
6749,0.9989440125641685
6750,0.034951896229027904
6751,8.51857234786656e-05
6752,8.226605938227528e-05
6753,0.0006227947535814943
6754,0.00044872541197299817
6755,0.00035557771394563155
6756,0.00035736295914929315
6757,0.006260096223880579
6758,0.005326691226865339
6759,8.040014039806221e-05
6760,0.000154953039389504
6761,0.0013093008911058003
6762,0.004788814131358286
6763,0.00048641117642478707
6764,0.00023866708599773112
6765,0.0012613081394810862
6766,0.019433814038617526
6767,0.00032223968280439277
6768,0.00042559312399353147
6769,0.00012227605074039108
6770,0.000735921802113629
6771,0.0010498591056718938
6772,0.0004897061906736505
6773,0.0011411275199239598
6774,0.0004164152457605514
6775,0.0003219525389225045
6776,0.0014551212417382674
6777,0.0034735949340237117
6778,0.004656813818928012
6779,0.9982803557969582
6780,0.04445859755980451
6781,0.0002544634345982771
6782,0.0001288108303550725
6783,0.0006624957281731736
6784,7.605195639109385e-05
6785,0.0010786894735558099
6786,0.00040185189700114664
6787,0.9974923654573205
6788,0.03491745581976687
6789,0.006119184923021844
6790,0.002247579572494412
6791,0.0017240496799889042
6792,0.004465788276397034
6793,0.0003270008534292068
6794,0.9876917654944242
6795,0.0005055660452123635
6796,0.9983912374161893
6797,0.00036411622728856725
6798,0.007927915718385282
6799,0.004321093223714527
6800,0.04905428995503772
6801,0.00280881643837635
6802,0.0010057264330062398
6803,0.002833107658949696
6804,0.10749542504404579
6805,0.17902704589765336
6806,0.9921852537699722
6807,0.0002837993522425892
6808,0.023684358202966316
6809,7.816036213611562e-05
6810,0.0032203689530735094
6811,0.0002149698906072352
6812,0.0015246276727816906
6813,8.34194907477821e-05
6814,0.9856684630069295
6815,0.007842055692570295
6816,0.9970038138755439
6817,0.00020575717927862137
6818,0.0015385140071712644
6819,0.00020069544853058472
6820,0.0048905582675308375
6821,0.998564705175494
6822,0.9834456785878765
6823,0.9967840053457376
6824,0.06169654067457416
6825,0.000332881723521793
6826,0.9988382354908409
6827,0.9989706874763644
6828,0.0003132940397439376
6829,0.0002817302072419871
6830,0.10851524494748524
6831,0.0012954583551651252
6832,0.0011156598760174387
6833,0.0061925148359628385
6834,0.004762540107125268
6835,0.01411220220885458
6836,0.016330920028838583
6837,0.00077838867828018
6838,0.9984122159084867
6839,0.04445717619795255
6840,0.03135464286965954
6841,0.026902053108649925
6842,0.030378680113708333
6843,0.002305015613782754
6844,8.021509989715606e-05
6845,0.006228674842229531
6846,0.00014674952608351142
6847,0.0004403684667338142
6848,0.0003309477982127441
6849,0.004060680409304207
6850,0.9988115332287355
6851,0.00034551523629119756
6852,0.00021758299464802168
6853,7.89001215902626e-05
6854,7.464003525846808e-05
6855,0.00108861380589809
6856,0.0006146108012646653
6857,0.0002929087569339465
6858,0.0002554575412169665
6859,0.0002536947583483621
6860,0.00036318041500146554
6861,0.00026616798128294687
6862,0.0002587151644976325
6863,0.002222388430430218
6864,0.0037874562149859277
6865,0.0008736099150904841
6866,7.669225101453386e-05
6867,0.01753493492706364
6868,0.00010141378906908213
6869,0.17913767720843618
6870,8.288606888083526e-05
6871,0.00131278518027042
6872,0.0006219393877432367
6873,0.00020286153041261908
6874,0.0001484850530728912
6875,0.00019749640869629382
6876,0.9949375426648771
6877,0.9986878097755367
6878,0.0036734895563599575
6879,0.0003372140743781468
6880,0.0004324901643543846
6881,0.9987234721087713
6882,0.0022788802753379886
6883,0.9096982265878383
6884,0.00030344857722508175
6885,0.05620727393967401
6886,0.0003001108496051523
6887,0.003513916868091839
6888,0.016233898769332126
6889,0.00035704417596755085
6890,0.0011791632918959753
6891,0.9987461689764299
6892,0.00021399289612733784
6893,0.0036393512190287048
6894,0.003437202593659467
6895,0.00025249716205199326
6896,7.98404655549107e-05
6897,0.043770308519134014
6898,0.0004322235544094626
6899,0.056178698525463214
6900,0.05537645719591063
6901,0.9981839388010517
6902,0.0006020643150045318
6903,0.0036210411566757915
6904,0.00034737345001319955
6905,0.00022907358171717448
6906,0.0001348067777934985
6907,0.00019751724759254976
6908,0.0012994723507208999
6909,0.0006764846515341013
6910,0.0022556287730679885
6911,0.0011003784650505271
6912,6.724117182620707e-05
6913,0.000344608549022256
6914,0.00029352283993549
6915,6.851717183845734e-05
6916,0.010222573999791628
6917,0.9986974872110637
6918,0.000589989415171336
6919,0.005259352006983891
6920,0.019859935236521103
6921,0.0003579071858504137
6922,0.0004444334309967676
6923,0.00845979299667291
6924,0.00036336239371385557
6925,0.00022086070819771778
6926,0.00023102502444312433
6927,0.00039522498339564834
6928,0.00022697821083701416
6929,0.00019423865581957267
6930,0.00016826802470597228
6931,0.0007655286470729279
6932,0.023556539179198095
6933,0.00018449703760626429
6934,0.0005683307345410277
6935,0.00028257038695127896
6936,0.00021165460993612643
6937,0.0022505484813091464
6938,0.0005293925094078194
6939,0.00018596463540656894
6940,0.022504730423652503
6941,0.00022597886564787654
6942,0.00044632497740097537
6943,0.00047787556599878273
6944,0.9965247176752061
6945,0.00023205561282827188
6946,0.000456835619317928
6947,0.9985350192527072
6948,0.044896590237783925
6949,0.03249711360269212
6950,0.00031398856136122185
6951,0.004741124335160355
6952,0.01438932101475387
6953,0.0007812880059046437
6954,0.00040477866209825156
6955,0.0023349201147295903
6956,0.00042975398843967793
6957,0.0002206195506484835
6958,0.0006282882856584436
6959,0.9971967085431981
6960,0.001167769014566332
6961,0.9974778135955706
6962,0.00022804157686771672
6963,0.12613892088066098
6964,0.9962484729649592
6965,0.008322278752823917
6966,0.00028431996762631404
6967,0.0002885616728032867
6968,0.0035432065074191025
6969,0.00474050762693007
6970,0.00043637511373699147
6971,0.0008843409449847496
6972,0.0008173124019799985
6973,0.0012997116670177425
6974,0.00023469613810721976
6975,0.0002726917219934505
6976,0.00016122281264464955
6977,0.00010327036352797071
6978,0.043061450250148
6979,8.42340333914979e-05
6980,0.025703703445524063
6981,0.004407907314827898
6982,0.006316446240603476
6983,0.30054405880049534
6984,0.9986860030644541
6985,0.0012787549687958114
6986,7.646946612461204e-05
6987,0.12689766562716082
6988,0.02536523603173168
6989,0.011999002606540203
6990,0.0002852696593570339
6991,0.00027407312255268583
6992,0.0030825638831891078
6993,0.004221377039335992
6994,0.9585076620824307
6995,0.9979978428730274
6996,0.00026788770872884863
6997,0.09154343914878868
6998,0.12085485597651435
6999,0.01328586461807591
7000,0.002303783794056835
7001,0.9987439486008223
7002,0.0005255637088112423
7003,0.9982986257354133
7004,0.9835081896201083
7005,0.9990832199905173
7006,0.0001638825069466159
7007,0.008452708830951174
7008,0.0005619430466943637
7009,7.874563298288443e-05
7010,8.059446581539173e-05
7011,0.0005417951870410056
7012,0.0023256171584241335
7013,0.0007969599251125045
7014,0.9986390395308866
7015,0.0002034713695342734
7016,0.0026969369136436087
7017,0.00035055979660782936
7018,0.05262594122495838
7019,0.00013330250559595225
7020,0.00011110080177095761
7021,0.0010695166259014855
7022,0.022397529726669394
7023,0.0002511904503721515
7024,0.011049234345771635
7025,0.016242900604094022
7026,0.0005822285528516294
7027,0.0003471922968440339
7028,0.0003407191730783165
7029,0.9988953371506915
7030,0.9978353728858007
7031,0.04172681090151702
7032,0.0004204858152250578
7033,0.9987276418910429
7034,0.00031797626765711124
7035,0.00031766794697102063
7036,0.0068111090759972025
7037,0.00024265925582570157
7038,0.0005615051495953348
7039,0.0010637872763534127
7040,0.0015671459652710003
7041,0.0009580821715513725
7042,8.07231115053993e-05
7043,0.002062345787474065
7044,0.013576478382164359
7045,0.07784086000035259
7046,0.00026273357793628473
7047,0.0011033194927318947
7048,0.003472130242777957
7049,0.00013952030233282007
7050,0.005949632415729031
7051,0.015008052530004024
7052,0.0001258268407851921
7053,7.936127734675097e-05
7054,0.016559321373545648
7055,0.0003958583459725814
7056,0.0005838206928956951
7057,0.006349582360394898
7058,0.03402118853374406
7059,0.0004622138331556558
7060,0.9984561934590823
7061,0.0004394328215632859
7062,0.0025069126760411354
7063,0.0025014232928126994
7064,0.9936662720126981
7065,0.0006839925167294648
7066,0.00026774961654995764
7067,0.07097820660846507
7068,0.001960832251781383
7069,0.0007601876852002708
7070,0.0002702044943020485
7071,0.0035505865898099744
7072,0.024769070183862645
7073,0.00018895988730675768
7074,0.0001887716802946184
7075,0.39569868585473145
7076,0.0005013844370258493
7077,0.008974012180293511
7078,0.02043785668817371
7079,0.0004438333338851498
7080,0.9989939073091694
7081,0.0003418525101234279
7082,0.0001097358642589485
7083,0.0003005269126927103
7084,0.0001345825302785226
7085,0.0014810465469315855
7086,9.127677798108499e-05
7087,0.0004638331668048087
7088,0.00024259146945814907
7089,0.35985161531762594
7090,0.00024713463226870065
7091,0.0063725212289613056
7092,0.012602685806012098
7093,0.004026087983675835
7094,0.0037228966370324414
7095,0.00032957701445288155
7096,0.00545898971505007
7097,0.0023741637159942854
7098,0.20484300740697564
7099,0.00027182558066193396
7100,0.0001679900323925638
7101,0.0011510443477660475
7102,0.0006099072817467703
7103,0.3750633838068647
7104,0.00042365325685666464
7105,0.8306429173633211
7106,0.0001328495360933772
7107,0.0011989063385945025
7108,0.00012299115995338406
7109,0.001895040199837189
7110,0.000410174624216748
7111,8.523700850437155e-05
7112,0.0006003472449011531
7113,0.00025410037792317333
7114,0.996660331662062
7115,0.00036278139390062155
7116,0.03940951806627792
7117,0.00024867283846202726
7118,0.00014210626421670954
7119,0.020846943645919973
7120,0.9959805671618097
7121,0.00010585996351042443
7122,0.0003359121185523145
7123,0.00024934058103537874
7124,0.0006972541575329892
7125,0.004739171246509969
7126,0.0013888204980913859
7127,0.002473303843415525
7128,0.0024561981688957174
7129,0.0017794062896071606
7130,0.00020827622297033823
7131,0.0003399315342030294
7132,0.00020881676326365748
7133,0.00028037263713120086
7134,0.0010206685523681798
7135,0.0004188589833959267
7136,0.0016018742316315899
7137,0.0002652915519582088
7138,0.00024276484648368737
7139,0.9949997624544284
7140,0.0007282533188568106
7141,0.0002092043630252121
7142,0.0016732771901471662
7143,0.00014611040213791164
7144,0.003466982824092866
7145,0.00035864969126121076
7146,0.006052859541754686
7147,0.012658856404123758
7148,0.0001072820245919427
7149,0.0003121904011545057
7150,0.0004588434935353442
7151,0.0001301691958112254
7152,0.9980958227761505
7153,0.998434222036708
7154,0.016124358910956503
7155,0.0011279350334846736
7156,0.0014976865993963126
7157,0.00022981700300145255
7158,0.423689083547836
7159,0.0001443018708286004
7160,0.00039230159463279814
7161,0.0003175555477413282
7162,0.0001435982988770317
7163,0.00022548939699972983
7164,0.00016578896583385137
7165,0.0005903592062958588
7166,0.00023930567154055137
7167,0.0002397461328633046
7168,0.9988505332063717
7169,0.003215567089408955
7170,0.018449685570576805
7171,0.00021255699875904517
7172,7.658829239139681e-05
7173,0.0014767424463140038
7174,0.0013918739610121564
7175,0.00016632595467925022
7176,0.0002529022242591647
7177,0.00027523728340538527
7178,0.0014937206706237187
7179,0.00028106424779579845
7180,0.9967158712358174
7181,0.00361032132194329
7182,0.0003198891804126557
7183,0.00038437061750590707
7184,0.015591273081534459
7185,0.19865639083047898
7186,0.0002741059752114798
7187,0.0007223316311620377
7188,0.0014462667617745242
7189,0.00035046358363132255
7190,0.01288310371744995
7191,0.00105221747274672
7192,0.001657423581333839
7193,0.0004747877172356127
7194,0.0016998643270275389
7195,0.00035387628117083215
7196,0.9973947025600227
7197,0.00033597782023856956
7198,0.0002942761306576411
7199,0.9944958189009784
7200,0.00040095444407291464
7201,0.00035049457880807647
7202,8.015915242900398e-05
7203,7.661873029964563e-05
7204,0.0001570068196453857
7205,0.011896834428025282
7206,0.9916530259274655
7207,0.0004925746994641611
7208,0.029218479472639152
7209,0.004646605696854883
7210,0.027289220866542025
7211,0.04991766782340035
7212,0.9921802262397297
7213,0.020522136441282274
7214,0.0002449736472290199
7215,0.00043600102663589384
7216,0.00019745945534574167
7217,0.9986677254132417
7218,0.9991872916684356
7219,0.9991019418716587
7220,0.000211477210520533
7221,0.9839558213627442
7222,0.9986499432854206
7223,7.465649643026626e-05
7224,0.00037053357220089895
7225,0.9966585197901517
7226,7.75463898890969e-05
7227,0.9989303495717348
7228,0.13395001684800795
7229,0.004387394235429462
7230,0.0005010112315193397
7231,0.0009702927899946121
7232,0.00032394327335750914
7233,0.0011121528830556101
7234,0.0018064222802340907
7235,0.9975751517553613
7236,0.0008313211339662785
7237,0.0003489938317978934
7238,0.0004527995392019105
7239,0.0006246698239088282
7240,0.0021328093839946913
7241,0.00018891752577271693
7242,0.002420252450063033
7243,0.00041477033188139543
7244,0.0018935188036194295
7245,0.00026637987010394914
7246,0.0005836137294995754
7247,0.07672458614457738
7248,0.003510806103269604
7249,0.00033426908629127566
7250,0.009085464028996498
7251,0.0003357513962082425
7252,0.00045100550435406793
7253,0.008081278358714205
7254,0.0003408629023486594
7255,0.9988720980948566
7256,0.0010263568633164942
7257,0.0012382822664750704
7258,0.022800914011346908
7259,0.00039175143872680784
7260,0.0004697651224819644
7261,0.00013544883047465447
7262,0.0008157819200187141
7263,0.011607927641116114
7264,0.003613518544336986
7265,0.00029910519385099903
7266,0.0003725854101459055
7267,0.0026438114285421187
7268,0.0027437020254089182
7269,0.0005620528003922658
7270,0.00030090150664170706
7271,0.0002611280117437955
7272,0.014808484592671495
7273,0.00027120500461507964
7274,0.0016058208976647685
7275,0.002857536810715648
7276,0.0018688789504444387
7277,0.0002286213487873667
7278,0.0021306882303779666
7279,0.00031603982789751297
7280,0.0006536167712674734
7281,0.000694039016905675
7282,0.0007367087324970258
7283,0.0011121098767271945
7284,0.004899400144310173
7285,0.00039412936808567973
7286,0.0003357011574354777
7287,0.00027811068645187
7288,0.002322943621413154
7289,0.012223050886278194
7290,8.034382011614909e-05
7291,9.060796815126647e-05
7292,0.9990779247499614
7293,0.00017019139970506937
7294,0.0002442909672216162
7295,0.0005610417341989101
7296,0.986810068434248
7297,0.9979696651432567
7298,9.4426481746316e-05
7299,0.004011328031305378
7300,0.02089202806407564
7301,0.045456723906966486
7302,9.006504270322224e-05
7303,0.00032185920478694876
7304,7.364750727809115e-05
7305,0.0007523363191744082
7306,0.9943850561869653
7307,0.003581100890743579
7308,0.0027626162430597016
7309,0.00388116682068426
7310,0.011493334612013534
7311,7.796082166945773e-05
7312,0.4650389562292697
7313,0.00024631640080876845
7314,0.0994925077985071
7315,0.006085191215007875
7316,0.0004886730047656874
7317,0.0007558890803044458
7318,0.009198423896309175
7319,0.0007424024943207647
7320,0.9927331121387599
7321,0.0005301789136822292
7322,0.0004216309828084224
7323,0.015189399454416603
7324,0.00022755908636533584
7325,0.0002663500639180293
7326,0.0003998076300016975
7327,0.04416448926326276
7328,0.03166920189103574
7329,0.00026569191938734065
7330,0.001172366251062766
7331,0.00023998459107169614
7332,0.0003992561455577061
7333,7.951509427945623e-05
7334,0.00029843787653476776
7335,0.03972176238231152
7336,0.009183805252190352
7337,0.00017563400777191032
7338,0.0009175572373436603
7339,0.0007847192966419933
7340,0.0001842850583940509
7341,0.00014783611146278408
7342,0.00027686549111339626
7343,0.006739638047598781
7344,0.003639313476277875
7345,0.00031449570015863336
7346,0.004075148249528999
7347,0.0012479036720305335
7348,0.01685922538882557
7349,0.0003684753747502345
7350,0.0004932416950117409
7351,0.0004020412506554686
7352,0.0006987911931418446
7353,0.018361729142209172
7354,0.004450898427131732
7355,0.0005304496264215421
7356,0.00023355734738457305
7357,0.014102309498559885
7358,0.005459048557840495
7359,0.0003853673136415121
7360,0.0061848629836378025
7361,0.0003984652454302724
7362,0.0021831985704392778
7363,0.0029371996158355537
7364,0.0009315431104728693
7365,0.0003477118046889591
7366,0.00023024346497057591
7367,0.00017601666192361773
7368,0.00035932032995779464
7369,0.00015929124381394572
7370,0.00039708723955235155
7371,0.006637252225827274
7372,0.998733190998165
7373,8.254616328271946e-05
7374,0.0102939510351979
7375,0.9832010761635879
7376,0.0013259163437095486
7377,0.005292069722208815
7378,0.00041792878517715536
7379,0.0025838445280446046
7380,0.0006915222728708174
7381,0.0006279416916097839
7382,0.00019659463885078355
7383,0.0013236016347104684
7384,0.00026953733582571834
7385,0.0006282771808286831
7386,0.02793152044978963
7387,0.02686727563920497
7388,0.0161369751806559
7389,0.033191805435252866
7390,0.025230261684242132
7391,0.00914263972403307
7392,0.0002767608933111054
7393,0.0019429680490536758
7394,0.0001768377228252124
7395,0.003581385004313874
7396,0.00048074783338118726
7397,0.0003880323576360343
7398,0.00038463538309763107
7399,0.00042816891253062977
7400,0.04658618315030124
7401,0.0003459662909228795
7402,0.0002496845466213067
7403,0.002908894042728112
7404,0.00027786969889881716
7405,0.00588930857308406
7406,0.9989055635263139
7407,0.00023955384556562808
7408,0.0002885805734256755
7409,0.01891110131695681
7410,0.02137851838765774
7411,0.0021947050733606634
7412,0.003747156490134165
7413,0.00013217482983941784
7414,0.00032508989317615216
7415,0.003279746325564158
7416,7.17010490615792e-05
7417,0.019582037145250815
7418,0.010149677857424958
7419,0.00016961672978693283
7420,0.012134361195225728
7421,0.006668375688207807
7422,0.00023142650907894162
7423,0.00042793567310047277
7424,8.689881631784343e-05
7425,0.014253288748619425
7426,0.0004034359052132049
7427,0.00029673655629594017
7428,0.042640448738031314
7429,0.00039335456314633854
7430,9.540493851964813e-05
7431,0.973920592060065
7432,0.9781384841525078
7433,0.004931315040102381
7434,0.0003127418612793163
7435,0.0003915366777255696
7436,6.436936095139833e-05
7437,0.0033997572737026528
7438,0.0004702110572963916
7439,0.0006393203867998108
7440,0.002982330712063742
7441,0.00012069691161752231
7442,0.004857459227983562
7443,8.147544559583652e-05
7444,9.200026039359795e-05
7445,0.1782654438656147
7446,0.00021761867462817392
7447,0.0001979380335297419
7448,0.004430983156332285
7449,0.996400480154367
7450,0.00033086686041278125
7451,0.0012923727383245167
7452,0.04925323856392812
7453,0.00020544808426343537
7454,0.008688948224188415
7455,0.055400588975195994
7456,0.04118812162538742
7457,0.44824750105565
7458,0.9981673939479411
7459,0.00030136025210027097
7460,0.00024176305042988445
7461,7.708503119446898e-05
7462,7.981241140829979e-05
7463,0.0014822413298777467
7464,0.033155408874369754
7465,0.011813689521804834
7466,0.01471904889539396
7467,0.00046326125928432906
7468,0.9985336535666102
7469,0.00997339882308394
7470,0.9979354018196813
7471,0.00035816260789906093
7472,0.014480441592626445
7473,0.000354908252936386
7474,0.33181313932235484
7475,0.0002760753874132315
7476,0.0016045696560196467
7477,0.0002782344797680607
7478,0.0002024701464318475
7479,0.00021126524710257845
7480,0.00026832793583980594
7481,0.00013250864942099976
7482,0.0003039156108365461
7483,0.010487609088644257
7484,0.00197414354251158
7485,0.0003006634573227511
7486,0.00017680109383505518
7487,0.00017118602567338113
7488,0.016508507211001403
7489,0.016861768761739542
7490,0.18302105536032792
7491,0.008407628526094264
7492,0.003209771530719334
7493,0.030490855151156737
7494,0.9984705214701582
7495,0.0013962181220733695
7496,0.00031414844003357044
7497,0.004382590535798145
7498,0.00040305425873987346
7499,0.0014104772530807524
7500,0.00025897783093737725
7501,0.8786072631856122
7502,9.231213066016442e-05
7503,0.052681013998732026
7504,0.00012832566886156988
7505,0.0003317629375885449
7506,0.0003479892150012332
7507,7.547650417959856e-05
7508,0.037771489807921554
7509,0.00033116176344112305
7510,0.003821115444727368
7511,0.9767959688934631
7512,0.9989925011206477
7513,0.0007630399382528169
7514,0.0007600643495553985
7515,0.00035037848482070966
7516,0.005856770812535114
7517,0.07363957831617651
7518,0.008530085087968453
7519,0.0009350682594938913
7520,0.002435002832117747
7521,0.0001103941704285013
7522,0.00032691038834787797
7523,0.01610442849941185
7524,0.08194269237819145
7525,0.0004609779482514533
7526,0.0006525519637134788
7527,0.0001441975059497707
7528,0.0025894347385271004
7529,0.00584136391165008
7530,0.011054997136612562
7531,0.00021433322053258916
7532,0.088848259784541
7533,0.005481372250479365
7534,0.0002505182640887548
7535,0.014987848558893676
7536,0.0008071443922129729
7537,0.004423140918951362
7538,0.00027650873103544725
7539,0.00015321396588524017
7540,0.0003785495707700927
7541,0.0018229998593449355
7542,0.0002533843224605191
7543,0.0002943222241549903
7544,0.00015191837766497586
7545,0.9722642138313731
7546,0.00024666694473996116
7547,0.00013213401187393402
7548,0.0029151142518880906
7549,0.0017601436624414082
7550,0.0003544147776673983
7551,0.0002537032061428534
7552,0.003249175096324807
7553,0.0010416751518131696
7554,0.016313543897516235
7555,0.010219529347779066
7556,0.000898674588615819
7557,0.0003640808671825927
7558,0.00032886476683932744
7559,0.0001936020336423688
7560,0.0002679414973059095
7561,0.00021864873339358528
7562,0.17587349009196834
7563,0.00040869299283779445
7564,0.0002723644440582312
7565,0.0005392101469569715
7566,0.991735847222136
7567,0.001190372891381963
7568,0.0002768325457359813
7569,0.0013938921154691291
7570,0.009391897746434666
7571,0.0003031143773685217
7572,0.006498160637758646
7573,0.00010292253130834991
7574,0.00010113064194052735
7575,0.0004184398942238005
7576,0.002649499328693178
7577,0.0022889919165796197
7578,0.0009588353396277728
7579,0.00025021682611555513
7580,0.00020645333631096752
7581,0.0002485069739364856
7582,0.9933957388488519
7583,0.00034545851547006267
7584,0.0001231408123859483
7585,0.0003194162914115672
7586,0.00014168497272166382
7587,0.0005304237618070919
7588,0.00018674999686133667
7589,0.0004715163732908257
7590,0.0037247360040963415
7591,0.0021743919403536855
7592,0.9978858724322212
7593,0.0004290568594804071
7594,0.03127115772061786
7595,0.0003636891784891184
7596,0.0016088809958192591
7597,0.00032068556194349556
7598,0.00013240528587574226
7599,0.0001510982113002861
7600,0.0002860324610566719
7601,0.00034368427111272534
7602,0.009078820077182824
7603,0.00010037014388703314
7604,0.0003369279286302222
7605,0.00026398102980824164
7606,0.13719912833655948
7607,0.00025121831124844693
7608,0.00037180766324875186
7609,0.0002094915912645255
7610,0.00010017637967238962
7611,0.00025782346131081237
7612,0.00025102891930981413
7613,0.00033714357894805755
7614,0.0003265896968131935
7615,0.000309791175119187
7616,0.0003615754718217875
7617,0.9980167052256192
7618,8.243338744003366e-05
7619,8.671163066738196e-05
7620,0.003270488244326876
7621,0.003073475804356234
7622,0.0002680077027116732
7623,0.00028459983545079586
7624,0.00019702652041454495
7625,0.025929081828013057
7626,0.0004902162187311307
7627,0.0006080069002637148
7628,0.997940557419487
7629,0.24569734019664763
7630,0.00022599012657272956
7631,0.0003152095160987449
7632,0.009487942748653944
7633,0.007112865603019575
7634,0.026338347897826807
7635,0.00011758780021293229
7636,0.00114177934352709
7637,0.0029772108872128332
7638,0.0070500255947171225
7639,0.0003727136252752866
7640,0.0005966171763796968
7641,9.239645367740691e-05
7642,0.010129301432693548
7643,0.00028788514701788906
7644,0.006451213765670297
7645,0.18233861461580905
7646,0.009274445343718725
7647,0.0009107800461961314
7648,0.00023424043634490268
7649,0.04944422854399519
7650,0.02725088565250287
7651,0.006401897046157163
7652,0.0006463604131414011
7653,0.000301989848084603
7654,0.004645742983544809
7655,0.20208106350694424
7656,0.9784728318095363
7657,0.001488248618988754
7658,0.9966807474707645
7659,0.99895128995572
7660,0.9932780452523768
7661,0.9934024783833036
7662,0.00038918079959993437
7663,0.002360190783282135
7664,0.0013557608293219567
7665,0.004792240976300195
7666,0.8896035979521246
7667,0.00020289809415835691
7668,0.0003678320861031371
7669,0.0002465808637461994
7670,0.30759168594395625
7671,0.0010625698459263793
7672,0.0007803144836597694
7673,0.002141839390020395
7674,0.10757989702549628
7675,0.00026178232246619747
7676,0.00023461407529274704
7677,0.000446420026126124
7678,0.000533929266856739
7679,0.9966736302637914
7680,0.000545204163715007
7681,0.023661856881648565
7682,0.00033753584464954044
7683,0.00047294721917679584
7684,0.0036938355716692644
7685,0.0016227436986468512
7686,0.001559860732115428
7687,0.00037798733101631585
7688,0.000351655640351125
7689,0.0004113888995514334
7690,0.07109277025675972
7691,6.846108493008905e-05
7692,0.0006402204711108892
7693,0.00038416602615666876
7694,0.0023031041979627415
7695,0.002310499405426182
7696,9.55389820398206e-05
7697,0.007155719868270194
7698,0.01048233859059065
7699,0.9856146997984802
7700,0.0051796129583718065
7701,0.0002100916695546056
7702,0.9877828722657528
7703,0.026567719809740285
7704,0.008915868800718364
7705,0.007993645677949194
7706,0.0001731910412852695
7707,0.0003916396381264818
7708,0.01153376587619694
7709,0.004109501118342321
7710,0.00902215809913563
7711,0.00039395643145541203
7712,0.43306460176998174
7713,0.00598553077372484
7714,0.013003215973540849
7715,0.2402419003086754
7716,0.01387890546003204
7717,0.0021256977690364423
7718,0.017559261218771317
7719,0.6838211007291302
7720,0.0002900744845130823
7721,0.0003453829793444237
7722,0.0004553547015817899
7723,0.10910517787147438
7724,0.030513345196018515
7725,0.005623935282088188
7726,0.0020413421118838765
7727,0.01744377489912449
7728,0.00013253067147571694
7729,0.0007012754910165358
7730,0.00013590305312483303
7731,0.0013045064469587306
7732,0.016851876611140428
7733,0.0022753740568527544
7734,0.0022882665779222536
7735,0.00037615014781171985
7736,0.0002595331186194752
7737,0.37168801725533607
7738,0.007739173869490021
7739,0.00012116382325520322
7740,0.0003222940196336943
7741,0.00014487074664773226
7742,0.994425005362913
7743,0.005436841458794688
7744,0.014641551627353625
7745,0.9976117246467744
7746,0.007333139861239053
7747,0.011544941389593836
7748,0.0010253597736064703
7749,0.0011527219794739733
7750,0.006417187430730521
7751,0.0031337150693541713
7752,0.01366037218142326
7753,0.9976027673494482
7754,0.00223168415399084
7755,0.0006847530767044942
7756,0.0030547724650683084
7757,0.00015138420907034677
7758,0.00023417465383306253
7759,0.0006166085089990318
7760,0.000287561384635674
7761,0.032152298442376846
7762,0.018279542329807094
7763,0.0002521880957966446
7764,0.0007110036386315751
7765,0.00016933855261649493
7766,0.00012061377111351602
7767,0.0007222167026723647
7768,0.00020933615695886205
7769,0.00034171229122341776
7770,0.009542889315936035
7771,0.00014031101942076706
7772,0.03143542151256089
7773,0.9975217784585888
7774,0.0024604094593112104
7775,0.05658074811091972
7776,0.008426372100369412
7777,0.00016531000912529598
7778,0.019842178815607153
7779,7.967157521729117e-05
7780,0.01294582475067627
7781,0.0011660837275240647
7782,0.4811899696944444
7783,0.0026795175130455264
7784,0.025943321222554327
7785,0.0001445819846597061
7786,0.00020697494373381553
7787,0.023964277253728905
7788,0.00019208122589170845
7789,0.9985209434772979
7790,0.0002056549254896279
7791,0.0001630013263575533
7792,0.00027236669842371775
7793,0.00019694639352125284
7794,0.00039017887959583885
7795,0.00041507172700056715
7796,0.029231840264108105
7797,0.00039783397787566564
7798,0.22880091715785777
7799,0.9904605712190222
7800,0.024938918076586644
7801,0.0005151288622452409
7802,0.006878425782828835
7803,0.005328098770690484
7804,0.0031973467383143808
7805,0.9983751087838998
7806,0.0003776532478816961
7807,8.132979109731349e-05
7808,0.0004222602278514358
7809,0.00027821542925174803
7810,0.0013523732155746437
7811,0.008617553691528917
7812,0.06514735089462934
7813,0.08237139545305375
7814,0.00011367236539746054
7815,0.0003222755624891291
7816,0.9957412082466005
7817,0.00018529777645208927
7818,0.00036666633286427193
7819,0.9987042660749363
7820,0.0004220254187838393
7821,0.00037670767122991117
7822,0.0046640015728908095
7823,0.28774909341593674
7824,0.0004084300722097707
7825,0.00028181078322764725
7826,0.00027622562344237455
7827,0.9982104174197474
7828,0.01211524845493613
7829,0.006073947374037892
7830,0.0002467960370751391
7831,0.0003314320124047001
7832,0.008103435437345222
7833,8.408034275290467e-05
7834,0.5314272008291738
7835,0.2526640747379624
7836,0.04755461992955516
7837,0.005837599425020947
7838,0.000632173326713695
7839,0.0028799571398728254
7840,0.0017861777565552218
7841,0.004548611790952753
7842,0.0033321694234492876
7843,0.0002259935535489902
7844,0.0003918031277924617
7845,0.017214652329346273
7846,0.0003163643966950275
7847,0.00030081105665021626
7848,0.00016366361611773347
7849,0.9961184666970393
7850,0.0002027616190653207
7851,0.0026409643218284
7852,0.0003207394217264413
7853,0.007084930061482764
7854,0.0003383567143345408
7855,0.00023909887645209182
7856,0.0003615077117739716
7857,0.0014675499682502372
7858,0.998434654657552
7859,0.00013931552832259172
7860,0.0003414481947964554
7861,0.002720351802563653
7862,0.9990870738826654
7863,0.0003868500541890895
7864,0.0003328662348093763
7865,0.21126094717849542
7866,0.005981064757820713
7867,0.00021864752630167345
7868,0.0003438554411833971
7869,0.00033471075208134685
7870,0.00015240147531274487
7871,0.00024598676053781763
7872,0.00013670990052589788
7873,0.004728444209485799
7874,0.00022348630575595949
7875,0.9744545609594975
7876,0.0018905962063354054
7877,0.011842928382208708
7878,0.007753954133934019
7879,0.99792610344135
7880,0.00013893167996641712
7881,0.0003407164008317963
7882,0.9504054053148604
7883,0.00031059086613704844
7884,0.9975373075681878
7885,0.0033169358677911757
7886,0.001065017712373935
7887,0.9969661745041762
7888,0.00042984234381255785
7889,0.0010458102804315615
7890,0.01626104556856007
7891,0.00031752927297910166
7892,0.010997754090122422
7893,9.060657552977242e-05
7894,0.0005717194853567145
7895,0.0027802856565209088
7896,0.9988005159754458
7897,0.0001988833260992815
7898,0.0004895676855014593
7899,0.00020534394326606593
7900,0.0021985743832495103
7901,0.020839067553668315
7902,0.9958043685969187
7903,0.9969191506757028
7904,0.035327280597376554
7905,0.09351686585748917
7906,0.0002459802120698676
7907,0.018690246631859513
7908,9.749499416817606e-05
7909,0.000247176477042888
7910,0.001936475058732605
7911,0.005424611877815807
7912,0.00022568714950373008
7913,0.00021347435195468966
7914,0.0003264286159599738
7915,0.9974828534320815
7916,0.0005048870812220447
7917,0.0005549556958706928
7918,0.9985554359142575
7919,0.007367849554775209
7920,0.0002770833583852608
7921,0.011990599626943564
7922,0.01613654016296765
7923,0.0004806053074131093
7924,0.0007526453152737726
7925,0.00038537718186243294
7926,0.0002721862861211884
7927,0.0011010164293038518
7928,0.0011489353029051738
7929,0.9428268494235604
7930,0.00030108351243920956
7931,0.0002554575412169665
7932,0.00014808459707438723
7933,0.00016807998456453723
7934,0.0003961271319256451
7935,0.1815696186034906
7936,0.0006737419024604594
7937,0.0006012470595363679
7938,0.00028988553454164986
7939,0.004537989486682441
7940,0.003271531737649291
7941,0.0002511397129740619
7942,0.00014722145748254336
7943,0.0002182369364349455
7944,0.0003072882066594083
7945,0.998714439972179
7946,0.00013983797365483725
7947,0.0004221633366809651
7948,0.0015635415812494911
7949,0.15035006261701805
7950,0.00019789444796135865
7951,0.0002235223736684576
7952,0.0009620650948633895
7953,0.0005033599832959093
7954,0.0005542720733550935
7955,0.9855907420288231
7956,0.9981322318336774
7957,0.0005286184759711184
7958,0.0016157753690927534
7959,0.2728688179364666
7960,0.0010179723975822547
7961,0.0009044816457783192
7962,0.9980691306180987
7963,0.008998996413361542
7964,0.00744878511355168
7965,0.00012501338287420366
7966,0.00015003087030760682
7967,0.00015623143028542678
7968,0.00044271958137802206
7969,0.00015946844555916607
7970,0.0003484063424413466
7971,0.0001909583211392191
7972,0.00015642163700636187
7973,0.0003531019765923337
7974,0.00805394318803022
7975,0.0004872686336351671
7976,0.0176203943698774
7977,0.00012015128061853624
7978,0.00042385151567887156
7979,0.00013781282408976357
7980,0.00017182772344972
7981,0.0002495926355975508
7982,0.0002097967523480241
7983,0.00013503788930055216
7984,0.00013110456521969353
7985,0.014094959060829151
7986,0.00035899594591196353
7987,9.231578961538736e-05
7988,0.0005565879648356624
7989,0.00014445201880324948
7990,0.00036225800370644207
7991,0.00011697732385282044
7992,0.00026913548263109404
7993,0.6085819063740977
7994,0.012965884767607069
7995,0.0002686275649204537
7996,0.00014335957735036868
7997,0.00032395152268636457
7998,0.005653756035190272
7999,0.00022875267343279497
8000,0.0003440744265897315
8001,0.00023142143952355792
8002,0.017665545328793813
8003,0.00425607040275523
8004,0.9984429286320153
8005,0.0003478183690773855
8006,0.3780277551672872
8007,0.1984530068488531
8008,0.0003460207046650023
8009,0.008872297418543736
8010,0.001401663255664065
8011,0.00023963140711805194
8012,0.0003190752219813445
8013,0.00024847179373376166
8014,0.00013941511742144084
8015,0.0005614831812330325
8016,0.0008189253736864618
8017,0.0007478904059114756
8018,0.002923705229356632
8019,0.0019641833783544263
8020,0.003524710064824363
8021,0.0145414458755388
8022,0.9274961237251015
8023,0.0014230785616714302
8024,0.00035280817354391456
8025,0.018792583867136024
8026,0.0003469209333300658
8027,0.9990465134419836
8028,0.00033424134621635294
8029,0.001580454451241541
8030,0.2328926045938716
8031,0.0027416751843201644
8032,0.0002844895050343998
8033,0.00018413277420019163
8034,9.727213406926108e-05
8035,0.0016641436201871567
8036,0.002328213494040686
8037,0.00028852842636870805
8038,0.9991179609640239
8039,0.00016963344408516798
8040,0.9952663861846567
8041,0.02163630371492644
8042,0.00024988000382499274
8043,0.006595917184271447
8044,0.0003035151688568297
8045,0.6062944013476884
8046,0.0002901010903820586
8047,0.9984212004647166
8048,0.9987541122319972
8049,0.0008700247805675848
8050,0.00035466722431843755
8051,0.00031742236532452496
8052,0.06439650041589821
8053,0.00032099604224626393
8054,0.042726930344243325
8055,0.003912829186378865
8056,0.23122498549032905
8057,0.0004048813974902255
8058,0.016216810610127027
8059,0.0018377196099930919
8060,8.336619819280494e-05
8061,0.0006169622167987397
8062,0.9896536583891583
8063,0.0114879887155692
8064,0.998521264627532
8065,0.00400185919435604
8066,0.9987813518851276
8067,0.06893776116988684
8068,0.00020469418584482236
8069,0.0027300940317086728
8070,0.001289436438280399
8071,0.0014899685803581601
8072,0.9951452865234884
8073,8.712935394920424e-05
8074,0.0297525451372862
8075,0.002909676149064107
8076,0.00016693174798213689
8077,0.00035820733201026936
8078,0.9501071570859059
8079,0.0003653739241644531
8080,0.00019435135844959363
8081,0.00014639530079037192
8082,0.0002516211451328223
8083,0.0009475416749630792
8084,0.002484704081441893
8085,0.22055118548424496
8086,0.00035497996895632235
8087,8.345395033203967e-05
8088,0.00021901030675618058
8089,0.0004940310072511952
8090,0.0010061726246666965
8091,0.00012956129454999221
8092,0.00019194187888283538
8093,9.115903899787391e-05
8094,0.08985939097286841
8095,0.002924180571047719
8096,0.0025499478885717517
8097,0.0004277678222922637
8098,0.9942678498635956
8099,0.00012275752929640396
8100,0.00015783575929613462
8101,0.015600005981502912
8102,0.0005391133432814181
8103,0.0004810711628275931
8104,0.0002707214306605206
8105,0.03494728828993833
8106,0.0002847244656419553
8107,0.0002886492701674075
8108,0.00013797448763892822
8109,0.002036838165644579
8110,0.00022377229005349501
8111,0.00038461873174204053
8112,0.00045147894904553465
8113,0.0004068043565487298
8114,0.00036108310458548616
8115,0.9983423346565182
8116,0.9991594418121353
8117,0.004257052876064677
8118,0.00022195726097870672
8119,0.00023560038893215277
8120,0.020358040605234894
8121,0.0003007348145817114
8122,0.0025657630824434357
8123,0.00029829187016138436
8124,0.0002658994401453348
8125,0.00024093379329270912
8126,0.023392057182653705
8127,0.008144992926062
8128,0.0003680099149484655
8129,0.0003657517522717773
8130,0.015012931270204269
8131,0.0002999532824901281
8132,0.0008437021020572812
8133,0.997193055388235
8134,0.018769225668248686
8135,0.9990982331817841
8136,0.00045379180004765946
8137,0.00011231892309976184
8138,0.0002182919860549795
8139,0.9989330046612865
8140,0.00029856280525131153
8141,0.0002438004209505483
8142,0.003633629952211266
8143,0.020136297526707026
8144,0.00044321068871710996
8145,0.00027986905889417906
8146,0.00022755303349765487
8147,0.000346572844438143
8148,0.00130984039066601
8149,0.00038783000092065876
8150,0.0006030031626216677
8151,0.0003993468000533691
8152,0.00023478489488524813
8153,0.0003327707262674025
8154,0.0008148890204935741
8155,0.006059013835043944
8156,0.009036770032407531
8157,0.0006236536156831261
8158,0.00039036121801122245
8159,0.021916915616809206
8160,0.0001895823248597784
8161,0.037488152311647815
8162,0.031829578945035825
8163,0.0002529104448663276
8164,0.0008065652496463567
8165,0.00022026689891835584
8166,0.0007346709589696416
8167,0.00030839882537704247
8168,0.00015118547802195272
8169,0.011416726823016227
8170,0.00013399076356260915
8171,0.0016498972593222629
8172,0.0003107368311374441
8173,0.00017891032601514563
8174,0.0363424873338383
8175,0.005371781022593464
8176,0.004668056755261177
8177,0.007376465464929018
8178,0.0007581696391188085
8179,0.010981429858710664
8180,0.0004086416711115302
8181,0.002085516972779752
8182,0.0002701410679567786
8183,0.038304269834223324
8184,0.014730086057298277
8185,0.994415905766088
8186,0.9894690113269263
8187,0.13991425658891973
8188,0.0003593336079991447
8189,0.0008925675570938638
8190,0.0003371711701767504
8191,0.9977906428519479
8192,0.00030401172273434283
8193,0.00022892156696253393
8194,0.00018403604955310587
8195,7.354912367599665e-05
8196,0.0005043502841792078
8197,0.00044469815223721604
8198,0.00014508847521498797
8199,0.998754527432759
8200,0.0007199978839113128
8201,0.00012180403879333661
8202,0.00013402624224170546
8203,0.0030528044758077167
8204,0.04209789269334202
8205,0.003893248960510554
8206,0.0005494102759015663
8207,0.00018272536139280442
8208,0.00019364200862368282
8209,0.009847440368467048
8210,0.9966378373788303
8211,0.9987849718809677
8212,0.0001419490285930397
8213,0.9982376481750925
8214,0.002397065942838699
8215,0.0012345003611104748
8216,0.0005368218351754259
8217,0.007334567764166506
8218,0.011116686860421532
8219,0.00029396785478854237
8220,0.05878468283457937
8221,0.0004397151537613082
8222,0.00018555056189498097
8223,0.9990946116932775
8224,0.00012772118622473037
8225,0.00019977999143648816
8226,0.45011858242531827
8227,0.001914162734829317
8228,0.007602471247184829
8229,0.12889074107619777
8230,0.00015271147836037853
8231,0.055131568987569726
8232,0.9814573996361131
8233,0.00022474347638480244
8234,0.0003995295967599823
8235,0.0036734088379396074
8236,0.000768561803586627
8237,0.0003685706956903682
8238,0.0003087083748321916
8239,0.00026209898219858006
8240,0.006619846350647425
8241,0.00010052800037734916
8242,0.0011950722752825905
8243,0.0002656291057559585
8244,0.010594060156610501
8245,0.0009400245729226876
8246,0.00039472713229396565
8247,0.00029754141683155583
8248,0.0003481227499993806
8249,0.00023553963342942265
8250,0.0032692319476570093
8251,0.9970150357798557
8252,0.01595940630731959
8253,0.017081648460590994
8254,0.002692305139724847
8255,0.015379293021119506
8256,0.00026121315545657995
8257,0.0003650807794734104
8258,0.0002538764001038392
8259,0.029997642300727052
8260,0.002064768265679533
8261,0.06726500725553781
8262,0.00042209515036559594
8263,0.0010388990022334717
8264,0.00047143366077245124
8265,0.00017273709355776918
8266,0.0004718626411682839
8267,0.00013629425698701253
8268,0.00026739387627772767
8269,0.9987078021968545
8270,0.001222787707372887
8271,0.012000556201522777
8272,0.00034224173565014363
8273,0.0004554030656090193
8274,9.93067661919765e-05
8275,0.00023833093324179827
8276,0.009493822580417335
8277,0.0010017580970127175
8278,0.0002962829774379826
8279,0.0003653366831630757
8280,0.00041123410024240185
8281,0.00016157969338216122
8282,0.0004459718897513844
8283,0.00048284259551209285
8284,0.006146763964558658
8285,0.999091204517574
8286,0.9967034090779835
8287,0.9971282558824445
8288,0.00046837314371057915
8289,0.0002525100628538774
8290,0.01745222643220507
8291,0.0003142433335206282
8292,0.9981669316060604
8293,0.00017299092846874523
8294,0.00023695594068193137
8295,0.9960773383040914
8296,0.0011034385631398646
8297,0.013047708661078971
8298,0.0005225413493823211
8299,0.0003843179854627672
8300,0.00025594005075088507
8301,0.00029901491783301863
8302,0.9985293580367796
8303,0.0020949854808207545
8304,0.00017676583437358618
8305,0.00029685218620216725
8306,0.00023192660017341184
8307,0.01500269720598837
8308,0.13425413351578222
8309,0.002181801146375152
8310,0.06455271907682407
8311,0.0003552015441122329
8312,0.0004276049353655983
8313,0.0011867673303743572
8314,0.00020311825290879426
8315,0.0005042379952920697
8316,0.0028113909065391033
8317,0.0006740980829935057
8318,0.9982301622418221
8319,0.0003240499355555894
8320,0.020279685819409747
8321,0.000483024844025741
8322,0.00023005829049219583
8323,0.00031681878480783505
8324,0.010782415171007033
8325,0.00024487716169894905
8326,0.0002978184404009096
8327,0.00030827507158871813
8328,0.9977560162856367
8329,0.0002731610886124185
8330,0.0006543204323401944
8331,0.013567852725552231
8332,0.06182331240543114
8333,0.00040128011244875366
8334,0.6365109917230367
8335,0.0003306217679712642
8336,0.00024121574491219904
8337,0.04548239308069205
8338,0.0036658056438868144
8339,0.00019654128033296396
8340,0.00014307864761996353
8341,0.0016165265305007343
8342,7.992705112705324e-05
8343,0.998788892815632
8344,0.0014047951436415586
8345,0.03565552864719263
8346,0.38182846910991064
8347,0.015398971834180694
8348,0.0002868008126680638
8349,0.0003362090927336094
8350,0.00027209290496783324
8351,0.0002517715120175671
8352,0.0006072807863941209
8353,0.0001704470222600283
8354,0.0005207431355674687
8355,0.9653521773459135
8356,0.002306447322525823
8357,0.009743124914102463
8358,0.002529002127332535
8359,0.0002697453279311715
8360,0.9837699783290859
8361,0.00023173559197548158
8362,0.00024337067932286133
8363,0.006286928169848674
8364,0.013269366079264332
8365,0.008882240054171842
8366,0.022209997922049207
8367,0.0019346143433904479
8368,0.00014247289365088055
8369,0.0004149209722084356
8370,0.0010409385453532924
8371,0.00027613540127304035
8372,0.015567288680909657
8373,0.011150370784706855
8374,8.097819061073455e-05
8375,0.0001121649634191666
8376,8.190289688307057e-05
8377,8.227389878145932e-05
8378,8.143963774151859e-05
8379,0.030636601826346848
8380,0.09174138872490582
8381,0.0002285419843842202
8382,0.0003121527939977611
8383,0.985703330037626
8384,0.00039066835854194136
8385,0.00034495185864853175
8386,0.0004601474838315016
8387,0.00025269896099851133
8388,0.00031419901682274733
8389,9.428471481792459e-05
8390,0.998920681136015
8391,0.00025725880746587596
8392,0.00025859356745084705
8393,0.00030550058094445546
8394,0.0007327189656635123
8395,0.0003524595868955059
8396,0.0005203329176625696
8397,0.0003887558984434593
8398,0.0003606750626139717
8399,9.640269974957995e-05
8400,0.09279931548944566
8401,0.00032580001767853854
8402,0.9879872850647619
8403,0.19437104230112037
8404,0.0007758752772446538
8405,0.001097363392242145
8406,0.0003021577516049476
8407,0.0005796025522117715
8408,0.017522905524038946
8409,0.0003283035999678225
8410,0.0006175419363410372
8411,0.0006362891355965562
8412,0.0005257194850611366
8413,0.002975813219523339
8414,0.0002535176869507873
8415,0.00025281895039029416
8416,0.001615994623971136
8417,0.054926945907313396
8418,0.025416306121347636
8419,0.015451926370616917
8420,0.006021984322677828
8421,0.00024246010567489747
8422,0.002900648780252286
8423,0.00044229142156922705
8424,0.00028719599987254
8425,0.9986762514148116
8426,0.00019922576613994367
8427,0.0003689696695903178
8428,0.0003049484208512001
8429,0.0002107681001443483
8430,0.0001271963919571992
8431,0.00014707656372999657
8432,9.802047412010044e-05
8433,0.0021078676957428303
8434,0.0003186692261002518
8435,0.00035375348261790923
8436,0.3647459336534731
8437,0.0004473513604034007
8438,0.0002977514165252414
8439,0.0017807935582485443
8440,0.4464980011230401
8441,0.0004244511683629944
8442,0.00032785273913594223
8443,0.003410105118456135
8444,0.00036361244026738735
8445,0.0003379393602403938
8446,0.0003793607355393001
8447,0.00023288020871656463
8448,0.01318105444479308
8449,0.0005759340083745616
8450,0.0002548290438788402
8451,0.01364389503575259
8452,0.00040712983355592323
8453,0.0005328604636541344
8454,0.005376358558159457
8455,0.0003736444342750925
8456,0.9903274502834156
8457,0.000262471636776649
8458,9.431942639053992e-05
8459,0.007320791852674545
8460,0.0003470117075535769
8461,0.000603860027615809
8462,0.9954275068262903
8463,0.00042143250738345373
8464,0.0003198134232596187
8465,0.0005043164541713679
8466,0.009415894967433204
8467,0.000420605895939025
8468,0.2149726892627158
8469,0.005098491873602043
8470,0.0002524626293747977
8471,0.00014399901941013308
8472,0.00015204045806151172
8473,0.00043164395970206863
8474,0.00259189345307696
8475,0.993144158131041
8476,0.2567387721249426
8477,0.030685928546349644
8478,0.00021327676221729358
8479,0.013773872970411988
8480,0.32758217813710366
8481,0.028533319275528945
8482,0.00029910885865400583
8483,0.0001695820010192171
8484,0.0007418064273881037
8485,0.00025283595948394583
8486,0.0012850192742840869
8487,0.00013925101120315075
8488,0.001567696286833492
8489,0.0006114582652494195
8490,0.0003322848705832923
8491,0.010402224411650238
8492,0.00013191132740016993
8493,7.485699597243028e-05
8494,0.00016243922303101256
8495,0.00026163850049607077
8496,0.00023515346169815412
8497,0.0002880363290767668
8498,0.0006118537375652565
8499,0.0002651304474016266
8500,0.00021922504867267025
8501,0.00025825862341578723
8502,0.02800730199789126
8503,0.0004033768235957165
8504,0.00016023325617484685
8505,0.0002695111472174815
8506,0.00018274527448600698
8507,0.02320674906504973
8508,0.00031827982665312354
8509,0.009783626879878831
8510,0.00034965227969752506
8511,0.0003381295561564833
8512,0.00011205864383506087
8513,0.0011594414150447702
8514,9.728582009947936e-05
8515,0.0003161672648420947
8516,0.015204316252462515
8517,0.00025714942650141424
8518,0.000796451732992832
8519,0.00024159492474707685
8520,0.00024149219043873588
8521,0.0002079881182554634
8522,0.00041848735245941446
8523,0.9959571760361892
8524,0.00835475348045227
8525,0.001228697718549681
8526,0.057704303690629344
8527,0.00031958213271874415
8528,0.9971201731716974
8529,0.00015741560610796338
8530,0.013400585043709223
8531,0.0024289926168989465
8532,0.00029414005657763345
8533,0.0015804161196384197
8534,0.00021102832745458202
8535,0.0001485348768019476
8536,0.02184676364982443
8537,0.010653931743191056
8538,0.00012360135956355212
8539,0.30637505976084334
8540,0.0004574575446596763
8541,0.0001698921528524566
8542,0.000342214435315439
8543,0.0006663916000347724
8544,0.0009545106706036173
8545,0.0003138442279120131
8546,0.0003755562593695587
8547,0.9989443255449697
8548,0.0015915120635564468
8549,0.00040918881107688653
8550,0.00026357149038829246
8551,0.0005898375809187199
8552,0.00025688940547677396
8553,0.997217070269012
8554,0.10255119543118152
8555,0.06307422433181438
8556,0.00014772864544393812
8557,0.010054361549955296
8558,0.0009140936921498827
8559,0.0003632412440216555
8560,0.00027920876232953953
8561,0.00232032252286228
8562,0.00030743412432388223
8563,0.3011884837018726
8564,0.0005167411002657065
8565,0.012511550500488394
8566,0.00041546103337446064
8567,0.015475496904851699
8568,0.0026319514437274263
8569,0.09703895045541457
8570,0.0002401517905052089
8571,0.00014300821689526832
8572,0.00030186228993864624
8573,0.00021945961147809244
8574,0.007360249033436324
8575,0.6237439589722322
8576,9.468081450233252e-05
8577,0.00033704974956084646
8578,0.00027867591262194116
8579,0.00022936219085034664
8580,0.004317807545971432
8581,0.9973332419482552
8582,0.07806476339624559
8583,0.9980552330702537
8584,0.00031096423678690654
8585,0.0003227413200238223
8586,0.00020633813497247284
8587,0.0004671642341253908
8588,0.007676846053683854
8589,0.0024802850514160507
8590,0.00014403780156639192
8591,0.0005322283002927991
8592,0.00023253564048333103
8593,0.0015959189504989846
8594,0.00012681553654565799
8595,0.002530474236383229
8596,0.0008697352332802244
8597,0.0007749871002702346
8598,0.0003635726404982179
8599,0.0002317360927391237
8600,0.0005570420182717604
8601,0.00018872930092517188
8602,0.02947686821113666
8603,0.00045050418500962845
8604,0.0002949678602267651
8605,0.018799606337686858
8606,0.0003051983905009502
8607,0.9976789470087789
8608,0.00032114741505996825
8609,0.0005729861443449725
8610,0.001032765538633327
8611,0.0002061781409463837
8612,0.00033569453485135997
8613,0.019893234787561498
8614,0.00031251696726627824
8615,0.0003001266416668435
8616,0.0002576350368468554
8617,0.00022427162740191577
8618,0.05645354770093809
8619,0.00022945203334391037
8620,0.0002738108780404597
8621,0.0013453377626170531
8622,0.004967951154019415
8623,0.008046627416553037
8624,0.0004555213169385449
8625,0.10926216655866383
8626,0.5890499264254752
8627,0.0002370388810007512
8628,0.00032648785353169745
8629,0.0006386670509152735
8630,0.0006935638464039897
8631,0.015162491011229014
8632,0.0007392668692580859
8633,0.00030491997279427445
8634,0.0003390865388537623
8635,0.6841471445139772
8636,0.0003043623956390365
8637,0.0005475856197620053
8638,0.0002719932408764269
8639,0.010732951431381645
8640,0.00018949496385865084
8641,0.00028798008478498325
8642,8.161575567566394e-05
8643,0.0030960502152099505
8644,0.0002973205933328413
8645,7.815477134216382e-05
8646,0.0021423314839012723
8647,0.02425051957076705
8648,0.003330018936946491
8649,0.00010657832408917726
8650,0.0010353622750902116
8651,0.09059586401080502
8652,0.00014257359906564584
8653,8.261227144312328e-05
8654,0.0005571773574830398
8655,0.0006057831795222856
8656,0.0005388109102904828
8657,0.0019645644585934716
8658,0.0008284982433698504
8659,0.0003460239198259761
8660,0.0012279540815991888
8661,0.004840581718005255
8662,0.0002527296236372826
8663,0.0007317833718877293
8664,0.0007861085335812467
8665,0.001010068003448487
8666,0.00015834133461972325
8667,0.0008625169057613612
8668,0.002239504658553872
8669,0.0002833513475594886
8670,0.0003398964208959505
8671,0.0002560930893202221
8672,0.0010479775346234391
8673,0.0006244846058686718
8674,0.0008184274274884152
8675,0.0008956597311665911
8676,9.600546611053626e-05
8677,0.0004181048187232415
8678,0.001052335253366756
8679,0.001085512532854931
8680,0.0003570447065725751
8681,7.855627587351487e-05
8682,0.005490399435360585
8683,7.592106748464899e-05
8684,0.0018862893759186016
8685,0.00010344883920767108
8686,0.00028125267399948313
8687,0.00024906645200696543
8688,0.0019027624663554908
8689,0.0007214756839445155
8690,0.0008880724078170297
8691,0.00177785562015145
8692,0.0006149819852036952
8693,0.0010469300532155918
8694,0.000604534109088183
8695,0.0005141849485258757
8696,0.0003570883319156579
8697,0.0038679639453125655
8698,0.00508881655213631
8699,0.0030925980771633584
8700,0.03266132698440948
8701,0.0001174438439607502
8702,0.0023945901725326096
8703,0.001097948878914275
8704,0.00013453763287715414
8705,8.242748282497574e-05
8706,0.0004966819413931638
8707,0.017814395559881974
8708,0.16039594510531802
8709,0.0006177343745343995
8710,0.0009121673715606728
8711,0.0009200818718925312
8712,0.0007244407941650098
8713,0.0009492911640061101
8714,7.53562432074108e-05
8715,8.984433117058775e-05
8716,0.00048597276564973696
8717,0.0029149444010206265
8718,0.042897718621550916
8719,0.02822892281060633
8720,0.02130419486455411
8721,0.006840528571850966
8722,0.0007475057272433827
8723,0.01924661070209448
8724,0.03012914657624812
8725,0.0013804727007903743
8726,0.039230599791132505
8727,0.003035275515499599
8728,0.00023421495686774943
8729,0.002424210142297018
8730,0.0001783475797241197
8731,8.147462285056932e-05
8732,0.0012121960908858232
8733,0.00044521522792692787
8734,0.0033856015407419766
8735,0.00023833679975679287
8736,0.001961915105000747
8737,0.033951547712597674
8738,8.358178819935641e-05
8739,0.001239155563483539
8740,7.233932381617701e-05
8741,0.004402417246356781
8742,0.0016755301566990254
8743,0.06779801977412352
8744,0.00750229803715365
8745,0.003661674276285107
8746,9.55029070084128e-05
8747,8.362818696385535e-05
8748,0.0017162473429617304
8749,0.00574382833709239
8750,0.0018645362864271498
8751,0.0003606670514631798
8752,0.05125769996343239
8753,0.001687253758258624
8754,0.0004721958274460504
8755,0.0003513783803418749
8756,0.031784528717821545
8757,0.0011009046061455172
8758,0.0003602017780339133
8759,0.0004173402703125554
8760,0.0006891280826312437
8761,0.0010392270348688526
8762,7.93229638712277e-05
8763,0.016614801862049534
8764,0.0002381139769179346
8765,0.1683341547315833
8766,7.527777263262057e-05
8767,0.0012490571255005618
8768,0.0002310127981612758
8769,8.180896028438131e-05
8770,0.00272141885572019
8771,0.0002665368461461392
8772,0.0030714215955098554
8773,0.0005043361827654583
8774,0.00010021478670255558
8775,0.0013760951095735583
8776,0.00020493761320492082
8777,0.0011436766172231512
8778,0.008133678435584766
8779,0.00022978507542506906
8780,0.0009613525393214605
8781,0.0005432342787178298
8782,0.10704516562215356
8783,0.008084105492696201
8784,0.018586492247197252
8785,0.007883952072044726
8786,0.0010482820699314085
8787,0.0010018351892616423
8788,0.004111932124960031
8789,0.045644396319544
8790,0.0003489593547893556
8791,0.0008165928701982456
8792,0.004228084483285993
8793,0.0015334971550543194
8794,0.006884765346018361
8795,0.0033844162876528936
8796,0.0026009775908245286
8797,0.0007912015272148416
8798,0.0002917681043567089
8799,0.00012957009836318513
8800,0.0003366077668464473
8801,0.00016033259381546274
8802,0.0021118040827712878
8803,0.001561590652943157
8804,0.0002826115567282264
8805,0.0008678645442461938
8806,0.0007432229525909229
8807,0.002168205072645756
8808,0.0008793768995175404
8809,0.0011388529953480105
8810,0.0006244767680593916
8811,0.0016042086090770485
8812,0.00520222281438275
8813,0.0016454824499837477
8814,0.01364811034943999
8815,0.004601238580722325
8816,0.005418574084442296
8817,0.11977667370868432
8818,0.01686197034700575
8819,0.016584229335437458
8820,0.0012299603254762722
8821,0.0010609853492645818
8822,0.005213577068804584
8823,0.0010545092557471927
8824,0.00011395795626248538
8825,0.0013623992166575621
8826,0.0009426420120228999
8827,0.0006256627649659589
8828,0.00027036899865310633
8829,0.002698651211740095
8830,0.07512136888683933
8831,0.0013838313501777528
8832,0.002285825222712949
8833,0.000493337449711327
8834,0.007680043794526509
8835,0.00992136127607366
8836,0.007172969887772279
8837,0.0003394016191755974
8838,0.00047503081788727064
8839,0.0027983780248889405
8840,0.0008011242684616093
8841,0.009259260344322163
8842,0.000939663185886115
8843,0.0005715354292398747
8844,0.0003665598251405948
8845,0.031997231438470976
8846,0.018598703215597236
8847,0.007017821138763108
8848,0.0008498604897705821
8849,0.0014233182495006712
8850,0.00015610500663590623
8851,0.002183906167125759
8852,0.00024895944285897414
8853,0.00029841175832211945
8854,0.0006106301578809708
8855,0.00014009212726582264
8856,0.0023679974404959376
8857,0.0009489244728450832
8858,0.22339262993719683
8859,0.0005337300803523683
8860,0.0003728712494119375
8861,7.655126635978057e-05
8862,0.0036525398620677963
8863,0.00035980460380833864
8864,0.0003604025983469883
8865,0.000732010652167271
8866,0.0017556041608713002
8867,0.0001681657586847066
8868,0.0005109079189901368
8869,0.00023187622937289234
8870,0.00043618450506527275
8871,8.182560132848043e-05
8872,0.003101408172986041
8873,0.002122543134932104
8874,0.0002732942405837876
8875,0.0006270849066151954
8876,0.0006050379937704685
8877,0.007602494550294434
8878,0.0002894011658473851
8879,0.0006471113719653257
8880,0.001125784714858508
8881,0.000598846725884695
8882,0.0007285831407673939
8883,0.0005647624893237199
8884,0.0081904926231588
8885,0.0009890986585585028
8886,0.0020385688179122004
8887,0.011213813595001261
8888,0.0017003325403976565
8889,0.0005994749489156491
8890,0.00026861095601684324
8891,0.0031709807475321546
8892,0.00025772767727669563
8893,0.0003695724377290414
8894,0.00029601721542065363
8895,0.0011136844218757
8896,7.907056522434092e-05
8897,0.0002799428991330908
8898,0.004209802790371146
8899,0.00033619942058614927
8900,0.0038061343197458805
8901,0.00017056142045114749
8902,0.0076866284512666794
8903,0.00021874697800091498
8904,0.00522187325288
8905,0.0013353172275758264
8906,0.00041249418552528015
8907,0.000609634187037579
8908,0.003198826885414067
8909,0.008939821154542602
8910,0.0037036131701710245
8911,0.0023711565261306045
8912,0.003316957720421089
8913,8.650579636656952e-05
8914,0.0006458190776753487
8915,0.00014973258808091325
8916,0.019133678612859965
8917,0.00011228767511875024
8918,0.008217297446385389
8919,0.00113366666127737
8920,0.22450015275719518
8921,0.0016987868902635813
8922,0.0067135563896586065
8923,0.00032929922186037693
8924,0.00117385674145719
8925,0.004211658845246049
8926,0.002521939673289156
8927,0.00029926352680245357
8928,0.0005869049432281173
8929,0.002360752268740933
8930,8.536902941645716e-05
8931,0.001853503776109633
8932,0.0005614497121607969
8933,0.0010362170266256117
8934,0.0771734467849678
8935,0.0002605292341519295
8936,8.074811844995149e-05
8937,0.004232591636040231
8938,0.003660192885299012
8939,0.0005746828385901736
8940,0.012956037760087927
8941,0.0003177992902888598
8942,0.0003370273366993204
8943,0.0004024577061801201
8944,0.001024573084620242
8945,0.0005376739862292799
8946,0.0005688866973109043
8947,0.00015712781416953438
8948,0.0029056261659433013
8949,0.004855462043706528
8950,7.645052221158805e-05
8951,0.00041783346344916744
8952,0.01425525408225789
8953,0.0003775721755822805
8954,0.016049400445154897
8955,0.008967248475797626
8956,0.004575697352008497
8957,0.000468468635843143
8958,0.0005937475090713928
8959,0.0009028984386212485
8960,0.00030453431983581476
8961,0.002323754553942208
8962,0.0004918400393632889
8963,0.0016982178378275633
8964,0.0011822754318672236
8965,0.0020570198818906497
8966,0.0058134143623549146
8967,0.0009216032284722238
8968,0.00016465968791031042
8969,0.0006225628679100125
8970,0.0005634799892855036
8971,0.0013495154090108574
8972,0.007979297454341287
8973,0.08323853659172957
8974,0.0008228629581204492
8975,0.002716934155490141
8976,0.0040345308440711
8977,7.187115623631806e-05
8978,0.0006079205527120984
8979,0.004536921735442883
8980,0.0028231142271596165
8981,0.0019528298840419233
8982,0.08298125846134558
8983,0.000709037063667133
8984,0.0005870021254814862
8985,0.0011577732155251248
8986,0.09872417867526065
8987,0.0013437599812292978
8988,0.0002724285881446837
8989,0.002630668590578855
8990,0.0003514275940883197
8991,0.00010319410032501139
8992,0.0019392995800617055
8993,0.0022045448727173334
8994,0.03144018068612643
8995,0.001026679754448971
8996,0.0006728719086554499
8997,0.001409294821914385
8998,0.0009495378386544268
8999,0.0007153941916235773
9000,0.0004707412837569971
9001,0.03210862215032992
9002,0.003334930281960257
9003,0.0005516033217263563
9004,0.014690296608336614
9005,0.007064159489748971
9006,9.595129139187472e-05
9007,0.022486461495891237
9008,0.006830495503692887
9009,0.0001100397017271906
9010,0.00027248657557198304
9011,0.0802670662364372
9012,0.32654143314003803
9013,0.026431018377716158
9014,0.0008558061189651133
9015,0.010575545853673566
9016,0.006991867866249828
9017,0.0009894926140092894
9018,0.00016782209757525257
9019,0.0034663944178905436
9020,0.0005751705464212198
9021,0.000301402935274782
9022,0.00042604095392041654
9023,0.02291691138151573
9024,0.0007607663885967087
9025,0.0015924732306236023
9026,0.0009886129028213802
9027,0.003537722872433143
9028,0.004562389494083754
9029,0.0009868275871736274
9030,0.0004385706618632441
9031,0.00043195322556371463
9032,0.000574314682210303
9033,0.00022070254859915263
9034,7.800968044322931e-05
9035,8.384529338164879e-05
9036,0.00032147466848118147
9037,0.0011417920190136149
9038,0.0014688152224465651
9039,0.0069296339799511985
9040,0.0002598998306079299
9041,0.001241644630937733
9042,0.002691708030289275
9043,0.0008627437132407503
9044,0.0021104349384423993
9045,0.00036619156459217334
9046,0.030951387621002968
9047,0.003805098531042999
9048,0.0009145951387697533
9049,0.0020031252998725583
9050,0.0009918884411144484
9051,0.05929850223241743
9052,0.0237928474287249
9053,0.004273446545933144
9054,0.0047971228175767745
9055,0.0011007816481470513
9056,0.0013227585078209362
9057,0.0013428100162367856
9058,0.0005811168898072533
9059,0.002526097696950604
9060,0.004247574855082761
9061,0.011132803519017357
9062,0.00030609367119038215
9063,0.0005385297680262153
9064,0.7633650227772224
9065,0.0018990572017988463
9066,0.0004208119089820356
9067,0.0007990413358822588
9068,0.015047287108758675
9069,0.002108683618910111
9070,0.0013020877370804197
9071,0.0008715284316833403
9072,0.00197656193688674
9073,0.00013660965378884494
9074,0.0002459640938305604
9075,9.867005533442702e-05
9076,0.0006271813929707888
9077,0.0020918542261542986
9078,0.008429315775237308
9079,0.0011660690067639133
9080,0.0004590285853737167
9081,0.00041253787492154985
9082,0.0009901587536379531
9083,0.002063234812641504
9084,0.0399529725032418
9085,0.005195021365349134
9086,0.0006792343389702674
9087,0.0018604567864742654
9088,0.02315320977181949
9089,0.04371928838847218
9090,0.025121507757387508
9091,0.0008454049314495294
9092,0.0017492177712033028
9093,0.00038709646171442057
9094,0.0009502547113487815
9095,0.0003371783075485602
9096,0.39866695348211073
9097,0.05271300100638954
9098,0.0010731970910304578
9099,0.00030168719955271417
9100,0.0022520276077994035
9101,0.0018210109501762418
9102,0.0003215555501903224
9103,0.003875725565698173
9104,0.006448098128079778
9105,0.00646609889285545
9106,0.06178479701942881
9107,0.000589652366252437
9108,0.0018483114544975618
9109,0.0014288202528646785
9110,0.0024089664911066426
9111,0.0009338022142676242
9112,0.0029425003328287114
9113,0.001063990674453546
9114,0.02607459846902015
9115,0.03032139346757486
9116,0.00010944173305249957
9117,0.01720396682833588
9118,0.0010137563017169019
9119,0.0007073919822068248
9120,0.0013273658152497421
9121,0.010052180782097447
9122,0.00011793508773698688
9123,0.0007766790723578275
9124,0.003626654275726539
9125,0.007743002945075033
9126,0.07265458448923696
9127,0.0018951531402658939
9128,0.04955615653637281
9129,0.0013082436101248297
9130,0.0004420997870514378
9131,0.0024402934624661423
9132,0.00028190557140813163
9133,0.0012258507689561944
9134,0.036425389462537115
9135,0.0009086074894889138
9136,0.00048109351324412893
9137,0.0006336802996087269
9138,0.0004191526194168233
9139,0.0006540062621872453
9140,0.0010325592938144894
9141,0.0002162671675577736
9142,0.0013113790764604388
9143,7.814340087008138e-05
9144,0.0007538183616544554
9145,0.0004820086938220852
9146,0.0006815178973431354
9147,0.0004942185992883808
9148,0.0006496780841164677
9149,8.033128279249527e-05
9150,0.0010256324274124664
9151,0.07497116715952523
9152,0.04978828758234728
9153,0.00010207903453711424
9154,0.013072093694134774
9155,0.006404619606092861
9156,0.007339692357939935
9157,0.0018452117931388456
9158,0.0008781637369815251
9159,8.180489276198583e-05
9160,8.390325729526463e-05
9161,0.002879821997321142
9162,0.0023806292523880796
9163,7.23336963525618e-05
9164,0.0051504058220953495
9165,0.0005337352151904072
9166,0.000588345422336384
9167,0.046852735721957764
9168,0.0025359994033722494
9169,0.0027340685787624517
9170,0.0009454295196728996
9171,0.0006455453338650074
9172,0.002546667733083685
9173,0.01018002655547707
9174,0.039869585950699386
9175,0.03500544916296538
9176,0.001431703066928664
9177,0.028820817470525662
9178,0.004052997421730527
9179,0.0032137465537122934
9180,0.0011708636217506174
9181,0.000436154100360323
9182,0.0011456846390534832
9183,0.07739561879300046
9184,0.0003547191530692883
9185,0.0017611852577669243
9186,0.008217234744801278
9187,0.0034342668721427877
9188,0.0012846563943969924
9189,8.024786662254896e-05
9190,7.904393266535797e-05
9191,0.0005019516524631879
9192,0.00297482237269903
9193,0.0014317556853948952
9194,0.0016645932372823433
9195,0.002198932790540878
9196,0.001331262554763212
9197,0.00011619686341461727
9198,0.004312316450216921
9199,0.0012429180587823707
9200,0.0026089233557188675
9201,0.00039461952277951496
9202,0.005077498385625723
9203,0.001389635781869757
9204,0.0013734881372461456
9205,0.00019335888334265282
9206,8.821389194227459e-05
9207,0.00018561333825834478
9208,0.001491188700880885
9209,0.0011374688895497548
9210,0.000903389510283065
9211,0.013256611473553299
9212,0.00202190327295827
9213,0.0009749489088799865
9214,0.0007322111525527033
9215,0.00030432845658685587
9216,0.00015456229831273366
9217,0.002153074878090931
9218,0.0013453287577790463
9219,0.0017094245560220632
9220,0.0011520678419096795
9221,0.028523834297719382
9222,0.0021167358788270075
9223,0.0021311288887439638
9224,0.01418766120584534
9225,0.01023364448082623
9226,0.036886076354168476
9227,0.02305324088465807
9228,0.00025424827289503675
9229,0.0007946640764015727
9230,0.03178270680763647
9231,0.0011473755995819687
9232,0.0001330773933759806
9233,0.0008794428360869733
9234,0.0028297469704296496
9235,0.007280095618109934
9236,0.005373081361239338
9237,0.05883757616978795
9238,0.00022817029891613873
9239,0.0017057016369999897
9240,0.003953854174820592
9241,0.00015455442356437633
9242,0.08213169760897474
9243,0.0010770231872517225
9244,0.0007677470165836128
9245,0.0006221217017602402
9246,0.00099208389126952
9247,0.0005477284377290327
9248,0.001206914838264858
9249,0.0014186671125064462
9250,0.0005741424794038594
9251,0.0031409641490128862
9252,0.0011277819813838806
9253,0.004868888887299391
9254,0.0005778410834674518
9255,0.04458237465175596
9256,0.006238537040139017
9257,0.0010687063376984775
9258,0.0006280133027587724
9259,0.0007653278472209119
9260,0.00022030661876029796
9261,0.000690246867985744
9262,0.00196048707492246
9263,0.0010094984182009924
9264,0.0015547567770554296
9265,0.00029198410672982074
9266,0.0002445734754265432
9267,0.007819627149663088
9268,0.001771834132182538
9269,0.0008741383112768422
9270,7.735736752500987e-05
9271,0.00037422085808860476
9272,0.003234982418592823
9273,0.001569090455934255
9274,0.0010902275180865997
9275,0.0004707442520059782
9276,0.001571335726800896
9277,0.0008294251094325434
9278,0.002927901211260492
9279,0.006556240314290802
9280,0.0012318876831680736
9281,0.004309565311622064
9282,0.00013761296273722938
9283,0.010348199302221544
9284,8.764490216814523e-05
9285,0.0002925440587805354
9286,0.006925442918792282
9287,0.00040405533539586945
9288,0.0004214578521860043
9289,0.0027295572116680226
9290,0.003844807496538796
9291,0.007683490036484772
9292,0.0011012587362619116
9293,0.0007828066183895364
9294,0.005656030123021621
9295,0.0010317931087845923
9296,0.00019710600941621055
9297,0.001712919188455667
9298,0.00032406329811658944
9299,0.0035834143596297323
9300,0.003856419472956657
9301,0.01286300259467996
9302,0.012818071826147276
9303,0.007235026547668677
9304,0.0006197193192810123
9305,0.008996336155292852
9306,0.013795261596571792
9307,0.0040063509418135895
9308,0.00023071886782016494
9309,0.00243834270986742
9310,0.0005886943968339277
9311,0.004081191537057421
9312,0.0004072797362904849
9313,0.036138659500776944
9314,0.01900606419996306
9315,9.239769840713118e-05
9316,9.462952738317578e-05
9317,0.0013178999372890645
9318,0.007107254742650032
9319,0.004051781928116724
9320,0.001590511099443926
9321,0.009542751352696619
9322,0.07108769514415608
9323,0.001806843182229663
9324,0.0014461412700087252
9325,0.0035209620050267705
9326,0.00034584514253661425
9327,0.0008630410185417138
9328,0.0011789967419090694
9329,0.0065078064630940125
9330,0.00013597571433364653
9331,0.015820329829888364
9332,0.010125235084913654
9333,0.0009443004025028765
9334,0.0071247945289131835
9335,0.0002741351054519519
9336,0.00029461061986062604
9337,0.009862183617848241
9338,0.0007218383556070912
9339,0.000979805941346112
9340,0.0020101169020203
9341,0.0016423960109046179
9342,0.003560017628357598
9343,0.006710890780833178
9344,0.00037053300679079084
9345,0.00021906799451650627
9346,9.464065531842351e-05
9347,0.0017631546791281466
9348,0.0005457042060065521
9349,7.230648661603056e-05
9350,0.0021794103902788445
9351,0.0007024221749572406
9352,0.00021347691466499808
9353,0.001165840668201012
9354,0.0019262788905839699
9355,0.001723541174585148
9356,0.0008066882411983273
9357,0.0011225431061115479
9358,0.00026771165597869195
9359,8.60760796108667e-05
9360,9.519023588314121e-05
9361,0.0013543835196130952
9362,0.001087418881396391
9363,0.0008338982648011233
9364,0.0011714596998789453
9365,0.00010079680713176145
9366,0.0013674950617985327
9367,0.0026747107538164566
9368,0.0012438219859986256
9369,0.0012929377520135357
9370,0.001025163049212369
9371,0.00016737690548936625
9372,0.0006864346942415179
9373,0.06434084577501654
9374,0.03142012513840137
9375,0.0010072082291453835
9376,0.001404973927817538
9377,0.0009320365096031428
9378,0.0009899999104271168
9379,0.0038229052596058565
9380,0.0005904010065913551
9381,0.0012119578198639884
9382,0.0012342862014789622
9383,0.0043969492400830895
9384,0.00048823330929977603
9385,0.06395866832602884
9386,0.0007084090101138979
9387,0.0027506640530375265
9388,0.0008950167328977902
9389,0.010888186911152179
9390,0.07553931295419156
9391,0.0004734306436567831
9392,0.009702910479330154
9393,0.0010032588230483002
9394,0.0007321532664041808
9395,0.002276522838747901
9396,0.001508504190031194
9397,7.631393530816493e-05
9398,0.0010912203565363557
9399,0.004972638735331767
9400,0.0019656596164194053
9401,0.0007970597492354892
9402,0.0007796502299241643
9403,0.03470901921403899
9404,0.038564186815271656
9405,0.0006721554204716769
9406,0.0005379233612655449
9407,0.004899704745407277
9408,0.0006136293196164043
9409,0.001142304415298044
9410,0.02849263874852461
9411,0.0020276862572334927
9412,0.000800902993621022
9413,0.314797599487869
9414,0.01268567058986044
9415,0.030915257594812978
9416,0.0008087902925960767
9417,0.001703228378645608
9418,0.00126527458900884
9419,0.0072492093862643586
9420,0.000545289125581158
9421,0.0033365638452954095
9422,0.0010871619503013351
9423,0.0008026963609922508
9424,0.018513126135803477
9425,0.000145796711316018
9426,0.00016521970644821
9427,0.19322615125112647
9428,0.00815369017484575
9429,0.015260387122658328
9430,0.0997455390143967
9431,0.016022198245745294
9432,0.015791803976332078
9433,0.0011054673841867878
9434,0.0019734077584470477
9435,0.0005439943437225604
9436,0.0007128424843042815
9437,0.0009737526995590518
9438,0.00016096906249534542
9439,0.04057760136081848
9440,0.02980952286724346
9441,0.006395654918900126
9442,0.00015143335811684298
9443,0.002802483288056337
9444,0.009822930870214326
9445,0.00013085393372213604
9446,0.00045893377629914396
9447,0.00026774677014309407
9448,0.0017203964068279753
9449,0.00046456049343055367
9450,0.0009591616831275951
9451,0.0013693946710698623
9452,0.0061842108770801315
9453,0.00032851618201306407
9454,0.0014480906740228774
9455,0.0015295674228603165
9456,0.002881954454342631
9457,0.0006137913633646256
9458,0.018947301892164196
9459,0.0007135957371599956
9460,0.0003600510853869913
9461,0.0018553952967934849
9462,0.0002861583686148431
9463,0.0007328929654559739
9464,0.00030075984194727443
9465,0.00018503412736791476
9466,0.0025250830347685197
9467,0.0002379281046423941
9468,0.0007961919245567325
9469,0.0016688085561512734
9470,0.00032930091564066044
9471,0.0007770476278899901
9472,0.0011262232608037091
9473,0.0002583731988667761
9474,0.0013314034066054061
9475,0.0003285012611791183
9476,0.003314303313406334
9477,0.008762616122069996
9478,0.001116124418418012
9479,0.18116924419379982
9480,0.00023013069250173032
9481,0.00017105150187570346
9482,7.672041757425138e-05
9483,0.026466140151137053
9484,0.0009059344252503509
9485,0.0008036847148246706
9486,0.00030729685995909697
9487,0.0002937419499702294
9488,0.0005961798755708075
9489,0.0021468712004135957
9490,0.0007659178554594132
9491,0.0006763199839027486
9492,0.30059797142262984
9493,0.008017920011276292
9494,0.0023507380236068194
9495,0.005566993016327399
9496,0.0009236600653271121
9497,0.00043909578431488596
9498,0.0018364518344900383
9499,0.0007704067147940831
9500,0.0023758593646623517
9501,0.0017831283727108324
9502,0.03812408632512993
9503,0.0012065268708694777
9504,0.0019884937661559595
9505,0.0223419125407933
9506,0.0048892737513899455
9507,0.006376123319948376
9508,7.99439120291902e-05
9509,0.03175625192611711
9510,0.00010672578971229929
9511,0.002650551595372758
9512,0.006528208118191377
9513,0.001068981817618392
9514,0.030024234267549688
9515,0.005725668393536251
9516,0.0014958638685443548
9517,0.002229726974705912
9518,0.0003389080197306201
9519,0.07415335318339429
9520,0.004698042192993495
9521,0.00022233616051808578
9522,0.24045383809230758
9523,0.0016040938533320476
9524,0.002493689243249421
9525,0.0031998474875529247
9526,0.0007623038073905874
9527,0.00018617391815931638
9528,0.014882878369854094
9529,0.008554036580135867
9530,0.0020474666394412052
9531,0.00012231239955762282
9532,0.12266875397944017
9533,0.002822693230307137
9534,0.0018734328605934983
9535,0.0012162388389285789
9536,0.017358604161294765
9537,0.000160072198284675
9538,0.0011166268490369231
9539,0.001065292827801591
9540,0.002275562342539508
9541,0.0003567208437770321
9542,0.002593813921494939
9543,0.0007561105730429041
9544,0.0005670556195595971
9545,0.0009220780391533589
9546,0.004128137577111785
9547,0.00512151956212459
9548,0.010150139345262085
9549,0.0025000705141217995
9550,0.012496516175843245
9551,0.027971369640699184
9552,0.02594541979372599
9553,0.00027041590698185093
9554,0.0007493688058337
9555,0.0004261250991208587
9556,0.006980393852844
9557,0.001684838764169126
9558,0.000581815267658421
9559,0.00606059946746759
9560,0.0010965192066535944
9561,0.00040498184578645346
9562,0.000565314203920858
9563,0.004705947872160991
9564,0.0008445378765772332
9565,0.0007424729309310033
9566,0.0006565107885457436
9567,0.015761864125064477
9568,0.002004388586113157
9569,0.007537595120771063
9570,0.009890285517564445
9571,0.01341660633651956
9572,0.002517937866620427
9573,0.0017851987327101783
9574,0.0029050117579266267
9575,0.0012266381196986693
9576,0.0032482728807464085
9577,0.0004864925053985894
9578,0.05463637809606024
9579,0.0010668366138415072
9580,8.062065693565234e-05
9581,0.0012083971235298718
9582,0.0005337437716733365
9583,0.002607204590075136
9584,0.013296028544051697
9585,0.0012756283739327775
9586,0.001158276090946617
9587,0.11396108963139276
9588,0.0016883919855116883
9589,0.197260238049758
9590,0.00035615198876663863
9591,0.04447599121462764
9592,0.0015900807844078807
9593,0.00283567021722755
9594,0.012550014395219267
9595,0.0028768863878466397
9596,0.0006066242313375163
9597,0.013787119943028728
9598,0.0023210304693689144
9599,0.022715992515358115
9600,0.0009008365024660795
9601,0.00011265730203538409
9602,0.00012892473404352474
9603,0.0010763777862237065
9604,0.0030325016217318465
9605,0.03613768837629107
9606,0.006016102013387635
9607,0.0031686347575072236
9608,0.0024600610747653345
9609,0.0038326949895661237
9610,0.0007501684688169779
9611,0.009131556988778282
9612,0.0014365550912154245
9613,0.0002305292178807648
9614,0.007904584363047917
9615,0.0011582329823646071
9616,0.0010882257389988363
9617,0.0007679298676964358
9618,0.0015561929118187584
9619,0.0018576003039339612
9620,0.008271524737290679
9621,0.0004493192074207013
9622,0.008784821886003472
9623,0.0002552664661054069
9624,0.014027502932155406
9625,0.0003758868066383775
9626,0.012135558933393038
9627,0.0030910539371203642
9628,0.0021584035991106944
9629,0.0012164945970446418
9630,0.000634816290110558
9631,0.001503730414605027
9632,0.00024119788545768438
9633,0.18344805865869118
9634,0.015772831282853672
9635,0.0002158672001293858
9636,0.004812069709419127
9637,0.0008127708254759503
9638,0.0024092071703989753
9639,0.0005286587470906479
9640,0.0009530130892877794
9641,0.007953793425671832
9642,0.005751862193101022
9643,0.010062805841528232
9644,0.002370544218633936
9645,0.0004303677112925719
9646,0.0008180701271204331
9647,0.0010774855501779214
9648,0.000373567825447096
9649,0.001694538848350209
9650,0.002213900829996992
9651,0.001310752292634227
9652,0.006775413641346701
9653,0.00028811597238601554
9654,0.001798678824682778
9655,0.0009247402269107849
9656,0.008084647243662337
9657,0.09320261529268264
9658,8.159473345913715e-05
9659,0.00019741391162835924
9660,0.00015865978486580496
9661,0.000668206177915456
9662,0.010430815628849104
9663,0.0017114444260294555
9664,0.0009874666718333164
9665,0.00443506853761271
9666,7.857117583342699e-05
9667,0.001854018748996144
9668,0.0021045433600228505
9669,0.0025485196142498645
9670,0.021654369244853276
9671,0.010867003281686962
9672,0.00024708696253863423
9673,0.001661400096616028
9674,0.0010822161417849729
9675,0.0016420138546108878
9676,0.002558682920538276
9677,0.02722031929478435
9678,0.0008505802367126415
9679,0.0006723988300400006
9680,0.008954363350764976
9681,0.006473165899171492
9682,0.002366264457015337
9683,0.000641971983380783
9684,0.0010511891413031772
9685,0.0001669793612323367
9686,0.008187184953605127
9687,0.0007120466153964697
9688,0.03244590975196166
9689,0.0010667951933148907
9690,0.0009650721225412733
9691,0.020331264359541253
9692,7.527850349369203e-05
9693,0.003173262817496103
9694,0.011630013283224239
9695,0.0021090711457284915
9696,0.00036218187093369804
9697,0.0008676854499450103
9698,0.00013746739407538127
9699,0.0010720946707894238
9700,0.0016244098644995811
9701,0.0014311377922573104
9702,0.0013973439901284897
9703,0.0011068856547486754
9704,0.00037401838264500937
9705,0.0003742820234786782
9706,0.0006479721910210266
9707,0.0004232019737950616
9708,0.0030958980018639753
9709,0.012270055124542876
9710,0.000608042194901302
9711,0.00014584919305461584
9712,0.0015968471849362395
9713,0.0003005153090332013
9714,0.007618335956265374
9715,0.0013074022123635565
9716,0.02226001567733587
9717,0.0031918663015595263
9718,0.00012260922460886705
9719,0.0008563348866432563
9720,0.0012543269873369213
9721,0.0007363099964891281
9722,0.0026637047094975413
9723,0.0002858239657712862
9724,0.0015031072762992565
9725,0.0008350899905147419
9726,0.0017062492735162745
9727,0.001958748861165852
9728,0.003107656037325297
9729,0.0016870440007018396
9730,0.013747762667418797
9731,0.002984150303562701
9732,0.011558431591369635
9733,0.0008764566298449736
9734,0.000387923393823259
9735,0.022345792803311365
9736,0.01010114868779786
9737,8.180709818912974e-05
9738,0.15457387444954743
9739,0.0003440439333512001
9740,0.01117882270588553
9741,0.0003366292649319328
9742,0.000905708170110317
9743,0.0006286157342031932
9744,0.00313124210716888
9745,0.0014993768368487365
9746,0.0008496084242359352
9747,0.003028378200040931
9748,0.0005566496055680001
9749,0.00010030234099335901
9750,0.0003894118169969972
9751,0.0016235314604211362
9752,0.0020977997537429153
9753,0.000716625918074645
9754,0.007916020410108516
9755,0.007263489350127673
9756,0.0009581996146271768
9757,0.028130946687092213
9758,0.00016142371638447846
9759,0.0005450058495726368
9760,0.0061376570235124285
9761,0.0063570275331281
9762,0.03051825903443417
9763,0.0023771229291411817
9764,0.009130092970655895
9765,0.0007068533865120177
9766,0.00019857816337633067
9767,0.0046042792499546336
9768,0.16386564815105126
9769,0.002187687256260524
9770,0.016856832684118063
9771,0.002146779485763675
9772,0.013273844100129245
9773,0.0010054986518649685
9774,0.0002756455624861537
9775,0.0006114657823705435
9776,0.0012273369127598966
9777,0.0005571490828120811
9778,0.09563659752642342
9779,0.0039373106224403435
9780,0.0015371868314696222
9781,0.0007824546711868739
9782,0.0037816502604788777
9783,0.0018822311451951357
9784,0.026798475610970384
9785,0.0034127403286699693
9786,0.00020829892042468424
9787,0.0032735802798901344
9788,0.0007637292904202368
9789,0.0017638899346267578
9790,0.0011915546838375528
9791,9.626793531347766e-05
9792,0.0014980664936839487
9793,0.0011117522846385865
9794,0.00014322973022163013
9795,0.0020828264333233094
9796,0.025035285144188367
9797,0.0022923296611440853
9798,0.0019596356171755844
9799,0.001624039024667069
9800,0.0011349205482439847
9801,7.380946993295496e-05
9802,0.0015945042789347389
9803,0.0012109689277637538
9804,0.0011772523789098125
9805,0.003370541056434541
9806,0.005235777941837658
9807,0.00023741661577947318
9808,0.0009401111132812199
9809,0.00017702076958451526
9810,0.0021615416718571505
9811,0.0011349948930883553
9812,0.017312949750517115
9813,0.0001731927588388622
9814,0.13722934147084218
9815,0.004742216972869461
9816,0.00014872309169561
9817,0.01891577378934106
9818,0.0008873000500369134
9819,0.00975830703988929
9820,0.03031575772693714
9821,0.041637615248204654
9822,0.0019148768315929328
9823,0.002090969668549489
9824,0.0017959399059454771
9825,0.08147988281067528
9826,0.002385997443606731
9827,0.0003943381611620604
9828,0.012688831302493653
9829,0.00109140340723382
9830,0.005078018179511544
9831,0.00039583171231186674
9832,0.0010664371290880067
9833,0.0001732763123842121
9834,0.010493740900037633
9835,0.005627768288378051
9836,0.0011282538484178935
9837,0.0007447729170201176
9838,0.00015134104212363538
9839,0.04794304507853848
9840,0.0007311914553128536
9841,0.00336523636323198
9842,0.001871352772443022
9843,0.0017230696369446904
9844,0.002145958240683987
9845,0.0023431166289346337
9846,0.002021841177915059
9847,0.0006860638322491953
9848,0.001292426399797171
9849,0.0037219091753675085
9850,0.0010459667037573932
9851,0.0016907957989970677
9852,0.03663177677119116
9853,0.0013103777825109286
9854,0.000661425181142934
9855,9.904097782346788e-05
9856,0.008759367252003308
9857,0.0008485691625898211
9858,0.001956338269294269
9859,0.0003649379041000947
9860,0.00012895510996694783
9861,0.0005007395442358297
9862,0.0012943215397270354
9863,0.012830240410893975
9864,0.0032071196894665815
9865,0.001676936677253891
9866,0.004147856200338753
9867,0.003491202531093891
9868,0.0012427630196067759
9869,0.0017186977119890653
9870,0.0006067199945266032
9871,9.367005099741277e-05
9872,0.0022740035694087035
9873,0.000244096694607988
9874,0.39448324151262837
9875,8.980323589480837e-05
9876,0.0012106298621256523
9877,0.005213759782818646
9878,0.0022364487694899594
9879,0.003781480751082279
9880,0.03625109090740482
9881,0.0017763260362375609
9882,0.0046822126477228075
9883,0.0006906469244254306
9884,0.020692659733817242
9885,0.004205610797216602
9886,0.0011901823089511146
9887,0.0004152430417975046
9888,0.001364931928450224
9889,0.007855711319543832
9890,0.04683940219866843
9891,0.004045886370235774
9892,0.0010561586161053488
9893,0.0013752832506156876
9894,0.0006815426490657906
9895,0.000556352255850217
9896,0.019038731020535892
9897,0.0003408954760915104
9898,9.117586207298908e-05
9899,0.005960774213524369
9900,0.0011594578818580911
9901,0.000574863385705592
9902,0.001814638947299324
9903,0.0012421379045916478
9904,0.05435610890725031
9905,0.006784959756192173
9906,0.005495575538592855
9907,0.0007346032603368668
9908,0.013676874307821333
9909,0.001487929747210103
9910,0.0008372318519745759
9911,0.0002479072883180522
9912,0.004987666004360015
9913,0.023752509868209974
9914,0.0004245553768375173
9915,0.0007147660443502334
9916,0.0005003117243204358
9917,0.00015134988381652355
9918,0.02507600478848491
9919,0.00039537963301809623
9920,0.000863476483571355
9921,0.0008216863983350837
9922,0.00761539979302453
9923,0.0009138959811299221
9924,0.001163936004914661
9925,8.407701508260123e-05
9926,0.0003616086651739022
9927,0.007230129708479506
9928,0.0039166766923096315
9929,0.00011774089341787131
9930,0.0015355519398376196
9931,0.0009204121675884195
9932,9.823449034677053e-05
9933,0.00014524545441362105
9934,0.0034353008624054262
9935,0.0009751144627958228
9936,0.0035853199011847527
9937,0.03433493615441485
9938,0.0010235880454192946
9939,0.0004830922466497985
9940,0.006473851771056055
9941,0.0007758522455167989
9942,0.0004551444806943812
9943,0.0003103863796213461
9944,0.0006542673146869084
9945,0.00766561819565723
9946,0.0007783652604994554
9947,0.0002679067937337534
9948,0.001299071110206033
9949,0.0021317141103954856
9950,0.0016139113997392506
9951,0.056942967580551326
9952,0.05996245053884728
9953,0.0019240138755399182
9954,0.0007468617807321151
9955,0.003717806367962867
9956,0.00014132762992492696
9957,0.025379666317940735
9958,0.008588283116681451
9959,0.0002525000911197916
9960,0.00040396924941003484
9961,0.0009084739732231808
9962,0.001455437570503365
9963,0.0008320689462593238
9964,0.0009370798642118214
9965,0.0010447290044186455
9966,0.006757971802837878
9967,0.0008929516531255413
9968,0.0011912235633461305
9969,0.00025117484130499524
9970,0.012592731304483398
9971,0.0015947974525439563
9972,0.0012835610023337472
9973,0.001763630999051316
9974,0.002350832551657385
9975,9.108000548814603e-05
9976,0.0002587790195448752
9977,8.382687780185093e-05
9978,0.018530715617830745
9979,0.0008994664271194851
9980,0.0745580979715322
9981,0.0009430308374253733
9982,0.001426604726650504
9983,0.001529617831010769
9984,0.0021164775325428604
9985,0.018295832141670618
9986,0.0011236035163241947
9987,0.0010046992708639675
9988,0.006743895071673766
9989,0.0002794744884726616
9990,0.0003871140507029429
9991,0.0025979802114223954
9992,0.0013503281558211143
9993,0.0015619532950830065
9994,0.0010601177265927575
9995,0.001510185320213722
9996,0.003395173266546284
9997,9.519530566178428e-05
9998,0.0015627317760699717
9999,0.0010628007326168875
10000,0.00018211924553872505
10001,0.018177530614475086
10002,0.0004536767046909028
10003,0.00022880300617149512
10004,0.0005965651124671573
10005,0.001488727410758259
10006,0.00020630773480618527
10007,0.001725727114768256
10008,0.0009459646889192102
10009,0.00027748955847128523
10010,0.004521264148865483
10011,0.00088769072203337
10012,0.009889961520171475
10013,0.016894415900501548
10014,0.00017621762524610136
10015,0.012930278664454115
10016,9.4871724752901e-05
10017,0.00020396616718935246
10018,0.043136213828015336
10019,0.009003858262146298
10020,0.003988911097131179
10021,7.886520489506906e-05
10022,0.0076293766272188136
10023,7.395511168385832e-05
10024,7.602324703213838e-05
10025,7.477025630161619e-05
10026,0.004187044233514818
10027,0.022701812375405618
10028,0.00041143977148004797
10029,0.8508972016355741
10030,9.817570752020845e-05
10031,0.0008824025178149075
10032,0.002132290524120354
10033,0.00022941235493459657
10034,0.00047692537040696997
10035,0.006171283531712592
10036,0.005524520678810206
10037,0.00019702268829406826
10038,0.00027010447556140337
10039,0.030930260548173643
10040,0.0003673101458596127
10041,0.002321959501102001
10042,0.04596016567328614
10043,0.012722174444190054
10044,0.0002781955932238
10045,0.00025374002034026145
10046,0.00020811909879055917
10047,0.00029644149432688025
10048,0.00023323883476628537
10049,0.0032132028937957636
10050,0.0019284307365111965
10051,0.00024077723303859107
10052,0.001984819693826782
10053,0.00017902643132738097
10054,0.015325796824895543
10055,0.00033663381483197216
10056,0.00011821340096766116
10057,8.01080588272089e-05
10058,0.00336346231857484
10059,0.005549640715823788
10060,0.10573451341557857
10061,0.01244021987446236
10062,0.0052584056088758584
10063,7.509582975115178e-05
10064,0.00020099210444964223
10065,0.013012489746701572
10066,0.0027871819779056997
10067,0.004015854889711542
10068,0.007554591007009603
10069,0.030770910032255912
10070,0.0020892438543503524
10071,0.0008041133228442181
10072,0.006039324931627776
10073,0.004839530933723417
10074,8.806829611032719e-05
10075,0.00028820780602177327
10076,0.019393552864294967
10077,0.006721002783563338
10078,0.00031901223010953074
10079,0.016701929790497606
10080,7.876914752105027e-05
10081,0.02159741212472165
10082,0.0007013896209690835
10083,0.0010058477870138272
10084,0.004454650185898888
10085,0.0015837661296531562
10086,0.03308751415606841
10087,0.0038622187157318607
10088,0.01706809384994353
10089,0.0008169657277350958
10090,0.04788620339992323
10091,0.006228211929598803
10092,0.05693678182000015
10093,0.00015791804254613787
10094,0.005538425524816145
10095,0.000352727352807793
10096,0.0023908015782545607
10097,0.002121600193596465
10098,0.0005933508977187513
10099,0.0005589253681360637
10100,0.00533614395117028
10101,0.001974473360241411
10102,0.001869797693633106
10103,0.0004335279962285646
10104,0.025617808965235238
10105,0.02607535209259172
10106,0.01033257101445726
10107,0.006815479553734194
10108,0.014060989811995694
10109,0.07149611431087348
10110,0.0012162565964873061
10111,0.0192513034968591
10112,0.006321323359069889
10113,0.00027651763803218253
10114,0.005094506455134463
10115,0.03077113279175499
10116,0.00354432628795459
10117,0.009147138183350223
10118,0.007920123197808762
10119,0.00025471899914484067
10120,9.498718675626714e-05
10121,8.264958064734851e-05
10122,8.346910470637741e-05
10123,0.013553021741000293
10124,0.007410594857382917
10125,8.48715553950437e-05
10126,8.295715629469287e-05
10127,0.00020994809925468024
10128,0.0004203828933690201
10129,0.01622143646923387
10130,0.00033226814938548666
10131,0.0002516703740157246
10132,0.057717532588095186
10133,9.695160831404942e-05
10134,0.015943494551779947
10135,0.035793882780989925
10136,0.07698427313097042
10137,9.997147952017537e-05
10138,0.0001335933687232715
10139,0.0015491876620797116
10140,0.0010960596204266928
10141,7.419596985347028e-05
10142,7.312156416933337e-05
10143,8.612753395121856e-05
10144,0.000261897751904997
10145,0.012648391200442203
10146,0.042809860339840966
10147,0.008146491714995084
10148,0.0013343912309653472
10149,0.0003666448037641385
10150,7.590421626650751e-05
10151,0.034968234117410624
10152,0.0076836512937322994
10153,0.08426802471881749
10154,0.00013861837805037954
10155,0.00030409155710136486
10156,9.065151982802832e-05
10157,8.315124171586284e-05
10158,0.0015580190136607866
10159,0.00012647832248155282
10160,0.00866328999325992
10161,0.025549041999144477
10162,0.001049812920150191
10163,0.1915527613517437
10164,0.01229061435266451
10165,0.008308070916295785
10166,0.015294333710006913
10167,0.03697737452475525
10168,0.0008788003773408916
10169,0.00024248529707971187
10170,0.23460068734092204
10171,0.006431564286462338
10172,0.0011632143110607866
10173,0.00031137913342015353
10174,0.008260052025965378
10175,0.00011552418095738459
10176,0.03771065237233299
10177,0.051550405612667084
10178,0.0010381373287818535
10179,0.002278788278678665
10180,0.00027108652177914113
10181,0.001261373522467975
10182,0.00022630296814671997
10183,0.0013520484968243293
10184,0.0032327393000879056
10185,0.02968489152121167
10186,0.0012197423204104384
10187,0.0002094648424074361
10188,0.006911490171893628
10189,0.0055960881557073575
10190,0.02255760160897191
10191,0.01765677403594445
10192,0.1783059011344244
10193,0.0037712219945756275
10194,0.07132337342792797
10195,0.019751720517028483
10196,0.0057978378563242755
10197,0.0016402597227670207
10198,0.0053761093309312846
10199,0.010302259660146508
10200,0.07332018509354209
10201,0.015111748719613561
10202,0.0016020102141389443
10203,0.006285822607284173
10204,0.0012453183066693859
10205,0.0018515217857372744
10206,0.04906230307451465
10207,0.012570344281930518
10208,0.008247746828304247
10209,0.03893202268437524
10210,0.001546784081961444
10211,0.00029852925973450204
10212,0.000824428255562899
10213,0.0034474282611970017
10214,0.0934987845060614
10215,0.02457815369127251
10216,0.005569399504631886
10217,0.0014937600495667231
10218,0.005580329297986521
10219,8.512427210987361e-05
10220,0.001818105149303788
10221,0.0053402859254987455
10222,0.02557783370756473
10223,0.019509921574110092
10224,0.05149265598150401
10225,0.04594935536747722
10226,0.005415366342658139
10227,0.017974786990735462
10228,0.008443355697461128
10229,0.0015687902417576686
10230,0.031333997537344865
10231,0.0019939412268134343
10232,0.0004455259341977425
10233,0.00011772029061993666
10234,0.00017463140408784336
10235,0.0003575775126252622
10236,0.0005926556674958025
10237,0.0003724105614988016
10238,0.02554380286421426
10239,8.014817389569937e-05
10240,0.0001657439962027447
10241,0.007975438760726612
10242,7.89664672122852e-05
10243,0.027132705661033367
10244,0.06066143230801839
10245,0.0009883348614772155
10246,0.00044168101746448204
10247,0.018194429470757157
10248,0.0019945877437999816
10249,0.062287302393232116
10250,0.21303764497273697
10251,9.651558254949591e-05
10252,0.027195425746852585
10253,0.0007135801629372716
10254,0.009038736930532868
10255,0.020682300088457974
10256,0.0014649197093823034
10257,0.0007164348634073263
10258,0.02646507890441525
10259,0.0338518440849977
10260,0.007457851917221467
10261,0.11791598950844624
10262,0.10937716198370415
10263,0.017743134543468285
10264,0.0003726381595395297
10265,0.017363454752211176
10266,0.046427397639299164
10267,0.00016638356306427731
10268,0.00010226256440956155
10269,0.002264981563839894
10270,0.0031280064226355208
10271,0.014261695868649314
10272,0.0008241181131168139
10273,0.007133523349985085
10274,0.016160667602496695
10275,8.003364290882826e-05
10276,0.020632139148025308
10277,0.0023324743909852027
10278,0.00010667610230688522
10279,0.0011055168947925744
10280,0.00014349297072700052
10281,0.002126296104519844
10282,0.007598600253171714
10283,7.897817580345352e-05
10284,0.0005524170160740336
10285,0.008758857981276482
10286,0.007718359657002458
10287,0.05048663294110748
10288,0.033847930164478665
10289,0.003681608155005279
10290,0.0003206264274057008
10291,0.00034497262413006943
10292,0.016827991581872048
10293,0.00902550371527723
10294,7.492187017742448e-05
10295,0.0003535704016186501
10296,0.0010613433454236844
10297,7.829254304475241e-05
10298,0.0053829893211957865
10299,0.05715544640033142
10300,9.13354779860075e-05
10301,8.355223494991754e-05
10302,0.0028129830960088088
10303,0.00013159273856425664
10304,0.0023534898487125944
10305,0.021276552318909483
10306,0.003874563991688368
10307,0.10300775165894564
10308,0.005767281461015248
10309,0.022287524329998462
10310,0.03377734497394493
10311,0.049140882308547636
10312,0.0036075831860059907
10313,0.00021972171195518532
10314,0.03001099534205639
10315,8.406986593044525e-05
10316,0.004256599552355155
10317,0.02626389606720909
10318,7.830704359080395e-05
10319,8.073100714238374e-05
10320,0.007183268749635282
10321,0.0062851903180365
10322,0.0847550488000374
10323,0.0063982434272389045
10324,7.481030416389009e-05
10325,0.07101305171974773
10326,0.015760938162166484
10327,9.093686143476988e-05
10328,0.04409577339987698
10329,0.0035407293385488403
10330,0.10022494600009042
10331,0.0080051284701984
10332,0.15184043169393116
10333,0.0032442859824293262
10334,0.0003231192397841685
10335,0.0020675079304377404
10336,0.06866335920289057
10337,0.007629757418907726
10338,0.016542005652610166
10339,0.00038906034427436286
10340,0.0056553258028142084
10341,0.00650071673474246
10342,0.010243654327710747
10343,0.027907541567856776
10344,0.00013854132665620065
10345,8.558043316497338e-05
10346,0.0007824732732195678
10347,0.0020501347148186057
10348,0.0595785829219469
10349,0.0011511441542491937
10350,0.00044592992073289544
10351,0.014353738817896918
10352,0.0002908491092192186
10353,0.04360430534612712
10354,0.008869700909997854
10355,0.022435818327452305
10356,0.007982052694286345
10357,0.39268153392190885
10358,8.344209658975256e-05
10359,0.0062545921635883015
10360,0.077823280132442
10361,0.053216221771719176
10362,0.005155561890511473
10363,0.0016131626210196524
10364,0.004559937000440435
10365,0.00835392376841644
10366,0.03578313556973733
10367,0.012276375304326733
10368,0.004844362042974839
10369,0.004983975524301383
10370,0.00022164283731463324
10371,0.08734506673547553
10372,0.03871826935416062
10373,0.00021860140162610343
10374,8.383955612162496e-05
10375,8.048116864506282e-05
10376,0.04907816544755946
10377,0.06086334761582968
10378,0.00018090863087780822
10379,0.0001221091271262458
10380,0.000627077141353574
10381,0.011667381794734862
10382,0.00012906518815409935
10383,0.003149770613165009
10384,7.57046318521743e-05
10385,0.0002228728590057964
10386,0.0008097673174970058
10387,0.010389545105456916
10388,9.813466152759696e-05
10389,8.029432812112919e-05
10390,0.002421611742515082
10391,0.003690185687740745
10392,0.0028082142768464905
10393,0.10606843320380807
10394,0.004260275855533028
10395,0.07073426390300468
10396,0.01802989784203617
10397,7.825840919634603e-05
10398,0.00029402795705302427
10399,7.591942252833925e-05
10400,0.00782061166609466
10401,0.0514630103273496
10402,0.0529100887100218
10403,0.009167623457296239
10404,0.02453426257585742
10405,0.010083820715685714
10406,0.04407836116367504
10407,0.016150166450421412
10408,7.664180590857323e-05
10409,7.478024844283582e-05
10410,0.000670442290850135
10411,0.0036622977205505924
10412,0.0040759425414051585
10413,0.00028010443795993474
10414,0.007448241758298379
10415,0.0014386727706966883
10416,0.0037765919498623443
10417,0.038482417011768764
10418,0.00022885073301996063
10419,7.657671973125201e-05
10420,7.699347185761957e-05
10421,0.0019281863501427246
10422,0.0005807204640092139
10423,7.415701080501684e-05
10424,0.007378107495274955
10425,0.005414647701753342
10426,0.005979802390404863
10427,0.0003289091288970031
10428,0.019120981834351326
10429,0.00014126531924282256
10430,0.07086702245598434
10431,0.010514923047084446
10432,0.00011030522494439586
10433,0.0030128616412203177
10434,0.0029373768743217446
10435,0.0007714339756394559
10436,0.007204692055069234
10437,0.0029488118072560064
10438,0.00015509939501177913
10439,0.00014872422192733936
10440,0.003253292882123498
10441,0.0017576962781232215
10442,0.010474694204699427
10443,8.106462319282694e-05
10444,0.000286627015542197
10445,0.03598463208917513
10446,7.726185748458951e-05
10447,0.00013113170330306405
10448,0.10277579758390805
10449,0.00038665536042124327
10450,0.0010019761302622492
10451,0.005337389915905906
10452,0.002946251407784894
10453,0.010453820983875674
10454,0.00815230877608768
10455,0.004420702800001627
10456,0.033445276085934984
10457,0.1870732145933484
10458,0.006093833449383692
10459,0.003379262273929126
10460,9.278090862632075e-05
10461,0.10940673946309379
10462,0.036493243014908035
10463,0.0013128393912902958
10464,0.0028326914076536084
10465,0.003990819252692528
10466,0.03958488216449858
10467,0.03248897986287429
10468,0.003411622932600338
10469,0.0020843629905095157
10470,8.312901174063545e-05
10471,0.0021390985103463133
10472,0.014428306089416771
10473,0.00910232687246446
10474,0.004197559397452889
10475,0.0016982110131470204
10476,0.010623843376780004
10477,7.710520323380336e-05
10478,0.001459059491906566
10479,0.005346046881299725
10480,0.004449803864303976
10481,0.001688430821805175
10482,0.00817713564206363
10483,0.0003129836433933619
10484,0.007872667364596918
10485,0.008603135016076426
10486,9.801155805189822e-05
10487,7.966907793546705e-05
10488,0.0018667757696482295
10489,9.106163566684185e-05
10490,0.0008532361402830184
10491,0.0066893992992991674
10492,0.015474016088072686
10493,7.604823521609846e-05
10494,6.997722673011039e-05
10495,0.00018948779477510105
10496,0.008732932108705054
10497,0.004785927673183652
10498,0.00869111509877074
10499,0.01286656307512198
10500,0.09192946953198214
10501,0.02168189371724267
10502,0.0705810102249457
10503,0.00011597837910975407
10504,0.001100886467652247
10505,0.007184938462629882
10506,0.0019860775295666698
10507,0.02026360188584499
10508,0.012585896049449785
10509,0.0019930350941615763
10510,0.0033663240807980054
10511,7.380937568399304e-05
10512,0.005257372660654124
10513,0.0034354320312889276
10514,0.01995653315864448
10515,0.003264840232671945
10516,0.3676046798782463
10517,0.008576684155455339
10518,0.018385780972611267
10519,0.04253536224252266
10520,0.0983559969681385
10521,7.56057287045608e-05
10522,0.00014577267468302135
10523,0.00011121325859658198
10524,0.00603084341973614
10525,0.034405815367047836
10526,0.021978297024470343
10527,0.00033996386010033534
10528,0.0003100850726970833
10529,0.005140797183046386
10530,0.040432156326673185
10531,0.02308571594306396
10532,8.054742492731531e-05
10533,0.0005877829985486917
10534,0.00014339780992764613
10535,0.004588018198591543
10536,0.010293316749928602
10537,0.0001779544399068425
10538,0.011369698615364103
10539,0.0002517031739036842
10540,0.0012935533397555013
10541,0.00230505664770771
10542,0.01837488531125301
10543,0.010413556430487178
10544,0.0067115287532484675
10545,0.002172828645164901
10546,0.00020694496972528507
10547,0.0003313982927863171
10548,0.0013321617891426788
10549,0.0014500215592384406
10550,0.00023660804676243469
10551,0.0011162332023101787
10552,0.00016694641953539876
10553,0.000310395455908406
10554,0.00016390730979185013
10555,0.02476572165692619
10556,0.01864180380520117
10557,0.014368082672589022
10558,0.00017440015032780084
10559,0.00044830925584716857
10560,0.07820707206831354
10561,0.009723356223392734
10562,0.002365304209659529
10563,0.00725769361700075
10564,0.0011826022549143388
10565,0.005200457663830161
10566,0.00014749314526627525
10567,0.0026762042771482706
10568,0.004532651689637937
10569,0.00014816690249819855
10570,0.00012268736308698535
10571,0.016136918015396955
10572,0.06741520340328752
10573,0.001832800533923374
10574,0.0019602672003128574
10575,0.00012524746308646847
10576,0.017608711090723962
10577,0.0016335856665471004
10578,0.0003674530062886004
10579,8.256567630563753e-05
10580,0.0029698668739783995
10581,0.00014943940613919917
10582,0.049703971981552145
10583,0.005064981691331869
10584,0.00047735311817814833
10585,0.059677834748804434
10586,0.014490317532398447
10587,0.00317220116482187
10588,0.009815238192328707
10589,0.010832368041479256
10590,0.005620470777928786
10591,0.00015360746520063387
10592,0.31556896656604355
10593,0.009518142747767971
10594,0.002470206966570518
10595,0.005825667410582799
10596,0.0004849476082677983
10597,0.0015154675414657472
10598,0.0004455615826093664
10599,0.006746156993930244
10600,0.0007012270136059597
10601,0.0018465004338728101
10602,0.13417376479431414
10603,0.0010977161736218438
10604,0.136781051173899
10605,0.001885756141811927
10606,0.0022553938841071122
10607,0.5269852249888924
10608,0.0743723463731849
10609,0.0005495397112194283
10610,7.892520599508824e-05
10611,8.328757083370854e-05
10612,0.0008324610684546273
10613,0.00038320876634175113
10614,0.2826540205298212
10615,0.017453296037627537
10616,0.0074359719929895625
10617,0.0003109357074598181
10618,0.04294881325009191
10619,0.00010495331170161205
10620,0.10104582819284755
10621,0.004551457957701135
10622,0.0022492088942062524
10623,0.03035095464281145
10624,0.0003245203347645674
10625,0.0019041632694826922
10626,0.00558369093070246
10627,0.015386361310125047
10628,0.8125722141404406
10629,0.08295151284088224
10630,0.002085518012108518
10631,0.00028901101752565274
10632,0.0004899065758203425
10633,7.601230172171002e-05
10634,0.000805458308861169
10635,0.0006313492973674406
10636,0.00785977500195335
10637,0.0058179641507926485
10638,0.004518374922956102
10639,0.01240773885491995
10640,0.04819100979839841
10641,0.007054590848961047
10642,0.0069208049170139535
10643,7.778146924258369e-05
10644,0.012261536086422945
10645,0.14293397125228938
10646,0.0003951541094185286
10647,0.00010724843391573085
10648,0.0016622843711020646
10649,0.020244046830428207
10650,0.00046657693493796885
10651,0.052390023852684986
10652,0.004268298764752803
10653,8.940330824816961e-05
10654,0.012736329206810712
10655,0.028885882500217026
10656,0.01914714684577275
10657,0.003361639372024193
10658,0.0005814053708236084
10659,0.05198879199456931
10660,0.0007074553608524447
10661,0.000508377663608025
10662,0.014835142728379352
10663,0.0001512403209309891
10664,0.011066848093988134
10665,0.09628209401736527
10666,0.0008865171941021728
10667,0.011749666644233384
10668,0.0016332299346333563
10669,0.03658473243838778
10670,0.01330645248946111
10671,0.0001887383363999706
10672,0.00013964444484615874
10673,0.01873994384169348
10674,0.024012970004723817
10675,8.214972297340399e-05
10676,0.010802200848527099
10677,0.001058529031799623
10678,0.010493837683246418
10679,0.007362805123814846
10680,0.0012895896713218153
10681,0.023348865333162522
10682,0.5084429453384589
10683,0.6215483085056278
10684,7.407823460811999e-05
10685,0.0026560032287827945
10686,0.010534943751210757
10687,0.006600635888686321
10688,0.0004585053479780646
10689,0.018041180225892853
10690,0.0033788230795578447
10691,0.003648242469007108
10692,0.0037885244742654573
10693,0.008351463193724604
10694,0.010596381885472062
10695,0.31093069878784485
10696,0.00512155539192219
10697,0.008357176353422046
10698,0.013577011060494085
10699,7.75209051871192e-05
10700,0.00530967225417941
10701,0.005779908412705541
10702,0.004458720524610413
10703,0.00026978189317075147
10704,0.001060995339099595
10705,0.1351361635083779
10706,7.447413495913152e-05
10707,0.0023314073319097533
10708,0.0010832727490871356
10709,0.01632247635669908
10710,0.0022365079945329993
10711,0.008004495174577384
10712,0.014462938434047399
10713,0.0014232150533725965
10714,0.04398855986811042
10715,0.04364344499473244
10716,0.00666556161295528
10717,0.0007400060848142484
10718,0.041879100985194886
10719,0.032258217524444764
10720,0.013791280156211139
10721,0.006242161247614364
10722,7.834947237309018e-05
10723,0.003579031046177427
10724,0.0005567739720583486
10725,0.0005926667473967193
10726,0.008542912004188549
10727,0.00014492536034238767
10728,0.0001026026760173466
10729,0.022369837267441635
10730,0.011507797588515122
10731,0.060076608107052974
10732,0.010728531169771157
10733,6.800195920256833e-05
10734,0.0034697119473300897
10735,0.006222871200418452
10736,0.008398771174063385
10737,0.00449894984117293
10738,0.03750526416670669
10739,0.00012447903024385688
10740,0.0058441053890632725
10741,0.07091570848147834
10742,0.0020790188726014873
10743,0.010720143702323345
10744,0.004517448413122997
10745,0.014290603443448244
10746,0.0006114336150631554
10747,0.0008968465372027675
10748,0.0072111006884155015
10749,0.0002167275942937752
10750,0.004505536030649606
10751,0.009074763771078645
10752,0.0044654616295159155
10753,0.0012332578033010053
10754,0.00025259309457914244
10755,0.00026914333263837887
10756,0.07521062037435894
10757,0.009391351381868421
10758,0.015984386617417624
10759,0.0032184387058803734
10760,0.000678847674791397
10761,0.006476079325690375
10762,0.0003987572869595969
10763,0.002754273677960872
10764,0.0020286689407026963
10765,0.00020539597314374038
10766,0.0004147736121063307
10767,0.003535879488469991
10768,0.002405172736960961
10769,0.12023961416060167
10770,0.0005800283742840443
10771,0.0003679338303139043
10772,0.10950985926956022
10773,0.11718802290296253
10774,0.018339189196747107
10775,0.005683992728750062
10776,0.0003641895334069259
10777,0.004551578001961475
10778,0.025426207441435766
10779,0.08578901617562561
10780,0.0632818109749463
10781,0.002810931111987563
10782,0.00021565663693945747
10783,7.765099948032529e-05
10784,0.0011218153955600096
10785,0.010336687339089065
10786,0.011804729752142293
10787,0.005279354101538999
10788,0.054492286644441855
10789,0.03931876532859263
10790,0.0006994752119655553
10791,8.434711290775492e-05
10792,9.49296080739881e-05
10793,0.005986363224783681
10794,0.13212395679304148
10795,0.0068512231607926145
10796,0.00017911979059542115
10797,0.0003159913629201815
10798,0.019192567529542497
10799,0.029355251903679814
10800,0.007640116176775886
10801,0.00222883386406817
10802,0.002654525764050988
10803,0.17483166540167047
10804,0.024563814244638972
10805,0.0011656549619721709
10806,0.00527760836937965
10807,0.01206178686465125
10808,0.00803842507493753
10809,0.07833554462198075
10810,0.008141385035535142
10811,0.01854023977706535
10812,0.0031929076761023196
10813,0.010301544284191796
10814,0.017629689332760577
10815,0.009004036547221216
10816,0.0002390639268176189
10817,7.615219658740369e-05
10818,0.02251425869517671
10819,0.0004406726859720588
10820,0.0004381405394997758
10821,0.00029920644160034754
10822,0.0004605865225204204
10823,0.037380326248119176
10824,0.12566318799040085
10825,0.006069983204131493
10826,0.0020553019320603432
10827,0.005742800933741174
10828,0.007636099681437879
10829,0.004231124095593029
10830,0.008092385153821663
10831,0.0053309565295988365
10832,0.022530860442183432
10833,0.006310788246964337
10834,0.0014344987473225526
10835,0.0013804246129606494
10836,0.0076963182812004845
10837,0.04045603024089327
10838,0.021803585214267764
10839,0.0012904564909963538
10840,0.14352600887688322
10841,0.04555833295126654
10842,0.21346110335124932
10843,0.015346657274641934
10844,0.0047653133014611175
10845,0.052343542172907806
10846,0.003959948896099835
10847,0.01833841509888415
10848,0.13465241305288464
10849,0.058010666807408906
10850,0.014963900016239822
10851,0.01572122044916073
10852,0.00020441645721570764
10853,0.004932746073111098
10854,0.0012536288296292977
10855,0.001209771781127425
10856,0.0005109612141850111
10857,0.000676416419709082
10858,0.008733587622663016
10859,0.0042403856136593015
10860,8.982502006126224e-05
10861,0.04553155047521633
10862,0.007859178625970468
10863,0.011891269282005018
10864,0.011214662019977567
10865,0.005487758764251281
10866,0.0013393714908815605
10867,0.0033866242469129545
10868,0.00021306512766797945
10869,0.0006946402534097305
10870,0.008675068132952105
10871,0.40181122171259326
10872,0.0004978981250738466
10873,0.04011743370976888
10874,0.0038470953061034976
10875,0.018161754529805237
10876,0.006151085940127564
10877,0.0003663023188775014
10878,0.00015831183981486474
10879,0.002867850761660843
10880,0.012467952541240604
10881,0.0028042249908915694
10882,0.052811777863759415
10883,0.002419003268651992
10884,0.00010503826921998023
10885,0.06819941768354776
10886,0.000654391361341544
10887,0.09325354685690776
10888,0.005930453164386064
10889,0.011694576064681241
10890,0.0003335838433828955
10891,0.13002030863788255
10892,0.004666214041398257
10893,0.06711720027868359
10894,0.00013676404358519285
10895,0.0002054055993518729
10896,0.00024949209400318856
10897,0.00021713934537760166
10898,0.03480709205629752
10899,0.0984747848587349
10900,0.001540426357937916
10901,0.012939141223214962
10902,0.009253906732281299
10903,0.0017123847623082649
10904,0.014699625325549314
10905,0.024642177757690783
10906,0.029182585241309844
10907,0.001697079882597301
10908,0.0016827749227422723
10909,0.2669147431606453
10910,7.613011133170067e-05
10911,0.00519022926446463
10912,0.0044983835013985675
10913,0.0020234354998360108
10914,0.00571061973765308
10915,0.06753858561808349
10916,0.0002338403191084771
10917,0.056481713439332185
10918,0.0010407994486706597
10919,0.019373101367660996
10920,0.0053888960465061945
10921,0.03129870401646512
10922,0.03476938559556613
10923,0.00048204814933229594
10924,0.17662595883918633
10925,0.004333079460470357
10926,0.00949278103235987
10927,9.386424486545899e-05
10928,0.0032078184052955353
10929,0.05607867826584827
10930,0.019941094739393678
10931,0.0014627849856661567
10932,0.000907435275368065
10933,0.0022574775886048
10934,0.013178869358470532
10935,0.003777551713058993
10936,0.0002857110424919958
10937,0.0030067022562864174
10938,0.007550186216016198
10939,0.0007546168073356411
10940,0.00847735408990458
10941,0.008403231250417021
10942,0.0059343958746626265
10943,0.018825350850631136
10944,0.03377187501055991
10945,0.004468251369084932
10946,0.003831571448741123
10947,8.353852957759374e-05
10948,0.03455862970812009
10949,0.0693205673301411
10950,0.0025808192356435904
10951,0.03642870650170267
10952,0.05477115793765165
10953,0.05012119580266259
10954,0.00023522892785737842
10955,0.0005127569056828439
10956,0.016548581885567754
10957,0.04237975834682382
10958,0.0031108603810216873
10959,0.0018316676746744573
10960,0.000514067382058916
10961,7.902333956390418e-05
10962,0.00022852192872040408
10963,0.006094842893435747
10964,0.0026696915358996147
10965,0.022164027450372596
10966,8.54687539536687e-05
10967,0.5606374501047848
10968,0.00274930473320576
10969,0.08044820895065227
10970,0.004612827113334532
10971,0.010438101048398048
10972,0.015128320799511425
10973,0.0018711636299803994
10974,0.00022876674592976217
10975,0.013687933796467499
10976,0.019087852955851296
10977,0.049520662748222574
10978,0.004203423314027476
10979,0.9949304688970007
10980,0.010227290885038126
10981,0.03758100278819909
10982,0.0030301994388323263
10983,0.0035613153815954217
10984,0.05134448080337911
10985,0.014229120851033155
10986,0.0014518301580314329
10987,0.015314770534173827
10988,0.004309672237877531
10989,0.0038182192653794995
10990,0.002755136723804316
10991,0.1325030569026874
10992,0.023903674682443966
10993,9.798603838008253e-05
10994,0.15474837727360086
10995,0.0008017548319418297
10996,0.08719918118662011
10997,0.09997448330759054
10998,0.029679913850268847
10999,0.000274514761416881
11000,0.00030799331904019775
11001,0.9923447290112615
11002,0.057845965074090275
11003,0.0037273198399373425
11004,0.00029570793525914425
11005,0.0008675088115513063
11006,0.008393135976734856
11007,0.0686124387647418
11008,0.005151133263360075
11009,0.007057402322044719
11010,0.03157312291677279
11011,0.011851415862029152
11012,0.006479064491674631
11013,0.011622395816100996
11014,0.0003353468007736722
11015,7.529245378508722e-05
11016,0.05238625723971453
11017,0.001172146124545657
11018,0.006788256943139391
11019,7.802166842348593e-05
11020,0.01007768066418972
11021,0.0005941873748431007
11022,0.0001689300735586871
11023,0.00016548837724671213
11024,0.013118043644314842
11025,0.02153952371446731
11026,7.713361433817772e-05
11027,0.006914201676368169
11028,0.0011100909498015965
11029,0.00457764004497109
11030,0.01096761640269608
11031,0.0040155214830038775
11032,0.004969970765949407
11033,0.5078195751670507
11034,7.823309098641436e-05
11035,0.006295092846614335
11036,0.008680681800301205
11037,0.00023941133627691452
11038,0.005108099769398794
11039,0.006559034195506945
11040,0.0002797525621682389
11041,6.715871703287868e-05
11042,7.099206635403861e-05
11043,0.01051092350145682
11044,0.0012582759186971024
11045,0.00017810422582749893
11046,0.053315166978685824
11047,0.005157733434281814
11048,0.00620664482960072
11049,0.006263541513360546
11050,0.0005935153818146784
11051,0.0012820332973419062
11052,0.3830117850146241
11053,0.008214568136313993
11054,0.005254704986474369
11055,0.055235045065135366
11056,0.059698049638804485
11057,0.0069664198430859844
11058,0.0001081971230444618
11059,0.0061227852385336455
11060,0.0066587149472307995
11061,0.06391675010832443
11062,0.00023185084215688714
11063,8.30622585827104e-05
11064,0.008757210324809802
11065,0.018912187347379875
11066,0.011017159011008876
11067,0.007249822018806545
11068,0.011704508908400187
11069,0.028822566772730034
11070,0.014643078335972146
11071,0.04685463734836851
11072,0.002097087417291718
11073,0.023440659143667962
11074,0.012400296156335122
11075,0.003396192484945324
11076,0.15881054599322159
11077,0.0003532294132227973
11078,0.00028754594879780296
11079,0.010823364282697161
11080,0.00042650550244566427
11081,0.0004360274788638263
11082,0.004155854075345162
11083,0.003616422235325442
11084,0.0003285436852606679
11085,8.404556080106617e-05
11086,0.007342861262977236
11087,0.021636507327644505
11088,0.08473401772822019
11089,0.006564180111878287
11090,0.00905633312918826
11091,0.008466368780705426
11092,0.0046519131417763595
11093,0.017410382792108423
11094,0.0023405045232719997
11095,0.0003162039245842174
11096,0.02312413247271455
11097,0.00359722339368808
11098,0.006169780878386257
11099,0.0033036045035136964
11100,0.0022308728995366536
11101,0.14973720690826497
11102,0.002909726719895748
11103,0.0014191297128372065
11104,0.051521032338878
11105,0.003624072524717094
11106,0.026549991992593065
11107,0.006943862380139236
11108,0.12276665636412717
11109,9.351679665717486e-05
11110,0.022741572781807946
11111,0.004363099028928419
11112,0.03676527828305512
11113,0.0005010196190608985
11114,0.0011584044675400477
11115,0.024817611817419476
11116,0.008383947085223995
11117,0.22701222418436612
11118,0.0032800073553775496
11119,0.09761551907921291
11120,0.12236452108801257
11121,0.00016790517121471985
11122,0.005506845916997692
11123,0.0020747167965054943
11124,0.0408841461550354
11125,0.6691055359529077
11126,0.03507799260946061
11127,0.12164694911958426
11128,0.12120585131723297
11129,0.0006647529186966461
11130,0.001022617481693509
11131,0.005935769792401393
11132,0.006344257317814049
11133,0.09952873780382043
11134,0.0046761535185585795
11135,0.01397342263492361
11136,0.1211360420004494
11137,0.0031408714493073183
11138,0.0002384385472008422
11139,0.0005209073489835282
11140,0.0040244481569628714
11141,0.017120044995587204
11142,0.009827964791737255
11143,0.020212667648705444
11144,0.02988171806670868
11145,0.0053111792902926
11146,0.003389991336072275
11147,0.056058259203409434
11148,0.0005311400923738302
11149,0.0020430392439246825
11150,0.0008679347373737059
11151,0.01000614979952518
11152,0.09851192085106213
11153,0.0070969238008784215
11154,0.13742829397992024
11155,0.00011347106240791347
11156,0.04056995900813383
11157,0.000504613872657804
11158,0.0037346888205193386
11159,0.013442299500542296
11160,0.0004867380829167597
11161,8.729780059739848e-05
11162,9.506483977849926e-05
11163,0.0007670401845618531
11164,0.0030331715209815516
11165,0.00011028998325177713
11166,0.00525403579812348
11167,0.003522946268888754
11168,0.0006489314966417181
11169,0.000533329615088897
11170,0.00010176572497740313
11171,0.3443888657593345
11172,0.00022483696466334813
11173,0.0008095396687046277
11174,0.04322794620364834
11175,0.0008717208705819214
11176,0.0011632887658560016
11177,0.00012285227845218282
11178,0.005745871677215599
11179,0.0002155737585088678
11180,0.0003259605442231503
11181,0.001409280033260171
11182,0.018850138181628718
11183,0.2227379527910604
11184,0.0005947103154176191
11185,0.0002273924587604649
11186,0.02946121104433882
11187,0.5368788572852178
11188,0.0011510110124154957
11189,0.0010554579644977825
11190,0.0003215521787160268
11191,0.12310785803831344
11192,0.0003437803832127788
11193,0.00046144174239978785
11194,0.0023086191894566045
11195,0.08686592491398262
11196,0.001559111955015892
11197,0.00013002549924508543
11198,0.0010678143636985642
11199,0.06028227310440761
11200,0.0022361224947063407
11201,0.001103045899681537
11202,0.0469430378634976
11203,0.0030146090939481276
11204,0.000631740944676167
11205,0.009224197927465644
11206,0.09161454285679939
11207,0.00023798184567229457
11208,0.0003470894327071643
11209,0.047350764102933665
11210,0.0004863331537738355
11211,0.0001011621407179311
11212,0.0037902194619544713
11213,0.0003069325278381173
11214,0.007806430297422442
11215,0.006719156579775426
11216,0.000740406705210331
11217,0.0004560672371158288
11218,0.00849644985357177
11219,0.003577872928437252
11220,0.005817447069189131
11221,0.16504029979431695
11222,0.007864369527883651
11223,0.0105940119700696
11224,0.0013679712672460536
11225,0.12124435294944962
11226,0.02468861731324054
11227,0.002069767476513459
11228,0.00038272511686670175
11229,0.17370575123085288
11230,0.00027774509477084767
11231,0.039461357031282104
11232,0.04907286032773641
11233,0.005475048083014313
11234,0.007246312968782573
11235,7.697499963345545e-05
11236,0.0007946495016211798
11237,0.012374834259087317
11238,0.004410889053251278
11239,0.016332666928164763
11240,0.003704621067218855
11241,0.002405238782428832
11242,0.006418969847816938
11243,0.007635228242412977
11244,0.000231066670502946
11245,0.00043529479691151824
11246,0.05464602899275149
11247,0.01317065172435021
11248,0.014471860595170328
11249,0.05982219719774932
11250,7.200768510487709e-05
11251,0.002293997404218474
11252,0.00332481299245293
11253,0.04124214550531323
11254,0.027530109975539802
11255,8.693816881577233e-05
11256,0.0036711259647477347
11257,0.048581162953976964
11258,0.007577853699284582
11259,0.6251327480109319
11260,0.007073544593992502
11261,0.044625133930035144
11262,0.012893211560713751
11263,0.000271728193960578
11264,0.0004053742092202454
11265,0.013983418606825906
11266,0.019216168396602288
11267,0.03199657386847955
11268,0.038421771759997794
11269,0.0011706411410640307
11270,0.0019467307983113582
11271,0.10482332810673847
11272,0.13806585738732952
11273,0.0012823577837050935
11274,0.014552291771735304
11275,0.009223696387348577
11276,0.01406828766746813
11277,0.010764573271672899
11278,0.05584093167618648
11279,7.861466879708754e-05
11280,0.03449764364075231
11281,0.298964999840461
11282,0.0003906024534408262
11283,0.007641500878323451
11284,0.00238021283488475
11285,0.0035149878965535205
11286,0.00024930147051915007
11287,0.005393864331286307
11288,0.0023580072332409375
11289,0.0034316420594958826
11290,0.0003272391941862585
11291,0.008930803627176926
11292,0.00024093837861017395
11293,0.007325937271114804
11294,0.01031382801758593
11295,0.00014672815794627013
11296,0.00012316739555091202
11297,0.0024597996253864127
11298,0.21223152234613418
11299,0.009222063689348605
11300,0.03551510758723271
11301,0.33810174730222553
11302,0.011448564552820714
11303,0.05743113251547288
11304,0.006466375053572204
11305,0.00036306197547828975
11306,0.013718171800270634
11307,0.023579450469297963
11308,0.0004899854456507351
11309,9.022726880511741e-05
11310,0.003543193914332754
11311,0.11439801111919401
11312,0.006846832589620694
11313,0.00012174132737048013
11314,7.877984607019486e-05
11315,0.0005248823379565485
11316,0.003484113684790166
11317,0.0035115366648970116
11318,0.00020159840866627336
11319,0.004283576342681107
11320,0.009776831944223952
11321,0.0012954642247703953
11322,0.03133848083355378
11323,0.001752154448560652
11324,0.07862190750990568
11325,8.703600141848282e-05
11326,0.009032930508052891
11327,0.002227766091347566
11328,0.007578567399014059
11329,0.0068921579865017886
11330,0.0002858494438541192
11331,0.004225349344168858
11332,0.009869495837891701
11333,0.003959987591835826
11334,0.010452894077790275
11335,0.00318039958837923
11336,0.004958740528393303
11337,0.24247694594047794
11338,0.029555457012888996
11339,0.01239080742565887
11340,0.0014925395598380997
11341,0.017232340956004788
11342,0.00021347368575654974
11343,8.169654638611285e-05
11344,8.919575145445384e-05
11345,0.00920006619553131
11346,0.011431079346008637
11347,0.006213303473239699
11348,0.0024415643877071453
11349,0.002340073435887645
11350,0.02529130222478877
11351,0.3306833699664632
11352,0.008437212638889878
11353,0.009903361826628475
11354,0.003410810561318435
11355,0.08749533329160983
11356,0.0070364811437670345
11357,0.00719912751990687
11358,0.00554395654407421
11359,0.005314736200907036
11360,0.1200166973953409
11361,0.0004226961435068018
11362,0.020922138430133682
11363,0.0053085061592984244
11364,0.01043224959081993
11365,0.008130098835514427
11366,0.0003015103813049656
11367,0.1819847313891871
11368,0.004205798666672769
11369,0.0036165627677621063
11370,0.00010649827526629932
11371,0.003045486548877587
11372,8.204047445095669e-05
11373,0.004143986788585732
11374,0.007466532906749035
11375,0.0014528615192203188
11376,0.00030884832042444145
11377,0.002601242834735607
11378,0.0004296542995261168
11379,0.0029680951387596214
11380,0.00021186041471105095
11381,0.0007356018901588694
11382,0.0009158315323186672
11383,0.008056537943866852
11384,0.037308914429881
11385,0.011600799696072315
11386,0.00022843081179959337
11387,0.004096217099449179
11388,0.04444724039126665
11389,0.03985212693255131
11390,0.037450410612711496
11391,0.00101239936149366
11392,0.00010079077387540518
11393,0.18158234318913527
11394,0.13213941183540254
11395,0.0003906893684841045
11396,0.0052494856110949575
11397,0.0064865616611344224
11398,0.04147310076446785
11399,0.0004706052460268272
11400,0.0006445690260844975
11401,0.000705290385036567
11402,0.0005621807619932034
11403,0.008044317866586928
11404,0.19878079865766324
11405,0.049407764854304745
11406,0.0016107283968760304
11407,0.059416996483443715
11408,0.4864145605808428
11409,0.0003971520033432199
11410,0.002868588203848052
11411,0.00211156048632805
11412,0.04672130842318774
11413,0.016808800239396054
11414,0.00025231910266687975
11415,0.008595521966555008
11416,0.022071400733632507
11417,0.00017173881706374669
11418,0.00035543841124879855
11419,0.0023808662419857064
11420,0.001462696893114388
11421,0.00017037648421558193
11422,0.020923091113507788
11423,0.006087497944306637
11424,0.02278675596531982
11425,0.00028835197400417224
11426,0.12212064048576879
11427,0.00013354240040915484
11428,0.002457990172691784
11429,0.0012953258884758918
11430,0.03409631994129532
11431,0.0005899445147141174
11432,0.2503033418711853
11433,0.002686453757479096
11434,0.03410476663408578
11435,0.008401237845701978
11436,0.0072392435811496
11437,0.0010498136938405414
11438,0.04379414919224142
11439,0.024506324905999473
11440,0.0016503562464089782
11441,0.02372552087969603
11442,0.0020393240269601614
11443,0.1144883105900768
11444,0.13042743282510477
11445,0.1053684169658492
11446,0.0052669517398349856
11447,0.0006679483416665508
11448,0.017857719571747983
11449,0.003687327064263764
11450,0.059530433917091966
11451,0.00027525468792390697
11452,0.0014177890286374462
11453,0.15670213158731475
11454,0.0013029474358888843
11455,0.00010198414819680587
11456,0.02186993564656055
11457,0.006681916412590781
11458,0.0007617669549427203
11459,0.0004922183210366263
11460,0.008304805814172927
11461,0.0067390786836860036
11462,0.00043775249050665517
11463,0.0008473847230878011
11464,0.017703256169737495
11465,7.524000975219182e-05
11466,0.0006647191114421119
11467,0.0003261440907642766
11468,0.37714935579284464
11469,0.019339190102489683
11470,0.003022398788787402
11471,0.005160098976438402
11472,0.023226260551402724
11473,0.007343598875929391
11474,0.6203416387721237
11475,0.008467793319326003
11476,0.006133897144583404
11477,0.003607944032025685
11478,0.0042770573964338076
11479,0.0031699955226049035
11480,0.00036822132925376706
11481,0.004389179531898541
11482,0.0871850993517874
11483,0.00021955483344471895
11484,0.0057807271467801655
11485,0.00031071312735229804
11486,0.2789089388556441
11487,0.0002460126552429002
11488,0.013339745173117373
11489,0.006322701622546558
11490,0.0013168331932429263
11491,0.007276147527472375
11492,0.012802352783896923
11493,0.00144923318352507
11494,0.0033230871247049293
11495,0.03440363791590763
11496,0.0055158988008526645
11497,0.00645477983412338
11498,0.02653540401766194
11499,0.16859215214809703
11500,0.007541553517145959
11501,0.005320439391209648
11502,0.00032992709399532426
11503,0.0025181235117680513
11504,0.005589200887695016
11505,0.005617164702558455
11506,0.11282995719447797
11507,0.004016941604168522
11508,0.0014727824792160626
11509,0.0006711546445577359
11510,0.0003313008208935822
11511,0.008906983845830791
11512,0.007378962588557592
11513,0.0006556120381488352
11514,0.2477726736418905
11515,0.0014329985231412517
11516,0.01727043500500946
11517,0.0056382276134963865
11518,0.0002555130166638581
11519,0.041631839839024166
11520,0.00011167453321432343
11521,0.00023117199523642389
11522,0.00012481902817727545
11523,0.001464992079045802
11524,0.012159680576641472
11525,0.0003047507499391104
11526,0.02883903563109415
11527,0.00018903501171868057
11528,0.01860502825565327
11529,0.16463732387502228
11530,0.000887152839622011
11531,0.0004130659948308415
11532,0.00013597597665072631
11533,0.0002759241955556567
11534,0.009044065320535515
11535,0.00029006515486187554
11536,7.566550185015574e-05
11537,0.05176409935587436
11538,0.01897993485876323
11539,0.012206813073400135
11540,0.003283468809318734
11541,0.00012577230773034093
11542,0.0005884342437852291
11543,0.0006415797498454479
11544,0.001031232571354166
11545,0.004132232251794271
11546,8.668301896658495e-05
11547,0.02950340564355064
11548,0.0006665907785663608
11549,0.0035116580505365398
11550,0.0005442957152950811
11551,0.011364830190383412
11552,9.434802713417536e-05
11553,0.034257923604503485
11554,0.0012031671430657775
11555,0.030668426489632285
11556,0.00777806526578895
11557,0.024396112678101982
11558,0.006616893943316003
11559,0.0005986169146226342
11560,0.000310364239497934
11561,0.044233506299070725
11562,0.002632935784339268
11563,0.5666526638736884
11564,0.0025841124092253484
11565,0.9955722354600285
11566,0.0008257767136001744
11567,0.0002452640927981624
11568,0.0002283572818924275
11569,0.0003473103709585761
11570,0.0026552463161883554
11571,0.0001104958578069196
11572,0.008356425611072792
11573,0.0007857033451732799
11574,0.00017092399270283626
11575,0.1667632726953082
11576,0.036967811120022565
11577,0.0005851673044794182
11578,0.13916242654147043
11579,0.00043330443260942015
11580,0.000975667327554465
11581,0.0003480641392731939
11582,0.0015256415426700147
11583,0.00012042539000644168
11584,0.00496403453510313
11585,0.00045795916532400516
11586,0.040885598750203034
11587,0.00020482508498782405
11588,0.032011366306346885
11589,0.012064099899032383
11590,0.00019383946371423415
11591,0.003936150921104149
11592,0.0002417015744708307
11593,0.0003432767424714267
11594,0.020759146323775526
11595,0.20579112516315795
11596,0.0007020733521273334
11597,0.0002904222460450182
11598,0.011540450435749946
11599,0.0007540401675168227
11600,0.009303736878313325
11601,0.00013229963180715087
11602,0.16571846134659013
11603,0.057865662695149436
11604,0.04320661467246991
11605,7.942274839524486e-05
11606,0.00010026841691897147
11607,0.004853184282984646
11608,0.027669203767086793
11609,0.002785630788295315
11610,7.853861947670481e-05
11611,7.399684269835443e-05
11612,0.00015879241662151416
11613,8.111544075097005e-05
11614,7.650212562769971e-05
11615,0.0001149502512507506
11616,7.410100309291075e-05
11617,0.5145850140128425
11618,0.0066575709728961775
11619,8.272811290912144e-05
11620,0.021441141301865745
11621,0.031136636845893205
11622,7.835225649436788e-05
11623,0.00014245094116432732
11624,0.00015668362835256363
11625,0.0006187435013170712
11626,0.0003894938452165883
11627,0.00014517759623720208
11628,0.00015937628287943315
11629,0.0003973992794284745
11630,0.01664076687526284
11631,0.0006875575383293184
11632,0.005154755299065565
11633,0.1281536678859184
11634,0.026996505962505656
11635,0.00641839556918323
11636,0.0002086606001704022
11637,8.051208424261278e-05
11638,7.799842999608501e-05
11639,8.176201828453877e-05
11640,0.00037409318338499207
11641,0.007224809061514697
11642,0.026722525798959357
11643,8.070129235824742e-05
11644,0.16388199140070947
11645,0.04617213435225824
11646,8.098611839968888e-05
11647,7.941240707990939e-05
11648,8.049305751134905e-05
11649,7.669916768130057e-05
11650,8.30450018622689e-05
11651,0.003229149528309568
11652,0.00023371228189276815
11653,0.0018584452018456077
11654,9.367744879620009e-05
11655,7.804681504394238e-05
11656,0.00016289619509026615
11657,0.010116326738703978
11658,0.00013636510027458947
11659,0.00025337370059324096
11660,0.00030731841382908634
11661,8.196706732660848e-05
11662,0.028544880777033106
11663,0.00010901090152635548
11664,9.938623579844453e-05
11665,6.611751204149786e-05
11666,0.002072974605944718
11667,7.41297557093941e-05
11668,0.00022615602867906204
11669,8.17085763302082e-05
11670,0.001211118054635177
11671,0.00019211415917517622
11672,0.0005647716072535183
11673,0.00015903724895825153
11674,0.0002446392844291261
11675,0.0002319215379904316
11676,0.00042800289537779505
11677,8.055465027952413e-05
11678,8.557106191400466e-05
11679,0.00018793282146675335
11680,0.0002336271338915877
11681,0.0002974236142436485
11682,0.0003690166951228843
11683,0.0002252078631415123
11684,0.00040303844968137285
11685,0.00020845360673824912
11686,8.1128405325725e-05
11687,0.0003968182171362964
11688,0.00036480984433026636
11689,0.0014914371850674184
11690,0.0001532772953509495
11691,0.00014682729896100814
11692,0.00025864147128754777
11693,0.10807369587833197
11694,0.012462793746610426
11695,7.348034225339558e-05
11696,7.94207690977966e-05
11697,0.046940251606303794
11698,9.47952555345852e-05
11699,0.015529905737163358
11700,0.0003917790059466247
11701,8.628401251881766e-05
11702,0.0003878434804042366
11703,6.905772987743356e-05
11704,0.009326874657177225
11705,0.21053251082007945
11706,0.006817523490741134
11707,7.85751530237422e-05
11708,0.0001715498017478502
11709,0.0007337482904700384
11710,0.00036958776552281663
11711,0.0003786028966169876
11712,0.00015578679141576204
11713,0.0007340581767211877
11714,0.0003387238706223307
11715,0.00011151448052687505
11716,0.0007791950211921298
11717,8.109897939092871e-05
11718,0.00012108029577859664
11719,8.213286005142795e-05
11720,9.034534065230145e-05
11721,8.247271304476546e-05
11722,0.03877929738857573
11723,0.00046366337081236807
11724,0.0008632786260603653
11725,0.0011054067238358402
11726,0.0002553692984811796
11727,0.0005280529412807608
11728,0.00011780034008012361
11729,0.03317032689506458
11730,0.00028363939584118695
11731,0.0008554583801214287
11732,0.006690035549764747
11733,0.015498044929366916
11734,0.01034402430047707
11735,0.024310184163195664
11736,0.0005670068914879438
11737,0.00029586572770371155
11738,0.0005462453675966889
11739,0.00015787870211045294
11740,0.04877496163127353
11741,0.0007052278385159766
11742,0.0001337614720643792
11743,0.00014612506595820378
11744,0.0003355321343190457
11745,0.00036877013087169085
11746,0.00025446017310103023
11747,0.012000300315790349
11748,0.00010428356094731379
11749,7.296527075367879e-05
11750,0.00016650512660914952
11751,0.00017588728578450802
11752,0.0002713117417678104
11753,0.0012532330220911484
11754,0.013057436576890962
11755,0.00011224453849997521
11756,7.845757724659232e-05
11757,7.496991846068115e-05
11758,0.00010622428661731744
11759,0.08639220988584204
11760,8.24003068798428e-05
11761,8.762968323846232e-05
11762,0.009606589034784476
11763,0.0003439177583325558
11764,0.0002586109237976967
11765,7.32819841251086e-05
11766,0.0004998851283222543
11767,8.168711003293019e-05
11768,0.0013215244876085314
11769,0.0006031397385938178
11770,0.00021224345344528027
11771,8.00581596061978e-05
11772,0.0003203126287703758
11773,0.00016813836443802503
11774,0.00012980615401882224
11775,8.619436778218683e-05
11776,0.0002514502251976062
11777,0.00011511804377200389
11778,0.006383747384824318
11779,0.14317418977319868
11780,0.025231609652443976
11781,0.014273417572689994
11782,0.006907915602738608
11783,0.001851038897065944
11784,0.09973339157355564
11785,0.007861959188215133
11786,8.308560324081767e-05
11787,0.00027553787794692454
11788,0.0012951794777953545
11789,0.0006648456663348918
11790,7.477915639404176e-05
11791,0.00027502803935098197
11792,0.00028671768069428997
11793,0.0006439516433096356
11794,0.0037392522666463692
11795,0.0011204150239073805
11796,0.000627735156850537
11797,0.436572403763717
11798,0.000419380582750801
11799,0.0012217463246505418
11800,0.00018706525683496328
11801,7.862610210858555e-05
11802,0.00042807347386383663
11803,0.002140450167586555
11804,0.006627816477252954
11805,0.02921401688904099
11806,7.700765490612662e-05
11807,0.0006406981074681346
11808,0.007666444200905444
11809,0.039900462359407876
11810,0.0005604669921869438
11811,0.00019354592531036264
11812,0.0001834254917082109
11813,9.951806185859655e-05
11814,0.0001188969666485419
11815,7.004791782473454e-05
11816,0.0995388785066402
11817,0.016811573598958577
11818,8.203805757892354e-05
11819,0.00021133205135561768
11820,0.0004278640036293014
11821,0.0002064266063658702
11822,7.420046338250415e-05
11823,7.226172490100503e-05
11824,0.004753147415253932
11825,0.00017848464335960335
11826,0.00022585075927445742
11827,0.005975850584780796
11828,0.0005638876627293605
11829,0.00029017082777231735
11830,0.0016630931802729201
11831,0.00025743394971505177
11832,0.012772745619271655
11833,0.00010502470628772691
11834,0.0013759265073674844
11835,0.00019425864413263451
11836,0.0004013969221682799
11837,0.0002368099997490786
11838,0.00010845842330727878
11839,9.383918023971807e-05
11840,0.0002406829170355266
11841,0.0018471583132219486
11842,7.599561701137773e-05
11843,0.001986117381075033
11844,0.0002583293612118271
11845,8.160085926019626e-05
11846,0.00040078952899132056
11847,0.0001696895752654252
11848,8.135305517552004e-05
11849,0.000143057659680814
11850,0.00013080056927559453
11851,0.017909291318240844
11852,0.0002555313145351703
11853,0.0028034338738941495
11854,0.0009053122540654048
11855,0.000304950597823675
11856,0.00038048092956698994
11857,0.0002791003361104018
11858,8.610957741845819e-05
11859,0.00033356085858878503
11860,0.00015666234971389054
11861,0.0001391470911700408
11862,0.0001355822956292378
11863,7.781557825193626e-05
11864,0.0003571403908046068
11865,0.00034328569759183285
11866,0.00022429954118115383
11867,0.0005356556558021459
11868,0.05533023960708281
11869,0.006516780338064482
11870,0.021617865478074573
11871,0.0006383158992185449
11872,0.00032910632919344195
11873,0.0001779255259039855
11874,0.001668536948127326
11875,0.000474385111301081
11876,0.005724321250116135
11877,0.0002749756283500677
11878,0.0034492131429839394
11879,0.00020615340582445267
11880,0.00020333351027555812
11881,0.00026020941358607756
11882,7.375913519599762e-05
11883,0.015555435884539809
11884,0.024194742787409948
11885,0.00018655455989686007
11886,0.00032312921135395524
11887,0.0009025987789155398
11888,0.01815930837713283
11889,0.02876759271858212
11890,0.023675828466253556
11891,0.00425421297539549
11892,0.0005536180751622794
11893,7.475487883056638e-05
11894,0.00025957795598244163
11895,0.0006860250619338253
11896,0.001968661760759221
11897,0.00020094028805432888
11898,0.0015276243408728998
11899,8.047303351058431e-05
11900,0.0002508183588220695
11901,0.002658760557560252
11902,0.0005710757405944687
11903,0.009769664501836613
11904,0.00027436309383302204
11905,0.0001145188201981117
11906,0.00034422196592067187
11907,0.0007556438099193354
11908,0.0013513264441945292
11909,0.0013590583232860397
11910,0.00036009019179572934
11911,0.0002926111486683486
11912,0.11819044840868116
11913,0.0001264965103170097
11914,0.00015545729434007603
11915,0.08699135803305687
11916,0.00031016830385342846
11917,0.00025403369197102266
11918,0.00013151510989629266
11919,0.0003316478841916892
11920,0.00011088802860939602
11921,0.00017102723243087812
11922,0.0005007653233214148
11923,0.00017730782885425658
11924,0.00032170403005725613
11925,0.000369787021538422
11926,0.0003059444168255988
11927,0.0006530462449148291
11928,7.659182246764584e-05
11929,0.0003726355806742375
11930,0.0001826385395239141
11931,0.009695495720804082
11932,0.006526419031213029
11933,9.129820332987638e-05
11934,0.00011502892557531679
11935,0.0005491342863726435
11936,0.004727140902545352
11937,0.012246469991068366
11938,0.0003933538227000922
11939,0.40565853257356405
11940,0.00033979424924342444
11941,0.00034419503027690614
11942,0.0017605397062941566
11943,0.0005839198647509894
11944,0.0022652090272996805
11945,0.00043429162742691425
11946,0.000277678370168553
11947,0.0009790326082222867
11948,0.0026297273651577483
11949,0.003481401943674671
11950,0.0002076364089365846
11951,0.000288563290837912
11952,0.00011170791281516165
11953,0.008068758869890025
11954,0.0002615720577610186
11955,7.846507872234464e-05
11956,0.00015415503635296822
11957,0.0006658091637476781
11958,0.001455680073402074
11959,8.084041769884684e-05
11960,7.410487707347603e-05
11961,0.00025349145254955523
11962,0.00010356920089953001
11963,0.00034058236729447383
11964,0.01979410460768162
11965,0.0018068884417756464
11966,0.0001827859555094138
11967,7.471341535563628e-05
11968,0.21468004258509504
11969,0.0028504105230820554
11970,0.00018543744288384802
11971,0.01984750694885005
11972,0.28013585610655567
11973,0.0008250857202281378
11974,0.00600488794845924
11975,0.0012082926613072704
11976,8.42434583500723e-05
11977,0.0035263900161515817
11978,8.140145082930373e-05
11979,0.00025782016688453036
11980,0.0002731896738851432
11981,0.00023160514599757396
11982,0.00012484087240827277
11983,0.0018620171037437856
11984,0.010637337763325556
11985,0.00018827169495039554
11986,0.008976285001408029
11987,0.0005532306200343254
11988,0.0003631378163313398
11989,0.00035721868338026635
11990,0.0006526502853703627
11991,0.00704456889842481
11992,0.0014683350746334154
11993,0.002376247638694491
11994,0.0001520974680483858
11995,0.0008476107580470879
11996,0.00012979937764870392
11997,7.271920579647446e-05
11998,0.016408755922816626
11999,0.003753183380029929
12000,0.005823198697224666
12001,0.00020836844844746797
12002,0.0003352854179260618
12003,0.0003347558202375813
12004,7.06143058681697e-05
12005,0.00018181594223489804
12006,0.02543007844771695
12007,0.2746933395687452
12008,0.03156356284737864
12009,0.018538241070585135
12010,0.001630961007771433
12011,0.002154583207358826
12012,0.00116476599173976
12013,0.00075575247785769
12014,0.00029546803936408747
12015,0.00015856142744789727
12016,0.00021274439568252628
12017,0.007711984697374405
12018,0.02880074703371029
12019,0.00021365374414373243
12020,0.0017422447632388822
12021,0.030986239979379594
12022,0.007147885963423521
12023,0.00021467942728975873
12024,0.0020262976627616405
12025,0.00013793262890981293
12026,7.469210601474797e-05
12027,0.0012327759874168648
12028,7.255106390847307e-05
12029,0.00034599670828891623
12030,9.544879496625484e-05
12031,0.9332356923765115
12032,7.464641463177685e-05
12033,0.0003106942238773855
12034,0.024217512869315068
12035,0.0031540680796989786
12036,7.80239037384759e-05
12037,0.00017383669069038354
12038,7.645012458611907e-05
12039,7.58805661824494e-05
12040,0.0015351685404757626
12041,0.0007197812183068108
12042,0.00011429787915525431
12043,0.0001547194592547338
12044,0.02349521293469528
12045,0.0003119941519967701
12046,9.391711883441186e-05
12047,0.00019702664677157404
12048,0.0001341097088436629
12049,0.08344695273085598
12050,0.00846462609343374
12051,0.0008523281560600839
12052,0.029803947791904678
12053,0.00027765613644918516
12054,0.0003752136794640945
12055,7.619116890088303e-05
12056,0.00016727665216752712
12057,0.0013540362235612007
12058,7.246934018519337e-05
12059,0.00015096034549647218
12060,9.615228391301687e-05
12061,0.00023267013154104976
12062,7.249208686857114e-05
12063,0.013137632003861949
12064,0.04215955855693731
12065,0.010638914523057263
12066,0.00012427820727335345
12067,0.0005602739087369609
12068,0.004404013364753617
12069,0.0003573905871647018
12070,0.0003484931718938186
12071,0.010174196386258615
12072,0.004417615574853948
12073,0.00036037547280992155
12074,0.00033855100587337793
12075,0.00987239341600386
12076,0.04426209629218757
12077,0.044377522416347
12078,7.908191720445602e-05
12079,0.000198841762331328
12080,0.0004021365904087027
12081,0.0031859964281031076
12082,0.0035880720691377466
12083,0.0002578072464444751
12084,0.00027414560845792185
12085,0.0011187579153148354
12086,0.00018480189115168002
12087,0.00043751809586217906
12088,0.0004431395181407341
12089,0.00017151751497582285
12090,0.00024399759357996838
12091,0.2816874147982965
12092,0.0007005149188435596
12093,0.0036373768919980482
12094,0.00023596616910554765
12095,0.00022448436136363083
12096,0.0005642715965102847
12097,0.029416583206459512
12098,0.010054734108816295
12099,0.000407443954585925
12100,0.0002665402091901549
12101,0.0003693230814799164
12102,0.0003762241400518816
12103,0.0005239310750233784
12104,0.0009626096096704039
12105,0.001526613484085605
12106,0.012270261053349347
12107,0.00026223657390058103
12108,0.00914748780971155
12109,0.019830561773236256
12110,0.013770937783397436
12111,0.0006207412968169589
12112,0.0027666686775203123
12113,0.0017048526202048547
12114,0.008059898817907469
12115,0.0050953262419357725
12116,0.0028158497724595846
12117,0.01130362209991823
12118,0.0006386064455972713
12119,0.0029289333118637205
12120,0.0015393488683532258
12121,0.00013147866367402918
12122,0.0032688982126814975
12123,0.000370216568576946
12124,0.00023840416586577012
12125,0.03604709684768779
12126,0.013987515212366847
12127,0.0012361481777557267
12128,0.00023312164502094945
12129,0.001461031795923781
12130,0.00014854930580178075
12131,0.02007067260881307
12132,0.004613626349404108
12133,0.0002266378773235855
12134,0.007404937131314533
12135,0.0033886962452303994
12136,0.002585378578672005
12137,0.006419304627298035
12138,0.000369684222127825
12139,0.0005506160935861342
12140,0.0007552965207256949
12141,7.379138219593501e-05
12142,7.53494012494602e-05
12143,0.00011156623732737648
12144,0.00036832041467582644
12145,0.0002412725634564739
12146,0.0057703317881200615
12147,0.008916137702254641
12148,0.0008922461799341478
12149,0.00034652963041219585
12150,0.02498164860929893
12151,0.007121123490905486
12152,0.0002936129838633042
12153,0.003292523671999844
12154,0.0004419659001967273
12155,0.01101067993676325
12156,0.00012718919264363373
12157,0.00016121399155131258
12158,0.00025835528538842794
12159,0.00012701458787492493
12160,0.00010268478296932355
12161,0.0008628866757658734
12162,0.0007155624519730231
12163,0.00014707939159251828
12164,0.004870164635792638
12165,0.0003684953473596801
12166,0.0435746649281126
12167,0.07938078609844404
12168,0.00023466975435298523
12169,0.00011681939294263318
12170,0.00013750463401734258
12171,0.0053933255945817025
12172,0.10012740018045314
12173,0.008544136058357793
12174,0.00021300857590035653
12175,0.0004312360737113309
12176,0.010712156902637751
12177,0.010212185893637041
12178,0.000354200966073093
12179,0.04778089834375108
12180,0.00019640167551295898
12181,0.000326801510142393
12182,0.016099117795132345
12183,0.0020460633567270558
12184,0.00037073653246544753
12185,0.00013286745664702808
12186,0.0005604756654870012
12187,0.001871015694021344
12188,0.0035032414737690776
12189,0.00019342830404267235
12190,0.03474194836458522
12191,0.006537028754040446
12192,0.0029218908397740466
12193,0.000416460028013276
12194,0.0001838449803909163
12195,0.00016033015868750826
12196,0.0003634937449668216
12197,0.005215504329460977
12198,0.00023335431374435029
12199,0.009531805064160834
12200,0.00020581962309693648
12201,0.00020041259725444484
12202,8.99769027612849e-05
12203,0.08646175944104294
12204,0.000139617941102792
12205,0.08820529920023487
12206,0.0006707146417138065
12207,0.028190957281684158
12208,0.04401262507708965
12209,6.803956041125026e-05
12210,8.196093020004235e-05
12211,9.361268868017898e-05
12212,0.0006267088547583113
12213,0.00020680087959871335
12214,0.0008715076599277339
12215,0.00019434065325492852
12216,0.00014557728670810323
12217,0.0003051313096493252
12218,0.45299421548601665
12219,0.0004884345132030791
12220,0.0040477323788091725
12221,0.00013274019007713842
12222,0.006552289401436613
12223,7.979575124285196e-05
12224,0.000177790796151096
12225,0.00025192387702584396
12226,0.0004069936622088957
12227,7.878640725107649e-05
12228,7.367711212313287e-05
12229,0.0002393357701449513
12230,0.003809869774662019
12231,0.0035638197619941676
12232,0.0050745852833304446
12233,0.001353260870471479
12234,0.029093768487566764
12235,7.938171301436903e-05
12236,0.015991555494857923
12237,0.1578240115083161
12238,0.00024635350309912545
12239,0.011710304642833815
12240,0.0015233744641768266
12241,0.0068832935831181176
12242,0.0005420453177224522
12243,0.0005141748049364524
12244,0.00014993437284178463
12245,0.0005108975244184955
12246,0.00451533509362826
12247,0.001865765189968016
12248,0.0001299864949995204
12249,0.0070428522971554205
12250,8.648388960904014e-05
12251,0.08784957798971975
12252,0.010518695609779576
12253,0.0003169960184856354
12254,0.000266203779236844
12255,0.00034637014595615865
12256,0.0007322407507173838
12257,8.469725203530699e-05
12258,0.0001959812344144858
12259,0.0010093641079376777
12260,0.022976270742867982
12261,0.009565034129778622
12262,0.12358519379183072
12263,0.0005367468302877122
12264,0.0004845397979249246
12265,0.016248773307863857
12266,0.0028196806155832083
12267,7.323559302358693e-05
12268,0.00031955515784358674
12269,0.007114689607290105
12270,0.00042619214473856905
12271,0.024186391755227098
12272,0.017873119921871756
12273,0.0008334037204412346
12274,0.6066140607971976
12275,0.0002261259133461404
12276,0.0004181202574031302
12277,0.00025868390259711977
12278,0.05859219784842098
12279,7.437110285465067e-05
12280,0.009795208426244161
12281,0.004608532781780347
12282,0.00012440125666278223
12283,0.00033939411387398785
12284,0.036871330901061594
12285,0.022453955621647325
12286,0.04012282172085929
12287,0.008500017096490094
12288,0.00030057195936763196
12289,0.0004897230726225539
12290,0.0018704375306946418
12291,0.03085270376086759
12292,0.2537762301793052
12293,0.2918448567571089
12294,0.00042760581779657006
12295,0.0024695213615676457
12296,9.389110721496633e-05
12297,9.592166191356571e-05
12298,0.0018590934368724916
12299,0.0002208059211021792
12300,0.00019129766912648102
12301,0.0028019664110973588
12302,0.00024192466535739458
12303,0.0004822147411511237
12304,0.0005494148979199761
12305,0.00010536873132523674
12306,0.003374796111205691
12307,0.0004843763737581639
12308,0.00019282026222317738
12309,0.0003655600240386853
12310,0.000248469392225839
12311,0.0004379516080751082
12312,0.0008423010164789781
12313,0.0009551490034035952
12314,0.0004852322887744628
12315,0.00017006188841976676
12316,0.11538605992199491
12317,0.00039477205618957615
12318,0.0036086686422647897
12319,9.086432640328555e-05
12320,0.00010554117722142292
12321,0.0002524110316470293
12322,0.0002619781417137157
12323,0.0002273139940569761
12324,0.00149208678316316
12325,0.00039306756744799206
12326,0.0075984827197905945
12327,0.0008638605568175211
12328,8.095441774465369e-05
12329,0.00018984291580010065
12330,0.00035139022864380477
12331,8.543104448275942e-05
12332,0.012414587568504443
12333,0.000501297660988675
12334,0.027358269883839437
12335,0.0002991004697912732
12336,0.0005002467463610537
12337,0.003019996951849331
12338,0.010083355825777629
12339,0.00026384840974678686
12340,0.0005723672107745933
12341,0.0003907610317789515
12342,0.00021517590478746293
12343,0.006245009462475577
12344,0.0003249154198164799
12345,0.0016210992085014843
12346,0.018508245137940832
12347,0.00028252920058837366
12348,0.0002811716655264766
12349,0.00015687882806811942
12350,0.012171612686503507
12351,0.00014892089588965885
12352,0.00023726541341124665
12353,9.898503390601352e-05
12354,0.0002952601457597313
12355,0.004513570471223369
12356,0.011034575842443533
12357,0.030038697603284086
12358,0.001937487205310346
12359,9.051728843309108e-05
12360,0.005009564784761394
12361,0.0004860421613926662
12362,0.0003575838210421146
12363,0.00029065678840631986
12364,0.0007189945516389455
12365,0.017614494656595214
12366,0.005453973752444834
12367,8.584193207427393e-05
12368,0.0003206422466978565
12369,0.0009428127784945412
12370,0.0003553327979952573
12371,0.001372766597767457
12372,0.00021180640146821478
12373,0.008530475473682986
12374,0.0006250077015413558
12375,0.009166356637181433
12376,0.0002468891423620995
12377,0.0005788897113134328
12378,0.0003284785459140975
12379,0.00011677517892986476
12380,0.033562513146334995
12381,0.04079672575387972
12382,0.0004065459136530696
12383,0.002273052914394381
12384,7.361658290637484e-05
12385,0.0001714819614465074
12386,0.00016146049323813834
12387,7.678540138719792e-05
12388,0.014567348017159882
12389,0.026607380478311054
12390,0.010015364031339676
12391,0.011320586097655728
12392,0.03129192258228117
12393,0.031525122302584314
12394,0.002882447030861576
12395,0.016807967694450206
12396,0.0013979053451516922
12397,0.029119316188163286
12398,0.0067856200308286235
12399,0.0004029156803095732
12400,0.11514773390752206
12401,0.00042462724780565654
12402,0.0004219926823360863
12403,0.10343323396625514
12404,0.000789247683872207
12405,0.00013600631662696367
12406,0.005105047185817819
12407,0.00024851867224968645
12408,0.005255893227250905
12409,0.0002915158325822825
12410,0.00021790097108303016
12411,0.00020236821161056005
12412,0.0016933666356757557
12413,6.982344912673038e-05
12414,0.08052186714564966
12415,0.030112544108850912
12416,0.00883183815951567
12417,0.0024627441087179728
12418,7.25178990060834e-05
12419,0.00017385187586325466
12420,0.0002569932390113005
12421,0.0047733627151037294
12422,0.0008519612388320226
12423,0.0003862186835398473
12424,0.01586572101962837
12425,0.0009039386492249434
12426,0.14908383276031495
12427,0.0006659772364102393
12428,0.02393203846699535
12429,0.00024240865766633323
12430,0.03242087171608603
12431,0.0005199574263285566
12432,8.454622008352229e-05
12433,0.00012216611236813443
12434,0.34885242235213487
12435,0.00045612883586334407
12436,0.013214759135762746
12437,0.0007724404068586772
12438,0.0036848750431178064
12439,7.872622653197397e-05
12440,0.00014325815176925827
12441,0.0003685579176516139
12442,0.1774955989384201
12443,0.00014823318057589847
12444,0.00013085819239950033
12445,0.009503184103307975
12446,0.015301432324505492
12447,0.0005213464431024376
12448,0.0005930139223114004
12449,0.030821686438995893
12450,0.00044081732897591566
12451,0.025806279902184915
12452,0.02027304117910462
12453,0.02071108744167907
12454,0.0008697414278482751
12455,0.016651538865269384
12456,0.0053799613695416585
12457,0.004746339006837034
12458,0.0009165208129173775
12459,0.003856111046534015
12460,0.02163598316520763
12461,0.0052229237274298065
12462,0.0012364929267679138
12463,0.0035603979189356887
12464,0.00014557965102014893
12465,0.0002450656523086302
12466,0.00020894184167797453
12467,0.00024289644594004107
12468,0.000293508977255884
12469,0.0017692555451710578
12470,0.002441414190188696
12471,0.00010488371757250449
12472,0.09406693996422033
12473,0.0001384887616536753
12474,0.053527105581866685
12475,0.004383800752565772
12476,0.008351947654001985
12477,0.000313465409931
12478,0.019210504159466745
12479,0.0007757885535760552
12480,0.03774200403243863
12481,0.00028830796485381893
12482,0.004092080693769826
12483,0.00027847506000861714
12484,0.0003030503840675102
12485,0.0002542035940385934
12486,0.009921122585932208
12487,0.007659571840308204
12488,0.000481469282904351
12489,0.012797935347797006
12490,0.10540328277224094
12491,0.00021791072087290058
12492,0.000273578546880247
12493,0.00029623648003778265
12494,0.00033464879325824143
12495,0.0002994453761711164
12496,0.00029858824809032695
12497,0.024838463084813047
12498,0.07573132038770478
12499,0.009950397174678207
12500,9.991704023416745e-05
12501,0.14272247278435862
12502,0.0023862651960163154
12503,0.001765124411156427
12504,0.0004147825503670982
12505,0.0004762525509079558
12506,0.0002840182980197483
12507,0.0018335306768997306
12508,0.00025247492175758333
12509,0.019950082561666367
12510,0.008579114415826528
12511,0.0006883617925024035
12512,0.00024205890754065598
12513,0.00033941785694634565
12514,0.00039723896517988535
12515,0.09381799084188777
12516,0.00033306316428429134
12517,0.0007038983788619505
12518,0.00030842198232358095
12519,0.0019392364488706245
12520,0.0031228710173288985
12521,0.106160753474551
12522,7.954010506116754e-05
12523,0.0002954156030300312
12524,0.017159631602863174
12525,0.27779857130859076
12526,0.00019190264955041124
12527,0.0002735563444930973
12528,0.00042152039482164374
12529,0.006186357995594611
12530,0.013484893175193805
12531,0.06066860990740121
12532,0.000184889937230164
12533,0.0002687857852529631
12534,0.19216768820216756
12535,0.00025990070949100173
12536,0.0002717859003554746
12537,0.00019042145676856354
12538,0.00010234839845832252
12539,0.04650104950725013
12540,0.0006205433891119024
12541,0.0003722889133224557
12542,0.00039568331301293184
12543,0.000307063597005446
12544,0.0008938686809645728
12545,0.12103457584981533
12546,9.423113951176344e-05
12547,0.0006895936859108402
12548,0.00022010593829763429
12549,0.13684355939606896
12550,0.059999957912968846
12551,0.0025980354718447077
12552,0.0005776741618682921
12553,0.004456057694326594
12554,0.00013997887586316451
12555,0.0007407435092194316
12556,0.005037161176524655
12557,0.000309264363951446
12558,0.0001011245098490543
12559,0.00020836686711927472
12560,0.00029715714864474434
12561,0.00041364793826327
12562,0.00012593901673503823
12563,0.00033612437884985755
12564,0.021034295256223808
12565,0.0011236296070707276
12566,0.0003241819426791074
12567,0.014764611499596172
12568,0.00024259949090053363
12569,0.0722220275056599
12570,0.18509404570271762
12571,0.0006057834765513621
12572,0.008110424140043785
12573,0.00031726368601952393
12574,0.006741719315103698
12575,0.0001366759953438042
12576,0.00031255827567165065
12577,0.003091245539565561
12578,0.001544329449438941
12579,0.03289435514379505
12580,0.00032672946959675487
12581,0.0003146461598508628
12582,0.0004267148092822697
12583,0.0002542890798804698
12584,0.0004611920662606314
12585,0.0003085579711849899
12586,0.0007301658633121985
12587,0.011595877010791598
12588,0.013724398068713048
12589,0.0003660706415586118
12590,0.003191861211799428
12591,0.00024145837722040867
12592,0.00057580788865948
12593,0.0003170052846765635
12594,0.00016419242931159882
12595,0.004338984364298439
12596,0.00025639735539901263
12597,0.02034727787498284
12598,0.0006258724227599158
12599,8.178884691468814e-05
12600,0.0011414463720081209
12601,0.001535986919721895
12602,0.18523115620680533
12603,0.011734959281836368
12604,0.00031000375480485793
12605,0.001399652902910227
12606,9.654419846248796e-05
12607,0.0020020754431314927
12608,0.0012120422826028695
12609,0.008783228692194542
12610,0.0002944735787192126
12611,0.0003235143373718326
12612,0.00022909152453697316
12613,0.0002784982066387499
12614,0.015611307977907987
12615,0.005213238859531686
12616,0.001101484581960558
12617,0.0001376850269452248
12618,0.010098794260957281
12619,0.00044273073498926835
12620,0.0003665292318945815
12621,0.004746539164695763
12622,0.03399180618320622
12623,0.006569267147998534
12624,0.5071823951341451
12625,0.00019310967964903937
12626,0.000316566763436194
12627,0.1033986137716048
12628,8.637604979610268e-05
12629,0.024240344111974642
12630,0.0002039477636687239
12631,0.008950611919718113
12632,0.011509378269936157
12633,0.014104037518009893
12634,0.001605036886498284
12635,0.06614458273129968
12636,0.0004277760758053803
12637,0.0002308774831631864
12638,0.00023107514556470598
12639,0.0002671673269288832
12640,0.05046276278497155
12641,0.0005039445289152166
12642,0.00012815045775165507
12643,0.0007146889320250083
12644,0.00023288646818382655
12645,0.00029044790878201296
12646,0.00020680540005526106
12647,0.0008465514861692981
12648,0.0002576860962281995
12649,0.0023220914982739226
12650,0.0002630758774496209
12651,0.0019941242053364986
12652,0.005238248306506085
12653,0.018326435489742915
12654,0.00025568165456211513
12655,0.0013574917309507836
12656,0.4580104636167883
12657,0.020026440175183097
12658,0.0009507412597582436
12659,0.010198252528877289
12660,0.0036033413010614517
12661,0.0002967818449234945
12662,0.008482961112342941
12663,0.0002590759649946608
12664,0.03316035883175549
12665,0.0002393962155346934
12666,0.00025897476457767757
12667,0.0024401389183858336
12668,0.000288417753061155
12669,0.016465949801847204
12670,8.249595159041422e-05
12671,0.000161531109712983
12672,0.03594326066005663
12673,0.001254412538715386
12674,0.012503492714635273
12675,0.00019874557471592894
12676,0.00044091137152615993
12677,0.00020458070650808315
12678,0.004069251871381375
12679,0.00237452860449472
12680,0.0002584987456978126
12681,0.013398750002703044
12682,0.0006172848987932072
12683,0.0002432841137247937
12684,0.0005687146003707076
12685,0.007332512342219684
12686,0.00025357879893448586
12687,0.002070149532236532
12688,0.0014457033857848524
12689,0.0003056869728242256
12690,0.012794994298986086
12691,0.0001828345133815903
12692,0.00025072574206049577
12693,0.0007314665499167973
12694,0.00019038179440232318
12695,0.036410488096653655
12696,0.0002178811694648638
12697,0.00045947278595634454
12698,0.00011755425406433178
12699,0.0002637035741486729
12700,0.0004221710195885315
12701,0.0005327462390951831
12702,0.001179335756834916
12703,0.0034775623519890746
12704,0.012234559120406812
12705,0.00031245654579639865
12706,0.0006407837731016558
12707,0.00029123376274316367
12708,0.0002754565376964115
12709,0.00012011791919014676
12710,0.0002961727334867055
12711,0.00040881631721507837
12712,0.022638939625798382
12713,0.00012777980078312515
12714,0.00012796689147426566
12715,0.005367802870891398
12716,0.00034670834817109307
12717,0.07525751654141037
12718,0.000789178055432298
12719,0.00021115371684205902
12720,0.0768362124271709
12721,0.002935581713765482
12722,0.03924115859462006
12723,0.0008474518550345946
12724,0.016693072040600426
12725,0.026955839001049132
12726,0.019443508601561067
12727,0.024186165010070048
12728,0.010910004928130386
12729,0.019436593399501562
12730,0.02859555364400752
12731,0.0009684283736397133
12732,0.000343386047264028
12733,0.00020159427535791885
12734,0.022364612334808638
12735,0.00014255689175255673
12736,0.0003029395871542887
12737,0.0002945733851461348
12738,0.000597652451281672
12739,0.0001941319968253713
12740,0.00023186419374630435
12741,0.014161411750416719
12742,0.00018906776284077987
12743,0.0014304682242876014
12744,0.005200299381695498
12745,0.0003470970431638104
12746,0.017739245887253514
12747,0.1208608008579887
12748,0.0001292290846943974
12749,8.540174962123378e-05
12750,0.00011746692588035766
12751,0.00011406252780198993
12752,0.036458004682018506
12753,0.0004499676766353076
12754,0.01958406169739267
12755,0.002439424086515878
12756,0.18114255099975962
12757,0.030946388400048513
12758,0.0002814366362329724
12759,0.03163969493067507
12760,0.012563627922178588
12761,0.00012324824486605087
12762,0.004110927209676837
12763,0.16687879843957734
12764,0.053525239150852465
12765,0.037033196977307684
12766,0.004698808734677557
12767,0.04398599588518595
12768,0.000259609523716304
12769,0.0042867553226250705
12770,0.0013934022199396572
12771,0.0013638342437106066
12772,0.036937383934957345
12773,0.0005059730284986168
12774,0.03112873023694428
12775,0.0001989119053303985
12776,0.00024284724247868617
12777,0.001513626895837512
12778,9.953222607290799e-05
12779,8.744763757357115e-05
12780,0.05411027313275045
12781,0.3532295593638233
12782,0.00949271277527799
12783,0.00018731609753094608
12784,0.0010969764482507698
12785,0.0002483179974115542
12786,0.0003494027037549837
12787,0.0004176907830730573
12788,0.00022863544081905556
12789,0.024125939975495343
12790,0.0001772564406213024
12791,0.0003688682131596182
12792,0.00010008127923961528
12793,0.08186544411256982
12794,0.00024141932673218538
12795,0.07215825884411062
12796,7.936102506331892e-05
12797,0.0004996706942422904
12798,0.0004185672193225113
12799,9.407840575451324e-05
12800,0.01674073929999846
12801,0.0012677989976698386
12802,0.07219913816847644
12803,0.02777530501315529
12804,0.00011230470548279241
12805,0.0003950219136261709
12806,0.002939757837995527
12807,0.00013500147888439632
12808,0.10507725044118896
12809,0.022020223660018566
12810,0.014979893236394915
12811,0.00021144666550013857
12812,0.0002617786599240702
12813,0.0166616398082017
12814,0.001544031033352837
12815,0.0022658432425112156
12816,0.11175921088277321
12817,0.0002632595579964433
12818,0.0007102033337045711
12819,0.00010798336548933401
12820,0.00020492310729772252
12821,0.00020298750716913014
12822,0.0003535220116888568
12823,0.03286866443780286
12824,0.00043322412851603675
12825,7.771247122893312e-05
12826,8.518615514006194e-05
12827,0.0017974902834650163
12828,0.00024138795374796003
12829,0.04548796016511114
12830,0.004283440249388107
12831,0.00013921938645419462
12832,0.0004599982703700045
12833,8.324201514046181e-05
12834,0.000972998003056811
12835,9.751315864833104e-05
12836,0.0008090361676945372
12837,7.202747002618706e-05
12838,0.0006835219252907784
12839,0.000864572114584249
12840,8.148354922306314e-05
12841,0.00018920465197622979
12842,0.05637012779350794
12843,8.635480451213415e-05
12844,0.008653559777909343
12845,0.013336089104986012
12846,0.00012075951500357647
12847,0.00024046832163633053
12848,0.0006366988837570219
12849,0.0002733312918269251
12850,8.29505155722519e-05
12851,0.0014827031477658596
12852,0.0006106869891729519
12853,0.061426447699874445
12854,0.00015418429467374816
12855,0.00016981185216946343
12856,0.00042465279579130804
12857,9.646135280043998e-05
12858,0.0003805777989902198
12859,0.004708806264552759
12860,0.0001053176865650794
12861,0.00238279204609849
12862,8.601955442418433e-05
12863,0.00026037544232195605
12864,0.0002844122785693187
12865,8.922425568824412e-05
12866,0.000642897269615276
12867,0.00034814752105504263
12868,0.004564336183265174
12869,0.0003283722433144374
12870,0.000600833857139752
12871,0.00014998444791464248
12872,0.015640814120101827
12873,0.8547969536823545
12874,0.0007778107543471746
12875,0.00013855018329403195
12876,0.08986269757958706
12877,0.17098923253763212
12878,0.03711985973732742
12879,0.002172640185707615
12880,0.0002498113919824191
12881,0.000295119299882927
12882,0.008611041963866885
12883,8.273707634286396e-05
12884,0.00499053549178371
12885,0.002402652124397153
12886,0.0011790479245102653
12887,0.00014339284994983718
12888,9.053853345885752e-05
12889,0.00015634336089805564
12890,0.0010825514801174603
12891,9.297055246827761e-05
12892,0.0001016399637771237
12893,0.0016165790341947984
12894,0.00022161257118656527
12895,0.0009697659713902111
12896,0.00030743511117743564
12897,0.0009628928928790534
12898,0.002543369448460362
12899,0.5958956631320339
12900,0.0002376095001927647
12901,0.0009200504289781774
12902,0.0003894473085266791
12903,0.0002977064847075123
12904,0.00015798300801625915
12905,0.00015026640785767165
12906,0.00024759329522980246
12907,0.00030421952811036934
12908,0.01679901169488991
12909,0.0002919696981499402
12910,0.0004176030213005323
12911,0.00039287687693814586
12912,0.03205993267236838
12913,0.00022779447076386192
12914,0.8445255946364499
12915,0.03179534874924058
12916,0.0004838866276878111
12917,0.003239358859945722
12918,0.0013520995540294743
12919,0.0011918682851596834
12920,0.0004913908068632822
12921,0.00021932295131988117
12922,0.03990995911111066
12923,0.00013957496282768675
12924,7.945188505340645e-05
12925,0.00014355545897682024
12926,0.07917758908592713
12927,0.00015823923581802642
12928,0.0014291963232813767
12929,0.00040526212661128123
12930,0.00021120880660300455
12931,0.00010684970915962571
12932,0.00023584332892319574
12933,0.00017004974323874222
12934,0.0005057647087594116
12935,0.0003399399286385511
12936,0.0005004887140557265
12937,0.0003328627404971894
12938,0.000584000615987315
12939,0.00017921251556365168
12940,0.0003484065698276538
12941,0.00520505201004027
12942,0.0003658413533393582
12943,0.00039650744749345846
12944,0.0005274118514628546
12945,9.421512718807713e-05
12946,0.0009233714640119585
12947,0.0005014707790601266
12948,0.000344437855221466
12949,0.0003553095108681476
12950,0.00023416547249575345
12951,0.00426846612094974
12952,0.00034882429799193475
12953,0.00026090697515926815
12954,0.0002329872273021864
12955,0.9759993694415625
12956,0.00027644283360926084
12957,0.0008809810050946516
12958,0.005462583863894221
12959,0.000402451757193463
12960,0.2597058914604925
12961,0.19512926397609115
12962,0.00032892609589459186
12963,0.0003659155608418404
12964,0.00032184159145450854
12965,0.0008327650650778893
12966,0.00017107153663432152
12967,0.0005701610182196917
12968,0.01958394594002668
12969,0.0002463992890257064
12970,8.069827305368943e-05
12971,0.0038555978593877265
12972,0.10141563784166914
12973,0.0002940120208850607
12974,0.011913817723113198
12975,0.0034981287097000076
12976,0.00076772252298027
12977,0.0003261476303396772
12978,0.0002861958970426228
12979,0.7519532122886607
12980,0.5057345389086236
12981,0.03666549721200786
12982,0.015334480459452352
12983,0.005140991748400929
12984,9.807585202000065e-05
12985,0.00018312517631461286
12986,0.03180608416778706
12987,0.00029633070957261467
12988,0.0003161270262138894
12989,0.06538475703503951
12990,0.1972617750708428
12991,0.00029247051286769354
12992,0.00609840755764853
12993,0.0014548041157979995
12994,0.0002887601795083822
12995,0.00010065096145916695
12996,0.00022191804799825927
12997,0.11769163533110771
12998,0.561619969034076
12999,0.00044909182150857236
13000,0.011909951258637131
13001,0.08196884208628005
13002,0.00029180103432614794
13003,0.00017579567727402963
13004,0.00026768654486680407
13005,0.0014214109820043824
13006,0.00021995009855414632
13007,0.0002531886396627787
13008,0.10187443847880226
13009,0.0018576292246240828
13010,0.0841990315543101
13011,0.00042056800483038383
13012,0.0003066436806142118
13013,0.0009309609749600928
13014,0.021473087671336454
13015,0.00011664003156442934
13016,0.00010367103990949174
13017,0.0002928545784407828
13018,0.0005915011922871494
13019,0.0002511119488942793
13020,0.0002585156171834513
13021,0.0002703431679078893
13022,0.00014569390638491638
13023,0.00016875930367346047
13024,0.0002752162563152465
13025,0.00024941488164706617
13026,0.00022530057315573192
13027,0.00038145196120161
13028,0.0007629950794898375
13029,8.332632135963252e-05
13030,0.0018726375397844195
13031,0.00026373589894514626
13032,0.0003137613143274356
13033,0.0004849463331580451
13034,0.0005585191836400845
13035,0.03468364701994517
13036,0.1381540417079454
13037,0.0007335203427389754
13038,0.27627061935845043
13039,0.000918301614361625
13040,0.00013030969214679767
13041,0.022061733787907895
13042,0.00023304524950281015
13043,0.0005213922357578118
13044,0.0004214234509540009
13045,0.0015247485421843903
13046,0.0015283012106435448
13047,0.00032276686743255536
13048,0.02229042576286649
13049,0.001060953683378267
13050,0.0688168176290624
13051,0.0005868950826597055
13052,0.09331888906101593
13053,0.00033281602057155205
13054,0.032360826682647975
13055,0.009683937627135677
13056,0.0038494404077387655
13057,0.0003685583936440779
13058,0.0010826519917489425
13059,0.0002220972857783316
13060,0.0008516268627129829
13061,0.8063824599086103
13062,0.00028051810620294764
13063,0.00041255087233661204
13064,0.0002063890217993161
13065,0.0005979503476045013
13066,0.5125369931367559
13067,0.0003993717221052206
13068,0.0002774613340041231
13069,0.00015347809765790254
13070,0.00011388896122608118
13071,0.0003277462915036081
13072,0.00030263932649673774
13073,0.00022954815707400015
13074,0.007988617702192138
13075,0.002169497986821831
13076,0.0003015222771088451
13077,0.010828472070682852
13078,0.0002449517077940829
13079,0.11102359792577036
13080,8.368457970088721e-05
13081,8.493176566460404e-05
13082,0.0004714874378282122
13083,0.00024460673577505
13084,0.00028889313273876906
13085,0.00026266767307329454
13086,0.008229354773930789
13087,0.00030269608476457836
13088,0.011282442875751173
13089,0.000162661800689255
13090,0.00037687587752321315
13091,0.0002873675827575255
13092,0.00012431727029892388
13093,0.19814871468007328
13094,0.0006739163083409483
13095,0.0002968331554617152
13096,0.002169408276545592
13097,0.02636138543023664
13098,0.007975946377016655
13099,0.0049597546306671125
13100,0.0004364643548429496
13101,0.00010198260408139504
13102,0.00013447165869762956
13103,0.42660075998060176
13104,0.00014117061639897283
13105,0.00016853413337652182
13106,0.00013640800216097195
13107,0.12588125437486486
13108,0.012255722710910542
13109,0.0003506782488543194
13110,0.00595507139245493
13111,0.001951659521566057
13112,0.04248627116981389
13113,0.7333095052961556
13114,0.0006360609181740511
13115,0.0008745766260476056
13116,9.364101544575205e-05
13117,0.00037346242667831195
13118,0.010568014451572896
13119,0.00016562214656177368
13120,0.00023481533637054403
13121,0.0003447237198026823
13122,0.0030674022248257877
13123,0.00013895771837929902
13124,0.0001606208278060631
13125,0.0003365875067059527
13126,0.016741901402728993
13127,0.00014899816400304157
13128,0.009090769102049756
13129,0.00031158441237072617
13130,0.0002975411303253533
13131,0.04391229259611429
13132,0.10617636272707423
13133,0.10898333664289601
13134,0.09294261085074548
13135,0.001300123617010638
13136,0.00041838259517826444
13137,0.000372451378208305
13138,0.00011686228149969525
13139,0.00015487012221083817
13140,0.0008178883033184741
13141,0.00045109914413624574
13142,0.006251057745440956
13143,9.770371716470709e-05
13144,0.0007880552958519898
13145,0.0011901064800167167
13146,0.00025202683442947406
13147,0.008241313357497613
13148,0.04517434639059453
13149,0.00025883816018172536
13150,0.00027109469434975227
13151,0.000359900985600903
13152,8.343448051475216e-05
13153,0.0005325948736951798
13154,0.0007606672037890761
13155,0.00045851553174893356
13156,0.003652839419374982
13157,0.00038302344805977507
13158,0.4694479046327801
13159,0.014615126556980418
13160,0.0017479530817558395
13161,0.0014859402200429496
13162,0.00024915647626240744
13163,0.00036718477657144766
13164,0.0004115432008649269
13165,0.0002460173639877832
13166,0.00013182123718268905
13167,0.00018399141615599602
13168,0.0008741794957893663
13169,0.000350477057514573
13170,0.0002812615360206352
13171,0.00023733680501369304
13172,0.00036272372174177037
13173,0.00034859903376335626
13174,0.0020414911436597597
13175,0.000167753311773699
13176,0.00038963308706648213
13177,0.0004464729465747672
13178,0.00016488890096077934
13179,0.000628610526956257
13180,0.00024609984601328276
13181,0.0002573492105258651
13182,0.00025786140901202614
13183,0.00031699391422728145
13184,0.0003196166895811948
13185,0.1557707739075965
13186,0.07282955130943594
13187,0.0005524396887298434
13188,8.630028948330093e-05
13189,0.0002078712699371878
13190,0.00021448811517328035
13191,8.93824437787514e-05
13192,0.0003791995238942482
13193,0.0002260803753657055
13194,0.4170388532813097
13195,0.08426761887071718
13196,0.00024081941007440892
13197,0.0013607196382254194
13198,0.0004123214592919943
13199,0.00023697759182290894
13200,0.012278365917558102
13201,0.0008873597276002085
13202,0.00021938762323327692
13203,0.0003825397945690577
13204,0.00043442206244162507
13205,0.0004139546124469578
13206,0.0001024106794338556
13207,0.0030752913107051777
13208,0.0005186499411883201
13209,0.0008809837804928531
13210,0.0015607832049783852
13211,0.0001588992635006307
13212,0.0001436279092927171
13213,0.00037104013341503303
13214,0.22072207881716865
13215,0.00013378591311274382
13216,0.0010061687224317934
13217,0.0016470761230160276
13218,0.00026345921985139155
13219,0.0004015319017256785
13220,0.011189618029152238
13221,0.02491487359376568
13222,0.0018388516705092849
13223,0.00026155190899392007
13224,0.000388595248970635
13225,0.00018068076485894897
13226,0.0002007725843276344
13227,0.00040185158813717015
13228,0.00018922443160142026
13229,0.0004609593347734528
13230,0.0004254165484128336
13231,0.0004100376603911935
13232,0.00038320750443388674
13233,0.0005283816734406775
13234,0.0012330531135680168
13235,0.0008941606271344602
13236,0.014326125409494938
13237,0.00026660383742818037
13238,0.0025309129359610467
13239,0.00025663534194410586
13240,0.2113899662380519
13241,0.0004684571140300374
13242,0.0030228231903712084
13243,0.008871956365952543
13244,0.00014347764555152308
13245,0.0005313652997220837
13246,0.0005695578156781278
13247,0.00017939006023062632
13248,0.0001446007635819917
13249,0.00041884202545054575
13250,0.0016111210693947476
13251,0.00046055926861803367
13252,0.00024872558197651227
13253,0.0006478946147569618
13254,0.00014312473209325866
13255,0.00018230638234167983
13256,0.017225680140484884
13257,0.011716365399670765
13258,0.00010756807356345115
13259,0.00018930843444679019
13260,0.0007451413977848651
13261,0.0003860980153650306
13262,0.002395688485967271
13263,0.001401321345312701
13264,0.00020109829715187744
13265,0.0001630884461676334
13266,0.0003329690473096988
13267,0.0001808229663567672
13268,0.0009571102999688386
13269,0.05823890285199466
13270,0.0006367889633708925
13271,0.0003947810943232738
13272,0.0009003181159815219
13273,0.010369900912399036
13274,0.0002887682571712351
13275,0.00021489812060589624
13276,0.00026606333907673157
13277,0.0002868275137771559
13278,0.000385496365367366
13279,0.0002600894447052333
13280,0.0003333301227273603
13281,0.0003344627434505216
13282,0.00013107549270542878
13283,0.000603682300706989
13284,0.00022463036354167929
13285,0.0017907328072665446
13286,0.00020378954978990228
13287,0.006607837481687208
13288,0.0008098965283387875
13289,0.0005647006475288444
13290,0.0005446641962027701
13291,0.00025477908250406804
13292,0.00035548870972924157
13293,0.0003336279101148081
13294,9.308147812118515e-05
13295,0.04235599452836211
13296,0.0002160561331205433
13297,0.0007351405550408216
13298,0.0003312593710887579
13299,9.595593580441243e-05
13300,0.00026964641116878393
13301,0.00038903134962841955
13302,0.0006950479402168273
13303,0.00014319678045832053
13304,0.00034568215015532225
13305,0.00014800037936732485
13306,0.00026071946302410817
13307,0.000258278486562735
13308,0.005519854789851463
13309,0.0830067048105364
13310,0.0003051787879506968
13311,0.029047497013013034
13312,0.00033521513388792124
13313,0.000287791257032534
13314,0.00034010055104151437
13315,0.0002682517844900185
13316,0.0001649697188437172
13317,0.0001876913591455516
13318,0.0035155268053262178
13319,0.00019959823995956805
13320,0.0002969967452821078
13321,0.0003118518651264357
13322,0.0009049014746686599
13323,0.0002589334253771199
13324,0.0002379186584709419
13325,0.0003707433577799335
13326,0.010884020489112368
13327,0.0021687231150252146
13328,0.00028063480843329035
13329,9.664018252018265e-05
13330,0.00040620208585713915
13331,8.345833561160701e-05
13332,0.01223120170410467
13333,0.00043637634175963365
13334,0.00015413438779812412
13335,0.010612238551151693
13336,0.0001495289419358265
13337,8.001030539547299e-05
13338,0.08627802806526033
13339,0.00020750752365738078
13340,0.0004077233798601484
13341,0.0012347818844512645
13342,0.0004749936426640449
13343,0.0031950305275681703
13344,0.00027237681157058955
13345,0.0002922525805179189
13346,0.00024376099934331902
13347,0.00034700600579292817
13348,0.17173526924723334
13349,0.00044233048525004506
13350,0.0002095259756853171
13351,0.0002621903357781388
13352,0.0001530218973186706
13353,9.318083459802571e-05
13354,0.00010293435056986836
13355,0.0002662672052378903
13356,0.0002732645143090896
13357,0.00010446528377567582
13358,0.00029991184691220316
13359,7.919568873767386e-05
13360,0.0007778361533189839
13361,0.00036327246633443227
13362,0.0002508198753386191
13363,0.00011842163990402758
13364,0.002892645189119676
13365,0.0012133484123544017
13366,0.0001560741526594295
13367,0.00031660887101440363
13368,0.0003654887947516468
13369,0.007265526540777835
13370,0.00031968312199806895
13371,0.0003233127246882659
13372,0.007121365365138972
13373,0.004540336505935328
13374,0.00047018409959885744
13375,0.00010211264555152108
13376,0.015245595594027859
13377,0.0008738011636407319
13378,0.11703524155423384
13379,0.00012409221315672195
13380,0.00025070549666232535
13381,0.00014744317494992236
13382,0.0003503377023789227
13383,0.00015567380270083874
13384,0.0011983778362079475
13385,0.0014869619031923035
13386,0.010038519369289022
13387,0.0003388502741491383
13388,0.00786296214585917
13389,0.012420454386014208
13390,0.44877591869830213
13391,0.00022299437881668715
13392,0.002786437786325456
13393,0.00010393599694550191
13394,0.000226179579844324
13395,0.00022314883136061972
13396,0.00012764651196060607
13397,0.00022457761214215188
13398,0.0003375257722379878
13399,0.00014097280053871266
13400,0.00046452397098473456
13401,0.00075108735087731
13402,0.0004117490847414371
13403,0.0002960548814679827
13404,0.0018270373788410084
13405,0.000365938100770065
13406,9.949058265438715e-05
13407,0.0002990710084096635
13408,0.0003594897768609801
13409,0.00030386853985125983
13410,0.00012650729650174708
13411,0.004273170922191689
13412,0.032185088113220045
13413,0.00012533797446820908
13414,0.0001393118315612639
13415,0.00021629152129020818
13416,0.00038662542924863894
13417,0.007871064497594452
13418,0.00038561073392179746
13419,0.0004261076285319923
13420,0.00011127335410576795
13421,0.0003154285125246228
13422,0.00015173782804612314
13423,0.000289351857828321
13424,0.00025709616553766756
13425,0.0197536869054937
13426,0.005781191076418659
13427,0.00011183671625535942
13428,0.0005323825612742908
13429,0.00020754642749815918
13430,0.00037004334932444667
13431,0.0002818550537431153
13432,0.00021877514502744393
13433,0.0003248501832339426
13434,0.002613388018575618
13435,0.00022114576266028373
13436,0.00010050020944860076
13437,0.006370012840756371
13438,0.00021436304191774057
13439,0.0003436004261424045
13440,0.0004367943349609711
13441,0.0007339448274386016
13442,0.00016793846395575052
13443,0.0008205353757778991
13444,0.010137391960673037
13445,0.00025374974566577956
13446,0.13556343689045386
13447,0.0003980709646975687
13448,0.00046789311405612103
13449,0.006028349944442268
13450,0.002837035593242637
13451,0.00017792197160397077
13452,0.0003046246895501225
13453,0.0003656350843585558
13454,0.022232205412908726
13455,0.02943577575701186
13456,0.003252344006118385
13457,0.00029025808122314485
13458,0.00014709501033294473
13459,0.00013408931219487834
13460,0.01939967232666274
13461,0.0003298547970160662
13462,0.0003052750634475323
13463,0.0002552848519811591
13464,0.0003699267265914104
13465,0.00015116617970852968
13466,8.715818102539923e-05
13467,0.0024555346567366526
13468,0.00036219661122797217
13469,0.0003406544678642003
13470,0.00023708087381115053
13471,0.00019657460318078172
13472,0.0001455846556961423
13473,0.0003498101488457511
13474,0.000216930381760103
13475,0.00022471448633013552
13476,0.00026130533152991233
13477,0.0008598546356760939
13478,0.0003212487473562416
13479,0.0006357507122860477
13480,0.007374391747473524
13481,0.0003656523197858753
13482,0.00031695152936024715
13483,0.001672775849794242
13484,0.0031377596941174826
13485,0.02804354466572786
13486,0.0004781822179223226
13487,0.0004124004200621676
13488,0.00024211525583160365
13489,0.00033739080552327197
13490,0.00014495987641052605
13491,0.00040820741206250695
13492,0.00029902892899410106
13493,0.0006434383046006809
13494,0.00025865385818524126
13495,0.00017254040647725206
13496,0.0005344538242821689
13497,0.00027204908619181265
13498,0.006053891470234033
13499,0.0005998220525650331
13500,0.0003977215009895032
13501,0.0002752791189832521
13502,0.000262502833134252
13503,0.000302055327228022
13504,0.0008533111806004672
13505,0.00017115763522966766
13506,0.0323261891895961
13507,0.000364132219740365
13508,0.00026396224370630326
13509,0.00027803794896395307
13510,0.0002627735007382235
13511,0.00032917986877073577
13512,0.0006174599073345402
13513,0.0002613095954439792
13514,0.0002803754383638431
13515,0.0022292484591553757
13516,0.0002521548371922382
13517,0.0002448083745069733
13518,0.0018937849977539458
13519,0.0003110821775910347
13520,0.0005977659526311502
13521,0.0002347660534757847
13522,0.0002983213002385921
13523,0.0001603309728540315
13524,0.00024558984095094543
13525,9.306673366049652e-05
13526,0.00027272424406736437
13527,0.0002231185531645959
13528,0.0002683045361113747
13529,0.00034491853644680554
13530,0.00034682935967358047
13531,0.0003606916503614178
13532,0.0006216069651957714
13533,0.00017718983316677864
13534,0.0003890108408615295
13535,0.0009998199303809512
13536,0.0001360178489702738
13537,0.00015430013651801603
13538,8.126071330103849e-05
13539,7.39417312311128e-05
13540,0.0003368639306257081
13541,8.223279101250048e-05
13542,9.896010040920625e-05
13543,7.797033909568004e-05
13544,0.00015993396985872877
13545,9.415590091763515e-05
13546,0.00011214941713175547
13547,8.293898170224043e-05
13548,8.55653394268217e-05
13549,0.00022761120769679782
13550,7.565272777461453e-05
13551,0.0011863607942599833
13552,8.440398259505587e-05
13553,0.00015835948531279367
13554,0.0028811062181568377
13555,7.479054373246718e-05
13556,0.0005564449712102688
13557,0.00014845560073084324
13558,0.0024659941643207415
13559,0.0006385877684842376
13560,0.005614444395249329
13561,0.02274743460426896
13562,0.0018427690778658533
13563,0.00023033835351406667
13564,0.000199361630285958
13565,0.0007961590632621937
13566,0.0008072026601717746
13567,7.764731798968005e-05
13568,9.39718787662375e-05
13569,7.370568295239905e-05
13570,0.00013460246217226427
13571,0.002303983273588387
13572,0.0003357155826523059
13573,0.00010991328720192227
13574,9.481577759922334e-05
13575,0.00022487821000103042
13576,0.00015075116370191324
13577,0.00014568693343050288
13578,0.002978001299480349
13579,0.0002047902605874676
13580,0.0001638679228635688
13581,9.907725428835846e-05
13582,0.00035193414193514775
13583,0.0033958514006965064
13584,0.0018811258178258767
13585,0.00010802670754264575
13586,0.00321170280728936
13587,0.00027865976487746757
13588,7.525427995979956e-05
13589,0.00011601319997581869
13590,9.991377152944953e-05
13591,9.660912281228657e-05
13592,8.461875440046001e-05
13593,7.17073760142606e-05
13594,0.000161301695237909
13595,0.0001439706932320638
13596,0.0016272923077793725
13597,0.0012404466807124227
13598,0.00010664272990828553
13599,9.604254064037193e-05
13600,0.004070335749792997
13601,0.00014999908199195408
13602,0.00015277943702112325
13603,7.349249187068141e-05
13604,0.0029237144850092446
13605,0.00010061950147179884
13606,0.00010787223626442495
13607,0.018904712159885952
13608,0.06506150306748618
13609,8.2879278519398e-05
13610,0.00010827044072240844
13611,0.0005566142278354679
13612,0.008858260807615263
13613,0.00021646873261432371
13614,0.0008045123723081319
13615,0.006141207428835305
13616,9.157998377292017e-05
13617,0.00014337348696860278
13618,7.14073285589988e-05
13619,0.00010575489883349405
13620,7.817995556701873e-05
13621,0.00011456652056100327
13622,0.00035875090542708424
13623,0.00013224341868413615
13624,0.0003648510512277273
13625,8.062098972672677e-05
13626,0.01257326625306197
13627,0.005508592980379607
13628,0.0014129329522772633
13629,0.000172698138162461
13630,0.00016063301561357313
13631,0.0001466685209767971
13632,0.0002131739446527628
13633,0.0003286684656726627
13634,0.0027201876176699913
13635,0.00899627037486588
13636,0.002885477989266494
13637,0.00011716287724784168
13638,0.00045029514161930826
13639,0.0029553463429048514
13640,0.0001608979037767334
13641,0.00025024946688943556
13642,0.00027789318579979377
13643,0.00012687913978094617
13644,0.003707705476982585
13645,0.011022737871263243
13646,8.761385076258574e-05
13647,0.00013291827898423517
13648,0.00023507891870345332
13649,0.0006836868485487243
13650,0.015714401066699517
13651,0.013607318296307833
13652,0.0019584325413707577
13653,0.00459328563286982
13654,7.941180024908307e-05
13655,0.004861984761357292
13656,0.00013532551046037877
13657,0.00017765919285225805
13658,0.0008901373984606335
13659,9.399655708769012e-05
13660,0.003797960671464128
13661,0.0008251616023380018
13662,0.0002089616188177583
13663,0.002031190817532158
13664,0.0004434424491629726
13665,0.00019439187794647323
13666,0.0004070466651218387
13667,0.00017613248624314353
13668,8.7255677555194e-05
13669,0.003948085220965252
13670,0.0007049569907067361
13671,0.00032586762227318776
13672,0.00016769890652913665
13673,0.043753025590307845
13674,0.022820075187751653
13675,9.931191756279774e-05
13676,9.481947612138452e-05
13677,0.00011190898664190895
13678,0.00016630833306531035
13679,0.0038873399301390934
13680,0.00014073579376427204
13681,0.000787777958165437
13682,0.03464833908505176
13683,0.0015633150981878645
13684,0.005452106791314372
13685,0.00025861955923478454
13686,0.0014078872030893904
13687,0.002091943540336913
13688,0.0005225852839736355
13689,0.00012326187166908885
13690,0.0011728018191513212
13691,0.0021793252841660303
13692,0.00013628299992051213
13693,0.00010492211995810036
13694,0.00010654348980949102
13695,9.564273627967138e-05
13696,0.0001640352553666481
13697,0.00021012371547854332
13698,0.00025003533723291256
13699,0.00016926650005893426
13700,0.005297021029654193
13701,0.00013520132762895353
13702,0.0002715935856522684
13703,9.356604749633424e-05
13704,0.00010363275123019685
13705,8.091961956308748e-05
13706,0.0034584807214426234
13707,8.571917787593314e-05
13708,7.851725767020153e-05
13709,0.00010586009330727077
13710,0.00025659598272572716
13711,0.0002857963637609783
13712,0.0002333157830854987
13713,0.0002609097536535721
13714,0.04813935331369471
13715,0.11324209166848109
13716,0.0008831766806193704
13717,0.0009465126881705299
13718,0.007855690055327463
13719,0.00037429767230205333
13720,9.682482130518721e-05
13721,0.0005313643465112497
13722,0.007016824036374244
13723,0.0004146813845757937
13724,0.0035878421180081874
13725,0.0006569128061678871
13726,0.00010418956107184247
13727,0.0009268475604151465
13728,0.00026735291355430105
13729,0.000250225557435648
13730,0.011654883238003276
13731,0.0010988122215762587
13732,0.00028155203735669837
13733,0.00022671139962043596
13734,0.004602131224558706
13735,0.0001279185512575966
13736,0.000205008980737835
13737,0.005298129128930717
13738,7.506684224123318e-05
13739,0.0005577301289231127
13740,0.00085352333681227
13741,0.0035405615379096567
13742,8.198569047894184e-05
13743,8.626352257682504e-05
13744,0.0018626163172138545
13745,0.0006281665578672967
13746,0.0007866080828371156
13747,0.00011948479523657078
13748,8.440416387263577e-05
13749,9.305833113025847e-05
13750,0.0002133160139955857
13751,0.0001548211392532847
13752,0.03736035595105094
13753,0.0004040992858214038
13754,0.0006135800398315236
13755,0.004607157987835268
13756,0.0009377646209086698
13757,0.05021945487953301
13758,0.0003088771764844419
13759,0.005817431519506386
13760,0.0001606217748922948
13761,0.009902536158737511
13762,0.00040090930561518785
13763,0.0017006907585081932
13764,8.923707722227484e-05
13765,0.00014198659882208117
13766,0.00030837676220819724
13767,0.0038243270731991323
13768,0.0023082602001271556
13769,7.652931018981155e-05
13770,9.607832748609296e-05
13771,8.767066172136255e-05
13772,0.0037249943476794305
13773,0.01659689353983591
13774,0.0005628131262472282
13775,0.0001256799761570479
13776,0.0018686047450459757
13777,0.005518339710888659
13778,0.017350851300221397
13779,9.18413376744936e-05
13780,0.000101107325076592
13781,0.00011231120231604726
13782,0.0029751922663732154
13783,0.0032356146178486576
13784,0.0050042470518968036
13785,9.469521190890961e-05
13786,0.00012764978197376585
13787,0.0004885197228074881
13788,7.606447173570475e-05
13789,0.0002601989575745016
13790,0.0004865377891422735
13791,0.00048823157407511486
13792,0.0007876435423452967
13793,0.025828559666762275
13794,0.007769747402640663
13795,0.0019209971670805025
13796,0.10172695901094844
13797,0.0001686867558785815
13798,0.00038847664624068945
13799,0.00013006013909234947
13800,0.00014786719180042871
13801,0.00013070950739518214
13802,0.0009459590779971932
13803,0.0001440290655135443
13804,0.005396797622188357
13805,0.00031175704036410335
13806,0.0009743397314441258
13807,0.0002778826671732294
13808,0.00015091202198586122
13809,0.0024942667196677466
13810,0.0001332041652368277
13811,0.00014873569842857392
13812,0.00580013217168249
13813,0.0005938807422978926
13814,0.001681637157153235
13815,0.001787228993711029
13816,9.896938542676716e-05
13817,8.017778742596468e-05
13818,0.00016929929255063585
13819,0.00018116090109172175
13820,0.00010107607810349469
13821,0.00010949128157621204
13822,0.00012586606440077633
13823,0.00016909562073836633
13824,0.0001706951897978123
13825,0.00016038252152799991
13826,0.03417532100131013
13827,0.00018879417428075974
13828,0.0008248077664749862
13829,0.0003561973335080511
13830,0.008609919879643862
13831,0.0014682375886459524
13832,0.030670078514800657
13833,9.229600004025035e-05
13834,0.0001733381971524304
13835,0.00025520365996680323
13836,0.00642789376205839
13837,0.010058359550753482
13838,0.03037416392013717
13839,0.00019095753521808137
13840,0.00016863345184832932
13841,0.0003005697553216672
13842,0.8855509203294389
13843,0.002609923576052523
13844,0.0002956884852987878
13845,0.00026297602348842805
13846,0.003913452695903411
13847,0.00017136844784531737
13848,0.0003881862746376372
13849,0.03777814893149345
13850,0.01744124372407901
13851,0.011905749196082798
13852,0.00010737234630197852
13853,9.696134191912673e-05
13854,0.00010441580886241426
13855,0.00010019782495873422
13856,0.00030463048140376745
13857,0.0073922405174747605
13858,7.892144928073317e-05
13859,0.000277862193785066
13860,0.019409970841480582
13861,0.00014424745041612745
13862,0.00014582796491177346
13863,0.009358047537061986
13864,0.19316374083854795
13865,0.00027605244668285086
13866,0.000292373976719677
13867,0.00011095022057497285
13868,0.00038711933285582613
13869,0.00036296889255093667
13870,0.001913104447823058
13871,0.00017983076011064187
13872,0.0005484810845376227
13873,0.00018771349506247238
13874,0.0003916237016105292
13875,0.003487461740255251
13876,0.0010732641211216294
13877,0.00014357248814658523
13878,0.00029599041915201354
13879,0.00016903221056143556
13880,0.0003673037369665047
13881,0.0021580377424744593
13882,0.010201264851439743
13883,9.633623268029192e-05
13884,0.00018754814219599234
13885,0.002359480452843168
13886,0.0001706795484705575
13887,0.0014161115222804477
13888,0.009962527621548976
13889,0.00011761252322060553
13890,0.012923289117799455
13891,0.0005713808517013516
13892,0.00042156898649717235
13893,0.0002666200211911703
13894,0.004841785791297889
13895,0.0024513081498127
13896,0.03461066851656745
13897,0.005489841832921328
13898,0.0005151261086738434
13899,0.00013415270519487785
13900,0.006837950190822793
13901,0.0022865099504358363
13902,9.080495596043724e-05
13903,0.020597609166180357
13904,0.011654149238601773
13905,9.741027059859597e-05
13906,9.908465067344017e-05
13907,0.006062898764811209
13908,0.0003157048722628593
13909,0.00046419350769333795
13910,0.0002246111403212559
13911,0.024994723160624576
13912,0.0002702619206710913
13913,0.001846473026166406
13914,0.0005589222876827912
13915,0.002072244875095125
13916,0.007792294963712787
13917,0.00022852668715551855
13918,0.0001555764584525349
13919,0.00029100752998755214
13920,0.0008146742011971141
13921,0.0009810661201064194
13922,9.737757647909214e-05
13923,0.0006070941015603318
13924,0.0026138248925041967
13925,0.005810618877827656
13926,0.0001182254826642826
13927,0.0003334206442461556
13928,0.00021746886007596665
13929,0.002240848277105171
13930,9.049701020421308e-05
13931,0.0001548648268923028
13932,0.0044967127691853265
13933,0.00033647091793183954
13934,8.779919269163449e-05
13935,0.2039642936951473
13936,0.009051550750331986
13937,0.0009292585558181958
13938,0.0005049040318185293
13939,0.0069981363852648654
13940,0.0019564257201806936
13941,0.0003979447658057581
13942,0.0004015864422251136
13943,0.017754230146317076
13944,0.0004830454088647247
13945,0.004388559428850896
13946,0.00032285672179805953
13947,0.00015319030413305982
13948,0.02980886550532668
13949,0.00010822866077203947
13950,0.00015968156651902606
13951,0.0011902640504734806
13952,0.001331823279317974
13953,0.00016242915884943956
13954,0.002724987510256391
13955,0.0002913108215740801
13956,0.0005555176868772568
13957,0.00021597375170216677
13958,0.010940122395484165
13959,0.03158110116045383
13960,0.0024104244254529866
13961,0.012526979562473898
13962,0.000166277047639804
13963,0.00043612366781861715
13964,0.00016811861059233045
13965,0.00010543552938116227
13966,7.802595898814727e-05
13967,0.2208653329487818
13968,0.0007304919564831816
13969,0.0006777759318967875
13970,0.0006128092236011844
13971,0.00016160094362752564
13972,0.024532013355110998
13973,0.041788511481986076
13974,0.00026300120176933037
13975,0.0003488159210087277
13976,0.0023266293845555256
13977,0.02356093774344031
13978,0.020950974434430093
13979,0.00027381071306173366
13980,0.00019871722957149167
13981,0.00030711038325067835
13982,0.00013190687292655498
13983,0.00013769066625826039
13984,0.0011124644613536197
13985,0.0020277724775169016
13986,8.855251754670474e-05
13987,0.00010101609538097978
13988,0.009568800176245607
13989,0.00010586725231159228
13990,0.003187548130841434
13991,0.008348749647192205
13992,0.0008607596260113211
13993,0.0001258575624206193
13994,0.01574724171951502
13995,0.005524092060375998
13996,0.0004036743679823896
13997,0.010346831854465494
13998,9.903571171892525e-05
13999,9.459145140961115e-05
14000,0.004456395353295304
14001,0.0046011284426551256
14002,0.00023066542725598034
14003,0.0004159363906277191
14004,0.0006942695064271438
14005,0.0003002734088302903
14006,0.0002120559847701011
14007,0.00010766571688257322
14008,0.00020795286204854948
14009,0.0014911635603064282
14010,0.02709652707306885
14011,0.00041701294680929896
14012,0.015080735975112785
14013,0.006914134605214413
14014,0.00013396710764530215
14015,0.004882212522802268
14016,0.004677924097506032
14017,0.0004086378303581532
14018,0.001042029210601802
14019,0.0008399139161280411
14020,0.00019041817758512592
14021,0.00011500873482437441
14022,0.00011065839626664409
14023,0.0019438475213215249
14024,0.0006054381072817982
14025,0.00012024476391310219
14026,0.00043934706650364285
14027,0.008868549510903552
14028,0.04801754147196831
14029,0.001786458472234195
14030,0.00014716165372956756
14031,0.0001019662091355292
14032,0.00784059658183918
14033,0.00037186950701642227
14034,0.0004350486433563754
14035,0.007277879000274187
14036,0.00012128777432855598
14037,0.00013271203509957835
14038,0.0012983782188200539
14039,0.012668136104963599
14040,0.0003534170431054336
14041,0.00038196455256816044
14042,0.006437143692018639
14043,0.004065212208750237
14044,0.0005646775664686109
14045,0.002358349489723599
14046,0.00016365493505469833
14047,0.002829167153547468
14048,0.012420086909206042
14049,0.0013895452434518362
14050,9.512204175651185e-05
14051,0.023332430976782132
14052,0.0002099129530972089
14053,0.00015502626244791342
14054,0.02232059711072342
14055,0.00014030053134252778
14056,0.0004758215728484243
14057,0.0016965668469621036
14058,0.00021917237797094763
14059,0.0004111090661957775
14060,0.0011690965023339515
14061,0.027074582259079116
14062,0.0001634434602934037
14063,0.0028248985558597625
14064,0.03232605567110129
14065,0.015311652499456513
14066,0.00016707555266861498
14067,0.00015343714372685607
14068,0.22536445335002706
14069,0.0011094250834594074
14070,0.00013687745351705988
14071,0.00016746956676500809
14072,0.0001596730892213277
14073,0.00010542683024584395
14074,0.00011443235183550622
14075,0.005492342572776926
14076,0.0002099275768570611
14077,0.0001470967950046641
14078,8.896550413957358e-05
14079,9.672212581046572e-05
14080,8.844570156705637e-05
14081,0.016004999844337543
14082,0.0043713630002448385
14083,0.0002654866037407298
14084,0.016387651230421726
14085,0.00011673834299545148
14086,0.0010313068511307976
14087,0.023311830451827765
14088,0.0120272270963909
14089,0.00022420725383979757
14090,0.00011124134770512427
14091,0.00010362158700433218
14092,0.021924210420948442
14093,0.013068967482026203
14094,0.000923637667345078
14095,0.00013093949676655872
14096,0.0010874977959731322
14097,0.0001383996921663642
14098,0.005550451948571185
14099,0.040255382546746946
14100,0.06535713250790523
14101,0.0005072841033315348
14102,0.00014017739662043139
14103,0.0001755674406862783
14104,0.008774958938445442
14105,0.0005131091248289537
14106,0.00043707467385211633
14107,0.0002569607874483489
14108,0.000362562031258024
14109,0.013565070846740185
14110,0.0004704260738000077
14111,0.0036450999081605825
14112,0.0002035211624941662
14113,0.0022287642345018683
14114,0.00022501699929524196
14115,0.0004928298016729377
14116,0.001629088261055597
14117,0.000137562758606684
14118,0.003000273144925491
14119,0.0004967956683835411
14120,0.0004279357644605807
14121,0.03931664964697031
14122,9.340816093651589e-05
14123,0.00012798291352349628
14124,0.00014703083982112237
14125,0.01299055929358305
14126,0.00022456503292374552
14127,0.00038753380749416975
14128,0.00016282706568879397
14129,0.000509674110800889
14130,9.270036305525382e-05
14131,0.00022131377915513773
14132,0.005090339169140388
14133,0.00010452099041216435
14134,0.00011186924441501872
14135,0.010707432593439457
14136,0.00016770376343215083
14137,0.00048610872396135616
14138,0.05384293870243867
14139,0.0001558180604959854
14140,0.0007298714907319635
14141,0.00029401900085573266
14142,0.001989923953253735
14143,7.158022796695413e-05
14144,0.0002951296519966135
14145,0.00044195785329106274
14146,0.0001307333314288224
14147,0.002373036790774501
14148,8.090241808003926e-05
14149,0.006405973110031135
14150,0.0005418475899536214
14151,0.0003078288042948584
14152,0.00014468923051328772
14153,0.0001545149751223739
14154,0.00015223776717886666
14155,0.00011979977940337696
14156,0.00016264940040779387
14157,0.0002442611927762722
14158,0.014507803148434788
14159,0.012191072321184207
14160,0.001669664672022975
14161,0.001398210900717363
14162,0.00020957901786721424
14163,9.64607113528525e-05
14164,0.0003016956717689041
14165,0.0017022844619508704
14166,0.00015855469642862445
14167,0.003301497427433242
14168,0.00020208080375223804
14169,0.0001397087795692253
14170,0.0002571527794692108
14171,0.00020232384582216027
14172,0.0001475535015228058
14173,0.00260007261041319
14174,0.00024459901654168287
14175,0.006409090857138656
14176,0.0005356268891053526
14177,0.0011160463523328017
14178,0.00022957772192510467
14179,0.0071525295944832425
14180,0.00044633756597817903
14181,0.002029570221244928
14182,0.0007231828964997586
14183,0.0313588035169736
14184,0.000617127127778939
14185,0.0008926056820141358
14186,0.00019040451917931646
14187,0.0015563967604018698
14188,0.0030669268227551173
14189,0.008797773686622504
14190,0.00019505042858459246
14191,0.0052763696236883244
14192,0.0025055597966057983
14193,0.001432230501310494
14194,0.20797847225297836
14195,0.004965723852610372
14196,0.003588510049536845
14197,0.0025904142864682624
14198,0.00046486769504844604
14199,0.01716025806285368
14200,0.005673795652960528
14201,0.01708490038264085
14202,0.0002664283694642025
14203,0.00035997025634308037
14204,0.002304940347162841
14205,0.0001614371795965724
14206,0.0017972188600492542
14207,0.002807661220457682
14208,0.0001252425229205763
14209,0.007258525332405829
14210,0.0004742387029560275
14211,0.00014481032891981732
14212,0.0006377000641246923
14213,0.00048178692279053436
14214,0.00014954566707453356
14215,0.01075924003383781
14216,0.0001743290135065822
14217,0.0059286051514188705
14218,0.3358756449527343
14219,0.0001939010307622084
14220,9.452014099677359e-05
14221,0.0001689403366113419
14222,0.006540862750952278
14223,0.007744823803526002
14224,0.0003719332286475421
14225,0.001706081093627358
14226,0.0007640865221512392
14227,0.00422857330989281
14228,0.0023483267648139877
14229,0.0027773628828053625
14230,0.00021879635167237449
14231,0.015025140394505209
14232,0.0022168993267104135
14233,0.0006086497253572612
14234,0.0003420662393847125
14235,0.17690880875993878
14236,0.007988312834652966
14237,0.0018466660312873955
14238,0.000724124619535345
14239,0.0001296882951028208
14240,0.00013401458574965614
14241,0.004630582198420568
14242,0.001040057620670746
14243,0.01849213273968251
14244,0.08161774718785667
14245,0.00037841326454689337
14246,0.005575739187314801
14247,0.0003453900619730544
14248,0.0001360617236598402
14249,0.004495975158657524
14250,0.0008506302423891008
14251,0.0008402317789611809
14252,0.0001164376329436897
14253,0.0001868177248656265
14254,0.08480044262472856
14255,0.0179895001713199
14256,0.006340957034994788
14257,0.0008458155490124505
14258,0.00017308940218239838
14259,0.0001661946892917516
14260,9.148252429519864e-05
14261,0.0021598565308684216
14262,0.005047070850771776
14263,0.00035783349035350547
14264,0.000147303489833853
14265,0.0013769236190750473
14266,0.0034996429231132615
14267,0.0001415413531804363
14268,0.000337287938404463
14269,0.00015080740327402055
14270,0.03209550085677239
14271,0.0001739142821903144
14272,0.00013837583538850004
14273,0.00012428748124305032
14274,0.019877828100647987
14275,0.00032570188435824133
14276,0.0001398747290950396
14277,0.16826774986078727
14278,0.0006252512941311419
14279,0.00020851533996504645
14280,0.0008927117277690924
14281,0.012222316849239148
14282,0.0031333238926912997
14283,0.00014345859834809338
14284,0.0005065005800973834
14285,0.0006746346960627483
14286,0.0008699835665410875
14287,0.00011082344408718623
14288,0.10203874688165775
14289,0.00012891924640290336
14290,0.0001851980444922678
14291,0.00018365492078082623
14292,0.08633871196827632
14293,0.00010419165176218936
14294,0.0001492869492976186
14295,0.00038662004400788713
14296,0.00046914688349908133
14297,0.0676393353342134
14298,9.99543915824259e-05
14299,0.00045630154218351867
14300,0.0005930236947723383
14301,0.0036217450309885845
14302,0.00043558313720203757
14303,0.00017570307083629414
14304,0.02685067933606059
14305,0.00011152656210087839
14306,0.001689290558859383
14307,0.2653005396874862
14308,0.009573394913657173
14309,0.005287744944178702
14310,0.00015894479713338534
14311,0.0018815739034907884
14312,0.00045505373196820954
14313,0.0001670356335004152
14314,0.0008702312682109775
14315,0.0041851485567218506
14316,0.011657677638371576
14317,0.00014312184372931316
14318,0.00029138429524228364
14319,0.02020531880131897
14320,0.00016202995408602563
14321,0.004823691792458826
14322,0.1475774445482135
14323,0.00017637672907612516
14324,0.0038519672842496112
14325,0.0002966793865163272
14326,0.000696151105030704
14327,0.0006654709354081385
14328,0.0001691543071595142
14329,0.0008676859555679786
14330,0.0004314282900229374
14331,0.00013539967774254353
14332,0.04017074650504769
14333,0.016585085225294276
14334,0.000205079045436058
14335,0.00011106043218741084
14336,0.00013056595191126853
14337,0.010281190278377355
14338,0.0002148466093291691
14339,0.00032369245578731787
14340,0.0005778148575187749
14341,0.0007439008946085646
14342,0.0002595443939703166
14343,0.004496385997468071
14344,0.007606222679634964
14345,0.008669398990059671
14346,0.003508044464275177
14347,8.485833950155387e-05
14348,0.0005287120520955316
14349,0.00014849254148789656
14350,0.004162159789846015
14351,0.014695397781178348
14352,0.009201509302004742
14353,0.0001635759169681977
14354,0.00265705251242047
14355,9.240556896973964e-05
14356,0.001765513333703718
14357,0.003215826544190592
14358,0.00018252325554906515
14359,0.0015595873904456713
14360,0.007755087634704334
14361,0.004385718165578938
14362,0.11086566271896883
14363,0.0013149981260806025
14364,0.0001279429583656066
14365,0.0030615387796842884
14366,0.008806907634248025
14367,0.001704917217414989
14368,0.7834035383648763
14369,9.723648642605714e-05
14370,8.00006755837784e-05
14371,0.0005262852660204518
14372,0.007872277722159107
14373,0.001416043722144367
14374,0.029980539708140262
14375,0.0002528077930995021
14376,0.04353103217227834
14377,0.0024892268428868877
14378,0.09063821055288299
14379,0.0001646009619003463
14380,0.0006786997111594523
14381,0.0001915581309373074
14382,7.82403607884704e-05
14383,7.646695630968694e-05
14384,0.00386846892042135
14385,0.00020356489813458107
14386,0.0014701609832831481
14387,0.0011417960882914907
14388,7.444403786941066e-05
14389,0.0002885303079655075
14390,0.00011181360529061901
14391,0.0003700916480701568
14392,0.012618145569109483
14393,0.00288155144764982
14394,0.0005928908596138187
14395,0.0004635338929121994
14396,8.556483148308525e-05
14397,0.0003856200235809285
14398,0.04970884072948984
14399,0.0010945246607539703
14400,0.0001440074594869545
14401,0.00013746825819289344
14402,0.00032932681580507915
14403,0.000165810857888609
14404,8.24986120627704e-05
14405,0.0017895186369336815
14406,0.0003267637525937923
14407,7.309504377695059e-05
14408,0.04197977702107104
14409,0.00047681605464396256
14410,8.032008267614244e-05
14411,8.966969303165287e-05
14412,0.0003735282197527653
14413,8.590523439520259e-05
14414,0.00024399748398270835
14415,0.00017016343415028764
14416,7.597642794258551e-05
14417,0.0022539242245265398
14418,0.03320545605460446
14419,0.2522679319822241
14420,0.0004841417129987207
14421,8.543299328411927e-05
14422,0.0001034947635124843
14423,0.00019170506759493377
14424,0.00035646506770883836
14425,0.0037631389271934644
14426,0.0606808134106455
14427,8.412588971942212e-05
14428,9.617341335939867e-05
14429,0.004498852221347441
14430,0.00047770826439582725
14431,0.014613473310466734
14432,0.00038096067929351826
14433,0.0006583789582937012
14434,0.00021516648000842863
14435,0.0008858417068698783
14436,0.0002747234410933568
14437,0.0004999637210070383
14438,0.00015287453604525297
14439,9.751091613696277e-05
14440,9.114282494726533e-05
14441,7.38182633421521e-05
14442,8.252895468870399e-05
14443,0.00020749755301364492
14444,0.0010248825973696151
14445,0.004870525456686042
14446,0.00032785956152932706
14447,0.0002652735495254153
14448,0.00021273212371229083
14449,0.00031851711624724066
14450,0.02146386237031762
14451,0.27907893756478713
14452,0.00021068021621902807
14453,0.00012222373662149164
14454,7.586567503351999e-05
14455,0.0002559126619793358
14456,0.00043270313885635273
14457,0.00012317705801230406
14458,7.817061645424904e-05
14459,0.0003454946341293174
14460,0.007632889941093896
14461,0.0005293602707370496
14462,0.00043457823951702885
14463,7.011757702073028e-05
14464,0.004105328213242371
14465,0.00013022051058083814
14466,0.00019738653899770966
14467,0.004294608236948637
14468,0.00016568483087488455
14469,0.00016874475154909585
14470,0.00011338039481393418
14471,0.0002317594381633448
14472,0.00015035640680292623
14473,0.00012787916812775002
14474,0.0021948204149761993
14475,0.000150437968357411
14476,0.00015601655060815874
14477,0.0005173112146435231
14478,0.0006999564097889043
14479,0.0003855031313550587
14480,0.00018048048138214303
14481,0.011783337597353937
14482,0.0003447308471793975
14483,0.00021880645696316313
14484,0.004662354832107611
14485,0.0001929928456969294
14486,0.0004999886838307113
14487,0.031885983650028336
14488,0.0001784596874615115
14489,0.06161192856930473
14490,0.00011145636656799114
14491,0.00010001405221667049
14492,0.00024448188433690433
14493,0.003056297099769589
14494,0.05470194295415552
14495,0.000322568215217224
14496,0.0020896491725671826
14497,7.40633260946762e-05
14498,0.00014680378839418583
14499,0.0001803937071223305
14500,0.00024147402527180975
14501,0.0037288693637438177
14502,0.00016315191973137493
14503,0.00014923232685892324
14504,0.00014613061760131285
14505,0.00024617274113189616
14506,0.0005395984043815205
14507,0.00041397295021033357
14508,0.0002799659396557307
14509,0.008585250741515154
14510,0.0008886087197141785
14511,0.00026457816947968974
14512,7.341936767040367e-05
14513,0.0003128934855453951
14514,0.00014451744547938253
14515,8.14593136621988e-05
14516,0.0002258443990473873
14517,0.00046559061906695654
14518,6.954878361649769e-05
14519,0.0004461919589357797
14520,0.008353810425830058
14521,0.007100921197757399
14522,0.01332601292870193
14523,0.0001448724566390402
14524,0.009376788897974733
14525,0.00025867441638704005
14526,0.00017116776218391522
14527,0.00014186071453104975
14528,9.344978209733465e-05
14529,0.0002771049915338395
14530,0.00039004197823485124
14531,0.007799600673196608
14532,0.00012009268711687432
14533,0.0003378080160122409
14534,8.748274081502674e-05
14535,0.00010279261000724685
14536,0.00012860579103895868
14537,8.810940863307447e-05
14538,0.009686404244482541
14539,8.670610781488219e-05
14540,0.00031763041790409805
14541,0.0002050147044918975
14542,0.00019647398325391084
14543,0.04959091798044003
14544,0.0020770683550514653
14545,0.00021731499486282702
14546,0.00025338219273271056
14547,0.0035716751819512412
14548,0.005028735558676794
14549,0.0010179309634164965
14550,0.00041436904790503345
14551,0.000603529760296627
14552,0.000139963286543801
14553,0.002024878924150855
14554,0.0003445697492721546
14555,0.001317413244679379
14556,0.00031937840683701947
14557,0.0003569966442336848
14558,0.008960676757796476
14559,0.0002498676182912941
14560,0.00045015736987040895
14561,0.00018511136253411938
14562,0.0002327441178731654
14563,0.0002641919075831333
14564,0.0003347602098541721
14565,0.00024228091415026738
14566,8.160341250584557e-05
14567,0.00013082151545274157
14568,0.0018398385665470193
14569,7.96803430308763e-05
14570,0.0001889272278918878
14571,0.00021403820524416089
14572,0.0005370207758095536
14573,7.880132814208579e-05
14574,0.00020333561155224685
14575,0.0003255772888643317
14576,0.000491641294462162
14577,0.00019852611198218264
14578,0.0001985341205814971
14579,0.00019733918442486255
14580,0.0051408915675350995
14581,0.05784765493002939
14582,0.00016332257434991532
14583,0.005105992783294461
14584,0.014422296254690664
14585,0.00041421802581516635
14586,0.00026175532507607534
14587,0.06613685849850766
14588,0.00018598642545990571
14589,0.00017032917822735
14590,0.00021749619090378732
14591,0.00019865983001339814
14592,0.0004941466843497151
14593,0.00017714829839169806
14594,0.00018458307583867282
14595,0.0002614858454115338
14596,0.034003727142289504
14597,0.00020962296941671798
14598,0.00016120273625410748
14599,0.0012891851464254481
14600,0.001179499612782613
14601,0.0006716232530116502
14602,0.00024182408612496422
14603,0.0005097577790667865
14604,0.0002871773312269865
14605,0.00031427234064720347
14606,0.000157760769794597
14607,8.207163513778246e-05
14608,0.00019248107014143329
14609,8.02840966379904e-05
14610,8.604292062524173e-05
14611,0.006453685007883586
14612,0.00036763543328418663
14613,0.0017184231812578169
14614,0.0008352895969974388
14615,0.0003931252082453946
14616,0.00023198557218964477
14617,0.00011431232834577186
14618,0.0002909571618272406
14619,0.0002565243809381095
14620,0.00023816274172236055
14621,0.0007079879488917602
14622,0.00020911413747204117
14623,0.0008256922796135385
14624,0.0015004736534037963
14625,0.0003992177419312964
14626,0.0002776651027061205
14627,0.00038202922724182663
14628,0.00040084630753543706
14629,0.002256442365842781
14630,0.000172728734925122
14631,0.00021757767215281485
14632,0.00015896185484992495
14633,0.0001966585642953045
14634,0.0003788385718039657
14635,0.0002696466684340221
14636,0.0003493706972881463
14637,0.0002461076771988949
14638,9.083712921085789e-05
14639,9.964264343565398e-05
14640,0.0006961604042613997
14641,0.000558825619333811
14642,0.0005181911021354226
14643,8.151800964151608e-05
14644,9.246344759010636e-05
14645,0.000464773656054647
14646,0.0002715614115404215
14647,0.0009106934207604404
14648,0.0004710267262953138
14649,0.0003451076673424537
14650,0.00027023996990147286
14651,0.0021209425393083755
14652,0.0011034365604832967
14653,9.117759251355913e-05
14654,0.00020305080486069578
14655,0.00046432961035376794
14656,0.0015956824025986371
14657,0.0001471512349950058
14658,0.017775001245249587
14659,0.0010316733053874478
14660,9.344584870587291e-05
14661,0.001378965231298016
14662,0.0025673946765846214
14663,0.046089396090058674
14664,7.195917716129501e-05
14665,0.00033008341038601397
14666,0.0003145355346829948
14667,0.00018770672949064104
14668,0.020303661236180007
14669,0.00038747224370734297
14670,0.017800882112261947
14671,0.02089451738814777
14672,0.00018018731230922338
14673,0.10971682200017316
14674,0.007082335593286397
14675,0.0005395830478885656
14676,0.008113676052153332
14677,0.0002784581407755381
14678,0.00010050010017494563
14679,0.00015231712665022474
14680,0.0028478279311362127
14681,0.00299940213787962
14682,0.010659608118356534
14683,0.011469847749372588
14684,0.007391528701701494
14685,0.0002307874183258042
14686,0.0001389283342088557
14687,0.0003722885109650203
14688,0.0008642262565644185
14689,0.00017059783048838632
14690,0.002191092982338672
14691,0.001602339611290154
14692,0.0006590815903258394
14693,0.0002993126811365046
14694,0.0002070196900500276
14695,0.004277823402987049
14696,0.12146842399061057
14697,0.000191717706558181
14698,0.022201172251080623
14699,0.0001994511510274689
14700,0.0002504370015419371
14701,0.00021223619225579573
14702,0.00018139834170560003
14703,0.000143607898785987
14704,0.00523909252724186
14705,0.0009092954204068116
14706,8.07721410901179e-05
14707,0.0002981573967292049
14708,0.0002096526668438248
14709,0.0017305087751249026
14710,0.00017060390025586822
14711,0.00308903831113332
14712,0.00024717307060150885
14713,0.0005774173504819583
14714,0.00019903877143664255
14715,0.005818562900590764
14716,0.00043166572898633085
14717,0.00031928340563216627
14718,0.0004187196663607665
14719,0.02653069998042106
14720,0.00735531206207094
14721,0.0001675578998860712
14722,0.00017460743275012636
14723,0.0030070023477573706
14724,8.503361479073777e-05
14725,0.00019497537252448303
14726,0.01710922080610909
14727,0.00020915114392794763
14728,0.0002698471989622224
14729,0.01389473026524848
14730,0.002464368885891402
14731,0.0002182482269441103
14732,0.00022908701182513988
14733,8.183151266246243e-05
14734,0.007582547410034353
14735,0.00020372458103186386
14736,0.00022821590504603747
14737,0.0001647360680287705
14738,0.0006562948727022707
14739,0.012132901575910869
14740,0.005418758063380309
14741,0.0005953461086279447
14742,0.0001461455936566035
14743,0.0005042470615256916
14744,0.00041132099482504413
14745,0.0001275045331688359
14746,0.0011095217402930365
14747,0.05861007582153578
14748,0.000354736592259841
14749,0.00026443276689462196
14750,0.00017935482855816647
14751,0.0002526858987836044
14752,0.0011298362031116403
14753,0.0003157486964486484
14754,0.022232413186900894
14755,0.0012534649073334
14756,0.0003164592015459818
14757,0.006251450773471309
14758,0.0005810575055238374
14759,0.00017454670904913422
14760,0.0007162407684618787
14761,0.00042861528694427577
14762,0.0002279148717246666
14763,0.015481963074625075
14764,0.00033585703214959327
14765,0.0005738629497172501
14766,0.0017275921601148676
14767,0.0004277435180865557
14768,0.0001704640525039726
14769,0.00013863210196141625
14770,8.83421231195567e-05
14771,0.008225517538514018
14772,0.00021654918162005346
14773,0.00017408617318955878
14774,0.0022466955978258786
14775,0.00015603050572232966
14776,0.0001970390857844737
14777,0.00024284429870101423
14778,0.017806542414701948
14779,0.009288786504847242
14780,0.02906259248562908
14781,0.00022814331775791304
14782,0.00030834173749360395
14783,0.0001733494740163548
14784,9.358177216996572e-05
14785,0.009455068575994834
14786,0.00026324927925312346
14787,0.0033271270469685905
14788,0.0001166261795994307
14789,0.0001824502634364304
14790,0.0003094539412174731
14791,0.006792256982066189
14792,0.02237245624881324
14793,0.0006144365627518329
14794,0.004637028111286643
14795,0.00018575089113474064
14796,0.0014851024932969414
14797,0.017259009594557055
14798,0.00044736225356906926
14799,0.00023425203228968574
14800,0.001167753424777215
14801,0.0005354882227782802
14802,0.0004072824280270731
14803,0.00011597802687901432
14804,0.0029006716947698437
14805,0.001581160529563867
14806,0.00022076487168239817
14807,0.00045789961258085236
14808,0.024266242225945877
14809,0.00019320963559327786
14810,0.000153736317574864
14811,0.0002604477709745194
14812,0.0003755007017410788
14813,0.00031779298152447125
14814,0.0010117423848968348
14815,0.0003464335581432593
14816,0.002189286428962335
14817,0.00042369736063107156
14818,0.0019214461984083779
14819,0.00029740699911176994
14820,0.047005597211329894
14821,8.898875828225344e-05
14822,0.00925546305675726
14823,0.01383734114895232
14824,0.0008038924361833879
14825,0.00030548658806798075
14826,0.0001360615066926929
14827,0.00018246367534801683
14828,0.008076483913495828
14829,0.005504305496549767
14830,0.0011379187315184217
14831,0.002229996497471046
14832,0.00036766846224267787
14833,0.0013468968177717403
14834,0.0043700726216886684
14835,0.0004675200569186932
14836,0.00027740400576240474
14837,0.0011077573617847257
14838,0.00042656356492505165
14839,0.0003054523200277357
14840,0.00046140032953740316
14841,0.00033860063854132435
14842,0.00041955979081273996
14843,8.931914323477115e-05
14844,0.007192595060462617
14845,0.3626227125111655
14846,0.00022871815294680172
14847,0.00034506012673880403
14848,0.010859911868884246
14849,0.0005739319004493878
14850,0.00026843540091419954
14851,0.00032806584200252944
14852,0.0002434718183223195
14853,0.00035029576735578626
14854,0.00015589327118794294
14855,0.00015507161154582904
14856,0.00013494497646456582
14857,0.00013521528505506774
14858,0.00021854650730426258
14859,8.304310138270881e-05
14860,0.00022092021015304594
14861,0.0005851626710161286
14862,9.468699554658955e-05
14863,0.0012937408798121294
14864,8.682799209727429e-05
14865,0.00010498984693964978
14866,0.00010741033990891397
14867,0.00016611119341487327
14868,0.000145013884456008
14869,0.0005246958324956693
14870,0.0006261061201247095
14871,0.00013214705353139912
14872,0.00013630948215465476
14873,0.0007134385382281611
14874,0.00019942565425220006
14875,0.0034519869047096538
14876,0.013655612725851612
14877,0.0011358796370484444
14878,0.00014796904290161587
14879,0.00010624220765674474
14880,0.00032418098661821
14881,0.0071629262727527
14882,9.11070942299279e-05
14883,0.0010534792005735558
14884,0.00018093790138158078
14885,0.0006972644385545457
14886,0.2615120252912703
14887,0.00016872313009167302
14888,0.0022558937459006057
14889,8.262515363690177e-05
14890,0.0001771433362631255
14891,0.00013946490017812367
14892,0.0001447014348650111
14893,0.00033109383753778313
14894,0.0023689294688349176
14895,0.0007830470483648954
14896,0.051259061567174156
14897,0.9089636887067927
14898,0.022822621861151186
14899,0.0002095378681874956
14900,0.0001360813094260878
14901,0.00012675486594112862
14902,0.00015729208460339293
14903,0.00015230305711056124
14904,0.0005629381927784146
14905,0.00019937450379540095
14906,0.010566817133699665
14907,0.00011818947628235103
14908,0.00015618458213983132
14909,0.00015187125439654193
14910,0.014039635358101016
14911,0.14619324689613386
14912,0.00016295972461730408
14913,0.00016210820530625675
14914,0.004629358599925494
14915,0.0003113792169622233
14916,0.00048072020398228394
14917,0.00010996030420157518
14918,0.00016100124415486633
14919,0.0001878306452922165
14920,0.0003575600668308864
14921,0.5832562564799332
14922,0.00650749086520999
14923,0.0002346053960413767
14924,0.0002026682625116859
14925,0.00020003991757307346
14926,0.0001010626343475504
14927,0.000153115233701578
14928,8.53449781771211e-05
14929,0.00012718684630319714
14930,0.003004033289110021
14931,0.0009325298255566935
14932,0.0003614005436430094
14933,0.00013494296407354385
14934,0.00014432972965783313
14935,0.019818812042736854
14936,0.00014381022447014337
14937,0.00016012627325830478
14938,0.00014545419316106288
14939,0.035061604391853005
14940,0.0002618426275975784
14941,0.00039243954890117426
14942,0.013673975750275697
14943,0.00024990892174869904
14944,0.0010682732625363245
14945,0.00037921515759126417
14946,0.00023100484993580467
14947,0.0001521773245648237
14948,0.00014050904597675914
14949,0.0012094787454982646
14950,0.0001852561452934239
14951,0.0004958783085715542
14952,0.00014742535828247963
14953,0.001047461746859995
14954,0.006871034432577477
14955,0.0825210810502741
14956,0.031280111755544106
14957,0.0006073868564363823
14958,0.0002442021490810819
14959,0.0007486871969098077
14960,0.0131742606261403
14961,0.013272524234316865
14962,0.00016803054298936593
14963,0.00015646658804442784
14964,0.0001225461743239775
14965,0.05859603315150826
14966,0.00011036734228307551
14967,0.00015145515002099708
14968,0.00014323883765898646
14969,0.00012968233309437448
14970,7.591126397170705e-05
14971,0.00844286239501931
14972,0.00025655301753795803
14973,0.0002311494147259554
14974,0.0001937092038029971
14975,0.00015149140555215882
14976,9.710744503121779e-05
14977,0.0002791304316733427
14978,0.00017819851206100112
14979,0.00036180371352691903
14980,0.0019049187685329864
14981,0.0021990360618457682
14982,0.00010549234908588056
14983,0.000256539708880508
14984,0.0012096570562132578
14985,0.0011198208615893065
14986,0.0041624523018345735
14987,0.0006076784849258875
14988,0.00019956759603106554
14989,0.00016443567487904416
14990,0.00019204057887444985
14991,0.000197990987426169
14992,0.0001709303312708902
14993,0.0001262168895166805
14994,0.0786520091432604
14995,0.00012170807902839049
14996,0.0001874905264978834
14997,0.00015008496756588086
14998,0.00022454588762207102
14999,0.0001799835163019057
15000,0.05548215140782833
15001,0.0001371882336249143
15002,0.00016647686175240523
15003,0.20030093044988667
15004,0.19076812020578096
15005,8.033046566746726e-05
15006,8.150512962806893e-05
15007,0.00015212689559434512
15008,0.00019513192133129514
15009,0.0001836261150092216
15010,0.00020129651678816842
15011,0.001522586690450935
15012,0.029877075566155355
15013,0.01031055535800349
15014,0.0001227346067109015
15015,0.008977158474229616
15016,0.021340215725955743
15017,0.09630148179745619
15018,0.00019863089997768996
15019,0.00020135663029924463
15020,0.00012748803476879698
15021,0.00011444150031654412
15022,0.00022670422306002506
15023,0.06342957060215872
15024,0.00036596436654185804
15025,0.014182078934955333
15026,0.00015715227441307704
15027,0.00013966604850237176
15028,0.00012907285125157808
15029,0.00015712171328186402
15030,0.0001523922792074657
15031,0.0036502059144176494
15032,0.03391079522887715
15033,0.0001556212226218471
15034,0.0001691701007222849
15035,0.07655095573309251
15036,0.00029079491784732644
15037,0.0010234726123571464
15038,0.006814185912935049
15039,0.00018227540087739391
15040,0.00016120056198692893
15041,0.00013230599901599042
15042,0.00017315865248960903
15043,0.00017064612955867612
15044,0.03537065576947369
15045,0.0009889801180688698
15046,0.0002467168065919464
15047,0.0008167113342970628
15048,8.49810707272183e-05
15049,0.00014638932024457722
15050,0.00014825043351933398
15051,0.00017579851419792373
15052,0.026216951168884943
15053,0.00013852053112500465
15054,0.00017766587630429017
15055,0.003159416301436191
15056,0.00288345004033621
15057,0.09494614554128664
15058,0.00016627287319303168
15059,0.0010534255911376026
15060,0.006398632348905632
15061,0.0001514063132686567
15062,0.00015599447057748706
15063,0.0011387108687118998
15064,0.000976161760402618
15065,0.0013020673690739945
15066,0.0004677222017285914
15067,0.00014990903515415876
15068,0.06880434813445886
15069,0.005864659296073579
15070,0.0009350574299578334
15071,0.017588961310494675
15072,0.00012263714695740646
15073,0.03241722361254824
15074,0.00036524267273831514
15075,0.00018010919474202802
15076,0.0001589409277467872
15077,0.0006162517633280853
15078,0.0001851274416004841
15079,0.00019200144403195364
15080,0.00013276352785988326
15081,0.00013636480597481313
15082,0.4501839118936119
15083,0.06949212584502407
15084,0.00015507996768596323
15085,0.0001429509136085963
15086,0.00013208199689909632
15087,0.0006417278408841628
15088,8.249585699566455e-05
15089,0.001470172153210237
15090,0.0004337781742055049
15091,0.05717595332891402
15092,0.0802047336053917
15093,0.016130397751035072
15094,0.00028550173526480067
15095,0.0001879791247803201
15096,0.010296569508535441
15097,0.00015071614512754874
15098,0.0001883635583818503
15099,0.0001310486837898812
15100,0.0021327710687844394
15101,0.00013196158573286991
15102,0.00013576086951187262
15103,0.00015986669534953947
15104,0.00026981419622132267
15105,0.005182588389316749
15106,0.03844899295429303
15107,0.0002291106518129346
15108,0.0005562099942854574
15109,0.00023604043023845098
15110,0.0005610721698259386
15111,0.014815684196641246
15112,0.0035198723975053115
15113,0.00015378537754280817
15114,0.0001692135956574583
15115,0.00012194072013509481
15116,0.0014717334449869668
15117,0.00017508417523275224
15118,0.00018064294571391705
15119,0.00011536447703506968
15120,0.00011966689959134571
15121,0.0056242647519045294
15122,0.5364588473001064
15123,0.00016368221654638527
15124,0.00012930445683904574
15125,0.0001455468074109755
15126,0.0001678089321050091
15127,0.00042132716670531187
15128,0.00012790489897006644
15129,0.00029034169379200383
15130,0.016247820096928087
15131,0.00015588702616394146
15132,0.00041530872125351663
15133,0.02621298020488112
15134,0.00014743779911428374
15135,0.0034474025429426097
15136,0.0105358965975701
15137,0.01696968432434012
15138,0.000917564904807049
15139,0.00016269542228609276
15140,0.0001536272137393193
15141,0.00017784229163276313
15142,0.00013114289701464821
15143,0.00010429066127581374
15144,0.005731973025163859
15145,0.00011315377130033196
15146,0.00016323415612514786
15147,0.00010701938728008239
15148,0.0031311038103736767
15149,0.0010409942999788965
15150,0.0007088443153351277
15151,0.00011360400982085705
15152,8.411966137373751e-05
15153,0.00018253315536653487
15154,0.003066803261575795
15155,0.014295385659909737
15156,0.0004199118431882417
15157,0.017105168726477087
15158,0.0016538119742191561
15159,0.053113245504913996
15160,0.0005487084125022988
15161,0.002233115661908234
15162,0.00013141091916720097
15163,0.00011662483172875347
15164,0.0038129866573409126
15165,0.004577863932106585
15166,0.00031330753077119655
15167,0.0005680933127863095
15168,0.0001784851723563802
15169,0.0001894457489031545
15170,0.10387729230876781
15171,0.00035645676363284614
15172,0.004622309992665416
15173,0.0005473448179540567
15174,0.017820124728890763
15175,0.0003612928767963355
15176,0.0031979334828779646
15177,0.00013788665112258777
15178,0.00012089929187369402
15179,0.0008178702991714096
15180,0.007645278409059722
15181,0.0001335368164532959
15182,0.010516360072888592
15183,0.0010753969285840794
15184,0.00011682830302280367
15185,0.0002631477287137205
15186,0.0001473041527328749
15187,0.0001560189633803203
15188,0.0004241815983868153
15189,0.001150708703499981
15190,0.00021153966565271094
15191,0.18162827871062057
15192,0.00012667796037169778
15193,0.00015932601432599094
15194,0.00013465963869675564
15195,0.00013907837822747335
15196,0.002563318212344891
15197,0.0017906603423668808
15198,0.00013625332837510692
15199,0.002646514958695468
15200,0.0002487541756139107
15201,0.0001167659265203363
15202,0.0001715089683825116
15203,0.0015314721088216926
15204,0.009969716266325793
15205,0.00020154875797680772
15206,0.07044755564449287
15207,0.32402862977584396
15208,0.018119247822054225
15209,0.7097549965764943
15210,0.00023550663629652173
15211,0.00015798076645804103
15212,0.0001193836269377023
15213,0.06480293150790242
15214,0.0007094722275722778
15215,0.2411603504067319
15216,0.18023922581387236
15217,0.0004696219832909863
15218,0.0003116181529194245
15219,0.0011160452128719236
15220,0.00017253935970027774
15221,0.004353876068528382
15222,0.00044988823668740683
15223,0.00016701242364965742
15224,0.0004430644077625358
15225,0.0001387861644293777
15226,0.0010475974463968558
15227,0.0015306566001256608
15228,0.0037656114021120133
15229,0.0197470736511069
15230,0.0001356686567159211
15231,0.00015241764319178771
15232,0.00021229507960789754
15233,0.00038048813603167476
15234,0.0006185324177143508
15235,0.00019721142107361833
15236,0.00014678049096315015
15237,8.298762694521479e-05
15238,0.00660965040563289
15239,0.00036426937469429194
15240,0.0011188222685272848
15241,0.00020171508879180574
15242,0.0009517437946004259
15243,0.008744212867105005
15244,0.00013095343708136075
15245,0.0059120008710085775
15246,0.0013382429118499928
15247,0.00016088107412043262
15248,0.0004461665655064227
15249,0.00014035376874534482
15250,0.0008343312766116443
15251,0.0002120766551495152
15252,0.00013454052637515705
15253,0.02687433906245961
15254,0.0001099040197906086
15255,0.00011773229649148557
15256,0.0007293750322649265
15257,0.004239344225158739
15258,0.13837332050234716
15259,0.00014324950958836667
15260,0.0042197645897022705
15261,0.0010329347465386873
15262,0.011794456700453943
15263,0.005083310276674037
15264,0.0017944413328545429
15265,0.0006382100364297266
15266,0.06093319995323896
15267,0.00609319434947576
15268,8.730554364944944e-05
15269,0.00015876597424308348
15270,0.005389542682066838
15271,0.0001980136740534543
15272,0.00016512161641553665
15273,0.0001486794115002319
15274,9.424730084205685e-05
15275,0.0018260692237058943
15276,0.15280707937383337
15277,0.0001391627250751272
15278,0.027248989896918107
15279,0.00013765409769225237
15280,0.004530959668796313
15281,0.5136935025334683
15282,0.00013756081890862847
15283,0.0005716966286440984
15284,0.0003261937517005128
15285,0.002460595973680109
15286,0.03868274667758902
15287,0.00016758984989111484
15288,0.00012868830361721054
15289,0.003068816187221146
15290,0.020292100757802592
15291,0.0004382302074215624
15292,0.00011190412847381292
15293,0.00015618230267567369
15294,0.0009509069074551391
15295,0.0001447326082173362
15296,0.00490378984715659
15297,0.00012917254677490925
15298,0.0009468503732876988
15299,0.000174572933242289
15300,0.00022380184724533157
15301,0.00014193769844370426
15302,0.001248464162399596
15303,0.01805291974119035
15304,0.00014052820449013599
15305,0.00041397918115461553
15306,0.0010630076808394913
15307,0.00019143559257956774
15308,0.12510174562318627
15309,0.00016268819370057974
15310,0.00030115508622635494
15311,0.013470923040437854
15312,0.009806028868067699
15313,0.00010725959784977936
15314,0.0007054684114860029
15315,0.0005182325854643829
15316,0.00375058624636326
15317,0.23785381554439314
15318,0.00015349947556718814
15319,0.016999280618638195
15320,0.05293793721027408
15321,0.0063810351136983105
15322,0.0001309602068630854
15323,0.03092197575793027
15324,8.974505212166594e-05
15325,0.00089484086708014
15326,0.015118972054171401
15327,0.00020712937721416324
15328,0.006353588242172992
