index,target
0,0.00086782253026256
1,0.011889713802703957
2,0.0013581777505359877
3,0.0008338723855363083
4,0.00021417428808289722
5,0.0005417057462624623
6,0.060620368960986895
7,0.0011955002343403249
8,9.335716660045025e-06
9,0.0003475645016200081
10,0.0005265441407502395
11,0.0010412100734252157
12,0.00042810932858023244
13,0.00045951992148517693
14,0.0001003182796011973
15,0.0010352093442811058
16,4.103195600958508e-06
17,3.984627869723693e-06
18,0.0013633623565451603
19,0.0004698024242723667
20,0.015502318567263099
21,0.0006037830154868482
22,0.0003227447811097046
23,0.01524899925644006
24,0.0006068905577488651
25,0.0006453234000769231
26,0.0005999778719139468
27,0.00022198462037092653
28,0.0003568588606930856
29,0.9918052453375594
30,0.00015422722140309478
31,0.0010433348555844504
32,0.0003096771812212102
33,0.016128602520834524
34,0.0007007744577333722
35,0.00036228676278584975
36,0.000685107434399156
37,2.5594771040454465e-06
38,0.0027271524225063698
39,0.01873646813032335
40,0.053123031680638866
41,8.60235211235595e-05
42,0.0006855540352540491
43,0.0003150097358945002
44,0.0015689606540127874
45,0.0032896044446698697
46,0.00914150784991375
47,0.007524007801546255
48,0.0003721453037567241
49,0.000495633472158648
50,0.0004888379346563436
51,0.001706096421426545
52,0.000516050581311464
53,0.00016223846323839376
54,0.00014580187019384947
55,0.004928787902768899
56,6.00123830616786e-05
57,0.0005163465296149855
58,0.0003563803586952524
59,0.0002319006997793192
60,0.0001378650895471951
61,0.00012877289227498082
62,0.016414541787284256
63,0.0004371087224429946
64,0.000402183244439529
65,0.00039870954157493433
66,0.005422215871464112
67,7.25378550672421e-05
68,0.011197909963228331
69,0.0021425294499285924
70,0.008581052596947674
71,0.0014898398211394474
72,3.232465903639602e-05
73,0.001219337819400262
74,0.0016793110942393426
75,0.0017327490597831147
76,0.00033427304986776595
77,0.005090447340205759
78,0.04338080491568221
79,0.005349089542605918
80,0.010116454260988365
81,0.00011436890256774255
82,0.0009842322900371334
83,0.00033932803052943034
84,0.001989136076234647
85,0.002657950335760126
86,0.06374544794128685
87,0.07681713569516446
88,0.002644557452794129
89,0.0024062456381049183
90,0.0010427970586324455
91,4.449858908541668e-05
92,4.377533712516267e-05
93,5.40619617792976e-06
94,7.1410281241861785e-06
95,0.0010520857732386362
96,4.753474402591693e-06
97,5.749016202908712e-06
98,0.0004342862496248065
99,8.096823291051626e-05
100,0.001665105025457287
101,0.998052735794767
102,0.0053952535245147095
103,0.0011414616561497312
104,8.464951265844659e-05
105,3.649495465592545e-05
106,0.0010948595645254929
107,0.0008401000746831429
108,0.00019670857688040112
109,0.00017494621418381997
110,0.0001459379190335222
111,0.003575967766560903
112,3.2013995282658515e-05
113,2.454452639396967e-05
114,0.0002207452851514562
115,0.0013408823127291718
116,0.0012884327556015192
117,0.0008681901581186135
118,0.0002986981526543821
119,0.0012896471326273942
120,9.125072886897864e-06
121,0.219251929540967
122,0.0007311323730849588
123,2.8611279158264594e-05
124,0.0008476794110783912
125,0.00018315610975222436
126,0.1298484787211416
127,0.0746499954676122
128,0.00037369534136697983
129,0.0463061829028264
130,0.03148356579822579
131,0.06706237048247143
132,0.9929129272170533
133,0.0785611994999845
134,0.04115921076225337
135,8.134567578850595e-05
136,6.454696478810839e-05
137,0.00015079729290588158
138,3.2032989740349064e-06
139,0.0005930700051600827
140,0.001522733775417271
141,0.0002695910731268955
142,0.001074350027998498
143,2.0662075608041363e-05
144,0.0005999542005465897
145,0.0009162251720955967
146,0.00021246798685594257
147,0.015571518005005058
148,0.0003273539398221398
149,0.22680812142338938
150,0.240747574370555
151,0.00026923160448921897
152,0.0020428815187574934
153,0.00017584061344826682
154,0.00012202122929822588
155,0.0002474921317293917
156,0.002289943005089457
157,0.0012286894906413895
158,0.32047908928789365
159,0.0019019445228957124
160,0.0018152757250935517
161,0.02636673493361183
162,0.1084208348703212
163,0.0016675600777551526
164,0.0011162003905447943
165,0.007091870801905431
166,0.5081745743178507
167,0.0445216050746093
168,3.0759122919112377e-05
169,4.618737511661628e-06
170,2.618463590185718e-06
171,0.026425121029872822
172,0.00027772350514261595
173,7.639551241213237e-05
174,0.014159110889378376
175,0.0009120833335200803
176,0.001203245493540851
177,0.017893445592061696
178,2.364964418026304e-05
179,0.00020688452297669486
180,1.665321080682449e-05
181,2.7588136848139443e-05
182,0.00033043845223881287
183,0.0007489604821839035
184,0.0019954648726523997
185,0.0010389544770973407
186,0.0008832808591061059
187,8.12463916134822e-05
188,0.026493201143923662
189,0.0007789436162504014
190,0.0037974771935216645
191,0.0009148219048632573
192,0.00025806922568723847
193,0.14783476941922374
194,0.0043785984656316695
195,0.01736403932124065
196,0.03320718495398705
197,0.00032193357490811265
198,0.0009865121511911888
199,0.00034172309446323936
200,0.002621503385430035
201,0.00038001773192458275
202,0.0006470147384975053
203,0.0023713013007796704
204,0.001486279548893625
205,0.0006237036018835379
206,6.497041901067397e-05
207,0.00022704425981571666
208,1.623235558271633e-05
209,9.277683286908938e-05
210,0.00018268791018561495
211,0.00440810020659841
212,0.013243117638998256
213,0.013264886633589846
214,4.210378333539928e-05
215,0.00017719157738020652
216,0.09180626450093962
217,0.00048266985692530667
218,0.00031574118229642787
219,0.00015164013674868245
220,8.41876344760571e-05
221,0.00016709436556268246
222,7.513807281635417e-06
223,5.4241167037927555e-05
224,0.11481367942298286
225,0.1365241577849539
226,0.00017941235372403836
227,1.4374587302374408e-05
228,6.104986015871477e-05
229,0.0007432272965715689
230,0.0004641349336983626
231,0.001614120375725041
232,0.00010379763951119032
233,0.00012724333222787054
234,0.001578340279954037
235,0.0022625181564252628
236,0.0005859383918504731
237,7.140015792144145e-05
238,0.9888385963906746
239,0.0014222681382046912
240,0.0050077119694492776
241,0.13486175710588033
242,0.030618768725615593
243,0.01390174718612707
244,0.0021841761445302475
245,0.030526075472084458
246,5.541373506561675e-06
247,1.5742476686698082e-05
248,3.708529168533735e-06
249,3.9178591664487786e-05
250,4.5790525366569286e-05
251,0.0020736112243576335
252,0.0020022196681707613
253,0.23441333314636265
254,0.011276385948084573
255,5.010252437156375e-05
256,5.9899030753330055e-05
257,0.00029401941143034505
258,0.0001353263419754269
259,0.003973674974369395
260,0.0012105400357179151
261,4.249623460858293e-05
262,0.00032654233833928327
263,0.00013121703186255658
264,5.5073609954817157e-05
265,0.00012033389339896013
266,9.51855676761525e-05
267,0.00024157374370304473
268,0.0004621338947699157
269,0.02755751451806775
270,7.882084309113009e-06
271,3.549850147176937e-06
272,1.4601451637371264e-05
273,0.00010057377116265455
274,0.003305054241442005
275,0.0007455949472642004
276,0.00017371055817257483
277,3.628806198723211e-05
278,0.00018718308428740177
279,0.0007595339668028821
280,0.0001157969942519163
281,0.02604264251807511
282,5.51735560888654e-05
283,1.9457019466291972e-05
284,4.118259284418754e-06
285,0.0005753428495797288
286,0.00018511226248146525
287,0.00026841253895963635
288,0.03360212074809717
289,0.006855772118466064
290,0.0009151960268802434
291,0.0002035771878173593
292,0.00024743596628863326
293,0.00021789056384275226
294,9.261967447542888e-05
295,0.0006220427250076103
296,0.006746075485941863
297,0.007220802058239319
298,0.030770638325369963
299,0.0007190353315664333
300,0.00014457629740894352
301,0.00010959495257146414
302,0.002027098880126049
303,5.556091506526248e-06
304,2.814831067717556e-06
305,0.0004235847291975474
306,1.004470038345497e-05
307,0.0006391006629548818
308,1.5236595583039312e-05
309,0.00010334232377228215
310,0.00010552342740877303
311,0.0002450612715444209
312,0.00016351568365497184
313,5.90460444907499e-05
314,0.009483595088133828
315,0.0024565470975524404
316,3.780271085364492e-05
317,0.00687854609999858
318,0.0007356237582555976
319,0.0013165778782699784
320,4.698785513687935e-06
321,0.00012688916147261174
322,6.161462868014288e-05
323,6.993940773017036e-05
324,6.372676147513369e-05
325,0.00013706520132628959
326,5.7772202585765626e-06
327,0.00023243588033309542
328,0.00016273877918781898
329,0.00041504696399326897
330,0.00045912992458961273
331,0.0008627277738408911
332,0.0005137129687869216
333,0.00042878250242290287
334,0.0011283500758857206
335,4.8756850339542804e-05
336,9.361537748015125e-05
337,7.195516767365451e-05
338,0.0005633170353107635
339,5.609595905849789e-05
340,6.548059063748283e-05
341,0.0010672247730886067
342,0.00037724963797474033
343,0.017837024478540013
344,0.03805967749101766
345,0.002851243960039869
346,0.0013370293110656294
347,0.0004027703716793007
348,0.001073457120135812
349,0.00018567312681145738
350,0.00032296608282442234
351,0.10887254682888212
352,0.19575632157188455
353,0.0038081274252443433
354,0.000397738222514748
355,0.00037695969493003393
356,0.001338891122377482
357,0.0018222366605666381
358,0.0006521104486503992
359,0.0025960490949748366
360,0.010284474192134869
361,0.009791403163266292
362,0.0002922492489174177
363,0.0005577225098007624
364,2.6819747845549584e-05
365,0.00017627826701147173
366,0.0012577896593644999
367,0.0005028511152066147
368,8.932279316897684e-05
369,0.026997337256790967
370,0.00013553315515785598
371,0.0002244352603300308
372,6.090835724972942e-05
373,0.0005300854305259794
374,0.000268694134908049
375,1.9078911393307512e-05
376,0.09576987577941547
377,0.0012471655678589128
378,0.02940703323423341
379,0.1188270259486914
380,0.000673862989586186
381,0.002200361510773238
382,0.0010374071886861769
383,0.0008275579389648046
384,0.0006540081485011402
385,0.0004709679904217561
386,4.9479512481074686e-05
387,0.000757812225101666
388,0.000911773865616927
389,0.03416782028574013
390,6.961595422942379e-06
391,5.518867848769186e-06
392,2.8557668739980212e-05
393,3.5542202045013688e-06
394,4.581183118795193e-06
395,0.00013836854543037324
396,0.00010490562577303408
397,0.01684708256538659
398,0.007490976813795146
399,0.00235827144997954
400,0.0059624762875258005
401,0.3270450581552513
402,0.22422769302806014
403,0.0027446654466198313
404,0.11377061947343847
405,0.07210638484368224
406,0.04075004767453199
407,1.4202399719301184e-05
408,0.0006509274949711899
409,3.0444747331733066e-05
410,0.00013432795615376123
411,0.00020193680189303635
412,0.00029219444832231895
413,0.00023097079992349945
414,3.745839172234428e-05
415,3.0109466457087744e-05
416,0.0013916011813536098
417,0.014379596375944265
418,0.012475871031819163
419,0.0002577485410985781
420,0.00011902846409983193
421,0.0014660246382769604
422,0.00011044677893416238
423,6.556109493694928e-05
424,0.9573883102853035
425,0.00015086998463808153
426,0.00024650610645781935
427,0.0023616490730564484
428,8.999990577812825e-05
429,0.00012431250284595814
430,0.0006779077095638615
431,0.018891289836703552
432,0.002324695463305982
433,3.6745225135407475e-06
434,0.00047691226642508486
435,0.023237470051746582
436,0.017654187304672143
437,4.195829758810901e-06
438,6.006760761743541e-05
439,0.00036856317491779756
440,7.503673595141583e-05
441,8.429590712107436e-05
442,0.003360769160215322
443,0.002580433536546195
444,5.814787414687858e-05
445,0.001957074767554898
446,0.0017236127345423874
447,0.0002723477937882567
448,0.0002185190633170915
449,0.00022821769852141932
450,0.00030375053393455313
451,0.00029883224146880314
452,0.15441727595591015
453,0.13002029571966228
454,0.0007564871161610028
455,0.00010903861997448628
456,6.697412344201735e-05
457,0.003432551502142328
458,0.0001104432139008317
459,5.170988912057441e-06
460,4.181762167551402e-05
461,0.0005153196867586388
462,0.0028646332510127424
463,0.0006898222966205882
464,7.67055107570105e-05
465,7.919666308094313e-05
466,9.637872464979161e-06
467,0.00035534073299167847
468,0.0034730780967508965
469,0.00031075546419351166
470,1.582269463861625e-05
471,0.0010444336885296927
472,3.237053829926941e-05
473,3.752969944833324e-05
474,0.0002668150714499692
475,0.0118092355333207
476,5.351524965614887e-05
477,0.0035264148397136665
478,0.002014777994539302
479,0.005001076874495398
480,0.0018978267531285383
481,0.0003620388222936166
482,7.071895507033279e-05
483,0.010468057815139969
484,5.8113241523322146e-05
485,0.0006548469005415249
486,7.328852114190511e-05
487,0.0004382056737760851
488,0.00032342740587732106
489,0.00023528512964254427
490,0.0014201020568744953
491,0.00022481841228213758
492,0.005628673002700686
493,0.00012084542305832845
494,9.011259641115941e-05
495,3.3110490170716463e-06
496,2.3216094716992453e-06
497,0.0014517591111105662
498,0.0004465580165013091
499,0.0005945511200298704
500,0.001979486169096832
501,0.0012457588062560663
502,0.0004573931328934281
503,0.01103079616439415
504,0.0024067731012250904
505,0.0006048615954151458
506,0.0010182901713770534
507,0.0013878920708227673
508,0.0044766327646911675
509,0.00033704047185810655
510,0.001084750153163008
511,0.0003347615654852399
512,0.005378092386549834
513,0.019716648816447573
514,0.004872186569469768
515,0.0008854011513043105
516,4.170655802100813e-06
517,5.705797430847238e-05
518,1.878286651517916e-06
519,1.0909911351678448e-05
520,0.13741094883140773
521,0.02546322953148169
522,0.0015495728896871021
523,0.0006187116129112812
524,6.763168830457858e-05
525,0.0015161775805576966
526,0.00037852828131315343
527,0.0001849013413938911
528,0.004026722443396752
529,8.794256560012636e-05
530,0.0002497528591587627
531,0.0001611734557186724
532,0.002030683116585348
533,0.0014725512465485605
534,0.0015107352832095017
535,0.011266745883901223
536,0.0004110543526146471
537,0.0006409551385599866
538,0.07642995811707441
539,0.012781587398080585
540,0.01771603289542484
541,0.0005764838006092731
542,0.0004143505772993544
543,4.288233923990787e-05
544,0.008753522666649704
545,0.0038175647176045186
546,3.4433857178674246e-05
547,0.008765890866685564
548,0.0012288084321834727
549,0.0001586372152103983
550,0.0005018076270752027
551,0.0006851487283572282
552,0.00010126393810907589
553,8.438603604058984e-05
554,8.576476794675668e-05
555,0.00019587747819148636
556,8.979200462973857e-05
557,0.0020540956148181085
558,0.00019700823294405796
559,6.756717829962162e-05
560,0.0009281522880884108
561,0.0008812349447522714
562,0.00043322921739660867
563,0.00010026526545061718
564,0.00020786419493406153
565,0.0002109926272261844
566,5.113807619143725e-06
567,0.058117246909087636
568,0.0011518736072808333
569,0.00010652133774929285
570,0.004952495595316174
571,0.0011622646898229029
572,0.00013643376648832614
573,0.00012610385745306886
574,2.148338824452713e-05
575,2.1251982075694445e-05
576,0.9430622506171732
577,7.925998897305014e-05
578,0.00037757154579245945
579,0.00043389429535926964
580,4.199451859626668e-05
581,1.0295707420859702e-05
582,0.004320639926795306
583,0.24682797440065266
584,1.9915182517409784e-05
585,1.6557455451393987e-05
586,0.7221322787959932
587,0.00026968601712036957
588,1.0756206430689367e-05
589,2.0158495994113013e-06
590,0.00018150517332991828
591,0.09349991693047395
592,0.03390954244797042
593,0.00015597599359088877
594,0.002896305570518543
595,0.0018169635218870024
596,3.244861062096103e-05
597,0.0008333886268924966
598,9.910562360100115e-05
599,1.114523949305328e-05
600,9.98953459337649e-05
601,0.00011103400608723955
602,4.222652736584922e-05
603,5.5655303083730254e-05
604,0.021182007640397786
605,7.2970421438948165e-06
606,1.0619023338871435e-05
607,0.001269774052144795
608,5.016956036606709e-05
609,0.9680889510823801
610,0.00022568465014892553
611,0.0011020131815394425
612,0.0042865174845367286
613,6.264990443442361e-05
614,0.9085152343159881
615,0.0012993079862734169
616,0.00013643510152851803
617,4.218145824327619e-05
618,1.69672979655608e-05
619,6.558061865691833e-05
620,0.0047588921866778214
621,0.0004670875537636005
622,5.750145800412114e-06
623,0.00036421612500275765
624,2.5843227518320193e-05
625,1.9018420216241964e-05
626,0.00027984467341265145
627,0.00047634935876187583
628,0.00013299236289954257
629,0.000208762691168491
630,1.9087378680702134e-05
631,0.011786003932457323
632,0.00866416132939762
633,0.3753432362824604
634,0.0008894653204735042
635,0.0001486430579889099
636,0.00045041898408171717
637,0.0002348480763953339
638,0.00037481468603454103
639,0.06995640277563867
640,0.003067282458375044
641,0.00014804666241124525
642,9.596510265809407e-05
643,0.0005583400485418613
644,0.0025402148151166207
645,0.00012440700703812962
646,0.001566878358860161
647,6.126997172452758e-06
648,0.003180553027051047
649,0.0023096198758257207
650,6.5909768410732415e-06
651,3.0406590486337235e-05
652,0.000838723345531783
653,0.0012727401738555268
654,0.0001314777269467643
655,3.8708142369616465e-06
656,5.599401474639762e-06
657,3.8141515458927616e-05
658,0.0031618550492388273
659,0.0019883877295500405
660,0.0005120491697301854
661,0.0038301459584798555
662,0.0017616450482180815
663,0.11756321072073413
664,0.0059533617895702875
665,0.00033816198095678175
666,0.0031479093948285084
667,0.0012958890992407443
668,0.001590064259563643
669,0.0011549981974473956
670,0.00016101158068177658
671,0.0871108346707539
672,0.01403362042334132
673,0.015620780809932849
674,5.680658729184908e-05
675,0.000303425653250608
676,8.655113461542824e-05
677,0.00018247557831018222
678,0.0014431126206122277
679,0.006910439852215086
680,0.0015676037200765777
681,5.006139759571844e-05
682,0.0014210262878135422
683,0.0001479186426464892
684,0.001055427921729302
685,0.00010824616412971433
686,0.00013800269381245166
687,0.0029923412115360104
688,0.01611622756571859
689,0.00032683295328432484
690,0.35091116506651004
691,0.00018968062067550672
692,0.000234397562902713
693,0.012110881447617964
694,2.223363898206886e-05
695,5.931208063502049e-05
696,0.00039348022129358446
697,0.00038362338511275016
698,0.0015773546269724722
699,4.15737428931098e-05
700,0.0005686180828681584
701,0.0002291509230691353
702,0.0016676597340761295
703,0.00027542377609183257
704,8.52177157201776e-06
705,0.0008807650076625197
706,0.000864808970439038
707,0.0009689014872814323
708,0.0038271075401581115
709,0.00019383670193280362
710,4.371608366710101e-05
711,1.2214850868201917e-05
712,0.00010039766341009195
713,0.0002959373713610018
714,0.002532104047586011
715,0.002653343393719006
716,0.0006516306063956204
717,0.0006734877176998201
718,4.295268678241194e-05
719,8.768378071875574e-05
720,0.00015519967888084316
721,0.03833569413189295
722,0.031490699926906854
723,0.0003466077389560422
724,0.00045305032966088787
725,0.0002112858144276001
726,0.0021909831288042755
727,2.0022948033305026e-05
728,0.00014301692870099405
729,0.001231908024853149
730,0.6196847292028828
731,0.0035011641779428364
732,0.0014279286556482488
733,0.0001893525707977774
734,0.019701926191824856
735,0.014182959857258736
736,0.004308558771556859
737,0.0004910231408606083
738,8.442423610253534e-05
739,0.00019753193945972969
740,7.711638737136072e-05
741,0.006207508105294043
742,0.00028914474226119215
743,0.0005154135107347846
744,8.225394830043918e-05
745,9.023993921172687e-05
746,0.009529234349258953
747,0.011151852554425922
748,0.01260303753792175
749,0.0014337675571406187
750,5.803047267941787e-05
751,5.984569935789633e-05
752,0.0001493989513156818
753,0.00017290736862224056
754,0.0014145539036943368
755,8.627330024306762e-05
756,6.527236396493619e-05
757,0.0030380684421174474
758,0.0009030684873776479
759,0.0005501788384743184
760,0.998012217350351
761,0.000806157292269611
762,0.0009128191109397225
763,0.009010221696600634
764,0.10561162263067292
765,0.03952661688757164
766,0.0010523505602804389
767,0.0005265540349349366
768,8.3870246517771e-06
769,1.888908100276683e-05
770,0.004519285942855998
771,0.00010651975218335074
772,0.0003801781462691615
773,0.00012501381415505245
774,0.0003724577065030952
775,8.024221236727292e-05
776,0.00044794392414786134
777,0.0011870332725353136
778,8.251861180073588e-05
779,0.0002216597143679536
780,0.5815775612452824
781,0.000713546098724431
782,0.0007053732362352855
783,0.00022695671632107532
784,0.0004031051887043305
785,0.00018587375499736115
786,0.0011595823744387694
787,3.0547729731335767e-05
788,3.443627710081517e-05
789,0.00019567644812149105
790,0.04209584163041232
791,0.05962542889770002
792,0.006773565141277617
793,0.016268364897053647
794,0.0028713472632277506
795,0.00016182446930461687
796,0.003305572727902155
797,9.340460731716175e-05
798,5.0760583471882126e-05
799,0.001403973310725853
800,0.015941325720967254
801,0.0003016147855399747
802,4.36243964854694e-05
803,0.213136188026004
804,0.0004756528787764211
805,4.270630105484025e-05
806,0.03150741191913524
807,0.01304049858547138
808,0.0012735660597331792
809,0.06991465733586533
810,9.409803155103378e-06
811,0.00020335565019773805
812,0.061796484377089414
813,0.00481336497705661
814,0.029269985565695027
815,0.00044409282542571556
816,0.0004828129226578189
817,0.0028067742431983904
818,0.00022196355999270722
819,0.00012861703766555582
820,0.0005479985109597366
821,9.24157741569512e-05
822,7.229380022454575e-05
823,0.34189587633158364
824,3.69889894767595e-05
825,0.13878147460045165
826,0.0002702073047276243
827,0.17627277293034008
828,0.005772349860545253
829,0.01341051826009669
830,0.03289399916092518
831,0.0026574737869636323
832,0.00022386818548729504
833,0.00018821735308169812
834,0.00015498797542132527
835,0.00024506701797952836
836,0.00011218568947700359
837,0.0013723946726908218
838,0.01369860151275006
839,1.0281939714797396e-05
840,0.0013898479789517426
841,0.0010930579869901746
842,0.0011026911245156773
843,0.00018866514342839904
844,0.02671057298644497
845,0.00031386480190609227
846,0.0006243596632092436
847,0.00017434900836782753
848,7.011741644915195e-06
849,0.00029644651117527817
850,0.0015046945926959951
851,0.0005373337913135324
852,0.0003074095613038876
853,3.169210981551399e-05
854,0.10209089822932382
855,0.00041684328742710015
856,0.04480222192072899
857,0.06011214339113789
858,0.0004746330707454962
859,0.002306155812207931
860,2.9931048894662992e-05
861,5.2289994563795686e-05
862,8.412857138290444e-05
863,3.428008778690049e-05
864,0.0002695878403656406
865,0.0015321335102920735
866,0.009416844445118963
867,7.189654907548349e-05
868,0.017084132521260918
869,0.00626258834798447
870,0.0002882562409302454
871,9.242787245211107e-05
872,0.00016115103493921382
873,5.6572777311520156e-05
874,0.0010532852311699718
875,0.00023227952666464904
876,0.0001695609636525245
877,0.00010289743485505424
878,0.0003387500212296341
879,9.62313340137054e-05
880,9.678692730510726e-05
881,5.1169472990483325e-05
882,0.000707656560907673
883,2.5843198012857626e-05
884,4.7321357401335486e-05
885,0.0015613427574552874
886,0.00021249490929146545
887,0.00021490271549324172
888,0.0016116635020032583
889,0.0025796353676895917
890,0.0006597399868547189
891,0.003006062163022907
892,0.0002505778772913294
893,0.0004042925290615328
894,0.0009120907187670221
895,0.00031361368154200655
896,0.20374940078498155
897,0.001696862425772698
898,0.0151114868310182
899,1.028041004624601e-05
900,0.00041907545763698585
901,0.00019430516716622263
902,0.00048064382587648607
903,0.004965578414514471
904,0.015836609727823376
905,0.00041142104236064877
906,0.00352084443577864
907,0.0003046796249516496
908,0.0006553618718125623
909,9.6463344934728e-05
910,2.1677977222162243e-05
911,0.00021985235444332206
912,7.853358297757907e-05
913,0.002002956092193182
914,0.00014097358908543052
915,0.00013906549016286582
916,0.02600806975068697
917,0.0003642114744883536
918,0.0007879546484245593
919,0.10505668321392003
920,0.0024971427666959953
921,0.002635976952563231
922,0.013585481651803052
923,0.20149210388401473
924,0.017105440142862968
925,1.4224256120653155e-05
926,0.0016934077219200306
927,0.26558146922222103
928,0.00011807804900422778
929,0.00393466288971478
930,0.0010748183696963072
931,0.0400369412594737
932,0.03991531934582239
933,0.0002781591429964933
934,1.9511809969103822e-05
935,0.0006684745631318059
936,0.00025604883556223576
937,0.0001856202165872242
938,0.0003482950539798019
939,3.7221166018058365e-05
940,2.7507621568456023e-05
941,2.7370273005022503e-05
942,0.004301453874611385
943,0.0003636171910601572
944,0.0007800398108436261
945,0.0003709948280136041
946,0.0006366788274254564
947,0.00019753731687233646
948,0.001987760613689718
949,0.0007133336581084103
950,9.972804033157451e-05
951,0.0011922207300016994
952,8.89602352704175e-06
953,0.0006062610010175364
954,0.0007070773477637435
955,8.995273472460652e-05
956,0.0004876439612411132
957,0.0007909751026580961
958,8.577503801798746e-05
959,1.1052641243097763e-05
960,0.0011080357133684336
961,0.0007971299658965019
962,0.0007263989466368474
963,0.0006356442977634282
964,0.0002639129868318547
965,2.057717817006087e-05
966,0.0022459892695415023
967,0.003081464598079902
968,0.0006421505758991159
969,7.213615314217287e-05
970,0.001725224755748699
971,0.0003027299316449098
972,0.0003321619891041241
973,0.00014501416243549616
974,0.025661933634289168
975,0.001755402457187408
976,0.0009085595695129687
977,0.005027977866871032
978,0.002034045390397859
979,8.629756048248805e-05
980,6.082285981028285e-05
981,8.634145473095284e-05
982,0.000563175566362226
983,0.00141698781218106
984,0.0032622008860260635
985,8.048002897380171e-05
986,0.0016954799987208464
987,0.01874590470072527
988,0.0008933540708802368
989,6.657460437798524e-05
990,0.006656676916958487
991,5.637199301730025e-05
992,0.00047882236590633404
993,0.00018754826705807853
994,0.00012110313616470363
995,0.0012534090899321121
996,3.972940400344597e-06
997,0.0001101734053877271
998,0.00021260802767160492
999,0.13450730500909286
1000,0.0002879344975162592
1001,9.10688597571982e-05
1002,0.00024379435584684166
1003,0.0005685995233842909
1004,0.00030699203782477865
1005,9.257895785688548e-05
1006,0.00040148888233406305
1007,0.0019588030579686787
1008,0.00023738563219664592
1009,2.0273683551939217e-05
1010,8.772746645251318e-05
1011,0.0006617466924516848
1012,6.095438648774428e-05
1013,0.0009159704844892515
1014,0.048695567024005
1015,0.0005288461525889069
1016,0.0006514509123021318
1017,0.01730218776655117
1018,0.00033489309730490817
1019,0.0008344055169119197
1020,3.25993221649639e-05
1021,0.012632574137145258
1022,0.0012467945394912384
1023,0.014169878227008593
1024,0.00011089953962978161
1025,0.0001474572948331661
1026,0.0005229333790688323
1027,0.00024154969678371287
1028,0.00015643261604396302
1029,0.00017955633136192692
1030,0.02632253489101579
1031,0.00040974888980112295
1032,0.00022804188411631605
1033,0.0007033082355469153
1034,0.0022967553786855553
1035,0.00010043927241511681
1036,8.840789548352957e-05
1037,0.9807755155207255
1038,0.006081750822225743
1039,0.00024465396967949474
1040,4.143506618565567e-05
1041,0.0015822250354607052
1042,0.2514501905110686
1043,5.923009157484977e-05
1044,7.546980164738222e-05
1045,0.00011452066393484117
1046,0.07282416485882709
1047,0.0004888743552301275
1048,2.3589704136188742e-05
1049,0.0006767895352150869
1050,0.00024408791789127613
1051,0.03507109418469816
1052,0.0004224050420284565
1053,0.001943307358123195
1054,6.2246071716077524e-06
1055,0.00023348981990943874
1056,0.00011730699355972053
1057,5.027120456457565e-05
1058,9.705033089091055e-05
1059,0.045653584186942174
1060,0.0049904377055811555
1061,0.0057727316412007346
1062,0.0022217109640503786
1063,0.0001851191814769738
1064,0.0005083833613610655
1065,0.13695612616325037
1066,0.0005049246568960626
1067,0.0008144248508676191
1068,4.564309212605915e-05
1069,0.00014450441258168949
1070,0.003230864341648719
1071,0.3195901853589485
1072,0.002147343160571676
1073,0.0002845332818612489
1074,0.00048186155541388555
1075,0.004005973668514848
1076,8.250359515055158e-05
1077,3.383867736431908e-05
1078,9.537802290129038e-05
1079,0.00032453764536128293
1080,6.776479383217794e-05
1081,0.00654012762089262
1082,0.0011366057775849658
1083,0.013290559977010497
1084,0.00025019873610053283
1085,4.319617967035948e-05
1086,7.559665732690651e-05
1087,0.004008577207132142
1088,0.0003032793198122285
1089,0.00022059566934347856
1090,0.00019044238309680594
1091,0.0005974686583588119
1092,0.0005705710132736174
1093,0.0007813514974301546
1094,0.0002946048680077459
1095,0.016195630814737762
1096,0.0005757337317844383
1097,0.0036465003158781773
1098,0.00021662206319656303
1099,0.05137782280769297
1100,5.409450630819761e-05
1101,0.00424982783757699
1102,0.00014053497252301093
1103,0.001212323906352951
1104,3.438043092106696e-05
1105,9.224872225604538e-05
1106,1.8711124171986994e-05
1107,1.1188712857295937e-05
1108,0.0005535823392672425
1109,0.0017420321966687732
1110,9.164967797753993e-05
1111,3.0330993234550937e-05
1112,0.00013275860052201736
1113,0.03259949851552469
1114,3.398775988250351e-06
1115,0.002428631851160819
1116,6.142609667896788e-06
1117,0.00014651362905157165
1118,1.3785652113139823e-05
1119,6.601514676522942e-05
1120,0.0001981353761626248
1121,0.00010738744265783692
1122,0.00014353021313924709
1123,0.0009763077657708728
1124,0.00010431245268286096
1125,0.0014616280301342054
1126,0.0005142049594922965
1127,0.0005034684726030596
1128,4.7920144995148404e-05
1129,0.00040409624919902215
1130,0.0011869557472070778
1131,0.00017675382330507934
1132,0.00042351049500973724
1133,0.002526400741040282
1134,0.030966286569926067
1135,0.9774861124137079
1136,8.403631806164207e-05
1137,0.007612147306221418
1138,0.00019543154882743535
1139,0.3236203709972554
1140,0.13193564135933358
1141,2.663786289584793e-05
1142,0.0002478952945810881
1143,0.00010115939052329937
1144,0.004189814463578417
1145,0.002224150804412199
1146,0.00930948229676258
1147,0.000608483662765619
1148,0.00017868823397291017
1149,6.139697176779491e-05
1150,5.515724665131274e-05
1151,0.00021234180493410324
1152,0.00011991544039606177
1153,5.325546782579728e-05
1154,0.30871452914949926
1155,0.03907121193015364
1156,0.022336497715832355
1157,0.008548065929213335
1158,5.758058089421934e-05
1159,0.0055138736088325875
1160,0.00025459051396007796
1161,0.0002860154342559448
1162,0.0003318157526439662
1163,0.5250577648221567
1164,3.893547170286602e-05
1165,0.39822656334192996
1166,7.4830916803422e-05
1167,0.0054890405683753595
1168,0.03451075285421882
1169,6.500637763586563e-05
1170,0.0011115164288244884
1171,0.001625846122625675
1172,0.003323771631000714
1173,0.00020660980320885144
1174,0.0008167408842373943
1175,0.0008095679711964867
1176,0.0007132266402705546
1177,0.0013539489415336763
1178,0.0012177028562233329
1179,0.00022151828760666952
1180,0.0010759987601462538
1181,3.0443080994134007e-05
1182,0.0016206567361733294
1183,0.10770450914784306
1184,0.030176253341657876
1185,0.0001494445304279682
1186,1.8578903623594456e-05
1187,0.0005734803672255547
1188,0.002115526154536547
1189,0.00022939003307949064
1190,0.00017652510178701433
1191,0.14365306256568844
1192,7.142484943448068e-05
1193,8.339438990260096e-05
1194,0.005420149998897559
1195,0.001191449274220734
1196,0.0012022176767126237
1197,0.004164658863682479
1198,4.0954537930252515e-05
1199,9.276722081312275e-05
1200,0.0028956004044032578
1201,0.0007315040690681453
1202,0.00042628236043084294
1203,0.19225021454226193
1204,0.0002180827427345156
1205,4.945162973440082e-05
1206,0.0023748182832620873
1207,9.122960877156172e-05
1208,0.9289173868737025
1209,0.0005222553473575587
1210,0.00202071641875906
1211,0.002139846653669971
1212,0.015291517723121834
1213,0.0003575679192631849
1214,0.0005020257986248083
1215,0.0001427245062835585
1216,0.000477187809921141
1217,0.0009918357424834373
1218,6.905075000632609e-05
1219,0.0014175675606244084
1220,0.04905634364526249
1221,0.001117177535480127
1222,0.0007667802539890851
1223,0.00015405351275435059
1224,0.001021779364265541
1225,6.454271002875151e-05
1226,0.0017329572396520138
1227,4.5201949447599266e-05
1228,0.0018788095352219338
1229,0.00018907511297643203
1230,0.0036902827063087064
1231,0.0003799049186753676
1232,0.00012570162866384468
1233,0.004609242260252962
1234,0.00029829890203846677
1235,0.0007363346946973447
1236,0.9754294408095896
1237,0.0013326633220918252
1238,0.9986180853588268
1239,0.06198284492463564
1240,0.00038027941835344604
1241,0.07375415365427548
1242,0.010221753105155463
1243,0.08459954856998682
1244,0.004903412083172646
1245,8.810079114182604e-05
1246,0.0005826091105366532
1247,0.0004983966003804357
1248,0.00035098751075624023
1249,0.000615017260019866
1250,0.004825654150405779
1251,0.00017498078428035226
1252,0.9969815103340199
1253,0.0006266252528603294
1254,0.0008068125367045762
1255,0.0003869483048313496
1256,9.682126597536016e-05
1257,0.0003715202845003909
1258,0.029703660624283555
1259,6.677826664484842e-05
1260,6.447090632498537e-05
1261,0.0006721061388263222
1262,0.0007342864016995519
1263,0.0010666607297538711
1264,0.0010694280320526805
1265,0.0003739171919529106
1266,0.13400593068892683
1267,0.00014835949795757077
1268,0.00022027298417885504
1269,0.00044387683523699155
1270,0.0001993241538137193
1271,8.653384148796135e-05
1272,0.00014848080583137468
1273,0.007628390419569903
1274,0.0002206135546485392
1275,0.0018889462027231625
1276,5.036711475141899e-05
1277,0.0007267745407230911
1278,0.00042370943235945345
1279,0.00026718878365314034
1280,0.0007728959059061478
1281,0.004912659846826982
1282,0.03497787623365105
1283,0.0005146496741847162
1284,0.0008026833306434787
1285,0.0005660146292972134
1286,0.0010579801898391505
1287,0.9284447344916475
1288,0.9981421189224082
1289,0.0009212506553791574
1290,0.2497915837578264
1291,0.9992846681838833
1292,0.02134352951182254
1293,0.008329334697961101
1294,0.0002582698793217898
1295,0.00021540717390298149
1296,0.00120844796384331
1297,0.0003828432588878548
1298,0.0012361211713558795
1299,0.000376148198882153
1300,0.0033481757029097175
1301,0.0010649135115501853
1302,4.439644258070655e-05
1303,0.00012112359083418472
1304,0.9888377507283594
1305,0.0009152287375160447
1306,0.998223475902072
1307,0.00018253768214320675
1308,0.39454273416292246
1309,0.00206938343128054
1310,0.0005037160576156887
1311,9.086629448789553e-05
1312,0.00014923668391241487
1313,0.00010271413906138631
1314,0.0001031635054781319
1315,0.0011979140272294505
1316,0.005993516863627549
1317,0.07604510587791101
1318,0.0006890532818485066
1319,0.00028927790255888495
1320,0.002086276002150938
1321,0.0010149564159844548
1322,8.788853888893346e-05
1323,0.021993005919516438
1324,0.0002467352058237434
1325,0.00016930525679507893
1326,0.00041934403754784503
1327,0.00012584947870027103
1328,3.998735318133513e-05
1329,5.792155847421524e-05
1330,2.5159183546267257e-05
1331,8.031859801955575e-05
1332,0.4331017449110946
1333,0.5549100134615718
1334,0.9970282808479458
1335,0.00011402291092333695
1336,0.0009637194628565578
1337,0.0001929574069007085
1338,0.0014729152003385136
1339,0.0001252596347088087
1340,0.04054249566106986
1341,0.0007420601285312558
1342,0.0010240158370379232
1343,0.3023576355366878
1344,0.002197652389087696
1345,7.78872021406728e-05
1346,0.00011059019165617271
1347,9.684743166913534e-05
1348,0.00048773069555388404
1349,4.4650587878635537e-05
1350,0.03324253657103901
1351,0.0003035226081819404
1352,0.000255886214615233
1353,2.7473988744804817e-05
1354,0.00011021651921640953
1355,0.03334934393480458
1356,0.0004998861973117143
1357,0.0002361433835276924
1358,0.00017844985505071167
1359,0.00013462134639882181
1360,0.0018375005230394919
1361,0.002127009990195455
1362,0.08947712734443122
1363,0.17309343298359497
1364,0.00012684259283503454
1365,0.002772945922576853
1366,6.699805410512251e-05
1367,0.011452860536425984
1368,0.01510410348928265
1369,0.00032725568193267736
1370,0.0006691933308622031
1371,0.00015376604797985176
1372,0.0007269080529384157
1373,0.08821907293870346
1374,0.9939168217005342
1375,5.47175958237451e-05
1376,0.0050589882900182485
1377,0.015351582702676309
1378,0.0002364378324558075
1379,0.03788117527638447
1380,0.00023415080033785678
1381,0.00027162212573694316
1382,0.0008715758084748704
1383,2.4820853811429025e-05
1384,0.06183409918282492
1385,0.0019734440357575666
1386,0.002251039944000128
1387,4.691897868430744e-05
1388,0.00017939289518541598
1389,0.0001250063167105847
1390,0.0003009893923187622
1391,8.466176808624917e-05
1392,0.00010377263125364367
1393,9.176836084102537e-06
1394,0.9955569501275654
1395,0.002128852845109043
1396,0.00020541426021117255
1397,0.09989019615232357
1398,0.0011294784839109247
1399,0.0009752142212426163
1400,0.00048523966978310414
1401,0.0008929392381466719
1402,0.0006886743907871169
1403,0.0003594320378087841
1404,0.00497485499385818
1405,0.0003354636241679839
1406,0.0018535506062274235
1407,0.0003798219905636256
1408,0.000437441078644791
1409,0.0020699820370507
1410,0.001265972685017372
1411,0.9977326838886315
1412,0.0005838735916517118
1413,0.0001494803601224167
1414,0.0001757704134206433
1415,0.000927935360072802
1416,0.17245740528305956
1417,1.0575100365602024e-05
1418,0.0013218975973535605
1419,0.0002704762254206637
1420,0.00010233023985366946
1421,0.2778183815050375
1422,8.622872482723411e-05
1423,0.003294195431310885
1424,0.0008287690476956281
1425,0.002788954215391247
1426,0.0001929073070080052
1427,7.362185509593249e-05
1428,0.0005436987116631026
1429,0.0005521392971637682
1430,3.100420186874526e-05
1431,0.0009756937029170909
1432,0.1385857294610719
1433,0.0007451934145388797
1434,0.0019873970787696762
1435,0.04873913771169772
1436,0.0001529936168848946
1437,0.013739673827379511
1438,0.006793331448994308
1439,0.007789619282662098
1440,0.002084672457264048
1441,3.1631452495214335e-05
1442,0.00036075078762802163
1443,0.016864962134772656
1444,0.006004913208228188
1445,0.0001292842804714687
1446,0.0004159694030694874
1447,0.14605778602332312
1448,0.04279069538768656
1449,0.0014121249957177767
1450,0.00014353320844792195
1451,3.154912259751392e-05
1452,0.0007566034336139249
1453,0.0005732808667369334
1454,0.11587043070345379
1455,0.0002916488860055633
1456,0.00034695494824180876
1457,0.0004094561860882743
1458,0.16015456873135742
1459,0.0020378294029757206
1460,1.1334821634731918e-05
1461,0.00012547275163755675
1462,0.00026000007058503817
1463,0.000618581078517989
1464,0.027071975740707944
1465,0.0012962079712801396
1466,0.00028009568869288506
1467,0.0005759349560602039
1468,0.022759095147841038
1469,0.00037690339391911016
1470,0.00047696212968632927
1471,0.006295995018894077
1472,0.0007378213403009967
1473,3.947106460479816e-05
1474,0.9991244152968953
1475,0.0010308640777672044
1476,0.0003671524380005909
1477,3.875312133728311e-05
1478,0.0005341290968124886
1479,3.088387366586159e-05
1480,0.0010819503127317172
1481,0.00013160338434759544
1482,0.0005806362251255451
1483,0.00047682737645638644
1484,0.0005323363446980377
1485,0.0018948211210714487
1486,0.0006925986259281685
1487,7.519269969349137e-05
1488,0.0005625066912359873
1489,0.0001973449051141087
1490,0.00011612493310224716
1491,0.0002860801814029738
1492,8.041265427588036e-05
1493,0.011434749764904778
1494,0.002848017723885573
1495,0.00036293195059596467
1496,0.00039796367187678943
1497,0.00047831186126231156
1498,0.03143209068765912
1499,0.002307764136336049
1500,0.00014794629709302757
1501,1.530949808122746e-05
1502,0.00032373221605040833
1503,0.15698695254296566
1504,0.00022743890052677332
1505,0.0021828168605820186
1506,0.0038792231518530416
1507,0.0001460578762994991
1508,0.002383375361373662
1509,4.350691638301514e-05
1510,0.0001911791444379465
1511,0.0005818387707952442
1512,0.06281733235770018
1513,0.05035727496058221
1514,9.971125470805914e-05
1515,0.0002826083251159908
1516,0.000254831027647738
1517,0.40967543731469824
1518,0.001203074690830128
1519,0.027816421698184508
1520,0.00010840610623481712
1521,0.0001564791524352362
1522,0.0036361004574623386
1523,0.0002328267565581694
1524,0.0005516588628714519
1525,0.0027833494086191945
1526,0.02330849288175741
1527,4.57514897141357e-05
1528,0.00044146967697243877
1529,0.00014468075790613155
1530,0.0017532032980471929
1531,9.888216522433006e-05
1532,0.00011765514424026303
1533,2.4631778274291786e-05
1534,0.003575446927155189
1535,0.002316679330161483
1536,4.422501609662286e-05
1537,0.00039502472785968594
1538,0.00017300766580322771
1539,0.012984949887430241
1540,0.023648608537352105
1541,0.020080332908598432
1542,0.019541149376510455
1543,7.766869306708998e-05
1544,0.0433306283443133
1545,0.00021421899611906835
1546,3.470041676298798e-05
1547,7.66725621246425e-05
1548,0.0001747208256139737
1549,0.002070030848142126
1550,0.0005389897323173677
1551,0.0004836245963870798
1552,3.210226320484798e-05
1553,0.0002624901273134021
1554,0.0005075072519020432
1555,0.13382747592591657
1556,0.04465652497144232
1557,0.0026475860562570385
1558,0.0006337864725781615
1559,0.00030882137009366435
1560,0.0004133004011794263
1561,0.0002860221209161707
1562,0.9927386602749927
1563,7.00493452265111e-05
1564,0.00014728039345440785
1565,0.011698824726511965
1566,2.2186534734764234e-05
1567,0.0002850677424522703
1568,0.0003316936102086732
1569,0.0002557403613217619
1570,5.405867998975853e-05
1571,0.9965543233542746
1572,0.00035066622760617655
1573,7.85003106325103e-05
1574,0.003687088983588689
1575,0.00029487605977162543
1576,0.0011350080930108244
1577,7.059259814615139e-05
1578,0.0005703067188559675
1579,0.002032422910940127
1580,0.0003428318468449764
1581,0.005404539306739173
1582,0.00020269929524232688
1583,0.00013217364040118442
1584,0.000511915182802604
1585,0.002529634425817297
1586,2.6112209032956058e-05
1587,7.59059618656529e-05
1588,0.04278386095501
1589,0.00019336629424519938
1590,0.0003147917215131672
1591,0.15576903215384433
1592,0.0016496316509092234
1593,0.0005943023984766252
1594,0.042058941500190586
1595,0.1343910105633671
1596,0.0007945877747980409
1597,0.0018092927644167926
1598,0.0004796696113381956
1599,0.0012654675452094285
1600,0.0005637809751001402
1601,0.00048719299435531744
1602,0.0017909285725617881
1603,8.222211788818298e-05
1604,0.01420884621239063
1605,0.00017127421354537579
1606,0.00017527319261042177
1607,0.000534927093794211
1608,0.00030730528579306945
1609,0.19839445159121413
1610,0.00013732201835741416
1611,0.0007686837574731377
1612,0.000291032433413463
1613,0.0026173653282555347
1614,0.9113848787649588
1615,0.0006747250625367846
1616,0.00015508040443507195
1617,0.004725938347304231
1618,0.017224920452493724
1619,0.0007835529977262745
1620,7.023959574992926e-05
1621,4.597658718439254e-05
1622,0.06014363588328002
1623,0.00067044802569665
1624,0.03787572687216356
1625,0.0003463915794307089
1626,0.00010824354518803695
1627,0.8608796711268608
1628,0.00044534213703328375
1629,0.00018871259717304122
1630,0.0010371043879244147
1631,0.014690372103828116
1632,0.00026649855114502415
1633,0.00010053318197560067
1634,0.0005298147892351984
1635,4.65851740789101e-05
1636,0.0008899592761400895
1637,1.5439267598021317e-05
1638,0.0003043569075672757
1639,7.670808578843844e-05
1640,0.0003275737120482298
1641,0.00031958348377006976
1642,0.000501295231349044
1643,4.122281551896734e-05
1644,0.0023498705298300344
1645,0.9945255509037129
1646,0.00038955180227290693
1647,0.22949993716621758
1648,1.8062560067456175e-06
1649,0.002478869867026481
1650,0.0015801504970540483
1651,0.000283403098744692
1652,4.473718501208263e-06
1653,0.000746958048765725
1654,0.002031123484852955
1655,0.00015664169210744322
1656,0.557253823418151
1657,0.0005947040032217374
1658,0.00207754826320519
1659,0.00026653765510228103
1660,0.0008272551794936347
1661,0.005285772865871239
1662,0.0004968510734249735
1663,0.00034517757020584327
1664,2.652822128062109e-05
1665,0.00012034088427747137
1666,0.00012670634463846873
1667,4.393815678268842e-05
1668,0.0007837650653544921
1669,0.0016435210765167242
1670,0.0007855989368854935
1671,0.0004070641001443627
1672,0.000926650418501002
1673,0.0012514282027628004
1674,0.9974899871335712
1675,0.0018612376979628878
1676,4.575463883419145e-05
1677,0.00016096197303493157
1678,0.0003780316036427173
1679,0.00022153377657275447
1680,0.007312068295830279
1681,9.671527163478916e-05
1682,0.000744394255339638
1683,0.004403647619006104
1684,0.008781694298700689
1685,0.0005221466513532546
1686,0.00033351167894583465
1687,9.471889066380285e-05
1688,0.00010621930504537994
1689,0.004370975143775566
1690,0.0004503421570392381
1691,0.00014316298656076126
1692,0.0010271514162810732
1693,0.06299529788799733
1694,2.556801876189488e-05
1695,0.002224285920406053
1696,0.00019013049657867206
1697,0.0005694866697394672
1698,0.0007870701268155918
1699,5.045458602621464e-05
1700,0.0015834428515286414
1701,8.213578878404982e-05
1702,0.00021855549090577761
1703,0.000691157966447445
1704,0.13293109449056567
1705,0.0001915822217599576
1706,0.027037380877239427
1707,0.9982277330230069
1708,0.9978924387853263
1709,6.800848600896147e-05
1710,1.097736331319936e-05
1711,1.74552628785069e-05
1712,0.0009728368885887744
1713,1.2234995009885607e-05
1714,0.00034938579312078684
1715,5.0152225575351635e-05
1716,0.00016111705054720077
1717,0.00014409820284536174
1718,0.0001487163859138003
1719,0.0003301866760970173
1720,0.0004091742592880268
1721,0.9653632018523328
1722,0.9979564982998943
1723,0.00014301910576354834
1724,8.066888397128928e-05
1725,0.00112116063880274
1726,0.0002399169967440908
1727,0.0012311780958711304
1728,0.24036082755288768
1729,0.005374776712211437
1730,7.535091283212388e-06
1731,1.069552676415915e-05
1732,0.19675616825761783
1733,0.13628686476945412
1734,0.0008841867720155942
1735,0.0019441225401065209
1736,0.0005177246363250266
1737,0.00010104866323218076
1738,0.0004360648742867407
1739,0.00033576689232470266
1740,0.00022574227273536502
1741,0.000282574634222199
1742,1.318718335821926e-05
1743,4.464508258003439e-06
1744,0.0011466999637812258
1745,0.18624957008545573
1746,0.008164515120668552
1747,0.00012471887894908724
1748,7.670071210491445e-06
1749,0.9888202585634926
1750,1.88722997898961e-05
1751,0.004428198161285761
1752,0.01649756462532696
1753,0.00031746022616609745
1754,0.00044325638736308486
1755,2.7533220182871985e-05
1756,1.955262501437195e-05
1757,0.000211258974725142
1758,5.954308244348595e-05
1759,0.0004591404514086326
1760,8.47599707392902e-05
1761,0.00017136179822754274
1762,6.114606760335972e-05
1763,0.001016973894029449
1764,2.0065586251717655e-05
1765,0.0016139013665355147
1766,5.361274744984221e-05
1767,0.00012720308836948412
1768,0.0033831737030894397
1769,0.6474889742610189
1770,0.12100701864865757
1771,2.360115982046511e-06
1772,7.605566600120262e-06
1773,6.583401146384013e-06
1774,0.00023386869398187233
1775,0.00026459929960612584
1776,0.0006322802010885894
1777,0.0006036326826255944
1778,0.00036772450561393
1779,6.768678162103207e-05
1780,0.00021252594158987676
1781,0.001071394435399407
1782,0.00041000318136034247
1783,0.00019811746761291458
1784,5.855163803575453e-06
1785,7.93758476827861e-06
1786,0.0009108820439853955
1787,0.00036617641043656046
1788,0.00022767054303645952
1789,0.004270042600491267
1790,8.523633502059768e-05
1791,3.1453041808917777e-05
1792,0.00011627421662986706
1793,0.00018555999011520268
1794,0.00035014262437321866
1795,0.0012824573202046695
1796,4.273587406690954e-05
1797,0.0709923802256979
1798,0.0044576731037425
1799,4.337508156811845e-06
1800,5.7693246613023725e-06
1801,0.00862641724579159
1802,0.0002758320780280369
1803,0.022296246886010163
1804,0.004370684553277403
1805,0.00011079388935301192
1806,0.0006844879829979653
1807,0.0003310150037219064
1808,0.9980986249379642
1809,0.00010746268501978173
1810,6.325384181739486e-05
1811,0.3004491460118432
1812,6.277927882960682e-06
1813,0.0016962323782647574
1814,0.0017901690180327644
1815,0.9943985562657771
1816,0.0004842033667265041
1817,0.09241512368052011
1818,0.9632878745467568
1819,0.006646993339759516
1820,0.0003954195842295882
1821,0.0005945812733612339
1822,0.0003710518522269259
1823,0.00021341437758560662
1824,0.00020325147242073157
1825,4.091608231721912e-05
1826,6.8846148703749e-05
1827,5.553217473536669e-05
1828,0.00027968728031119134
1829,0.0003442509270617458
1830,7.160701565121215e-05
1831,0.00013817006034033615
1832,6.134450346866131e-05
1833,0.0001888514094818533
1834,1.6143462811163302e-05
1835,3.7082868912763467e-06
1836,0.020087611747230297
1837,0.005775704345784128
1838,8.825474546417925e-05
1839,9.668416670168944e-05
1840,0.00027001499475862124
1841,8.757193104561886e-05
1842,0.044903761440849524
1843,0.00025840446801768564
1844,1.4551839241269166e-05
1845,0.005555930568295717
1846,0.0020367912021424695
1847,0.00023215463950197393
1848,0.002244523625835526
1849,3.2269889464987013e-06
1850,3.623392716861009e-05
1851,9.038302498374906e-05
1852,0.04895467949994619
1853,4.121082527021672e-06
1854,6.777578761652345e-05
1855,0.020180592497254367
1856,5.846923376504596e-05
1857,4.5146342987201816e-05
1858,6.532279436247615e-06
1859,0.12759906809151653
1860,0.05448450258697859
1861,6.12939760024845e-05
1862,0.0002511712470281612
1863,6.38722591244868e-05
1864,0.0015278748603152882
1865,3.6849312751872224e-05
1866,0.0012740516862100113
1867,0.0007800772171221097
1868,0.00031829027033629837
1869,1.494741638598741e-05
1870,0.00039154330115336413
1871,0.006055096725840026
1872,0.0001809947291316316
1873,0.00010782604437679839
1874,3.1388220410679405e-05
1875,7.046907233483045e-05
1876,0.00015516880489306202
1877,0.00028994777292517567
1878,6.405059708122781e-05
1879,0.005374409894027364
1880,7.642159481358942e-05
1881,4.93937732672216e-05
1882,0.013982738680467491
1883,0.0008064466494881017
1884,1.0145400785248964e-05
1885,0.00015019420725321321
1886,5.4189921926668707e-05
1887,0.0018023318928430145
1888,0.009874982421257531
1889,0.013434828414718344
1890,1.1700934819941588e-05
1891,2.4724076875070555e-05
1892,3.108345127789881e-05
1893,0.03719155484713034
1894,3.214358318899082e-06
1895,2.575909561305516e-06
1896,0.007306706901179826
1897,0.0026809447608080964
1898,0.00012550003869817982
1899,0.00013667257070648628
1900,0.0003563380526106319
1901,0.0009278979129572395
1902,0.0047523196974353
1903,5.618825853748369e-06
1904,0.0002953683717777522
1905,8.064048210899937e-05
1906,0.35973649544320413
1907,4.226010126656145e-05
1908,0.0003286435107366761
1909,0.00029915479447824913
1910,0.00014002452696831234
1911,0.005276726276220681
1912,0.0037534825800462205
1913,1.2400694183128062e-05
1914,0.20926800656012096
1915,0.001140473256279851
1916,0.00011302070727915851
1917,5.720739650664008e-05
1918,6.594268106558049e-05
1919,0.0053482759803396215
1920,3.6525133675069815e-06
1921,1.690002181038809e-05
1922,0.18192198919740196
1923,8.000442508930095e-05
1924,1.6300148425639976e-05
1925,0.00036838627104536986
1926,3.541314106420043e-05
1927,0.0001302910865062997
1928,0.0019413813755582176
1929,8.26733883834039e-06
1930,6.878411071779218e-06
1931,0.7462416914813119
1932,0.002870979829258945
1933,2.10660089038792e-06
1934,5.487139074675274e-06
1935,0.0025906857924616715
1936,0.0001924019585157313
1937,0.00229125686388982
1938,3.34071121888969e-05
1939,0.005162302112898691
1940,0.013205235723327685
1941,8.44368256435995e-06
1942,0.00026723233579814553
1943,2.4391212663529267e-05
1944,0.0001144616239237624
1945,0.0003753446377439139
1946,0.0005617476464272553
1947,0.0002294912029639032
1948,1.0424254251829987e-05
1949,0.0002743953312940003
1950,0.00021310602017943306
1951,0.002211397947558
1952,0.0006060799868762437
1953,4.8367788082397524e-05
1954,7.365742859281729e-05
1955,4.9652735890055725e-05
1956,0.0029210303893242493
1957,0.0008116280584160474
1958,0.001862083457816737
1959,0.9949261432861937
1960,0.04101553623950041
1961,5.0001216654983977e-05
1962,5.141341471156741e-05
1963,0.000489897892910993
1964,0.010489938028798813
1965,0.0012221473251529844
1966,0.16066419994742914
1967,0.00016113999123281968
1968,0.00013327735329624762
1969,0.010187192589300212
1970,3.1747144677169536e-05
1971,0.03727113702255848
1972,0.023260966342324076
1973,0.0005400230369315388
1974,0.0015841156729271555
1975,0.005798135840696629
1976,0.00010922796504204209
1977,0.0006410342186820882
1978,6.326067391419489e-05
1979,0.000281932980306634
1980,0.0018780254175555014
1981,0.21205498174151094
1982,0.9991640826548622
1983,0.0004786589756777356
1984,2.603237370288346e-05
1985,8.216352226645834e-05
1986,2.7593476126899905e-05
1987,0.03707493004858368
1988,6.171490776176106e-05
1989,0.0035654053299188
1990,0.00018270106998420234
1991,4.935214314694919e-06
1992,5.7178874881235045e-06
1993,0.9888892160912933
1994,0.012643171276703566
1995,5.582714363155216e-05
1996,0.3694968779760856
1997,0.0005840680076289632
1998,0.00022282447555401646
1999,0.00017009474707399132
2000,0.0013790855994914627
2001,0.003490778587310789
2002,0.0014967666956833302
2003,0.0005531874024429758
2004,0.8991213706085721
2005,0.0004374730311162688
2006,1.9597512198016036e-06
2007,0.00011599161194023502
2008,0.00013837630631847574
2009,3.6877502632805026e-05
2010,3.295439489714462e-05
2011,1.3452005666413034e-05
2012,0.00625280338800734
2013,0.07768185724403294
2014,0.0002476273836231352
2015,0.00019602493667544803
2016,6.60354868666367e-05
2017,0.00037392721292809977
2018,7.514281265189773e-05
2019,3.779936258094018e-05
2020,0.0012771604341453777
2021,0.000752818044556091
2022,0.0005545993119633062
2023,6.332264554599597e-06
2024,0.0009272496847477805
2025,0.0009514404677000224
2026,0.0188765815503931
2027,0.9967073955854163
2028,0.00015983285747464895
2029,0.03338855490457021
2030,0.03253594105161531
2031,0.0001330956542015947
2032,0.0002826775144944959
2033,7.738915176692416e-05
2034,7.174145621516514e-05
2035,4.396309833051222e-05
2036,0.00036822388590491224
2037,1.6449878790843858e-05
2038,0.0046353673208199804
2039,0.0003502449973548661
2040,0.0005364620142506657
2041,0.007229648959648641
2042,2.3757147797107184e-05
2043,0.0001493803458405838
2044,0.0007460029369813749
2045,0.01594186427294576
2046,0.0702359230283161
2047,0.0005155811872342
2048,0.00013097090693064468
2049,0.006356126290024969
2050,0.9945252393829161
2051,0.0002644757566297978
2052,0.0006651950791811813
2053,0.0005803863978037216
2054,0.010300684231238538
2055,0.04539899926597254
2056,0.0001365874329466694
2057,0.000853666743076744
2058,0.0015780248762032544
2059,0.0004366083317509292
2060,0.0006865033519761009
2061,3.2268583285754816e-05
2062,0.03159629784918165
2063,0.0003055642116774978
2064,1.7616431343461124e-05
2065,0.00040679109362769033
2066,0.00071955894508663
2067,0.0004171264050736377
2068,0.0006713810597644254
2069,4.592960758767337e-05
2070,0.000313693135232728
2071,0.0008241349157831551
2072,0.0005198387558630048
2073,0.0008541605047403296
2074,0.001031906138923395
2075,5.143331885086245e-05
2076,1.63047352281543e-05
2077,1.3170723115121458e-05
2078,0.0004066025948088525
2079,0.00015270344716588455
2080,3.904302286745529e-05
2081,0.00020405897998835768
2082,0.061325720126400175
2083,0.047396708815098686
2084,0.00032275484077890756
2085,0.0002419846519100425
2086,0.00026756078037079497
2087,0.004450327741558199
2088,6.762436511336444e-05
2089,0.9316155696448811
2090,0.0002819409261158235
2091,0.0004044574279336385
2092,0.001301481967264814
2093,0.001816345050242908
2094,0.9921284844954625
2095,9.279950997648676e-06
2096,0.0011107169727205117
2097,1.0049863123564018e-05
2098,0.0017040730189683301
2099,3.512363141294101e-05
2100,0.575811735766815
2101,0.9993319348269859
2102,0.011318902049519023
2103,2.359905821601825e-05
2104,0.2221114492970515
2105,0.9994278651965922
2106,0.00012924964571482607
2107,0.00017323465684703136
2108,0.9931866208802397
2109,0.0015000393161580157
2110,0.000331521580734724
2111,9.757033794709953e-05
2112,0.00029982245023726505
2113,0.00019793283617203423
2114,0.44764450149943913
2115,0.0004639640075893523
2116,0.014946093187906462
2117,0.0003009119276201025
2118,0.00020167363143897612
2119,0.0001031853754857954
2120,0.030958400481914145
2121,0.028171044724376516
2122,0.000281052317491606
2123,0.9992530815518726
2124,0.001589175318880218
2125,0.0001078368567969979
2126,0.00016904690297858666
2127,0.0011275959570469954
2128,0.0005062591092043454
2129,0.00027969176592788344
2130,0.0392763117863775
2131,0.9955583745590137
2132,6.8599501367391395e-06
2133,0.06516644663244187
2134,0.00451302839961831
2135,1.578955883805665e-05
2136,0.07354913596626153
2137,4.444850862063265e-05
2138,0.10686157727454484
2139,0.002849404505281231
2140,0.036530965013015525
2141,0.00011753512133980769
2142,0.00019063605000863267
2143,6.230041698195867e-05
2144,0.011610745393616109
2145,0.0006478165989515241
2146,0.98767647710897
2147,0.00021098637898998076
2148,2.9445210817218832e-05
2149,0.00025144618463238827
2150,0.023589381811267664
2151,0.0006756519986313979
2152,8.744235203135674e-06
2153,0.003051039521164396
2154,0.1621839444191392
2155,0.001685477195710947
2156,1.3196695046815062e-05
2157,0.000311736953026665
2158,1.964411839354791e-05
2159,0.008396943752745264
2160,0.00022451497238775618
2161,0.0007191706879021308
2162,0.0003009945421655575
2163,0.09430025149671215
2164,0.1852268240976027
2165,0.0024736310701619878
2166,2.0955862038272713e-05
2167,2.1471467825235316e-05
2168,3.382121308797441e-05
2169,0.006262413024232877
2170,0.999445410903766
2171,9.478999719395086e-05
2172,0.0002299540910354921
2173,0.0003523467110015704
2174,0.00037033949937079956
2175,9.731673666931507e-05
2176,0.9859067238505471
2177,0.0024228338475801936
2178,0.00022090867848084255
2179,0.00018418078756446518
2180,0.0005031412992698901
2181,0.00019035054480041818
2182,0.00026649802073702895
2183,0.012805924500531817
2184,0.01149613350988125
2185,0.0005886450733700165
2186,0.00017492286773132014
2187,0.0008456721647867732
2188,3.582525264059487e-05
2189,1.1790192879724496e-05
2190,0.0017524110757609803
2191,0.0013129235887362723
2192,0.9789593758959168
2193,2.2222132355993144e-05
2194,0.0022161073457987587
2195,0.034798376494353925
2196,0.00035202316240740136
2197,0.0008392630623840278
2198,0.00022504243427875679
2199,0.0004646887246651344
2200,0.0036335453293451477
2201,0.0007861016652443466
2202,0.0007247474659881941
2203,0.0004568902476716029
2204,0.010908894658070784
2205,3.054416169028413e-05
2206,0.00012586370936027572
2207,0.00029639742433475267
2208,0.00024488714054974074
2209,4.10897679310089e-05
2210,0.00034646285074114416
2211,0.00018866012208627842
2212,0.003222091819140681
2213,0.00013801381886904
2214,0.05291888933724335
2215,3.586748194573371e-06
2216,0.00030471621133690556
2217,0.00019186314898308668
2218,0.0010434124012073634
2219,5.749610364967109e-05
2220,3.3980851578349627e-06
2221,0.9869107635323248
2222,6.805257141077502e-05
2223,0.003111486346338157
2224,0.05896684282522084
2225,5.23602027034061e-05
2226,0.00028854116933769395
2227,0.9982010863403943
2228,0.005383464493273468
2229,0.0001575856645184112
2230,0.000261195161056544
2231,0.000709719274338067
2232,1.0877456032620284e-05
2233,0.0001971327350753057
2234,1.5090970603904584e-05
2235,0.9914384271321985
2236,0.001235920081339948
2237,0.0009122760100922168
2238,0.0004452079782502693
2239,0.013571086899042692
2240,0.0060036611110452515
2241,1.2273492448445136e-05
2242,0.9882636444998913
2243,0.001662419575800446
2244,4.131218686225837e-05
2245,0.007530121790352629
2246,0.00018394575495306849
2247,0.0001823132240066415
2248,0.00019321674365169303
2249,0.03942691261821174
2250,0.10195216418734365
2251,5.376684095317438e-06
2252,0.0030555425405108527
2253,1.0926671604412981e-05
2254,0.03085374350479895
2255,0.15942891349020882
2256,0.0020318984897630425
2257,1.0417621337343986e-05
2258,0.00024830286337462076
2259,0.00010442460660755934
2260,0.9958632604786868
2261,0.01155004380653187
2262,9.350983463348134e-05
2263,5.2487047095029686e-05
2264,7.352634740016422e-06
2265,0.0001304929875904835
2266,9.519209507476809e-05
2267,0.0001000076340993792
2268,0.00010358190478893857
2269,8.272651458032577e-05
2270,0.045072231359085016
2271,0.04882499601523831
2272,0.00017062731054976203
2273,0.00019499750106277556
2274,0.00013388024905222804
2275,0.00012477087956106207
2276,9.599672907480516e-05
2277,0.9992690251931036
2278,5.851749134307202e-05
2279,4.28431402968501e-05
2280,8.701369119688128e-05
2281,0.00017734890563281337
2282,3.6393671015072203e-05
2283,0.9988018869079405
2284,0.0009698266992011854
2285,5.326725564250848e-05
2286,0.9867978819502496
2287,1.9016932181903356e-05
2288,1.9326430857630163e-05
2289,7.680469314449657e-05
2290,0.00032641976414736165
2291,0.0004211590799539858
2292,0.024806723171103807
2293,0.0010034705982008662
2294,0.00931151858604154
2295,0.0010133179708431187
2296,0.9972391358728293
2297,0.00017404718946420781
2298,6.193121626806369e-05
2299,0.004295760733567359
2300,0.015301184926600538
2301,0.0017199216095424852
2302,8.263288028765832e-05
2303,0.0002570072346236282
2304,3.7228608017012746e-06
2305,0.00033064706245789193
2306,0.00023182150512062887
2307,5.060322220162162e-05
2308,0.9968604860520806
2309,0.0005480609770264693
2310,0.00011114655302376
2311,0.00011562033593066795
2312,5.489181407736706e-06
2313,1.6722045103089846e-06
2314,7.326861056354051e-05
2315,4.091150406955675e-05
2316,0.033295680822196874
2317,0.9880766850282005
2318,0.0010599079620669924
2319,4.112042959835723e-06
2320,0.0001333981689281861
2321,0.006513076678467731
2322,1.4985280356320437e-05
2323,4.35404390096063e-05
2324,9.475013897846262e-05
2325,0.019409979212122515
2326,0.9967879565684475
2327,0.00013065737581066116
2328,6.267528299649486e-05
2329,0.011318707049490406
2330,0.002056767512287041
2331,0.0027814081357422967
2332,0.15484192518956477
2333,0.0001898776330561716
2334,7.795270887023118e-05
2335,8.820286805011574e-05
2336,0.0010058641853051967
2337,0.9960836047960295
2338,0.0007874358800606321
2339,0.00024769368025583376
2340,0.9983873494687501
2341,0.00019242132429518678
2342,0.000501444644978469
2343,3.297843431911457e-05
2344,2.1953018916090636e-05
2345,0.02246466314316056
2346,2.586101847903282e-05
2347,0.9890031438303757
2348,0.0016935470404374682
2349,0.9273888359171927
2350,0.017528186677728087
2351,0.0004240501929013583
2352,0.9568215304663434
2353,0.021094597466288622
2354,0.013689215093804493
2355,0.005292243608826951
2356,0.020112558272329946
2357,0.992407830642035
2358,0.0027355936859746756
2359,0.0006998627427751759
2360,0.24066981646262864
2361,0.0004340578539560932
2362,0.9809236881027827
2363,0.0007686194188776729
2364,0.0004404024387146574
2365,0.9920326935908751
2366,0.06288103058947754
2367,0.01833912497096348
2368,0.03130340541801719
2369,0.002611532975510254
2370,0.00011450706681979708
2371,0.00021588065454481264
2372,0.615268837846336
2373,0.00011053446235491397
2374,0.0010353780765420323
2375,0.0005884585341808208
2376,0.3682668949328323
2377,0.04744860484292175
2378,0.9959134177366771
2379,0.6918171832194235
2380,0.9962345560623049
2381,0.009032277110717546
2382,0.00012013784948643384
2383,0.014534295036068678
2384,0.9989939086912972
2385,0.00016758843790020124
2386,1.823871012257323e-05
2387,0.9964810662602744
2388,0.00011864960522646711
2389,0.0004720952565479444
2390,4.928041232844729e-06
2391,0.07603342571058984
2392,0.01895003309209043
2393,1.6383272597161717e-05
2394,0.00023658186755078184
2395,0.0012201846855683458
2396,0.007628610152600243
2397,2.8083704836110164e-06
2398,0.9986837486264676
2399,6.019152419009379e-06
2400,0.00016479833911235537
2401,0.001211066959117718
2402,3.0859707750649057e-06
2403,0.0004515986516343049
2404,0.9927704423382376
2405,4.596280377304819e-05
2406,6.835934722900397e-05
2407,0.0013432446268417456
2408,0.00023084439202975844
2409,2.2475753405966328e-05
2410,0.0007001345245609026
2411,0.000513440030022107
2412,8.237979334480468e-05
2413,0.0008158062491005803
2414,0.000344091165013784
2415,0.00028116477462840497
2416,0.04196734027574542
2417,8.467516765814243e-05
2418,0.00022227890454073275
2419,0.0768166064575447
2420,0.00021959755289114937
2421,6.734915421738048e-05
2422,9.768941922707595e-05
2423,0.0001259121450500263
2424,0.9830331550441072
2425,0.026576189948273952
2426,0.03693048576191143
2427,0.00014430242604418706
2428,0.0010698217797158785
2429,3.82103775370105e-06
2430,0.0001224774731643778
2431,0.00015238066246106493
2432,0.0007314234179241571
2433,0.0007267586288560263
2434,0.0018866297714469856
2435,0.00042369819117215967
2436,0.00022001793277030002
2437,0.9961617155898385
2438,0.00014421421396140766
2439,4.71296754106443e-05
2440,5.9221941118434e-05
2441,0.0006449164444299072
2442,6.404140482888551e-05
2443,4.536566118225231e-05
2444,0.87635021803402
2445,0.9977819501779674
2446,4.540774339302894e-05
2447,0.00017706474226374802
2448,0.00011931486090533373
2449,0.08832395707398613
2450,0.1242722480867708
2451,0.004898697189234197
2452,0.00015621023979391465
2453,0.0005808770943457263
2454,0.0004089161877317689
2455,0.045733707209238375
2456,0.0009967849432003355
2457,0.05631069623731255
2458,0.0002575636848209771
2459,4.4181004098351456e-05
2460,6.209302461376405e-05
2461,0.0061316696539038
2462,0.0287512597403816
2463,0.9979423591903149
2464,5.582376715656934e-05
2465,0.036502299950561284
2466,0.005315822802350086
2467,0.00024322656183774493
2468,9.714621347463016e-06
2469,0.001208391657686189
2470,0.01693941689844674
2471,6.974553566454167e-06
2472,1.6991427921952356e-05
2473,0.01470617410822537
2474,0.0029347473235157317
2475,0.012207823686166125
2476,0.0007836169104790631
2477,0.007698044067303409
2478,0.946946892914198
2479,8.482487855573809e-05
2480,0.00017988279068848005
2481,0.0002045535986905858
2482,0.001985210880936704
2483,0.998930112464414
2484,3.326219538825843e-06
2485,0.00013216836939501287
2486,0.00030815375533813874
2487,0.0010052383906703375
2488,8.290110467836575e-05
2489,0.00028852475160793335
2490,0.0763236732776448
2491,0.002597494144650289
2492,3.8633063133465274e-05
2493,0.9186606919924694
2494,2.3371089842933684e-05
2495,4.427226390098387e-06
2496,1.355913425728352e-06
2497,0.9975966585123294
2498,6.589862890933539e-05
2499,0.0005825518639447728
2500,2.266725569217335e-05
2501,0.9928008255943096
2502,0.07349233634678758
2503,0.23674488594368373
2504,4.002156706915554e-05
2505,0.004115999234672622
2506,0.00016613859649169477
2507,0.0177383680719904
2508,3.1813383294840076e-05
2509,0.00048256984596294506
2510,0.004110263853554518
2511,0.00116382599777215
2512,0.0003024415026289102
2513,0.00024950429183116763
2514,0.00038144301174806826
2515,6.085171508248149e-05
2516,0.0002753099524786459
2517,0.0001045837236320316
2518,4.7793482025869274e-05
2519,0.9947464110741808
2520,0.00014976087194080935
2521,9.021105080847224e-05
2522,0.0005890895530307968
2523,0.0013674580613388537
2524,0.0021041961901450677
2525,0.9964289632380104
2526,0.8058692774885297
2527,3.623446862528942e-05
2528,4.7090422653193285e-06
2529,0.00011921866305246395
2530,0.00010983075336116082
2531,4.469691005098993e-05
2532,5.049860203389622e-05
2533,0.9959096687465696
2534,0.0891814248724499
2535,0.019891857574795356
2536,0.09744485298503161
2537,0.0006672314278300996
2538,0.0004540965598763786
2539,0.0013911727295187275
2540,5.880975748271119e-05
2541,0.00026269952610705617
2542,9.514683357795494e-05
2543,0.012129210597901705
2544,0.0003991892093048897
2545,0.00787715807300041
2546,0.03179637072608864
2547,8.501104773168512e-05
2548,0.0001459637132795537
2549,2.030580491760778e-05
2550,0.0003716218279236444
2551,0.0001501331379341228
2552,9.913255036358572e-05
2553,0.0003749543060155089
2554,7.761694567332116e-05
2555,0.01038099614502044
2556,0.9983094312321474
2557,0.00036256432938183323
2558,0.00018022781957729707
2559,0.9721070552491344
2560,0.9989489627132576
2561,0.00013846024915878014
2562,0.0011838862549726037
2563,9.820064812741604e-05
2564,0.00020545959053348343
2565,9.422374242954607e-05
2566,2.8409972121791243e-05
2567,0.0005454969361137101
2568,0.00025535462891885326
2569,0.0007767568509660619
2570,6.290024175702957e-05
2571,6.649228433606554e-05
2572,0.003917977201160847
2573,7.072545040378836e-05
2574,0.8866451302864015
2575,0.002024798764052751
2576,0.00019873486889399319
2577,0.0001827517674088708
2578,9.826117359185076e-05
2579,0.00016562717993721935
2580,3.315546073591146e-05
2581,0.005928083297092329
2582,2.9068324139060922e-05
2583,0.11011524606141107
2584,0.00013468115871601258
2585,0.0012001736786130738
2586,6.201279135411341e-05
2587,0.00011369082791883005
2588,0.0021150912664115867
2589,0.0003616036936166675
2590,0.12784091489873622
2591,0.00013980797661198975
2592,0.0001588874287417349
2593,0.0003388239904665211
2594,0.00011110387776381856
2595,0.00021973804334557526
2596,0.0004637600136648915
2597,8.943295257858305e-05
2598,6.899928495176656e-05
2599,0.0002477772169000169
2600,0.00047924356295769464
2601,0.00044568673572396606
2602,0.9875472252979562
2603,0.015593930604589084
2604,0.015456037750368076
2605,0.9088848486263663
2606,0.9841746812279565
2607,0.02363966354167436
2608,0.003504818983555945
2609,0.0002479402727852323
2610,0.0004359937474792761
2611,0.9895809143400909
2612,0.0024437854396650318
2613,0.00021845947408801288
2614,9.274084000446381e-05
2615,0.0004890330527164901
2616,0.0004502674507837529
2617,0.0005479919292932726
2618,0.9654540456713118
2619,0.00020889080496855022
2620,0.12185961318009694
2621,0.024621785941433487
2622,0.0005692659674483892
2623,6.008787639982681e-05
2624,2.2757457470628442e-05
2625,0.9933632063089448
2626,0.0007965798040444649
2627,8.960424369783745e-05
2628,0.9857286833969914
2629,0.00026508878735549837
2630,0.6554305279027822
2631,5.32643788830374e-06
2632,0.0002986763507258095
2633,3.8537458887124867e-05
2634,0.9993900659680323
2635,0.9975754094915675
2636,0.013399376947441696
2637,2.5327095513384938e-05
2638,0.0011728534405913657
2639,0.0004105480684800898
2640,6.299735315417482e-05
2641,0.00030482759030664035
2642,0.0001585370108771066
2643,0.00039709895510920204
2644,0.00038960037687443057
2645,0.000344979295914348
2646,0.058327865250577336
2647,0.00786126704099364
2648,0.00010887942012463767
2649,0.9550214413143576
2650,0.00018093387793826585
2651,5.578701877120182e-05
2652,9.889515204463081e-06
2653,0.9965403378760922
2654,0.0004562617486492549
2655,0.0002203787721489971
2656,0.019084731130896475
2657,0.04117754779008822
2658,0.00029844957771246034
2659,0.0005902351845605395
2660,0.00018967342320444155
2661,0.005548069463626936
2662,0.01086477875516961
2663,0.00010357118897381736
2664,0.986518468908734
2665,0.00018500288151875906
2666,0.00043177021010954407
2667,8.680769585923185e-05
2668,0.0011301056722632437
2669,0.0004619829362926019
2670,0.9848010170488326
2671,0.0010250252981647216
2672,0.000316248935232199
2673,0.002895452862571619
2674,0.029370964479374484
2675,5.520619346881681e-06
2676,0.0005877384675810872
2677,0.0006950231613642171
2678,0.00021168451642630159
2679,0.0003411785749212284
2680,2.3539733397788374e-05
2681,0.0006305069302860631
2682,0.9948874282160285
2683,0.0021625030094053494
2684,0.001579783106992565
2685,0.9570592718301165
2686,0.0006077445997810329
2687,0.11962356961033267
2688,1.666881925517514e-05
2689,0.00010255760980094997
2690,0.000853560911892844
2691,6.923342402967069e-06
2692,0.001086375629753656
2693,0.00020172615651448434
2694,3.978736223930639e-05
2695,0.012553982737358294
2696,0.0012125104187230644
2697,0.0008053918559216188
2698,0.00023556319809404808
2699,0.0002536906244775223
2700,0.00011879710332758498
2701,0.0045869851102865785
2702,0.00034803311025853546
2703,0.07039647506468441
2704,0.00030548770188625117
2705,0.0008537435746973314
2706,0.0005363281741157835
2707,0.0010403179819500573
2708,0.00030257986021952585
2709,0.17479612634624783
2710,0.00043102981894738217
2711,0.0001696618402658654
2712,0.00151045898103688
2713,0.00021699637752467857
2714,0.0005295375367016262
2715,0.9489626690863544
2716,3.009397301264639e-05
2717,4.677277829037031e-05
2718,0.9968601163266584
2719,8.241196019687089e-05
2720,3.818855378254688e-05
2721,0.0015569397528360513
2722,0.9789628895446466
2723,0.9944119026772329
2724,0.0003836858901499482
2725,0.00016398519155904747
2726,0.0004222357784152392
2727,0.002418414218954792
2728,9.29841477154399e-05
2729,3.570972253212348e-05
2730,1.1073679481676859e-05
2731,0.0007165566575897414
2732,0.0015945303595577896
2733,0.014933456422466287
2734,0.0025133080878649294
2735,0.00010302179559719795
2736,0.0003579915772583198
2737,1.52565967611402e-05
2738,0.0002324053712697362
2739,0.0018138375614522762
2740,0.0007044070170873888
2741,0.00012138988486483
2742,0.00018978087728947494
2743,0.0011722131757889414
2744,0.0007287935935595898
2745,0.0004474378633740195
2746,8.52414736186408e-06
2747,2.8544521499782326e-05
2748,0.0006620150811955475
2749,0.00010299862948065295
2750,0.0002501608400792117
2751,0.0015570717568954041
2752,0.9806070981518695
2753,0.00028031188404633445
2754,0.0016625873889052213
2755,0.9978136441959558
2756,0.9982561309120905
2757,0.00017566197794424617
2758,0.00012002629536359654
2759,0.0022492877194954775
2760,0.9226205508835654
2761,0.9937833550579096
2762,0.996894130396732
2763,7.945013239069469e-05
2764,0.0011774070791376252
2765,0.02861750416372789
2766,0.0009858961972762487
2767,0.9930844372917733
2768,0.9977970698083481
2769,0.0009604537512920652
2770,6.352546954292483e-05
2771,9.555514386881354e-05
2772,0.00026105112890094384
2773,0.001784874848771737
2774,2.9883968959865e-05
2775,2.6339897843951963e-05
2776,0.0014480188659922529
2777,0.004005262002926268
2778,0.001450194939130791
2779,0.00010633879025075161
2780,0.0002628064119297735
2781,0.0008873821655667593
2782,0.0014838077845625221
2783,0.009989563648942015
2784,0.0006355223771300192
2785,0.9987504171032178
2786,0.0013106675955623526
2787,4.8144783240298335e-05
2788,0.9688395049547764
2789,0.0035941704892685465
2790,5.6298479494984085e-05
2791,0.0005668927946214623
2792,0.20655499543267314
2793,0.0002282341107721139
2794,0.0005327081807951818
2795,0.02001539983114453
2796,0.000591405269768799
2797,0.48780351883522544
2798,0.0002578879736789757
2799,0.00011041827912382715
2800,0.03560328073596643
2801,0.028453171916314364
2802,7.275965944242605e-05
2803,0.0006659589258803084
2804,0.0004420106377813349
2805,6.797294235391619e-05
2806,0.9985616160147405
2807,0.0002040556560818951
2808,0.012862648905605147
2809,0.05164218924591999
2810,0.13112102180686763
2811,0.0009727494836285121
2812,0.009966782862310897
2813,0.003657871711147385
2814,0.05001643595274963
2815,0.0005000686714898872
2816,0.003004708285705227
2817,0.00010940025073616405
2818,0.00013329796641744265
2819,0.9893328362450544
2820,5.0231729176904845e-05
2821,0.0003317065672579575
2822,0.000899221433818777
2823,9.101208626981214e-05
2824,0.001061099695275999
2825,6.180705728058278e-05
2826,0.9967963691779798
2827,4.304997791930817e-05
2828,0.963937598333908
2829,0.09351781092883209
2830,0.0026970650913511075
2831,0.006017924656407333
2832,0.9654267477759675
2833,0.00021321042041428994
2834,0.0007060831246271675
2835,0.0001389674522079315
2836,0.0013741710672419511
2837,0.0004159192841671169
2838,0.00018287260676773165
2839,0.015024269316425132
2840,0.2792155664445734
2841,0.14457129297046883
2842,0.00010002017397794608
2843,0.010484120096578644
2844,0.00010556436823377872
2845,0.0005079325324430107
2846,0.0003857732889584567
2847,0.0006024943769348671
2848,0.9874246096390531
2849,0.9982935592235318
2850,0.0009111317325922755
2851,0.0001095472058576651
2852,1.4748217527586376e-05
2853,0.0001055566519452672
2854,0.004052936600589594
2855,0.0019284099800209037
2856,0.9393297440488372
2857,8.330537543653396e-05
2858,0.012163661525184867
2859,0.001242879592388084
2860,0.00033899200453210764
2861,0.0005230712423820998
2862,0.0007298114625979291
2863,0.002478543925537581
2864,0.6594704442278776
2865,2.4084666733945135e-05
2866,0.005662322700112939
2867,2.744372399844695e-05
2868,0.9946771801077728
2869,0.0002968402134620756
2870,0.00120361762327437
2871,0.003578402962312619
2872,0.30120138960830295
2873,0.017481095507721416
2874,0.0006441746064440514
2875,0.0002132922286416968
2876,0.0007128755157522794
2877,0.0014579706639625267
2878,0.0033382637949373115
2879,0.000584336047813471
2880,2.3652162559661702e-05
2881,0.9968786825290993
2882,0.009012945516300117
2883,0.0011030153705997297
2884,0.00345074475481835
2885,0.0013838666734871051
2886,0.0005793995473485679
2887,0.00026485638233805694
2888,0.1096339699558081
2889,0.00015683437201051515
2890,0.054759784438115536
2891,0.0011334539892110958
2892,0.948599397431814
2893,0.003030631095838357
2894,0.9698577692861357
2895,0.0005903479865009298
2896,0.0017188723219109911
2897,0.0006262259749808379
2898,0.0005488482207122726
2899,0.015087515923038568
2900,0.02085593876362289
2901,0.0004909527221990874
2902,0.0024412193436608763
2903,0.00010482593503602472
2904,0.9788007555037879
2905,0.9950277427565292
2906,0.0004103555840336877
2907,0.00023127828470349458
2908,2.391202797096092e-05
2909,0.008599158104125025
2910,0.012069959866029767
2911,0.011071987514275494
2912,0.9984818200450649
2913,0.011982874937734079
2914,0.000205951950175006
2915,0.04619769535657565
2916,0.0035172839303144092
2917,6.061463401218812e-05
2918,0.0002919042501454361
2919,0.6895367160711311
2920,0.0013330688776149395
2921,0.0026673496511875746
2922,0.0001893149898580002
2923,0.9225440063507208
2924,9.916628269427246e-06
2925,0.911909355645055
2926,0.00010652710245901789
2927,0.0028372304273871396
2928,0.9252401731925586
2929,0.0007736408966718857
2930,0.9684120369119477
2931,0.0006879772524089708
2932,0.9559862641978947
2933,0.001149647943539859
2934,0.00036020780186461445
2935,0.00062223915387284
2936,0.0025017507291987266
2937,0.0018199023091260882
2938,0.0014239464914878963
2939,0.003089032796936603
2940,0.005942754822861376
2941,5.986317787147165e-05
2942,2.7191178792045562e-05
2943,0.35509924887673894
2944,0.003594713696426903
2945,0.0011048466129071298
2946,3.4639142853133855e-05
2947,0.0004178113852407664
2948,0.0003274433624095908
2949,1.1161415711352857e-05
2950,0.0006206133987968509
2951,0.9987520790507209
2952,1.1748772169570885e-05
2953,0.01704886920132227
2954,0.9390240659554789
2955,0.0007826534136744134
2956,0.0013877791942673748
2957,0.0014017951830742799
2958,0.000565708837632279
2959,0.050054002045135236
2960,0.985500451507059
2961,0.0005418082929770932
2962,9.991222071749574e-05
2963,0.00025313004997418273
2964,0.0455028369056231
2965,0.010528310775475648
2966,9.541895429814414e-05
2967,4.719588952187048e-05
2968,4.9988649394575914e-06
2969,8.11682402318182e-05
2970,7.2488023386413375e-06
2971,0.9942655965204251
2972,0.998535832746484
2973,0.08279257195574388
2974,0.014900272292339195
2975,0.002574784657312247
2976,0.00014639348212971477
2977,6.339447985063367e-05
2978,0.0004022872717631947
2979,0.00017078191285400723
2980,0.0002206504739381192
2981,3.747708785236647e-05
2982,0.01620237414872331
2983,0.02212717232316535
2984,0.21282563527914938
2985,0.000634744184279193
2986,0.0001869812724397235
2987,0.006650872874454832
2988,0.0003751364865996205
2989,1.8866061958168937e-05
2990,6.290653808958368e-05
2991,0.00010270774749901682
2992,0.00029406672885592966
2993,8.251780923537174e-05
2994,0.00022620627745573266
2995,0.00010522382748640201
2996,0.0009284683700474482
2997,0.00015602538677028806
2998,9.877172784377576e-05
2999,0.07141587334437349
3000,1.1119632701488759e-05
3001,2.900668912772668e-06
3002,4.265027459240488e-06
3003,0.02796662545505582
3004,0.0001584352808180004
3005,0.0005356372287176378
3006,0.000484464211247697
3007,0.003126551873064673
3008,0.00013976666288759393
3009,0.0002829161182059263
3010,0.11323948119274345
3011,0.93456731468931
3012,3.1643623066306063e-06
3013,0.06312885315316596
3014,0.010999672007654976
3015,0.07610681789163866
3016,0.001073772677362962
3017,0.022153170532617332
3018,0.00015987529039803512
3019,0.16413109441000012
3020,0.0003624168796268618
3021,0.00023092679224983237
3022,2.670690897634568e-05
3023,0.00011909259005688025
3024,0.00013298286594393347
3025,0.00015852078669677618
3026,0.004193328473533493
3027,7.199867449994861e-05
3028,0.00019619066770523247
3029,6.946883267052257e-05
3030,0.00019196669725147255
3031,5.579308133673906e-05
3032,3.796342787818866e-05
3033,0.0001208574534349665
3034,0.0010235051533747466
3035,0.00022068109191223352
3036,0.0006393782983424515
3037,0.05918442580014808
3038,0.06752472291043818
3039,0.10249674895337695
3040,1.6817903878548077e-05
3041,0.010462402603644805
3042,0.0001492075757888079
3043,0.0004972720930061378
3044,0.00013742668863161127
3045,0.00011088097128632182
3046,0.00047655929350372115
3047,8.746640590249587e-05
3048,0.00016943189378795356
3049,0.059748440791166514
3050,1.8386624336125188e-05
3051,0.272685912829216
3052,0.44306600655806266
3053,1.885251332849586e-05
3054,6.867147506197804e-06
3055,8.411922056406597e-05
3056,2.4464315055178643e-05
3057,0.00013113048192665296
3058,0.00024431447495505026
3059,9.501432148510376e-05
3060,1.3460542289885606e-05
3061,0.008156246018201554
3062,0.0001565958574945318
3063,0.022402932942714837
3064,2.2897221509756597e-05
3065,2.152184140551507e-06
3066,5.36254826574997e-06
3067,0.03941425288514286
3068,0.03518184398120388
3069,4.986171337086027e-06
3070,2.5558351486078806e-06
3071,5.0940239777717216e-05
3072,6.961920446251494e-05
3073,0.00012817383840776024
3074,0.0001782794098416847
3075,0.00011189832845292685
3076,0.00016639809215664148
3077,6.84894981696847e-05
3078,0.0002911645740647596
3079,0.10828781362939237
3080,5.528273513160136e-05
3081,0.00011960007272778193
3082,0.10822978922178945
3083,2.7966775910972487e-06
3084,1.8135753391076164e-05
3085,8.937971483165836e-05
3086,0.6735876903417292
3087,0.0001042583312392373
3088,9.561714092363774e-05
3089,2.8995000839202047e-06
3090,0.0007524796596156731
3091,0.006086170911339697
3092,0.05608429974300735
3093,0.05497800654487025
3094,5.6182317865731165e-05
3095,2.2644206936059368e-05
3096,0.00011113658493611559
3097,0.0001618858765432021
3098,2.2045317086287802e-05
3099,0.9834606075225564
3100,0.2691740047765636
3101,0.01147296241320565
3102,3.099759524245414e-05
3103,0.00017176012812581461
3104,0.00015828872581113732
3105,5.556710803504202e-05
3106,0.00010990443889656872
3107,4.410884786228016e-05
3108,6.0286199046636126e-05
3109,9.398473195606856e-06
3110,0.0003004748137650684
3111,0.00018453348847568922
3112,0.07208275536829174
3113,5.40192919310518e-05
3114,0.0006502440695167833
3115,0.00022428391420043284
3116,0.0002540028857842487
3117,9.971781243514914e-05
3118,5.432333878331616e-05
3119,6.072122890519538e-05
3120,0.00016425543111372852
3121,0.00011906611458148532
3122,0.0002869900218175211
3123,3.794473277220726e-06
3124,0.0003929092691013503
3125,0.00013137596109295723
3126,0.0001476467815680177
3127,0.00016398329711175355
3128,0.00020249364426662788
3129,8.217126237402231e-05
3130,0.0024770489273821155
3131,0.005753799936735417
3132,0.031962626416893056
3133,0.00048380526480530704
3134,3.408487273724128e-06
3135,0.004819015953610039
3136,8.372000842553626e-05
3137,6.89767255350555e-05
3138,6.41407372658953e-05
3139,0.04210465745579974
3140,0.010025213855917103
3141,0.16002385626752533
3142,0.000410594844820396
3143,0.00023953321873076915
3144,0.0007760730228308905
3145,0.0075521387490259965
3146,0.19361980404960452
3147,0.00574829426895484
3148,8.987738295651721e-05
3149,0.00010212700353330826
3150,1.953112379485684e-05
3151,0.00013729891945050396
3152,0.04803289381403973
3153,0.11487542443458895
3154,0.02281967603122427
3155,0.0003327585287188532
3156,0.00010146457527675195
3157,0.03844585437835082
3158,0.09839512071460794
3159,2.306345135370643e-05
3160,0.000150792456266459
3161,0.031307928864006726
3162,0.017305413836615442
3163,0.9908397416628407
3164,0.007145760624936176
3165,0.003480430949415892
3166,0.08832304921774523
3167,0.007592058432317392
3168,0.01715875151244762
3169,0.00010834278720714852
3170,0.02168136134235588
3171,0.05500417267238533
3172,0.0005777898128266721
3173,0.00013841600665377666
3174,2.4930452976290334e-05
3175,0.00020388404058411792
3176,0.0001305969353656952
3177,0.00026162272429262727
3178,0.0001109242668299541
3179,0.00016864464903595169
3180,0.026348317758533968
3181,0.01375600296020495
3182,0.0004727470609809952
3183,2.1450471255793706e-05
3184,7.392432490581595e-05
3185,0.7284709294746395
3186,0.7643947419044229
3187,0.0003789296680974827
3188,0.0042162886473171846
3189,0.00020029629330992494
3190,0.0003690857843117926
3191,0.33161005754558376
3192,0.00011732846728315581
3193,6.912673944674005e-06
3194,0.0005199038806251105
3195,0.017972803186532445
3196,0.06962395801321589
3197,0.9713053343522271
3198,0.009291040978055725
3199,0.040848017586585836
3200,0.1264049806358246
3201,7.667310197136838e-05
3202,0.9398252393052122
3203,0.00011383735802889684
3204,5.648162823389495e-05
3205,5.517194485760509e-06
3206,0.00010567048578600854
3207,3.004589344997093e-05
3208,0.117259734325285
3209,0.0002206671202585335
3210,0.00028279948042686255
3211,5.301955780028459e-05
3212,0.00010362298595264115
3213,0.02661549383557949
3214,0.0004206728597336559
3215,0.0002765726363060007
3216,0.9822006099203501
3217,5.412408127422436e-05
3218,0.008309319015165548
3219,0.0010773230906912829
3220,0.017635490870601213
3221,0.00014454234020808986
3222,0.09963179055425922
3223,3.386763297302033e-05
3224,0.9789423468567604
3225,6.740224856758732e-05
3226,0.00019168709107594508
3227,0.9958650463775456
3228,0.000252668777281705
3229,0.00025481488409046253
3230,0.00020893553853464116
3231,4.236905840988236e-05
3232,4.904692366564155e-05
3233,4.277858122367257e-05
3234,0.0014797216751865506
3235,0.9003042675648032
3236,0.00010498823125383362
3237,8.596773138508979e-05
3238,0.000408165885241038
3239,2.3193837604966787e-05
3240,0.8934402271789574
3241,0.023654373685255
3242,0.0001119428418723154
3243,0.00015083765508632456
3244,0.0015919762405467424
3245,2.414550427382787e-05
3246,0.00012330111596223914
3247,0.9937668136193878
3248,0.010472723506068498
3249,0.02353608098358238
3250,0.05405000804482816
3251,0.00024552207116798635
3252,7.130571899450073e-05
3253,0.8750724705833886
3254,0.00016541499360146232
3255,6.114939112713228e-05
3256,0.00944128928527101
3257,0.01866273125149672
3258,0.013970137890320478
3259,0.05647372525591933
3260,0.011577647026114779
3261,0.18766752066169673
3262,0.008506240341249001
3263,0.9954898640721686
3264,0.0003043880537023399
3265,4.422968455761164e-05
3266,0.9313365312430903
3267,2.2415823649959564e-05
3268,4.61363009256387e-05
3269,1.6549026301453332e-05
3270,0.024383200589096272
3271,0.0006558390847355878
3272,2.194676865656541e-06
3273,0.00023384685581245867
3274,0.000169959401135191
3275,0.00047371395415423886
3276,0.007288307630885121
3277,3.636937716668266e-05
3278,0.00013239621993061778
3279,0.00014358951412382276
3280,9.138035403834875e-05
3281,0.0246992387878943
3282,8.402859061520753e-05
3283,0.004240162924367566
3284,0.0002884608426203827
3285,6.2176784147694376e-06
3286,0.00010503921973368805
3287,0.00011865476233607097
3288,5.70168386467633e-06
3289,0.0009976225019126075
3290,8.194032510796598e-05
3291,1.9283205268741197e-06
3292,0.014107414707504182
3293,0.06355487898143714
3294,0.04222441712082067
3295,0.0005519951650567127
3296,0.008030982791213372
3297,0.00014296170056558418
3298,6.375747595934517e-05
3299,0.004099052873619989
3300,0.0010675444666440332
3301,0.00011830530471787891
3302,0.00011552613652569951
3303,0.0008134715854379264
3304,0.00023236381481429787
3305,0.0016045585637289145
3306,2.2981339748684046e-05
3307,5.006941671912881e-05
3308,0.014099751441576977
3309,0.00949836594157941
3310,0.00019481240492691816
3311,0.000454043784548064
3312,0.004802659166835775
3313,0.0002570637975576522
3314,0.00021136404274481554
3315,0.00046299363505234153
3316,1.099149858176953e-05
3317,7.383190407702122e-05
3318,4.566130361272728e-05
3319,0.0004774364015494426
3320,0.00011875176039756279
3321,0.0001130874240065
3322,0.0002642376647822251
3323,7.570736984096735e-05
3324,0.00032014293122123493
3325,9.041570667425955e-05
3326,0.1510593101777648
3327,0.0007432266496908375
3328,0.0002694562293519161
3329,0.00013783223918743576
3330,0.00018763292825579734
3331,0.019583558431908628
3332,0.03806186725369464
3333,0.08038771509034728
3334,2.044544366093864e-05
3335,0.0004370951514850916
3336,0.00013066309446953185
3337,0.00012372119451749963
3338,6.858592574919178e-05
3339,0.00012863469146257253
3340,0.00031339972899604204
3341,2.559172636461643e-05
3342,0.05000846390922287
3343,7.395036105978859e-05
3344,0.0002693148947557879
3345,7.896155950489205e-05
3346,0.00010198338245918206
3347,0.0002529963771630232
3348,8.846107747929794e-05
3349,0.00011432842843656377
3350,7.231090411251876e-05
3351,0.00017642250714344
3352,4.949685468407718e-05
3353,8.560140137289604e-05
3354,0.00021223689052713126
3355,0.03922746857973156
3356,0.04864574197571813
3357,0.0037710402195258127
3358,4.46186784191871e-05
3359,7.211222188771659e-05
3360,0.00014550725994635062
3361,0.8905564910348707
3362,0.00021656266825304085
3363,0.00017671279195476401
3364,0.00010265648755739104
3365,0.00021074438196633396
3366,0.0003084433002622807
3367,0.0939212193409644
3368,0.00021195901518546428
3369,0.00014248541927395583
3370,5.738659305487071e-05
3371,0.005276095289383419
3372,0.046056547487257
3373,0.014617127420566211
3374,0.031037077578310063
3375,0.00293135685464748
3376,0.0002010942449590413
3377,7.493913528308489e-05
3378,0.9935376311610001
3379,0.00012630795905348095
3380,0.0004461456531282463
3381,7.650030134422864e-05
3382,0.0002697704583566082
3383,0.0002586060375741776
3384,0.0001334695541065869
3385,0.23030616828782943
3386,0.006961987540500127
3387,2.5984187646885097e-06
3388,0.00020849225561347695
3389,0.000284565750786998
3390,8.354020992713343e-05
3391,1.6782979931924898e-05
3392,4.3803668829881575e-05
3393,0.016688920122576556
3394,0.9988108621398114
3395,3.500690679409388e-05
3396,0.0002343314704160169
3397,4.7293241832714975e-05
3398,0.00013266977862632626
3399,0.0002550186490886631
3400,9.309490624816118e-05
3401,0.00023836151940996773
3402,0.00020397442940510202
3403,0.1557228928079359
3404,0.00010235708520827359
3405,0.015926292345123556
3406,0.00015248275539142485
3407,2.281689069102458e-05
3408,0.021348472987631796
3409,0.005330442929308515
3410,5.281995714133564e-05
3411,0.19054753830868248
3412,0.024094387166552517
3413,0.2495601448579058
3414,9.228152161366835e-05
3415,0.00028940100888460275
3416,0.0002415040769234932
3417,9.341932616016761e-05
3418,0.0388258032196078
3419,0.00015293991132258236
3420,8.670930571218591e-05
3421,0.00441964511742969
3422,0.001108035782973486
3423,3.403068480241185e-06
3424,9.563201613114696e-05
3425,0.9938285752967978
3426,8.587037141391757e-05
3427,0.00011765449089838869
3428,0.0003617249526001635
3429,0.0008654411335049142
3430,0.0006095849786231608
3431,0.028838459589299693
3432,0.00012329895645473346
3433,0.00029284081280393705
3434,0.0003928743704530206
3435,0.00024451487278581545
3436,0.00018138511915681048
3437,0.0001732799585305764
3438,0.00022987226939507878
3439,0.00011200522876301257
3440,9.1003095265214e-05
3441,9.11523421147362e-05
3442,0.34332559286668973
3443,0.06083727414263418
3444,7.599593636202423e-05
3445,0.03436729776516447
3446,6.57052496352431e-05
3447,0.00013951000970297036
3448,0.9614996136907479
3449,3.123943801354646e-05
3450,5.0431881893669926e-05
3451,0.0017676071025434132
3452,7.778579902044497e-05
3453,1.9706526480543614e-05
3454,0.019891301010751403
3455,0.0026524167257587846
3456,0.0007183193886169
3457,0.00012842712716699787
3458,0.000259264189092825
3459,7.269543574587697e-05
3460,0.0002826001017597572
3461,0.00012905541250804055
3462,0.0001689170722199058
3463,3.4617851383457696e-05
3464,0.0005138878794361129
3465,0.006102743841866142
3466,0.025863620421354167
3467,0.00016765718484154995
3468,0.0001801978485404468
3469,1.4023859480425847e-05
3470,0.00014976396842334333
3471,9.55693808966302e-05
3472,0.012613874866374681
3473,0.00023769926262619934
3474,0.00010771471466207438
3475,0.04365334207887169
3476,9.76480242547505e-05
3477,0.0007536678016399467
3478,0.00020158164627389095
3479,0.00020004619480070798
3480,6.847520109983244e-05
3481,0.02789988073721338
3482,0.01969951650547099
3483,0.0012858606495750437
3484,0.00014460063865118943
3485,0.00021061307252902647
3486,7.531197162416337e-05
3487,4.2610516222465125e-05
3488,6.0825121930425346e-05
3489,0.00021481914619674025
3490,0.0008647932164786347
3491,0.9239639919666329
3492,0.9963745285484077
3493,6.319924835389815e-05
3494,0.00015690800852752998
3495,0.982165407492156
3496,0.03754005103065066
3497,0.0002323938775514521
3498,5.785229320705214e-05
3499,0.00011904398865859628
3500,7.829810640130805e-05
3501,0.0014825283944470205
3502,0.05668153499707096
3503,0.0007988645779796301
3504,7.849407957548349e-05
3505,9.984622829192256e-05
3506,0.00022953732118773188
3507,0.030452778613590727
3508,0.0005309456258656041
3509,0.00042202859206569266
3510,4.558399039012147e-05
3511,0.30488882442823695
3512,0.0003603547937807538
3513,0.01547949384892445
3514,0.0001451142020748039
3515,0.20789525674842363
3516,2.009900800277608e-05
3517,0.000999568720675484
3518,0.06979621727110863
3519,0.13318152785356138
3520,7.926427546261239e-05
3521,5.999458556238097e-05
3522,0.0008726621548618624
3523,9.815402299881461e-05
3524,0.010411622201053336
3525,0.14453580350006767
3526,0.00043043221143395093
3527,0.04755199715140428
3528,7.70460435258739e-05
3529,4.454634158454574e-06
3530,2.217366181685366e-05
3531,0.00023133277813895515
3532,0.00031466797388571017
3533,0.17901182054702688
3534,0.1954216572463293
3535,0.3475301368586064
3536,0.0524772638757799
3537,0.00013829750639266628
3538,0.05851103878675014
3539,0.0020183216905597687
3540,0.008162416429307531
3541,0.0001652006627900914
3542,0.0001494517721621159
3543,0.08217497196385017
3544,0.00015932345130210222
3545,0.0001984610709732193
3546,0.00028175035355126204
3547,0.3945747433433679
3548,0.008330337146178774
3549,0.0063301699127661345
3550,0.03225338489291731
3551,0.01635505043505469
3552,0.0001287543122070303
3553,0.0036244880698616164
3554,0.03179772577359122
3555,0.0007435450761034437
3556,8.586041244156394e-05
3557,8.837112567789315e-05
3558,0.021209873748047243
3559,4.7913019815512126e-05
3560,7.66937499715047e-05
3561,0.002270315409314719
3562,0.0019806938218406645
3563,0.00010293310382981493
3564,4.162431621254662e-05
3565,6.503035372606903e-05
3566,0.04024872810431318
3567,0.00012004915197281918
3568,0.0003418233088992311
3569,0.053567045114235864
3570,0.00020170439176996047
3571,0.0002295477108739497
3572,0.00016419591626294197
3573,0.00039452717182226446
3574,0.001660679109593269
3575,0.00028524486601790456
3576,0.00010570043464689589
3577,0.0002479119825707669
3578,0.00010024988051589247
3579,0.0001477255698852915
3580,0.00011890585073930423
3581,8.763999329184503e-05
3582,0.00010217883854973507
3583,0.00013190027110922462
3584,0.18298475095715822
3585,0.00019731251396442172
3586,0.03635863795379125
3587,6.786146104729951e-06
3588,0.3121798639182519
3589,0.010168298843207418
3590,0.004222502302004137
3591,2.7935698122168082e-06
3592,0.0001683722614424717
3593,0.00010271315867071829
3594,0.0010685211851018154
3595,0.0002907384248620011
3596,0.00023984896147227698
3597,0.00012774198197230217
3598,0.0003630499152747113
3599,0.02684174453453585
3600,0.012844602193338966
3601,0.05223242395878436
3602,0.019780282221978654
3603,0.00014756577881737528
3604,8.38870675283918e-05
3605,9.318939631850706e-05
3606,0.025366499211700977
3607,0.0005585630647773113
3608,0.0004181941754079382
3609,0.9704347587560214
3610,0.00010820399409501371
3611,0.0005762114692800542
3612,0.00012076538142004987
3613,0.0011828406772941779
3614,0.00010132145512986605
3615,0.006078949118938179
3616,0.0009907475394758968
3617,0.9082826479483698
3618,0.00018017631226398544
3619,0.002491280796182903
3620,0.00014274231963477086
3621,0.0006086963134970411
3622,0.027267975302586837
3623,8.23889769315061e-06
3624,0.024328557452401166
3625,0.010318725199706925
3626,0.0001008428527173954
3627,9.725692922986126e-06
3628,0.00041828776607783955
3629,0.05182631965227887
3630,0.00023405087301908747
3631,0.000719764958466718
3632,0.9763647509717822
3633,0.061755133850855945
3634,0.04757541701539321
3635,0.9743866008402863
3636,0.00021747118977484575
3637,9.35348917156646e-05
3638,0.02120175184775575
3639,0.023926467217974656
3640,0.00026465811737974115
3641,0.0011125271054226828
3642,0.9876911086746523
3643,0.003564215023105652
3644,8.661951604169938e-07
3645,0.0001285414776050918
3646,0.042005910962869285
3647,0.00010738613584783924
3648,0.00015991018649923286
3649,0.00037126652486301024
3650,0.1023785837792022
3651,3.2875269914147354e-05
3652,0.00023242302763165694
3653,0.0002528581205995281
3654,0.16656645584406854
3655,0.08941650835873562
3656,0.03781455634141363
3657,6.227172216971117e-05
3658,6.233362495931375e-05
3659,8.137357673969301e-05
3660,0.0002476660899353454
3661,0.018786359733455098
3662,0.000260735687282338
3663,0.16367361316810197
3664,0.5858604913603648
3665,0.9773731033320351
3666,0.00015896839566703397
3667,0.001209757492524205
3668,0.03320469883095198
3669,0.0003030695172832544
3670,0.9509865632741535
3671,2.934476845319114e-05
3672,6.783889005818888e-05
3673,0.0002885027846139215
3674,0.9682417979815308
3675,5.7474182614137244e-05
3676,0.0002613517970063078
3677,8.126936854927194e-05
3678,0.0009283513151938392
3679,0.05308864779898951
3680,5.7946148600480734e-05
3681,0.0007154058643029741
3682,0.5275393729608728
3683,5.121818709318898e-06
3684,0.24581803070959957
3685,0.0017480866982764417
3686,0.10856889472579223
3687,0.03046359956180632
3688,0.00016702611378867496
3689,0.00019510876706065267
3690,0.9817003167278366
3691,0.04748842677239128
3692,6.120683458461017e-05
3693,0.00025674254670110124
3694,0.9586659726758523
3695,0.0001445044739488543
3696,0.010523170491985118
3697,0.00010699979004815477
3698,0.0001171283368678693
3699,0.1314559505468021
3700,0.159500084384946
3701,4.444340016654308e-05
3702,4.840271140696842e-06
3703,8.392719492282788e-05
3704,0.00012861761263102065
3705,1.731617058821608e-05
3706,0.006196002506555881
3707,0.00018914872498795784
3708,2.8180650906419663e-05
3709,0.00020980079662068088
3710,1.1674655179295286e-05
3711,0.049677696549616644
3712,0.0008290271023697112
3713,0.00015914311297270773
3714,0.006374508225134157
3715,0.00039247757583085036
3716,0.04713933217371
3717,0.12633891725461585
3718,6.517963713832307e-05
3719,0.00022903840946406217
3720,0.013447342395630798
3721,0.00046643918640022693
3722,0.09178258351691959
3723,0.9968649010770217
3724,0.16768433596295282
3725,0.0863816282573217
3726,0.2434093439054874
3727,0.015954203333269686
3728,0.00016481730542856828
3729,0.18243068328973427
3730,2.1321570907470958e-05
3731,7.96137216056163e-05
3732,0.0005501684705914941
3733,6.715454002972762e-05
3734,0.058312832398107514
3735,0.01029576714148992
3736,0.0003624649942741017
3737,0.00025167966137589626
3738,0.0002002964949677865
3739,0.00013534866070628515
3740,0.00013222442418777406
3741,0.0001357434806439699
3742,0.00022565123003382022
3743,0.06733117603181683
3744,0.01995948982067605
3745,0.00010029973583231473
3746,0.00016679561536644684
3747,0.0008510472402492991
3748,0.0003866023665472216
3749,6.758757147171072e-05
3750,0.05556900192923429
3751,0.9155573701438255
3752,4.568152998387155e-05
3753,0.057870613199841124
3754,0.00019432478252574579
3755,0.001200357704639512
3756,0.00012405296056664823
3757,4.823374090084719e-06
3758,0.0001662273963124868
3759,0.9660358998132672
3760,3.9312775178499345e-05
3761,0.00017545330198147385
3762,9.583883478030203e-05
3763,0.0022973977075854387
3764,0.0008103608887654781
3765,0.00023024876629590342
3766,0.0001234306795372277
3767,0.8820741153111298
3768,0.0002523233470407005
3769,0.011411249291015616
3770,0.00011586604867852403
3771,0.0003038764362569619
3772,1.0094456640456032e-05
3773,0.010160703725882871
3774,0.03199734473096938
3775,0.0001207909391169592
3776,0.16511142951695523
3777,0.0003049403353251244
3778,0.99838918125202
3779,0.0021238664422157548
3780,3.362631544754928e-05
3781,0.00016606397001569525
3782,0.00016799946091930438
3783,0.013180031679620183
3784,0.00011896872885378477
3785,0.005081697371225155
3786,0.00011923299139899488
3787,0.00011148563876722116
3788,0.14663640226853564
3789,5.3943312200064536e-05
3790,0.00015658863097210018
3791,5.970024015423325e-05
3792,5.7410707068174316e-05
3793,2.206560983882808e-05
3794,0.011299142371763894
3795,0.00011049952155345948
3796,0.025891976046683772
3797,0.06695841559321802
3798,3.122244446336462e-05
3799,0.00010893262538840252
3800,0.8960961781541099
3801,0.00025644208819637
3802,0.00018713385402418606
3803,0.0017159593443880794
3804,0.04869968149872107
3805,2.149730446234631e-06
3806,0.0026433879784297236
3807,4.611717933935391e-05
3808,0.00031828990041993455
3809,0.017055750697787135
3810,0.009084560551478452
3811,1.5473525596492692e-05
3812,0.00017466356289410327
3813,0.00040202721883799244
3814,0.19294817902251768
3815,0.21058875619238107
3816,0.05344563423667035
3817,0.028361905042689494
3818,0.00038046963653550847
3819,0.06348113487649151
3820,0.0023678245954307222
3821,0.9931432448924602
3822,0.00011995894384700342
3823,8.749794237854691e-05
3824,0.07818938888090834
3825,0.00014167681714858914
3826,0.5385398838014298
3827,0.0002774421116857703
3828,0.0001373462197303409
3829,0.00027027545951690955
3830,0.44097913608397976
3831,0.00038531305540123967
3832,0.00016085805869128035
3833,0.00012160084259947836
3834,0.9494163750825957
3835,0.00042813525343588665
3836,0.03368114072993513
3837,0.04159400092945467
3838,0.02805655248068505
3839,0.009672025119590677
3840,0.0239679264558133
3841,0.0002391570966857138
3842,0.0002491036544672014
3843,0.00017237151473046002
3844,0.17857184821568245
3845,2.7103146274650532e-05
3846,5.056272864218549e-05
3847,8.885115191807805e-05
3848,0.021516090930275653
3849,0.0004315711197749976
3850,6.774376618542979e-05
3851,9.175112878548985e-05
3852,0.35940392587235753
3853,0.09499106506239356
3854,0.0009676155228627555
3855,0.27966601605971075
3856,0.01972431368318892
3857,0.006664249104309581
3858,0.04302137810169663
3859,0.0003485905329193846
3860,2.546086697409965e-06
3861,0.013305130790113376
3862,0.08451490921941496
3863,0.00042053716852588256
3864,0.00034340724168062414
3865,0.09014764073006584
3866,0.8729559333938421
3867,8.322319407413897e-05
3868,0.010818882969904225
3869,0.0002988710348978094
3870,9.179512969184376e-05
3871,0.0005817085907327531
3872,0.1571241352900794
3873,0.11352330806559982
3874,0.9835129694121862
3875,0.09693219123957209
3876,0.04484394013277486
3877,0.06798105743897329
3878,0.9934003025592425
3879,0.0001435253386615072
3880,0.007194972919820739
3881,0.02190790509204896
3882,0.00020137235199791807
3883,8.058027775773259e-05
3884,8.583775596102113e-05
3885,0.0193566916329644
3886,0.13680481799243496
3887,0.02363749140781543
3888,0.00016434398473367897
3889,7.723411812933087e-05
3890,0.019964276562973164
3891,0.0002693787965526924
3892,0.00010436178095419766
3893,0.0005916251419864403
3894,0.22888773088452172
3895,8.706590664407719e-05
3896,0.0001575800367334208
3897,0.0003729651686264524
3898,0.5574278039792696
3899,0.9962735690897488
3900,0.00019306916522788907
3901,0.0003872838983078557
3902,0.00013074586073084628
3903,0.00018229824271142012
3904,0.00027232468696377135
3905,6.061062184991064e-05
3906,4.050669891221268e-05
3907,0.00014986868459257102
3908,2.535178614975032e-05
3909,0.005677309473424712
3910,0.9737241700579957
3911,0.0001969193397920685
3912,0.0003342495822531861
3913,0.00010311543138529985
3914,0.00014047136196206482
3915,0.002316950567138827
3916,0.00017445850968447833
3917,0.005206600129832548
3918,1.7377354030915017e-05
3919,0.0006922831779924494
3920,0.2995424528050944
3921,0.00014713258248536508
3922,0.10464909535014015
3923,0.9276225049119272
3924,0.000165230492398988
3925,0.0002695673558086944
3926,0.05452453555634914
3927,0.06290508193197443
3928,0.001349475072683663
3929,3.1554445912078234e-05
3930,0.9952376410982609
3931,0.00031837665414765416
3932,0.00010815696474088866
3933,0.0001667815810211682
3934,0.010049609609535368
3935,0.001122362920520191
3936,0.22527968631016249
3937,0.06726582480160383
3938,0.0453116370685059
3939,0.00024407916840632626
3940,0.02020683180171633
3941,0.07407161266422861
3942,9.543447943446978e-05
3943,0.08055097346037439
3944,0.00013337483966751376
3945,0.0001916193650664915
3946,0.9979225079829961
3947,0.012667008600948321
3948,0.9645704244509133
3949,0.12731327558682426
3950,5.8697896043842576e-05
3951,0.0002478955250428056
3952,0.095400365598009
3953,0.03512624515913394
3954,0.00041235933079300567
3955,0.2976614817324708
3956,0.00011607183595664259
3957,8.28129122019949e-06
3958,0.0001750237777078086
3959,0.056506051102583596
3960,0.00047355617692438734
3961,5.3857135244741965e-06
3962,0.00020642525823494603
3963,0.9922096813109398
3964,0.9986118407462969
3965,6.354737689103517e-05
3966,0.05132428781496627
3967,3.4548565235351155e-05
3968,1.8848976116574942e-05
3969,0.00037992563647692247
3970,0.0003482396864136289
3971,0.00014717029154611924
3972,8.485913202800834e-05
3973,9.596308144602397e-05
3974,4.362694659166466e-05
3975,7.163685934267152e-05
3976,0.0005428511527117528
3977,0.0001115484955678421
3978,0.057519512469958
3979,0.00043720431454505093
3980,0.0001631415243756956
3981,0.00015794692588773354
3982,0.0002148746336728138
3983,0.9776748724519193
3984,0.0002539936193188616
3985,0.00022019686201094605
3986,1.0059278824738461e-05
3987,0.02679378043755386
3988,0.026974317437326263
3989,0.00012168326186402208
3990,0.0004931600625784959
3991,0.00020053165942779698
3992,0.009029654630287428
3993,0.00014125623331440838
3994,0.0003665405448222569
3995,0.9923077575882967
3996,0.32112618942684235
3997,0.0002279250498167178
3998,4.810787154956655e-05
3999,7.987876919456888e-05
4000,0.027671730881353405
4001,0.1381932403514483
4002,0.00012984416137882445
4003,0.00022918383354780559
4004,0.00024403798525643943
4005,0.0006073586894111603
4006,0.2215900049706184
4007,0.0016928917955274527
4008,0.002905117327776835
4009,0.00034070509002406493
4010,8.011305235422909e-06
4011,0.9948838699940294
4012,0.046731665268392154
4013,0.00030018155319318896
4014,0.0008233896142634997
4015,0.002184606755895064
4016,0.00025417106052649585
4017,0.018198663797923592
4018,0.00013746432691486666
4019,0.00012158690873268735
4020,0.6042826003517856
4021,0.00026982940503429595
4022,7.981925903063585e-05
4023,0.09062861932500803
4024,8.01580183776303e-05
4025,0.00015575127696679654
4026,0.000160189950469028
4027,4.776076642837956e-05
4028,5.888157303521122e-05
4029,0.06198035608318878
4030,0.08572346406319449
4031,0.0802074941479433
4032,0.00016934244345065012
4033,0.0021334968734154766
4034,0.04321990317959511
4035,0.0004693662702769213
4036,0.021059824499828902
4037,0.018528713716587493
4038,0.883284530684491
4039,1.1562886232155121e-05
4040,0.019691630952504466
4041,0.0016735552217426839
4042,0.000794424905922643
4043,0.00045886917653423925
4044,0.02889705950990132
4045,0.003093120112241626
4046,7.154750962437681e-05
4047,4.862275528158536e-05
4048,0.0005211789141855785
4049,0.00098243370009224
4050,0.0001479876480701456
4051,0.0005412498299594518
4052,0.06431358770765039
4053,0.0019710489177175044
4054,0.8932402038793466
4055,0.998793133998326
4056,7.669451836079284e-05
4057,0.00017471646595370967
4058,3.4272993790358016e-05
4059,0.15231356241353003
4060,0.016943395448290308
4061,0.060821018089135356
4062,7.473949063375639e-05
4063,0.00025059576951829945
4064,0.000125461090515687
4065,0.002966441219070343
4066,0.9912459836139291
4067,4.8641727273400815e-05
4068,0.7167320452015878
4069,5.006946552430036e-05
4070,9.010004538343531e-05
4071,0.0006259525785804143
4072,0.00015799964559969206
4073,9.16528551089104e-05
4074,0.011175906038935132
4075,0.0004703568506921081
4076,6.786367432558807e-05
4077,0.017581376102776818
4078,7.914193696229588e-05
4079,4.9458795065752384e-05
4080,0.0004110316077737322
4081,0.0002418314015601328
4082,0.00011474724026003559
4083,6.575282550551665e-05
4084,0.0007261443410713212
4085,0.5989378157005902
4086,0.013139153236841524
4087,0.0004413817038515699
4088,0.00023396439566786975
4089,4.043636423728396e-05
4090,0.0001839963878241379
4091,0.00038388891872339026
4092,9.538669024251348e-05
4093,0.9769909821941452
4094,0.00019481358691836428
4095,0.043345176909799096
4096,0.00030937039373372846
4097,0.0001287107281928621
4098,0.036726383359541294
4099,0.0012180535302639384
4100,0.006419555978726926
4101,3.0380540171447852e-05
4102,0.024015005180854535
4103,0.000241189918830125
4104,0.018950547236437597
4105,0.019498192669892344
4106,0.08159611280861101
4107,6.49249580776533e-05
4108,2.196412080665368e-05
4109,8.067082727758845e-05
4110,0.8165211281759884
4111,0.0017374977194224792
4112,0.012631004032370444
4113,0.5340193604422716
4114,0.0026992583039612194
4115,0.9467158587831419
4116,0.011002743662374853
4117,0.01923367194256937
4118,0.01216259448890256
4119,0.00013629003870410398
4120,0.00021458823627816046
4121,0.00024241938793887518
4122,0.9746730810510511
4123,0.0015785047204940998
4124,0.9229134170723459
4125,0.014988343121096245
4126,0.978301851834205
4127,0.019938459025013254
4128,3.405268605697521e-05
4129,0.0006028822311613474
4130,0.9967026514115762
4131,0.06982540757105546
4132,0.0019714815859453814
4133,0.07210630400902832
4134,0.00417689116607759
4135,0.00032244400690676484
4136,0.03133218096105728
4137,0.00031658511900030606
4138,0.20641820602293287
4139,0.05569712956727361
4140,0.00017557821724007108
4141,0.15169179753324885
4142,0.19530737811013976
4143,0.0005900652551385589
4144,0.0047026937526008315
4145,0.0014535299152479719
4146,0.0004540335711415161
4147,0.0002141895518845233
4148,2.867208573642361e-05
4149,0.00012616224306160657
4150,2.0941056115758614e-05
4151,0.0001600719252021945
4152,4.013380735005259e-06
4153,5.1951296040652487e-05
4154,1.83818461772369e-05
4155,1.881267929081549e-06
4156,1.1589557449695794e-06
4157,0.0005038320782810779
4158,1.0391180095514504e-06
4159,1.350361633504912e-05
4160,6.364985447060564e-07
4161,7.884242608692006e-07
4162,0.0001792629929552554
4163,0.004762154637433183
4164,6.660919796569105e-07
4165,0.002389274538544369
4166,0.00112464654014238
4167,1.3105430491361126e-05
4168,1.1130587883917714e-06
4169,6.554430843974321e-05
4170,0.0001557485199231019
4171,0.0006195713122916573
4172,4.3308395920446545e-06
4173,7.739448223522188e-07
4174,0.0002901810315757282
4175,5.058256479848536e-05
4176,0.0006392267616501675
4177,0.0010798637048081358
4178,2.873923076611603e-06
4179,0.000234395258113881
4180,1.6945331255511256e-06
4181,0.00018517082475626146
4182,0.007341626942955012
4183,4.086815034724335e-06
4184,0.00018646817105047813
4185,9.388609660177399e-05
4186,0.00022263197053123957
4187,0.017186740282595182
4188,0.0011128428144968907
4189,0.00027700939948305595
4190,0.0001721178832855703
4191,0.0007483906508270029
4192,3.247962517303482e-05
4193,0.0013887818066495822
4194,0.0039092121915826695
4195,6.262914244163589e-05
4196,8.999848472714169e-07
4197,0.19653007247146712
4198,0.7166817345410726
4199,0.0008289410669758419
4200,0.004693811890192521
4201,4.5998401091353526e-07
4202,0.9987947537584052
4203,7.416143309597661e-05
4204,1.818166429610097e-06
4205,0.00041780360545464173
4206,0.00020681246410728164
4207,4.784536709407127e-05
4208,0.001412562243063071
4209,4.5505725559273534e-06
4210,1.0046294770198271e-05
4211,0.0001652214548667652
4212,0.06646996905106178
4213,0.004664508836430917
4214,0.0009719531133613027
4215,0.00019469455849923251
4216,2.257615424535984e-05
4217,2.346500577250636e-06
4218,7.225944106077581e-05
4219,0.0008986013395610469
4220,0.020038885597779638
4221,0.02262200717841565
4222,0.00033176150062414454
4223,0.001340183782350047
4224,0.009737639695765441
4225,0.004288107599285279
4226,0.0036444846678610338
4227,0.00019737888989695417
4228,0.00010869156160923457
4229,1.5347461723754734e-05
4230,0.001435749680655531
4231,0.20242601089472362
4232,0.01684078045933695
4233,3.279307648680439e-05
4234,0.000260508590050786
4235,1.5680508501019936e-06
4236,0.038513690535757476
4237,1.1140345890870689e-05
4238,0.001991110131246069
4239,2.483625998267363e-05
4240,0.051510570840359836
4241,0.00041658305777905605
4242,3.258987028466428e-05
4243,0.000466829298161313
4244,0.0007066947993064641
4245,0.0008716130444249026
4246,0.0016304937262131788
4247,0.9879573591223771
4248,6.987312346982306e-05
4249,2.665705220267067e-06
4250,0.00017135389712182595
4251,0.006863043692995574
4252,0.03685475820090438
4253,1.8589156803837934e-06
4254,0.0007936777799118951
4255,1.0931399152897488e-05
4256,0.0001933274932753879
4257,2.567389240779337e-05
4258,0.008857028643010894
4259,2.265575624020756e-05
4260,0.0007108590490515257
4261,0.0018673502719135295
4262,0.00012446584604033947
4263,4.856986729541725e-07
4264,5.29769673254382e-05
4265,0.001710059924295138
4266,0.024990869483586822
4267,0.0009094547147502687
4268,0.01342390425459041
4269,0.0047491573634430165
4270,0.0012589962525317207
4271,2.3138057464129286e-06
4272,1.971409090993804e-06
4273,0.00013014384006352907
4274,0.0015416378538425381
4275,0.005965649190200253
4276,0.0001625082420042524
4277,2.569013981781733e-05
4278,0.05961483182695458
4279,3.9957128002574134e-05
4280,0.009842217685771211
4281,3.423622910604877e-05
4282,0.9987583966143351
4283,0.0829956220211118
4284,0.00011986972586057277
4285,0.0001224695993843667
4286,0.0002451714462461497
4287,0.02315417044831371
4288,0.00047048708935877955
4289,0.029697007406049226
4290,0.027682368562295268
4291,0.0002474856846377177
4292,7.559068314159347e-06
4293,0.00027561232034111144
4294,0.12215903696263677
4295,0.001292873959757019
4296,1.0795777224332812e-05
4297,0.009194548484862085
4298,0.0315419318492133
4299,0.0001147395444847767
4300,0.0001457000181781178
4301,0.0011749477398231094
4302,0.00010050025637608971
4303,0.008407547804962764
4304,0.222195249217153
4305,1.6078292580953457e-05
4306,0.0034201500410390336
4307,1.780401884548646e-05
4308,0.011189468075246248
4309,2.614256491019428e-05
4310,0.18360148258236586
4311,0.0001235933914542544
4312,0.0157402334822887
4313,0.032946545694131066
4314,0.01550015127729637
4315,0.02216730936953276
4316,1.8677371674744117e-06
4317,2.798891913328816e-06
4318,0.08751152830214386
4319,0.016976901097330743
4320,0.03969055010497385
4321,8.296543317292402e-05
4322,0.9711313235140263
4323,7.95117431433842e-05
4324,0.047436473163441774
4325,0.011958499074751373
4326,0.0005172376151223992
4327,0.00011012743601885133
4328,0.00018596562330849134
4329,0.0008412388668974115
4330,0.0828302431271466
4331,3.693307907888727e-05
4332,3.160908088015551e-06
4333,0.003068466815298269
4334,2.7751114661126238e-05
4335,6.018285380986222e-06
4336,0.0003584143859445639
4337,0.003931974971764247
4338,0.0004924464113784856
4339,0.00023465754428787254
4340,4.063381786228951e-05
4341,9.567324311470446e-07
4342,0.0004107801693713711
4343,0.036626716761735435
4344,2.379594447343454e-06
4345,0.9916843319647908
4346,1.344697270489152e-06
4347,0.001136528203744928
4348,0.023804200803811078
4349,0.0002466200460348954
4350,0.00011920012935971696
4351,0.0020082037363737884
4352,0.03304144560310683
4353,0.020913148721741385
4354,0.007102809631304105
4355,0.0004205251090741534
4356,0.00015081456204037015
4357,1.8717394575435216e-05
4358,0.00013130665284353198
4359,0.00022375993288153566
4360,0.0001525675329624839
4361,0.0001233938523926649
4362,0.028811293767478867
4363,8.667791554512991e-05
4364,0.025488196861246988
4365,0.0006741848408903477
4366,0.002511582967342552
4367,0.008252554294580524
4368,0.0002442355485804813
4369,5.1976804595053274e-05
4370,0.037063280407492745
4371,0.0019097168920421896
4372,0.00024655793352292043
4373,0.15003530623153266
4374,7.163171974980852e-05
4375,8.254464297877285e-05
4376,0.001242317971828252
4377,0.00015905155157669247
4378,0.04075195100177888
4379,0.03281220184539624
4380,0.00025407116911049674
4381,0.0008341954000480354
4382,0.00016173999895308618
4383,0.10081276214913933
4384,0.013521581943478111
4385,0.0011386823287572218
4386,3.515787857699321e-05
4387,1.2909794280333863e-05
4388,0.00028688665118484127
4389,0.00013675173300561238
4390,0.0010971831383532315
4391,0.050020997411037174
4392,0.05078065040481035
4393,0.0182940970532144
4394,0.0017575813194466755
4395,0.0015695079656225513
4396,3.3929400465225155e-06
4397,2.699086712422631e-05
4398,0.0010740942977273897
4399,4.712657842423774e-06
4400,9.106856539786313e-05
4401,0.9967895230589694
4402,0.0007676584818753328
4403,0.0002868492946635177
4404,2.0010244746230787e-06
4405,0.2940167868672088
4406,0.03335701785271039
4407,0.00019729463488610795
4408,0.01986298742476322
4409,0.00038651958060426875
4410,0.0002237686082778618
4411,0.00031347054995973557
4412,0.0441524522074997
4413,0.001433560198945294
4414,0.02890769908920454
4415,0.020364429329560757
4416,0.0007056066291790078
4417,0.07441092412777169
4418,0.0017873773150915702
4419,9.462307310503261e-06
4420,0.003667115365365909
4421,0.00013702053630069175
4422,0.010130839309048666
4423,3.904394846142194e-05
4424,0.00017123754232153525
4425,0.8364299199296245
4426,0.9986394698162495
4427,9.010843404375019e-05
4428,0.0006499341310326641
4429,0.9991722048515378
4430,0.0007404394174090451
4431,0.0019314432017587424
4432,0.0007608518932234073
4433,0.0722961116215352
4434,0.025192429774370733
4435,0.09828581319948397
4436,2.7422542108766318e-06
4437,7.869841755758379e-05
4438,0.007218091442655205
4439,0.003084595552129268
4440,0.1353349033936899
4441,0.001258247811515201
4442,2.2974109689795455e-05
4443,0.0005732227294913718
4444,7.515938102531493e-05
4445,0.14478142357683427
4446,0.00015622918534263403
4447,0.002701400565347505
4448,0.009553636164786411
4449,2.986073639615947e-06
4450,0.003391937578994866
4451,3.5322559235362064e-05
4452,0.09859778091218865
4453,2.8806914235562406e-05
4454,0.011282951477284605
4455,0.012018494310508618
4456,0.004893289726265083
4457,0.015234430649286151
4458,0.0002898473020270704
4459,0.0056041163918218815
4460,0.0024195279638101032
4461,0.012674749182655598
4462,0.16577295421427424
4463,0.005273466778136268
4464,0.0025271213464734764
4465,0.00015024993472385274
4466,0.010959521661617561
4467,0.013651284406144965
4468,0.03396569803122311
4469,0.10282505644595505
4470,7.281058483848849e-05
4471,0.004187480857460996
4472,2.968688199286101e-05
4473,0.0918395237905856
4474,3.8695876999249055e-05
4475,0.004368759066969119
4476,0.0003487925606244274
4477,0.003919495899796455
4478,0.009937890307306168
4479,0.005344628090448806
4480,0.000886618923153056
4481,0.12206917087843297
4482,0.006326372016532733
4483,2.486650716470995e-05
4484,0.35016844991021123
4485,0.021287943904546837
4486,0.0006160782226667294
4487,0.028088373892571204
4488,1.435884913168469e-05
4489,0.00024782439223453836
4490,0.0007543863876703486
4491,0.006034002009225144
4492,0.013162314669345632
4493,0.0042887918582638655
4494,0.0002157049467521255
4495,0.98632359789794
4496,0.00017221923696696364
4497,0.0031370290254974357
4498,0.020711111212037375
4499,0.98453866736881
4500,0.0007036855192495845
4501,0.002053540196050045
4502,3.819188670557649e-05
4503,0.003815758211590481
4504,0.0003763001677076827
4505,2.532532132015114e-05
4506,0.00028694647425165536
4507,0.0029120528790016705
4508,0.004412900363411356
4509,2.923815507948471e-05
4510,0.010247073285081983
4511,0.009558819383968298
4512,0.9988600583587903
4513,1.0090349487839569e-05
4514,0.0017356447361556037
4515,0.0001313684375067114
4516,9.673920251614046e-05
4517,0.3528061124938229
4518,0.0033426345774657785
4519,0.008887286020074334
4520,9.788727432543531e-06
4521,0.10075726891388737
4522,0.00011576858136779361
4523,0.0661010146639838
4524,4.3350020001125695e-06
4525,6.772875552711935e-05
4526,0.9874116711090188
4527,0.0036662479196300467
4528,2.3542217999601604e-06
4529,0.0002866531584266116
4530,0.005238585389530262
4531,0.00022143614649387577
4532,0.007914151040599277
4533,0.003361332378827605
4534,7.714280191604147e-07
4535,0.0049519800249534845
4536,0.004006400149229621
4537,1.557948520721642e-05
4538,8.291810147389722e-05
4539,0.0004708789612846222
4540,0.00992462322291596
4541,0.0015648004801107336
4542,0.0001294675419641884
4543,0.016306419304136364
4544,0.017715977875166704
4545,0.0006196797675082231
4546,0.0005782134865748421
4547,7.602402444636968e-05
4548,0.012148010116044447
4549,0.0214987424850911
4550,0.0025398299612130774
4551,1.9598539119811766e-05
4552,0.9981631023951134
4553,9.566947223088941e-05
4554,0.018847374476138108
4555,0.9862936704491789
4556,0.0007826651595425841
4557,3.4859008776955324e-05
4558,0.00011943613961081655
4559,0.0036364001721548656
4560,0.0010926084011496123
4561,0.008336417690836335
4562,0.04130054322847464
4563,0.06347742734633614
4564,0.02216433982360314
4565,0.024898682812091417
4566,0.024554139581245603
4567,0.00013991881073296305
4568,0.02694035451084597
4569,0.0014197083559950756
4570,0.9943748477871507
4571,0.002110195570805704
4572,0.005696120215480191
4573,0.8719886515751838
4574,4.057702430394348e-06
4575,0.018898892207629477
4576,0.0013570920155968815
4577,0.014012206484524248
4578,0.0006692649576986972
4579,0.03424409176609207
4580,0.03166023327677961
4581,0.0003190581777645717
4582,0.0010141011777710877
4583,0.005611674150915742
4584,0.10323136544760865
4585,0.005925477298496691
4586,0.0009208501787568862
4587,0.0008242403850254271
4588,0.14679649362089617
4589,0.1672214457157865
4590,0.00731753184492398
4591,0.004868819429904245
4592,0.0030321693673937564
4593,0.00028533143400520975
4594,0.00014774718730835187
4595,0.0076014257339566795
4596,0.30384761253433223
4597,3.845633501356795e-06
4598,1.0978517967790094e-05
4599,0.005950880312407104
4600,0.0048952034930075045
4601,1.463036110349274e-05
4602,7.934041731313577e-06
4603,0.12094633286351879
4604,0.01267184765284875
4605,0.00468956777833963
4606,0.8550508976624254
4607,2.9331716973869056e-05
4608,0.008709903098926757
4609,0.00023436024872873352
4610,0.01744980588356394
4611,0.003215047934301088
4612,0.01750065179959287
4613,0.0028911724069477077
4614,0.0004677605468306965
4615,0.0005216031145316979
4616,0.9871274230674842
4617,0.00022004280234188514
4618,6.0418372207759585e-05
4619,0.0004823396779309582
4620,0.022133014553536536
4621,0.0008166183498917113
4622,0.0005661081799571817
4623,2.431549818670462e-05
4624,0.00019330134777036648
4625,0.00032296196821012457
4626,0.005873805401018521
4627,0.003726116054201373
4628,0.006947355620622983
4629,0.0005203459035171779
4630,0.001121463105951737
4631,0.025756407986744383
4632,6.36601478307658e-06
4633,0.00017908251077358188
4634,0.007906540520826252
4635,0.001226565404394088
4636,0.05350977544243631
4637,0.00012688740137470274
4638,0.0019247260953950524
4639,4.265378433293277e-06
4640,0.0003090020337434479
4641,0.0008255222812292646
4642,3.1236731636071196e-05
4643,2.9329705054619014e-05
4644,0.00019643737115467166
4645,0.017577706837410473
4646,0.0803974448134507
4647,0.0008369662750782531
4648,9.894585392726342e-05
4649,0.00518296340325206
4650,0.000925617205517422
4651,0.000235940867080589
4652,0.019297209007262714
4653,1.526314208391462e-05
4654,0.002640016518586313
4655,0.0013059062256593874
4656,9.029091623950116e-05
4657,0.0038649364499023647
4658,0.01037569476739646
4659,0.02144377832465611
4660,0.0002540697850859164
4661,0.004614180161509357
4662,0.00023129739525397166
4663,3.990113435334949e-05
4664,0.0003443286521382631
4665,3.61867118617914e-05
4666,0.015104951233295156
4667,0.005402351189072589
4668,0.0007150466525560596
4669,4.1967315707985084e-05
4670,0.002348025033668415
4671,0.0003963840899881254
4672,0.08337821466569335
4673,0.0021664848386595812
4674,9.476000075604867e-05
4675,0.014354732674763138
4676,0.013618919180795542
4677,0.00042294080157518786
4678,0.9966144969868284
4679,0.9976204850110815
4680,0.997806165805226
4681,0.9924434049474501
4682,0.0008532823511234062
4683,0.014898397942106279
4684,0.0052670034363487
4685,0.009903814754578058
4686,0.0012111136693183553
4687,0.0008822379781085066
4688,0.009245694759436948
4689,0.018050901304885104
4690,0.00034403211446832233
4691,0.0030687308853921836
4692,0.0082617223570214
4693,0.0003426474943184246
4694,0.0012332881427140187
4695,0.00019240838982998755
4696,0.06350798051765619
4697,0.015308174262624732
4698,0.016784797958446365
4699,0.0011426954209944975
4700,0.07298487599118875
4701,0.00030529964389965455
4702,3.958611404040802e-05
4703,0.0002784197032047727
4704,0.994058550357124
4705,0.00015315183390928925
4706,0.020219524128341958
4707,0.00012338415218682562
4708,0.0005450288207073644
4709,0.41779548800153776
4710,0.00399088038587945
4711,0.013276058086240407
4712,0.02397901612477659
4713,0.00041487510851852293
4714,0.000559099851168278
4715,0.0006006660931451871
4716,0.00022861298797403673
4717,0.003563630120492021
4718,0.00011821616407887148
4719,0.001079040907159251
4720,0.14591426358153364
4721,0.028807712745429936
4722,0.014434256443231703
4723,0.009451450872002215
4724,0.00028318262030724176
4725,0.001230302400551122
4726,5.770763514892044e-07
4727,0.0007570222994248367
4728,3.620512842681674e-05
4729,0.0007780138642591159
4730,8.72165977468424e-05
4731,0.010180238178924566
4732,0.03354322504675104
4733,0.06435048985601517
4734,4.192052874096633e-05
4735,0.00038818287515753915
4736,0.000283397393010103
4737,0.00019244105314383683
4738,0.00909834386920922
4739,0.007530654367284539
4740,0.019469557047652592
4741,0.0023070571347492976
4742,0.007888102680905722
4743,0.020887022879782228
4744,0.006684595030589009
4745,0.00036215935327628363
4746,0.046946247716393295
4747,0.00035515664916459125
4748,0.003347551929063395
4749,0.0072627449809273825
4750,0.044338970166944956
4751,0.9975735090049295
4752,0.0001580884075593127
4753,0.1279072014108275
4754,6.147719612193843e-06
4755,0.0001015417465716215
4756,0.09199149983614212
4757,0.001587787784826826
4758,0.0003988765154555482
4759,0.00025895009245553236
4760,0.02083204330315728
4761,0.003618422366031317
4762,1.0452124726146265e-05
4763,0.00014321026142409787
4764,0.05844880291964605
4765,0.009526009980468361
4766,0.0017189532856935895
4767,0.0009237163419131323
4768,0.0008095360541811696
4769,3.047948054402544e-05
4770,0.00019467881449269643
4771,2.4429680684258615e-05
4772,0.00030879127145931964
4773,0.00010703769485677307
4774,0.3319293871469863
4775,0.03975302873605606
4776,0.9813304139468109
4777,0.9982906315986583
4778,8.073605445693508e-05
4779,0.002391137233371526
4780,0.013459762609635028
4781,0.0013446956622740586
4782,0.00017318929001669534
4783,0.00012184137413367397
4784,0.997605355067814
4785,0.0007144850854812902
4786,0.00022212660552537863
4787,0.00031305477894791073
4788,0.0008158698035914721
4789,0.0010345454777065818
4790,0.00016162941875449483
4791,7.751467656068748e-05
4792,0.9472109459764931
4793,2.7869431587700728e-05
4794,0.00034291849581562353
4795,0.686949168159169
4796,0.9975355101207242
4797,0.03226893171211707
4798,9.445077268414195e-05
4799,0.006385424900980323
4800,0.0002122793983397559
4801,0.00019274934913792672
4802,0.997161169358604
4803,0.007321257300152345
4804,0.0011191515153506023
4805,0.002549467314783773
4806,0.0005753815060738424
4807,0.0007447394138270817
4808,0.0005810686763738648
4809,0.0002636707783761123
4810,0.00022132186884447083
4811,0.003304170709114295
4812,0.011709161800703577
4813,0.009274850632312485
4814,2.387239953695293e-05
4815,0.060531441191171195
4816,0.005494955439284796
4817,0.003523090250074014
4818,0.0019965926380210615
4819,0.26403449042573524
4820,0.00035785203049578225
4821,0.989978311526037
4822,0.001802874180002498
4823,2.401212783965764e-05
4824,0.012095195416340767
4825,0.00010341908899626456
4826,1.6692415066955865e-05
4827,0.997478154864818
4828,0.0036790319535846884
4829,0.00982726217967119
4830,0.002426517941002893
4831,0.0005604831839345445
4832,0.9905402916600179
4833,0.0003414055379459757
4834,0.9990648466099443
4835,0.000558874241147383
4836,0.995324909334089
4837,0.9992745574130313
4838,0.16581183067194843
4839,0.00126792227334762
4840,0.0007010610725459728
4841,0.000292920097355331
4842,0.0006581308859480826
4843,0.00029256386606715346
4844,0.12616466496996256
4845,0.0016063564656770665
4846,0.971559311076416
4847,0.9970178161718162
4848,0.0025023538470334773
4849,0.0011726326358523856
4850,0.00490911231227196
4851,0.00020408396815784196
4852,2.5620227739744904e-05
4853,2.8700603412294814e-05
4854,0.00571257677231965
4855,4.687701416719088e-07
4856,0.048979745906692615
4857,0.00016497360317979673
4858,6.475847951574301e-05
4859,0.008292643462538588
4860,0.0011973611386914022
4861,0.0024185125235853004
4862,0.00013508934703858384
4863,4.1643528903005445e-05
4864,0.00021131921794728987
4865,0.0056727467176868355
4866,0.04944951674990957
4867,4.307122552258182e-05
4868,0.01866779052156698
4869,0.0017217277705754458
4870,2.8063645691304324e-05
4871,0.002488736038456562
4872,0.0001365070022803446
4873,0.0016676956057229495
4874,0.004555994809329149
4875,4.2793303772809324e-05
4876,0.0001843361376491628
4877,0.00342011303669527
4878,0.9967392003345829
4879,0.00127363886222103
4880,0.0022383933044494236
4881,0.0001856383940696365
4882,2.6275711706976226e-05
4883,1.4848486004704194e-05
4884,2.7407833180099427e-05
4885,0.0003612908235681963
4886,0.028739650739378276
4887,2.881221202186174e-07
4888,0.17525193658939292
4889,8.940489870570679e-05
4890,0.0038110870421706362
4891,0.17466169890437505
4892,0.00014289641313079387
4893,0.23616490002240048
4894,0.023181131385742754
4895,0.003591150084574006
4896,0.0025445484863478676
4897,0.0005058566062974218
4898,0.010759082796165706
4899,0.0007655310378617868
4900,0.016510919664417763
4901,0.027981038598328158
4902,0.022876976247932723
4903,0.051837381924226725
4904,0.000178931287880565
4905,0.8054312056096915
4906,0.06762680921892714
4907,0.00013178222777038713
4908,0.0035751874914965445
4909,0.00017068771368002747
4910,0.0003801468193505499
4911,0.03986201498396205
4912,8.91173211170271e-05
4913,0.0041864993062850735
4914,0.000263962248329903
4915,0.00030516639861156286
4916,0.0010909683647501907
4917,0.012271350878759451
4918,0.0026407473644711925
4919,0.06580016982870572
4920,0.0016829682972146008
4921,0.005986488119267859
4922,0.00108742364189953
4923,0.00019178078970247167
4924,0.0003741286958579767
4925,0.005042749581873128
4926,0.005926029844989196
4927,0.0011650405252383465
4928,0.04840868487550905
4929,0.009882249458312651
4930,0.008265316321644647
4931,0.0003822661305700527
4932,0.002074203320239835
4933,0.00042571082919431476
4934,0.9986671139801351
4935,0.0002634041107309533
4936,0.000148874226522116
4937,0.004277148995329652
4938,0.0010459855032568207
4939,0.00021150545498460968
4940,0.0007768478538581643
4941,0.0003247502991713496
4942,0.027320594627140114
4943,6.59221130706328e-05
4944,0.00908873922199962
4945,0.008278038321330197
4946,0.0005169437362933749
4947,0.0035603376046546347
4948,0.00011438015955333998
4949,0.004051297093959726
4950,0.9994781492930006
4951,0.00317238296591849
4952,0.0006836676088309882
4953,0.000520223970531223
4954,1.4189749179030535e-05
4955,0.004882901880101521
4956,0.017720614615346228
4957,0.003522748532785376
4958,4.260939466054789e-05
4959,0.0172312619847532
4960,0.381918952637113
4961,0.0004512331636755319
4962,0.0010817156893603833
4963,0.20262141040491569
4964,0.023454741574584725
4965,0.0003200466184062105
4966,0.0013669438119804185
4967,0.02632913839446769
4968,0.00011776902612860936
4969,0.4495398274752116
4970,0.9971342451960418
4971,0.00042124457485423673
4972,0.0033014014988095156
4973,0.00772822392624972
4974,0.00011268517794790021
4975,0.007372246354742
4976,0.0002841821919268449
4977,0.0007448378421051502
4978,1.8292615954035756e-05
4979,0.0033234163935051625
4980,0.0002758814389770277
4981,0.00041740486071148344
4982,0.008284838933061391
4983,3.277299851109607e-05
4984,0.0004759737287168518
4985,2.8104085574874495e-05
4986,1.6474643744519152e-05
4987,0.00012589553397475013
4988,0.0001759648178004567
4989,0.05702519100254948
4990,4.653282510120596e-05
4991,0.1406686932671331
4992,0.043548905809553964
4993,0.004949388024373854
4994,0.00040919393551654127
4995,0.030335071741672204
4996,0.00035634943061089855
4997,0.012785216584838995
4998,0.0287699061222678
4999,9.609309601318346e-05
5000,0.0032781945542990866
5001,0.035457835025888375
5002,0.0010259648466127008
5003,0.039905027574518984
5004,0.002937158404976401
5005,0.00019432142317795412
5006,0.0013399914103335365
5007,0.00031932946159247044
5008,1.7801577797234243e-05
5009,0.000895260931386309
5010,0.00023851149581552233
5011,0.00014033130744334874
5012,0.000846495158466801
5013,0.14897464328779192
5014,0.16786444611687817
5015,0.00019085763086889966
5016,0.0012666418580317734
5017,0.0002732609004278632
5018,0.0002951667311477584
5019,0.0047750722124665496
5020,0.0405834283559947
5021,0.0004465496937723977
5022,0.03426604184330306
5023,0.99492576009993
5024,0.00022793263006392852
5025,0.0007121143794908972
5026,4.551588953834291e-05
5027,0.0001490681516598316
5028,9.573106138781476e-05
5029,0.00013478316371429833
5030,5.827587494362426e-05
5031,0.0783641489128308
5032,0.0001456116813219047
5033,7.32865391462021e-05
5034,0.012562120791054354
5035,0.03068799951112137
5036,8.003191718687076e-06
5037,0.0029283859985340995
5038,0.00040118708829157057
5039,0.017605849392746425
5040,0.013225927258786746
5041,0.001239055963335099
5042,0.989492363972186
5043,0.0009224291178492116
5044,0.0004973465897152079
5045,0.00013886968504712814
5046,0.9824583707529841
5047,7.101886745641771e-05
5048,0.07240709377790647
5049,0.0011047745492069566
5050,0.0016886513786454973
5051,0.9953675973895072
5052,2.875079865895836e-05
5053,0.017602584083741386
5054,0.15111973379497742
5055,0.031188913006834997
5056,3.858522332824699e-05
5057,0.002356950342502131
5058,0.47898058199108345
5059,0.016315460932083126
5060,0.00023621021956191378
5061,0.013572444754711357
5062,0.10794785783526725
5063,0.014392636214953958
5064,0.005778425150498076
5065,0.01064675930461347
5066,0.0011155949139749748
5067,0.005081304593626412
5068,0.10397125749076411
5069,0.0004614743920262482
5070,0.01546395470868619
5071,4.6437304375038645e-05
5072,0.0006959241304587581
5073,0.009595798218392024
5074,0.0001515260484543938
5075,7.36359044805216e-05
5076,0.002303934359568107
5077,0.0008829477506802771
5078,0.020906803561095026
5079,0.0005001582551830757
5080,0.9888715471296216
5081,0.0004396473179005161
5082,0.0003980731686024265
5083,0.00010252925795716525
5084,0.02840037896698207
5085,0.0031056521182826332
5086,0.02644425666718649
5087,0.02115257546857661
5088,0.0006718713504337301
5089,0.00026133496276733623
5090,0.019952687502201805
5091,0.000219696910796557
5092,0.0002528531579940625
5093,0.00016820704512609134
5094,0.997875042238854
5095,0.3366008720579433
5096,2.1174057578297003e-05
5097,0.005566911708195836
5098,0.002298185846851282
5099,0.028339098954453745
5100,0.000256574369559014
5101,2.1996298974765227e-05
5102,0.006709705386672371
5103,0.0005272764623026291
5104,0.9961927355234046
5105,0.003776922987997583
5106,0.00015000206477524421
5107,0.18597926182807928
5108,0.0010865188818635885
5109,0.01540274028190447
5110,0.0002032243611064883
5111,0.46981646569102226
5112,0.003823415493181977
5113,0.9902478691466013
5114,3.5420802070805908e-06
5115,0.03411897745226043
5116,0.00016446994883023193
5117,0.030355534823896236
5118,0.0008891372186347948
5119,0.00021026655908407436
5120,3.502152951448391e-05
5121,0.9322390324302742
5122,3.676727826081097e-05
5123,0.0002546217873886969
5124,0.010924898440585851
5125,0.04173178779448698
5126,0.04574450891614747
5127,0.0015537510269715415
5128,1.1871815108788522e-05
5129,8.992753496618918e-05
5130,0.9981382479147747
5131,0.0001865543031993601
5132,0.03468878393248554
5133,0.00037569380434898365
5134,0.0026440109749607124
5135,9.017967947465069e-05
5136,0.009386198931498913
5137,0.0005284552113842149
5138,0.00014338031133079307
5139,0.00013990504736289443
5140,0.002148598280763521
5141,0.0014804636415022044
5142,1.7660997789922677e-05
5143,0.0020024951624855033
5144,0.9986070831116372
5145,0.0013696067356640013
5146,0.9432945770872465
5147,0.04707888170687931
5148,0.0003138630713265663
5149,0.0005514782883121872
5150,0.023474688606623523
5151,4.563235919321998e-05
5152,0.9411791617313744
5153,0.0001768592358990724
5154,0.0002615490758001727
5155,9.763000409921204e-05
5156,0.0035047394756215983
5157,0.0871855797923061
5158,0.00016174491985459583
5159,0.00020431275454050305
5160,0.004375696039420582
5161,0.0028978296048217506
5162,0.9988124896711896
5163,0.004736032550434547
5164,0.0005406067131216171
5165,0.05376646039777934
5166,9.727716583463809e-05
5167,0.9462488739874706
5168,0.0005814563980929494
5169,0.9748506212782578
5170,0.0004028656549242707
5171,0.013715740359534082
5172,0.0010387267372483349
5173,0.061675213355095224
5174,4.9151305103311835e-05
5175,0.2600669690837413
5176,0.001656936008534204
5177,0.005408720448624503
5178,0.0063548528147258036
5179,0.00012257437886677446
5180,0.0010841702087438705
5181,7.479434482708053e-05
5182,0.07907286006575939
5183,2.464236005667921e-05
5184,0.0030794672713248803
5185,0.00016784530954516065
5186,0.009957609317275733
5187,0.027235155809431633
5188,0.0178914059303752
5189,0.005453972635542795
5190,0.0006281290292354077
5191,0.000358699115242894
5192,0.00016826907158698384
5193,0.0022795176557755454
5194,0.0001294325271759993
5195,0.0074692799189852955
5196,0.0002554228410388133
5197,5.4396159989511343e-05
5198,0.00043010255302566305
5199,0.9986192606936461
5200,5.36150100988871e-05
5201,0.0004150898030340934
5202,5.526165720133051e-05
5203,0.0005088579420378556
5204,0.00017634306204537134
5205,0.00037147886872601827
5206,0.0014565051085861903
5207,3.204298030132899e-05
5208,0.00016415012008678433
5209,0.0018476392895103119
5210,4.358323704442084e-05
5211,2.795204148972761e-05
5212,0.01623944745406423
5213,0.002421458205955047
5214,3.527284838854626e-05
5215,0.007643825284389916
5216,0.013018795018884222
5217,0.006039374206407934
5218,0.0032255480115823444
5219,0.018296309056408548
5220,4.8813951657333905e-05
5221,2.8704555126859802e-05
5222,0.0022889873670867726
5223,0.01369677312547556
5224,0.04322333919612158
5225,3.143075020235217e-05
5226,0.00046903236137382136
5227,0.010558981168017522
5228,0.005158667696740467
5229,0.008060389335643799
5230,0.0034858989488280616
5231,0.002125560540441998
5232,0.00037379646848701543
5233,0.9992096248858205
5234,0.00013677654699669945
5235,0.00021740956711076672
5236,0.002597143448088233
5237,0.0010387691979408717
5238,0.04558701783883677
5239,0.0014963324663732041
5240,0.0002470318903012609
5241,0.0001472239922564273
5242,0.0003393103372521135
5243,0.001426382617216138
5244,0.00010645835439174792
5245,0.9960427072569775
5246,0.020981510160921788
5247,0.0002568047978601885
5248,0.0275098989669166
5249,0.0002468430153360154
5250,0.003630329871002117
5251,0.00022729602987461988
5252,0.0010065051474661255
5253,0.992243275994776
5254,0.00033719869506596315
5255,2.4518337981346182e-05
5256,4.061989375743126e-05
5257,0.00310020478755993
5258,0.7031424427938903
5259,0.014657161698241772
5260,0.000347283348532473
5261,0.011547655484565527
5262,0.0022180303067985746
5263,0.007532463607971568
5264,0.00034689886416062316
5265,0.046112375352487286
5266,0.001390101725787791
5267,0.011985754917924413
5268,0.05146287464118258
5269,0.0018460184454657858
5270,0.0008051688738683523
5271,0.03026842055405173
5272,0.974015305981778
5273,0.0001282954944336871
5274,0.0003493661577028975
5275,0.00030658819767223047
5276,0.9966494543625803
5277,0.7353069087526152
5278,0.007555306829029408
5279,0.017986858434790177
5280,0.12280655427559775
5281,0.034149009181924116
5282,0.03123787463858007
5283,0.01240531802037024
5284,0.07135002581995951
5285,1.441160479981651e-05
5286,6.310252851341139e-05
5287,0.0006689534483021555
5288,0.044414589786065245
5289,3.407378098758921e-05
5290,0.0005717591679167277
5291,0.09417355710665833
5292,0.01570664394815962
5293,0.0002184041801557333
5294,0.00016093160710306542
5295,0.00018863252261906493
5296,0.10752642825457412
5297,9.98002843180623e-05
5298,0.0028189446467830593
5299,0.0010753418149492165
5300,0.99814330463562
5301,0.04316602685449982
5302,0.004292422225264709
5303,0.024492953122970184
5304,0.001751550116899812
5305,0.013253305872231077
5306,0.9991121310594261
5307,9.315715747726596e-05
5308,0.002097353935567879
5309,0.035954924530442675
5310,0.04448083980604815
5311,8.682382076684376e-05
5312,5.6424332322433e-05
5313,0.004064373537064715
5314,3.254546027017095e-05
5315,0.00023174684956261369
5316,0.9968263389496477
5317,0.02063066467655648
5318,0.008892008761996953
5319,0.9835241108397108
5320,0.012013850983074625
5321,0.00017628186768852582
5322,0.00458537532088496
5323,0.011773900977732909
5324,0.00029569050167078394
5325,0.19436014527801088
5326,0.01646489015646173
5327,0.002321179090921876
5328,0.998038577573723
5329,0.008087939001105373
5330,0.0024383272530953135
5331,0.004515533664563684
5332,0.016531190054787693
5333,0.00012750820974790478
5334,0.08077972792391537
5335,0.08476697472558622
5336,5.995025063455792e-05
5337,0.0009213716664889177
5338,0.003815217813156863
5339,0.0017539758787991663
5340,0.038587696150968756
5341,0.9894666134129823
5342,0.0002019164344061531
5343,0.030982461435067953
5344,0.0003113796318659818
5345,4.3631069441796303e-05
5346,0.0018131133709016994
5347,0.2512261403026214
5348,0.0016683461431097034
5349,0.9993312616478635
5350,0.00011553399913541201
5351,0.9969810194746975
5352,6.989779316286756e-05
5353,0.0002706787979244702
5354,0.000592395289844496
5355,0.9954472206111721
5356,9.957999088943609e-07
5357,0.0009707845956669226
5358,0.000100309764801563
5359,0.004501730370820689
5360,0.004315863221055408
5361,6.149496956751853e-06
5362,0.013510397534972306
5363,0.0009460652334791228
5364,1.0826518202924877e-05
5365,0.00011594296841381292
5366,4.089833176125142e-06
5367,1.8367342007770895e-06
5368,0.020737724521189337
5369,0.026046405794749955
5370,8.638230989864514e-05
5371,0.12954220317375673
5372,0.9978706586216586
5373,0.00014519883199030152
5374,7.956096961632688e-05
5375,0.002302941170911397
5376,2.289092906112696e-06
5377,0.00349750945963287
5378,7.032061521044607e-07
5379,0.23783948631826854
5380,5.6874548719261234e-06
5381,6.075295779998096e-05
5382,0.004598080964232596
5383,7.533690140623035e-05
5384,0.0005659266802305324
5385,1.9384159991162963e-05
5386,5.832590126530507e-05
5387,0.04848445835670941
5388,0.05281724607436118
5389,4.551087546363129e-06
5390,0.0992209062344617
5391,0.0001782367942937194
5392,0.0016170316447076676
5393,2.0122944041928506e-06
5394,2.278738340791772e-06
5395,0.00011494796005027396
5396,8.729573601916535e-07
5397,0.0001606322415155948
5398,0.05704096767678466
5399,0.00043395854603805843
5400,0.5319303684066877
5401,0.0019033204015111434
5402,1.3839305723098392e-05
5403,0.0007908584432411815
5404,0.001187790691222592
5405,0.006345341225540339
5406,0.0002689419318953517
5407,0.0016913709973281066
5408,1.6890289257377405e-06
5409,0.968180052273582
5410,0.0181810422233804
5411,0.07668637139934877
5412,3.527777041294841e-06
5413,0.02234527236938084
5414,0.0006466304251759908
5415,3.5425508501029323e-06
5416,0.0012537487501210025
5417,4.0236711589891065e-06
5418,7.512789267261238e-06
5419,6.020607721551409e-06
5420,8.032722161104735e-07
5421,9.338200479015963e-06
5422,1.1462631714093385e-05
5423,0.9927914552573049
5424,3.1272747062392154e-05
5425,0.00012356969028788064
5426,0.002228181050843848
5427,0.00024696125081960973
5428,9.307719112738482e-05
5429,6.128178868110016e-05
5430,4.59183946822567e-06
5431,0.0011896273307042521
5432,2.5988958889962362e-06
5433,7.119417533945205e-06
5434,5.6400129784676e-06
5435,6.835129737947505e-05
5436,0.9525156851299235
5437,0.00034849159817841146
5438,0.0011577519676349297
5439,5.787254357469338e-06
5440,0.00523453946159964
5441,0.01865143462938096
5442,0.001957363511245191
5443,0.0005500958003708107
5444,0.0009145187632556503
5445,0.00010595037984125728
5446,0.00013109687674196137
5447,0.4019660358593839
5448,0.00017458943760896014
5449,0.004003805231150057
5450,0.00308336758319495
5451,4.138974831964671e-06
5452,0.00016392179314942562
5453,0.00012606539859215735
5454,1.3423448120059425e-06
5455,0.01093910904385125
5456,0.013600735994980795
5457,1.9318627838335036e-05
5458,0.00020145402107194229
5459,0.9949092644328179
5460,0.011075522387548371
5461,5.070388686744005e-06
5462,3.725039873155231e-06
5463,0.00017899112067307113
5464,2.4575815958896764e-05
5465,3.4321289906525576e-06
5466,0.9952768310219389
5467,5.5299437972590554e-06
5468,0.0004614421882443631
5469,0.012992644872417186
5470,0.2232494635112921
5471,2.758965369739525e-05
5472,0.0023911526138503205
5473,0.006259222757235648
5474,0.0004733351629551992
5475,0.0007797158461861018
5476,0.20526271635718013
5477,0.97273541758287
5478,0.0015976516120916472
5479,0.002730249839824229
5480,0.03430605770012232
5481,9.940275959823813e-05
5482,0.8810305997366836
5483,0.042520580982233526
5484,0.02303554013406776
5485,2.4509027499580843e-06
5486,0.014962660821801707
5487,0.0031821970540425134
5488,0.0005671556976693102
5489,0.022083522631074402
5490,0.02298116584537576
5491,2.3148548409390895e-06
5492,6.553570340889826e-05
5493,0.07543610382103591
5494,0.33622857440836534
5495,1.1036095707666548e-05
5496,0.07756877870918796
5497,0.00015062848981722165
5498,0.0003175668507712077
5499,0.13439726637616387
5500,0.0023519045674589454
5501,0.0008090745223967482
5502,0.004736452411030443
5503,0.0051372324240739915
5504,0.012664331416566445
5505,0.006715110736019878
5506,0.00046738508010299386
5507,2.4965941289711676e-06
5508,7.246000241607219e-06
5509,8.301962997465696e-06
5510,0.009775384258497301
5511,0.001383385287579312
5512,0.0007661438197759833
5513,2.293963363735607e-06
5514,0.00034007285722580463
5515,4.023992179367986e-06
5516,0.000138286561969399
5517,5.895647312569923e-05
5518,0.003581968333631059
5519,0.003245149839344246
5520,0.06562793692837854
5521,0.3129027697144623
5522,0.01249844873317098
5523,6.548786325364668e-06
5524,4.695895443985021e-07
5525,0.0005091321218141056
5526,3.5266697625411336e-06
5527,0.0002544717499037751
5528,0.00015919577527826847
5529,0.00014242023223989684
5530,0.0008820463012213866
5531,0.000892494919730261
5532,0.7605860765794606
5533,0.001001943652936244
5534,0.0067783285791977645
5535,2.8888193983251506e-06
5536,0.0001854751228793361
5537,0.0001899577789338014
5538,0.0001431965548909442
5539,0.010367510160226578
5540,0.0006806721349676635
5541,0.00011149052820290991
5542,0.00015644817373385115
5543,1.3584585520273062e-05
5544,0.04604059163321333
5545,0.013694755002065897
5546,0.2799855139763028
5547,0.0019080363570736566
5548,0.03750313954495047
5549,0.01933569470617954
5550,0.000948044643906353
5551,0.0071856401055738804
5552,0.3195622166467726
5553,3.119792129668804e-05
5554,0.0011368047884784782
5555,1.1269502238521115e-05
5556,0.038386929233358194
5557,2.931595563475768e-05
5558,0.00013289512585774616
5559,0.007349581203668544
5560,0.00012311532056181595
5561,0.00017664326846695319
5562,4.369687583450365e-05
5563,0.042688774985790136
5564,2.503788281510227e-05
5565,0.000308184174073219
5566,0.00033547478900503095
5567,0.0004592636384810612
5568,0.000294181222632751
5569,0.0012579092791772043
5570,0.0004197256452528156
5571,0.03832256386905883
5572,0.9761684999686195
5573,0.9882552806650221
5574,0.07910356397958437
5575,9.678797512384381e-05
5576,0.8645754295035818
5577,0.9973614061116052
5578,0.12108798492199228
5579,0.11731946047895672
5580,0.00014571647605473705
5581,0.0024130282474620285
5582,0.9556154894770676
5583,2.181958446747444e-05
5584,0.008074921747586377
5585,4.136990888748832e-06
5586,0.00020602504652143138
5587,2.20918210887774e-06
5588,0.004770272235485021
5589,0.00012550773951890086
5590,0.0034761717102495607
5591,1.6956409945699977e-06
5592,0.2883682151081096
5593,3.844662586932809e-06
5594,0.00046018276246600364
5595,0.0024705601427343253
5596,0.0006545226525042938
5597,6.857103484843763e-05
5598,0.00021018422753263762
5599,0.004494321999756305
5600,0.0014110541258186694
5601,5.464019300611294e-06
5602,1.7878842486221486e-06
5603,0.00395412168576388
5604,0.00013259653064526367
5605,0.008204736380186798
5606,0.00029986795366389335
5607,0.00011355672365822181
5608,0.007288112556048175
5609,0.013950105641419514
5610,0.06119937391888743
5611,0.10117961833925135
5612,2.1455227349181758e-05
5613,8.434225540228169e-06
5614,0.09789991020240829
5615,0.0035632714759216933
5616,9.201605529435477e-05
5617,1.1707844024038315e-06
5618,0.034633237588331325
5619,0.2493950213765972
5620,0.026288217209217285
5621,0.0006266195468995331
5622,4.6627888197321775e-05
5623,0.00044141547161422897
5624,0.002054101596823792
5625,4.6036065277785104e-06
5626,2.02097229873807e-05
5627,0.0011152594062513812
5628,0.08301801588686361
5629,4.306609998917937e-05
5630,0.0008307214234269406
5631,1.285543319448295e-05
5632,0.00013922034487223414
5633,0.002300207132104644
5634,3.001223461661833e-06
5635,0.00018059124612071232
5636,6.525617486871395e-05
5637,7.477659819331859e-05
5638,0.0001069975459018628
5639,0.0003650666070878005
5640,0.0018813041716018142
5641,0.0026558568784579963
5642,0.9688806784113027
5643,8.698613322446382e-05
5644,0.0010936759258096441
5645,1.863887412738153e-05
5646,0.013405464355698319
5647,3.212930407199724e-06
5648,3.6704906582217825e-05
5649,1.7121014137928879e-06
5650,4.784982312260321e-05
5651,4.929701133240913e-05
5652,0.00027623503084855987
5653,0.006144237745302898
5654,0.008498725649668663
5655,8.965572701740822e-05
5656,0.002119327735888758
5657,0.00011292504418193
5658,0.02549246250398321
5659,0.007363645599001241
5660,3.44208359839803e-06
5661,0.00033811428684945633
5662,0.00020999705296951909
5663,1.2236284617301348e-06
5664,0.0036341525033566483
5665,0.0003565178825358803
5666,0.09737383616380621
5667,8.650307723804505e-06
5668,8.253175744984187e-06
5669,0.04184347678595411
5670,0.00028576976562179205
5671,0.009316143456300892
5672,0.12152735464437012
5673,0.08283152408689816
5674,0.998860808119262
5675,5.827421921209426e-06
5676,8.594490164072326e-06
5677,1.8130532429400127e-05
5678,0.03686844663921427
5679,0.00021338315379234194
5680,1.6421255391933138e-05
5681,6.886214671045403e-05
5682,2.142388917619355e-05
5683,6.83758908942475e-05
5684,1.5718862335325266e-05
5685,0.006383205543713964
5686,9.438137427704902e-06
5687,8.628052001857094e-06
5688,0.003222333491673792
5689,0.0033556633440857547
5690,1.977444733575249e-06
5691,0.0031643960193197063
5692,0.020381416654379397
5693,0.002395244450840399
5694,0.6533512562620668
5695,0.031172331728121793
5696,8.998734339701346e-06
5697,8.460813693598524e-06
5698,0.0020287833792911
5699,0.00210163686297772
5700,0.0004098321265535791
5701,0.00036784450618931815
5702,0.019348394467467254
5703,0.0029687356924993904
5704,0.01723278165678635
5705,0.011888475163513995
5706,2.174732692417669e-05
5707,1.1241436301355022e-06
5708,0.00012845506060316683
5709,0.00031872490033299635
5710,0.0009247003244258733
5711,0.0021133860238123094
5712,0.143133023082285
5713,0.030895625125327675
5714,0.0007177703797798789
5715,2.7345943532327894e-05
5716,1.9897900842715833e-06
5717,0.010869646515693658
5718,0.052677883827770645
5719,0.013863892141587054
5720,0.0011280920497111467
5721,4.217560920689969e-05
5722,0.003861394186945582
5723,0.0001364051631351656
5724,0.0034494800329288853
5725,0.0002989387845426081
5726,0.004272188339178966
5727,0.0020360719460446636
5728,0.011321453715208527
5729,0.001776494684558842
5730,0.03150452408868041
5731,0.0030067960000245164
5732,0.9950129429473963
5733,0.00011326151446429348
5734,0.9365738245864685
5735,0.0258584669476009
5736,0.0008742116338448335
5737,4.871237462579933e-06
5738,0.0001301838311680261
5739,0.00018958611159087513
5740,0.0005285896238064255
5741,0.007976535926530056
5742,0.0007125072754201902
5743,2.547348763027349e-06
5744,0.0002854392733582225
5745,0.0009352510832951608
5746,0.0246404192069875
5747,4.537615651849345e-06
5748,0.002131618678545725
5749,2.617191809788113e-06
5750,4.5174529126602425e-06
5751,0.02293538227246968
5752,0.0012586582547491824
5753,0.9979496424192835
5754,0.15206894125457396
5755,4.981026551425666e-05
5756,2.339885097698383e-05
5757,8.107501713447643e-06
5758,0.007540328173282004
5759,0.030661271534388784
5760,0.997458200194246
5761,0.0081443219222982
5762,0.011670035520803996
5763,0.03108975303350947
5764,0.012989825166041616
5765,0.01473106251298254
5766,0.00012225529464368381
5767,0.0002509295257460253
5768,0.004526128971102089
5769,0.0003093331484005714
5770,0.0034066544215388224
5771,0.003112012092561873
5772,9.542139366424632e-06
5773,0.021239367447095925
5774,0.937240955142706
5775,0.997419740808064
5776,0.0002210106672785311
5777,0.20260307859416696
5778,0.0011584257663828004
5779,3.846932485429661e-05
5780,0.01823791757539992
5781,0.00029367937600328876
5782,0.0009558780701787298
5783,0.027903774780761108
5784,0.006107749135520697
5785,0.004261951197796585
5786,0.9980725471951024
5787,1.0675296840137676e-05
5788,0.0002780650838865224
5789,0.0008989287998841404
5790,0.0003445535669848882
5791,0.000640495760185463
5792,0.0036908291196886206
5793,0.004452190492782395
5794,0.0116912117510314
5795,0.27054771432077984
5796,0.002156978166961656
5797,0.017278270827415766
5798,0.03503279605268198
5799,0.00013648975863676493
5800,0.005644111687640587
5801,0.0007960356077021035
5802,0.00015598864796881004
5803,7.57675720128548e-06
5804,7.576663273705356e-06
5805,1.2528501577889577e-05
5806,0.00015904919875164242
5807,9.553911151722747e-05
5808,0.006947237315501079
5809,0.02179123269674422
5810,1.7906517592952162e-05
5811,0.007720778034326009
5812,0.00012012108678863799
5813,0.08514651480414309
5814,0.0015315231830326892
5815,0.010596665625254725
5816,5.919686592373844e-06
5817,2.3204477097456428e-05
5818,0.0023779121757048936
5819,0.0028942839507211182
5820,0.001981538431371035
5821,0.47758167172621635
5822,3.5251629263049006e-06
5823,0.009863170496461057
5824,0.0026612548052552575
5825,0.00012372763942076017
5826,0.00020653557718380245
5827,4.785976533873566e-05
5828,6.3016483899889584e-06
5829,0.0002510502598807664
5830,0.0441115714120814
5831,4.332530328371295e-06
5832,0.998791234001185
5833,1.0675368283835793e-05
5834,0.036993179459075196
5835,0.0010819053952500924
5836,0.9598946204997395
5837,0.0012218377740777382
5838,0.2771608241695781
5839,2.8498734999106944e-05
5840,0.9667429847758214
5841,0.010366782987079968
5842,0.1229959718505111
5843,0.07248099973066321
5844,0.4387375579724919
5845,9.613266833575678e-06
5846,0.00020395603959479352
5847,0.001630829879163398
5848,0.740860625286679
5849,0.00017128751266864934
5850,5.7586073858502765e-06
5851,3.481443753817854e-05
5852,0.00011988167457619015
5853,0.0005608814750086777
5854,6.076787803311746e-05
5855,5.535890046799212e-05
5856,2.398903991796896e-06
5857,0.00411855654217934
5858,0.013261467850049826
5859,0.00013025704142679504
5860,0.0026788307328179817
5861,0.0015832216875837652
5862,0.00012308311816290536
5863,0.00013841740389279876
5864,0.00011218235790680111
5865,0.0007848765044769102
5866,0.9965664881105021
5867,1.0634940868030674e-05
5868,0.007564089408849457
5869,0.9948815562578478
5870,0.0023441709052599968
5871,0.09825295716534344
5872,0.0004560771955768767
5873,0.003536038314436242
5874,0.03262722073059336
5875,0.9897226174322309
5876,0.0331264526934157
5877,0.00012577979345893047
5878,0.0003880339923662334
5879,0.0006562156803084338
5880,0.016002788757630174
5881,0.0018320392679982097
5882,0.010756950239217859
5883,1.2495503785494292e-05
5884,5.733309382063912e-06
5885,0.011663401581352005
5886,0.0044719786190374426
5887,0.13833680645272106
5888,0.0021640829278523977
5889,0.0014186284485941682
5890,0.03855212194032877
5891,2.076390553206244e-06
5892,0.003209172500937927
5893,0.0007460897870673994
5894,0.014005509995314105
5895,0.8357622157373426
5896,0.9981385846790671
5897,0.9945329234363758
5898,0.1827225137513583
5899,0.0003007694726422732
5900,0.3188198815274038
5901,0.04192530381813102
5902,0.0021652246997890356
5903,0.0006564810891037662
5904,0.000332353106545604
5905,0.014583472059257835
5906,0.008980890512904264
5907,0.0002770381913088838
5908,0.003529794560535009
5909,0.04989368223501146
5910,6.885706397175454e-05
5911,0.9774454697902131
5912,0.002281423123199495
5913,0.9985228431326393
5914,0.010104291354665278
5915,0.001054331186753617
5916,8.795666578971737e-06
5917,9.195440122474716e-05
5918,5.914913861695987e-05
5919,0.997359564592277
5920,0.0013948557908071732
5921,0.007888221282510918
5922,0.00017067830633354198
5923,1.3133193504297319e-05
5924,0.00017063366588241112
5925,8.240288272928795e-06
5926,0.004539650302376938
5927,9.093423254099261e-05
5928,0.04231948154917469
5929,0.001064619447112523
5930,0.02050603108817153
5931,0.9782691110792874
5932,0.9949529285026435
5933,9.954818109083165e-05
5934,8.088961808065662e-05
5935,0.003345769985597513
5936,2.2730628917701332e-05
5937,0.0005994917617572417
5938,0.0021604051192432748
5939,0.9125997217018496
5940,0.0007974808743922183
5941,0.0005980251818196661
5942,0.07142753727649478
5943,0.00018808180676793917
5944,0.011690345163031407
5945,0.0018735369359541274
5946,0.02143330809235686
5947,0.0004071419699651196
5948,0.004178178501180593
5949,4.516425297947511e-05
5950,0.00019746305272800557
5951,0.03126381843246369
5952,0.01583629135314764
5953,0.000842410838247211
5954,0.9896060845760088
5955,0.00035805235842812684
5956,6.308688059139273e-05
5957,0.013555554809562076
5958,0.0014537964042672055
5959,0.003312752800368237
5960,0.00021817891034488316
5961,4.169454540021011e-06
5962,1.0559514692121092e-05
5963,0.0010716589761214364
5964,1.1339153673339103e-05
5965,2.2239562096234336e-05
5966,9.347087081628987e-06
5967,1.2135751951409354e-05
5968,0.00018546220036201204
5969,0.9934205984185362
5970,0.010926803159332846
5971,0.9858438672786793
5972,0.03826851897691459
5973,6.5513572254888505e-06
5974,0.05037923579819773
5975,6.551811664177124e-05
5976,0.00012144641464545487
5977,0.10939370848377146
5978,0.0029135940320459295
5979,0.0010866234225889702
5980,0.00017118990570251673
5981,0.004958531776939197
5982,0.053961971330781275
5983,0.0025824183768106065
5984,0.9880803299667367
5985,0.00028306493725580376
5986,0.0003674532815125328
5987,0.00023343453782559927
5988,0.0012764330263485212
5989,0.0005451070921774338
5990,0.01515192760246433
5991,0.0003407241696670847
5992,0.9819091082329987
5993,6.165692964120115e-06
5994,9.186367026836605e-06
5995,0.009754955228595949
5996,0.00020531931803382926
5997,0.105644155369147
5998,0.000681799195938233
5999,0.0005421712228637472
6000,0.00013488791591428816
6001,0.01035968053357481
6002,8.54800447639566e-05
6003,0.9598383102223226
6004,5.33746240981141e-05
6005,0.009046455677840294
6006,0.03873037932352479
6007,0.9786751988319976
6008,7.863645332861611e-05
6009,0.0004504479408533448
6010,7.90947004090708e-06
6011,0.0002564206024191953
6012,0.039958866706819876
6013,0.00022357785026497846
6014,0.00010939950989724643
6015,0.009445322652373597
6016,0.00030367632463948653
6017,0.002384985551505137
6018,0.029252830881712648
6019,0.0005928573753711317
6020,0.9959787304665559
6021,0.0015802966547282232
6022,0.0052867341618072486
6023,0.004625268927509607
6024,0.977364365245668
6025,0.0001118495079443135
6026,0.02534289858607629
6027,0.00038950398274202976
6028,2.2576287955230112e-06
6029,0.00013695063360322262
6030,3.778674952770871e-05
6031,0.00011599963747798063
6032,0.04553872523986889
6033,0.07357434556805201
6034,0.02071267902560688
6035,0.1694690663691864
6036,0.07240570556111088
6037,0.019344489865319857
6038,5.575389428188206e-05
6039,0.010824130356062993
6040,7.277137438033279e-06
6041,0.003757209621076675
6042,0.007184742912660273
6043,0.006267765689685458
6044,0.002585232480086504
6045,0.00016725172487829063
6046,0.0019489269811803812
6047,0.0011601262476794477
6048,0.00016456752452671618
6049,0.017672193020982087
6050,7.511621267191365e-05
6051,0.9896862897577812
6052,0.0003088852906950512
6053,0.0046006514698735
6054,0.995596188380899
6055,5.0942241137844814e-05
6056,0.2868252633148407
6057,0.015300136030381484
6058,0.01290279567432473
6059,0.00015613708214706247
6060,0.09155677895643881
6061,0.021245665973806012
6062,0.0038053808533378337
6063,0.0006400394247650577
6064,1.195970233897518e-05
6065,1.1608121300636471e-05
6066,0.002885958821482914
6067,0.9841429783546582
6068,0.0005014605057977184
6069,0.0018190514036080495
6070,0.0016081651687915699
6071,0.00021167366790287995
6072,0.04240317684815065
6073,7.5116892361228765e-06
6074,1.2256827761160378e-05
6075,0.11520050503361896
6076,7.43564807051909e-05
6077,0.026775333525310106
6078,0.0007150307935948188
6079,2.0693678311452966e-05
6080,0.011901301404964995
6081,0.000298814129677037
6082,0.00022218517603125578
6083,0.0001262353858124894
6084,0.03855440312423542
6085,0.024522582681237186
6086,0.0011365296672387881
6087,0.0019301844303804792
6088,0.0011703413394789004
6089,0.00015845765088647474
6090,0.9791113309759462
6091,8.277456109340366e-05
6092,0.0003528323591511839
6093,0.00014692170609004358
6094,9.411873799248472e-05
6095,0.002901129984987065
6096,0.00019976635820322455
6097,0.00015887703614442754
6098,7.233054819341158e-05
6099,0.09307460789491737
6100,0.0016882398817462765
6101,0.9970183026846566
6102,0.002032950571304448
6103,0.002538884705847068
6104,0.00202877812782078
6105,0.5664699108492534
6106,0.9845878899719113
6107,0.9710302826891457
6108,0.03438026301746037
6109,2.9024060825873505e-05
6110,0.0005722676535395162
6111,0.997566037649061
6112,0.02813392586742932
6113,0.0190279323641479
6114,0.0008266630563679801
6115,0.0018225498452670405
6116,0.008287632203387912
6117,6.118841869881479e-05
6118,1.3156557535092808e-05
6119,3.8233051896583356e-05
6120,0.9979551899139112
6121,0.00010877792845849496
6122,0.10051257177888662
6123,0.0003554455857232743
6124,0.019585132020623272
6125,0.00026483306340784025
6126,0.0016176961795121535
6127,0.02295531484368909
6128,0.3421288803988318
6129,0.0009106415911403559
6130,0.014593163011377858
6131,9.920263340805255e-05
6132,0.010797406307276016
6133,0.998216430060145
6134,0.01094171696330836
6135,0.0013826629075188645
6136,7.155462849058454e-06
6137,0.00032943555501803847
6138,0.343172168091911
6139,3.4344324629894072e-06
6140,0.005880267234730137
6141,0.015375805342723967
6142,9.729625087842064e-05
6143,0.030698217766508412
6144,0.02231714756339012
6145,0.0004930976267056126
6146,0.8221274093332053
6147,0.006632372980949701
6148,0.16070723812044244
6149,0.00035792328465683425
6150,0.0017656530906477782
6151,0.00104615371358413
6152,0.0020485334160415514
6153,0.05048858140757306
6154,0.0007484951450198332
6155,0.003258390125793534
6156,3.387780651135511e-05
6157,0.8982387572275512
6158,0.0005681938297724854
6159,0.9961733594220938
6160,0.0028402253940970406
6161,0.0009712910130854288
6162,0.06243525547212263
6163,0.0009524407486990792
6164,0.0001590272600921838
6165,0.0014600479588531253
6166,0.00027854899959246765
6167,0.9919520403386226
6168,0.00012360268659964002
6169,0.8624353257020594
6170,0.0039091137077706724
6171,0.00026764340186206817
6172,0.9977061445174188
6173,0.0005066578765323274
6174,0.010952028934327946
6175,0.009331202111836806
6176,0.020584531347177287
6177,0.0015014982108029061
6178,4.9957686465629996e-05
6179,0.975718222606542
6180,0.008309690382781423
6181,0.0017831822167128943
6182,0.9987495858301465
6183,0.002570117272842465
6184,0.012872810105491276
6185,0.0006185836916324512
6186,4.489336937191255e-05
6187,0.0022437766593889786
6188,9.60494563141081e-06
6189,0.0002412229713145891
6190,0.0031806186204213272
6191,0.002779194178879013
6192,0.00023179057066873102
6193,0.0474318357186556
6194,0.0295845059902353
6195,0.12325594590632867
6196,0.027315753904905028
6197,0.603953266927482
6198,0.3771888760803369
6199,0.9986607782115952
6200,0.0017336014919342815
6201,0.004244970182532114
6202,0.02079737922116069
6203,0.9959156333540206
6204,0.005238678648598313
6205,0.00037859153066304157
6206,0.0015101747227773573
6207,0.0002682935192316061
6208,0.045880051806921396
6209,0.000580039542954999
6210,0.027610177328493045
6211,0.9650410361929961
6212,0.0016897014498544138
6213,0.0829548913261057
6214,7.091904415370259e-05
6215,0.0004706281298463095
6216,0.9860818232730943
6217,0.017871307832700578
6218,0.014055015499195782
6219,0.013667986830168798
6220,0.005153750565138808
6221,9.604767300196091e-06
6222,0.0004265616051775246
6223,0.00019781756193153617
6224,0.046138507761698255
6225,0.0147195676637209
6226,0.006673088552919887
6227,0.00011208651888690816
6228,0.001276291599603862
6229,0.005216200900515353
6230,0.9253047431725598
6231,0.006053685753219107
6232,0.04459768821618122
6233,0.0022830467866241017
6234,0.006016653289705883
6235,0.006079423051408422
6236,0.02894025010992381
6237,0.07747542488753525
6238,0.3688171803151014
6239,0.004839646762827433
6240,0.00038529899233137295
6241,0.04576338607236417
6242,0.12017597910147129
6243,0.05438026291397523
6244,0.005420361947760957
6245,0.001132148634247422
6246,0.9984385060927327
6247,0.002171791762868859
6248,0.031149891373713122
6249,0.00012464351340966915
6250,0.006827062160098404
6251,4.583934980329976e-05
6252,6.905377545351105e-06
6253,4.538258830356268e-05
6254,0.0010381053097755983
6255,0.0001464603161486607
6256,6.610496581648067e-05
6257,0.0010490935411481368
6258,0.00020573668421626626
6259,0.11766396488632265
6260,1.0265985396721862e-05
6261,0.05153312679588388
6262,0.0011377102316569656
6263,0.00025197938387075934
6264,0.031043267677584262
6265,0.00010288906707178786
6266,1.2623606661322985e-05
6267,0.0015719983619612546
6268,1.3020202572273638e-05
6269,0.0021303924760478475
6270,0.9364297193468774
6271,5.948843010613357e-05
6272,0.9939070231721125
6273,2.1189139687239816e-05
6274,0.0015326302302801546
6275,4.783264856899652e-05
6276,1.4574440808538878e-05
6277,1.4052143840072086e-05
6278,0.0013932778742317023
6279,0.012497084616408735
6280,0.07348880747294384
6281,0.9994566810925287
6282,0.0003620280002223276
6283,0.0026856484758741354
6284,0.03605026019656071
6285,0.0003002876582643907
6286,0.0047205608744466665
6287,0.003589245969173124
6288,0.0034661905038612948
6289,0.001233314653831696
6290,6.896490689258338e-06
6291,6.122765103068437e-06
6292,0.00045010314838657905
6293,0.006047968229079747
6294,0.029214149585009654
6295,0.001492730034700045
6296,0.06600602715425832
6297,2.9581586822337488e-05
6298,0.08526597145443109
6299,0.0005123699403546035
6300,0.0003006444854743411
6301,7.786739017704814e-06
6302,0.03140123074956869
6303,4.907700988682774e-05
6304,3.509491214903993e-05
6305,0.00046693522822111293
6306,0.002068711567726512
6307,0.01750725843126789
6308,0.02540152312221632
6309,0.03769832454498571
6310,0.024383790609501157
6311,0.00027411043678857833
6312,0.018967370142200467
6313,0.03902879037215702
6314,0.016125927754341823
6315,0.00976703719647112
6316,0.0007144193237402458
6317,9.492067871035863e-05
6318,9.483130080100168e-06
6319,0.008724743600703275
6320,0.011859932493784994
6321,0.0007720501289298819
6322,0.00012021156199839417
6323,0.031504057200003245
6324,0.015843205466980235
6325,0.0483929250461098
6326,0.9822405068851932
6327,0.00030750490040275334
6328,0.9674478090578067
6329,0.0002793210319445425
6330,0.011128422943891238
6331,0.00010866252806916417
6332,0.001170451039439578
6333,0.0004365954323936757
6334,0.0021901723457798767
6335,3.9776242094375634e-05
6336,0.00010199657385711793
6337,0.0007004120154208184
6338,0.9922969233529763
6339,0.00018372413005882048
6340,0.996629263827996
6341,0.8843824359819799
6342,5.148280787492354e-05
6343,0.01136299306479722
6344,0.0005498919054315328
6345,0.003086810021102432
6346,0.0002838248151884082
6347,0.000323763752230888
6348,0.0007291725659220753
6349,0.9136645423595884
6350,0.0006142044037139012
6351,0.00674512434578993
6352,0.02290412202751114
6353,0.9987689629487765
6354,0.00016220685869642625
6355,0.9517285077065774
6356,0.059531801855928636
6357,8.452397152090897e-05
6358,0.19996864285550506
6359,0.012089552943783673
6360,0.04217206706803012
6361,0.9972810562054146
6362,0.00014543967232398726
6363,0.9145676627749891
6364,0.016109192229007842
6365,0.004013594049620738
6366,0.004243659852297775
6367,0.005497783724659792
6368,0.7219817288807273
6369,0.0026674685507356065
6370,0.09832523739574996
6371,0.9974807991086738
6372,0.0005133064915589391
6373,0.00024413282262447837
6374,5.296267335005931e-05
6375,0.0022004286455855468
6376,0.013977761593947183
6377,5.897563610109415e-06
6378,0.0007809373147617479
6379,6.445944824016036e-05
6380,0.00016440022186657718
6381,0.00041466584053292683
6382,0.24657244857716534
6383,0.00018270260428508746
6384,0.004976499495147284
6385,0.004136373770140405
6386,0.003735053226192399
6387,0.01603827201768609
6388,0.28123903436661013
6389,0.002699896930745533
6390,9.095232577668863e-05
6391,0.12241670570926622
6392,0.0001379057736303905
6393,0.058463499971514475
6394,0.9990171812573079
6395,0.012978804623007753
6396,0.15332258462475853
6397,0.001089547840078675
6398,0.024721199557142488
6399,0.009983669597936624
6400,0.0009655601326726676
6401,0.00021571751814808063
6402,2.912397194881296e-05
6403,0.0011693907837852927
6404,0.1381824335341682
6405,0.9615003910119226
6406,0.003961565747211903
6407,0.8802209044057598
6408,0.06012958601514852
6409,5.8907313104495154e-05
6410,0.00016811664627954526
6411,0.9854742002561473
6412,0.0026612943406574495
6413,0.997143783563021
6414,0.0003713029031814336
6415,0.19826240716827118
6416,0.0001292081220784007
6417,0.022260465445672454
6418,0.00032369112456917835
6419,0.9523493628659766
6420,0.05992578415110521
6421,3.692006209197769e-06
6422,0.006959321100010002
6423,0.9965694718885221
6424,0.9629209437330358
6425,0.06677810520217502
6426,0.002364165140337441
6427,0.6472066867566575
6428,0.02326757437493298
6429,0.00011772398349256107
6430,0.941496770475198
6431,0.9900129836359716
6432,0.0013546499427935358
6433,0.00011762116847998116
6434,0.0001797973331382063
6435,0.9966159875370693
6436,0.02863276010576173
6437,0.07763632414962765
6438,0.013170499289043017
6439,0.06504001270143593
6440,7.572887716083075e-05
6441,0.00023734628447726752
6442,0.1121575579380792
6443,0.08760596980570041
6444,0.006770175798030811
6445,0.8059690113286173
6446,0.8821786262439332
6447,0.002282716385673467
6448,4.570586683374281e-05
6449,0.012592803948566437
6450,0.026983762948679057
6451,0.030436606308567593
6452,0.9922647376992559
6453,0.00281539838785112
6454,0.0003201516146583942
6455,0.00723335344568785
6456,9.965188795199959e-05
6457,0.6814470927521956
6458,0.00021086748982831793
6459,0.0022225284759756327
6460,1.5277704490400294e-05
6461,0.7238570930591234
6462,0.002987442018346844
6463,0.0012851728563487246
6464,0.9966489502309424
6465,0.00018915108878962136
6466,0.0009513262281893801
6467,0.0008091975957300688
6468,0.991809666733697
6469,0.9985441554126204
6470,0.9816085623900165
6471,0.0010019513290356553
6472,0.001756507908723185
6473,0.0005982812063185884
6474,0.005642608042511708
6475,0.9217737268790238
6476,4.800136498237974e-05
6477,0.008430392200573783
6478,0.000319432238220359
6479,0.0013573656444018773
6480,1.6655735000073386e-05
6481,2.814510023507486e-05
6482,0.0015168099096460263
6483,1.9501775723408734e-05
6484,0.00027801454369040524
6485,0.049036235923216785
6486,0.01580713088231578
6487,0.00012196823471870137
6488,2.927212135845684e-06
6489,0.00041885491038978534
6490,0.05290181013919889
6491,0.001272908869839151
6492,0.0005645409734366393
6493,0.9904941742813482
6494,0.00028465841830592237
6495,6.840753248340571e-05
6496,0.00013069220065180449
6497,9.560215903814158e-07
6498,8.01917976338975e-05
6499,1.090863147176237e-06
6500,0.00022354822993783308
6501,1.039051391761508e-05
6502,0.0002193386198865805
6503,0.0005693796766636201
6504,0.006035135983926286
6505,0.5210878047090219
6506,1.16963417357666e-06
6507,5.849585690411395e-05
6508,0.0011542626611470244
6509,8.353552389308693e-05
6510,4.148508157650881e-05
6511,1.2652325838616456e-06
6512,0.00010571539764268568
6513,6.113671062047871e-05
6514,0.00012151528469721295
6515,0.21450313212814787
6516,0.0032906392713495823
6517,2.0391764400401286e-06
6518,0.004991908585768583
6519,0.026203010451543596
6520,0.0008417474409063704
6521,0.06382210878413089
6522,0.0014003967858954984
6523,0.0013420198820958311
6524,9.302891553498083e-05
6525,5.337527934621019e-05
6526,9.779643405631194e-07
6527,3.442819764644371e-06
6528,0.001786167306023102
6529,0.021831170513649356
6530,0.0002003602760781113
6531,0.0001774990490317641
6532,0.004584797310368857
6533,4.639894181192912e-06
6534,2.9062791543491466e-06
6535,7.896335056203367e-07
6536,0.01270782095551815
6537,9.347474730233001e-06
6538,3.430679884055287e-06
6539,0.02360692719538377
6540,0.9896870063385173
6541,0.0015021429859433018
6542,0.0002522241043313487
6543,0.0005179316009498571
6544,5.354068896477735e-05
6545,0.010250054302574373
6546,0.004903706997674418
6547,0.0024927850232498577
6548,1.3013768395153108e-06
6549,0.00010477201106128637
6550,5.032236811066769e-06
6551,4.542815539436247e-06
6552,0.00024386848158524044
6553,0.0001354701894068437
6554,0.00013665905931616675
6555,0.0001796545643668284
6556,0.0024821218954716937
6557,0.002247733196742351
6558,0.01948983948459206
6559,0.02040758549854784
6560,1.189523697129082e-06
6561,0.0165624246315338
6562,0.31413667882375695
6563,0.0001817839174098962
6564,3.202762871673744e-06
6565,0.00024318655212669983
6566,0.00023397098764333068
6567,0.003424333339206375
6568,0.0002996567660580833
6569,4.178555715238976e-06
6570,5.410162584342794e-07
6571,0.00028414995936886336
6572,0.0021950988293820287
6573,0.0003255765145704486
6574,0.00041617822836797385
6575,0.9988521861734816
6576,7.699652974493976e-05
6577,8.991644365187027e-05
6578,0.020312143019652548
6579,4.044706599955874e-05
6580,0.00681202636067345
6581,0.0025595040274518093
6582,0.007953131756235046
6583,0.0005790514658969003
6584,0.0006470826468637531
6585,4.57510104580675e-05
6586,0.06354080638342147
6587,0.04377012886441053
6588,0.1212556457161594
6589,0.00019101769578111564
6590,0.000690232926708015
6591,0.003587577100240419
6592,0.0003942655105460363
6593,0.00017034553899119615
6594,2.9492533242713245e-05
6595,9.735522544206541e-05
6596,0.005335014003016107
6597,0.00036802904241796
6598,0.2214690281155621
6599,0.0002866629251680526
6600,3.777206759524588e-05
6601,0.9980021224568038
6602,0.0008804765687380244
6603,0.006462646517659732
6604,3.326654513398999e-05
6605,0.004955231226583259
6606,0.07608720309860888
6607,0.0002947223587777766
6608,0.0002379253108040711
6609,3.3665201266365455e-06
6610,0.9980016904647815
6611,4.6918362950901444e-05
6612,0.0002736351356725612
6613,0.0001376923105605603
6614,2.859842723637553e-05
6615,0.0073413151781039285
6616,0.0003503594246580202
6617,7.641453934143773e-05
6618,0.03155867687193549
6619,4.543694446488848e-05
6620,0.00022580288134767864
6621,0.0011350894728087064
6622,0.00020577261728130773
6623,1.6317466749400624e-05
6624,4.5562382814846595e-06
6625,0.0003396030925404791
6626,0.00021594640246451043
6627,0.9967250285001142
6628,4.643994855079424e-06
6629,1.7718210627609235e-05
6630,0.00013412566966714657
6631,0.00016573114168751523
6632,1.5066162338976755e-05
6633,3.68991486516656e-05
6634,0.0002051279856571113
6635,0.0002213226878022244
6636,0.03354359486634678
6637,0.00017431580210164856
6638,1.9955682304897597e-05
6639,0.00010372999653752418
6640,0.034350949026495645
6641,0.005026270210008682
6642,3.1381074562607964e-06
6643,0.07872833923944131
6644,0.006683646709897348
6645,0.00040444484696437006
6646,0.00025169706485423814
6647,0.00023975081504133927
6648,0.0002796304646467347
6649,7.929887012546416e-06
6650,0.040048507783611284
6651,7.887912276217915e-05
6652,1.7630023287220434e-05
6653,3.151637053642562e-05
6654,9.276479498383374e-05
6655,1.925884968028606e-05
6656,0.0002612213962994054
6657,0.015113247655811707
6658,0.0029346458171298933
6659,0.0020138932699791455
6660,0.0002970444510711252
6661,0.9989401845857492
6662,2.079329937048795e-06
6663,0.000576611920821111
6664,0.0015451005176802739
6665,1.9392708221601016e-06
6666,0.002875130378007216
6667,0.9827336056251218
6668,0.020000914643327074
6669,0.11183846206977546
6670,0.07060132547265677
6671,0.0008092943633132777
6672,0.0020703925899801657
6673,0.0010255431804721692
6674,3.9915984012607935e-06
6675,1.9762441253421925e-06
6676,0.00640917053258726
6677,1.8619775781638445e-05
6678,5.386898026128735e-07
6679,0.0007604306478780369
6680,0.002202710128716274
6681,0.30945367924462186
6682,0.06936144871935054
6683,0.014076225978991334
6684,0.010470216586047621
6685,7.400803176296953e-05
6686,0.00015050981994548337
6687,0.0006352472751615647
6688,0.028212877683151
6689,0.000339189057656187
6690,0.9987898656406949
6691,6.57315118253666e-05
6692,8.671458660286618e-06
6693,0.11177577387493191
6694,3.319021776503247e-05
6695,0.005222787301685983
6696,1.3174059956908761e-05
6697,0.0008171922827036077
6698,0.00019818307660663894
6699,1.846940474239277e-05
6700,0.003368043145525397
6701,0.00014794157989861373
6702,0.005580096176608118
6703,8.15479920148945e-05
6704,0.0007352899654877986
6705,0.9979637811594706
6706,2.6734146361875177e-06
6707,0.00038249955604328304
6708,0.00013494586682228529
6709,0.0015956191941121148
6710,0.000228501867766081
6711,0.0006011512059567676
6712,0.00028818067087415443
6713,0.0003427663842531942
6714,0.00533176162955745
6715,5.415964983694583e-05
6716,0.00013142310093119665
6717,0.0008750521591268564
6718,9.110290411610697e-05
6719,0.02766331724841851
6720,0.05179348775882755
6721,0.0004817095331868779
6722,0.0355694655067377
6723,0.0034839827473959533
6724,4.1951652735906015e-05
6725,0.00013667643320804736
6726,0.0012986696136099228
6727,0.18121405828678067
6728,0.9956573266245531
6729,0.017718518497036557
6730,0.9936548819711473
6731,0.0005545235713528922
6732,0.00060699308737934
6733,0.007537874337016019
6734,0.0005138268135838983
6735,0.014648467532515516
6736,0.01981289373722968
6737,7.734470452262737e-05
6738,0.0015822659303689351
6739,0.020139971566924434
6740,6.431810661774686e-06
6741,0.04978156917758009
6742,3.4945837654030867e-06
6743,0.00040723668587174823
6744,0.0013533890010168498
6745,0.0024614876395944348
6746,0.00023548013025917426
6747,0.002960377625963923
6748,8.242893168535347e-07
6749,0.9991790027198537
6750,0.10511729916782424
6751,1.0957977513281018e-05
6752,1.7597157001748758e-05
6753,0.000845789225156339
6754,0.0001603648480130918
6755,0.0003993146571806089
6756,0.00013648383324262346
6757,0.008364556064458925
6758,0.02519763523086389
6759,3.4477632696798654e-06
6760,1.1755433077768996e-05
6761,0.0016326955089216524
6762,0.0027006633635624777
6763,0.0008277844312074829
6764,0.0001909455155843913
6765,0.0009601708182961452
6766,0.035548655394955796
6767,0.00012216156399959944
6768,0.0002059469954889445
6769,1.421214158984062e-05
6770,0.000741109961836083
6771,0.0008305053720465796
6772,0.00037796260059253623
6773,0.0012675373757647635
6774,7.95752761405174e-05
6775,0.000369858718609179
6776,0.003398693952712171
6777,0.006611320720383123
6778,0.002507442334714755
6779,0.9973124422942099
6780,0.030991185754402843
6781,9.731013546424944e-05
6782,1.1411396235618684e-05
6783,0.0005187643183059698
6784,3.322068043341339e-06
6785,0.0046148588233072595
6786,2.2068761797322245e-05
6787,0.9955857829135727
6788,0.03726539179855403
6789,0.006331907680878242
6790,0.002252300168231533
6791,0.0023677911006339328
6792,0.014506072344963757
6793,0.00020846334439337467
6794,0.9620820502941149
6795,0.0006621338251076324
6796,0.9982703002842497
6797,8.746178834240912e-05
6798,0.0074320147393101815
6799,0.015129433458369378
6800,0.05401940549967923
6801,0.0021731110146278147
6802,0.002012286741195661
6803,0.0013011469790031847
6804,0.13704222911779818
6805,0.2622779846329325
6806,0.9927213302844002
6807,5.596375231532538e-05
6808,0.008133614179873298
6809,4.445403825748636e-06
6810,0.004978757503367416
6811,4.4648245035439866e-05
6812,0.0008083737924735659
6813,3.435353420152095e-06
6814,0.9884256472582121
6815,0.018689197224706872
6816,0.9962744555252229
6817,2.216772616616978e-05
6818,0.0022021969998271378
6819,1.1076247989853598e-05
6820,0.010967297589373853
6821,0.999247083938424
6822,0.9858156594089873
6823,0.9955079785269707
6824,0.0744559964178978
6825,0.00025478435275553987
6826,0.9993581081555061
6827,0.9985643795541842
6828,5.866692156097622e-05
6829,7.830102296896651e-05
6830,0.05421403558160217
6831,0.0005317132770434744
6832,0.00041976041010924846
6833,0.0010667493530865176
6834,0.012861523233083316
6835,0.012744761510029162
6836,0.01809301443246495
6837,0.0012798863780372526
6838,0.998638942891368
6839,0.06072918702770175
6840,0.054624584977353466
6841,0.024827406035284726
6842,0.19685032066357616
6843,0.005112313655080438
6844,1.910186718996365e-06
6845,0.013082497077663995
6846,1.80857105092037e-05
6847,0.0003727079739322141
6848,3.41852959501073e-05
6849,0.005265936581294428
6850,0.9985983968217287
6851,8.87344375345951e-05
6852,9.812319397247562e-06
6853,3.0681276881636476e-06
6854,5.656965817781304e-06
6855,0.0021246162738410646
6856,0.0013235035252826728
6857,0.0002180631636837016
6858,0.0002558693487765912
6859,0.0002698826668539765
6860,0.0002795380389136076
6861,4.440071918909675e-05
6862,4.6121658054046185e-05
6863,0.008682845034958437
6864,0.018660909088073007
6865,0.00024282418827900392
6866,4.176719339054275e-06
6867,0.012013115189003257
6868,2.1069645000802745e-05
6869,0.28012427880448587
6870,2.6082455227603802e-06
6871,0.007198233705174297
6872,0.0022546309757090024
6873,3.4353470374253946e-05
6874,3.809123187541517e-05
6875,7.237471070269718e-05
6876,0.9959783247991375
6877,0.9980589450880876
6878,0.007812900672841456
6879,0.00018085201228742667
6880,9.040980257020666e-05
6881,0.9993341313904842
6882,0.0030073011679430228
6883,0.9498704046691311
6884,0.00015011236661386008
6885,0.15164194445669762
6886,0.00014257301143475278
6887,0.00039020292702993174
6888,0.04985626013380129
6889,0.0001116173049812602
6890,0.0010454583319666868
6891,0.9992893396165321
6892,6.222116601773518e-05
6893,0.0021755440526889875
6894,0.0024211076052669
6895,6.835499680848706e-05
6896,6.687117693411728e-06
6897,0.05562267339747836
6898,0.00042341185019314375
6899,0.06829508150079365
6900,0.05457644703857267
6901,0.9968024708067287
6902,0.0011056939586541088
6903,0.0028581702750128104
6904,0.00016021662642830381
6905,3.363570945856683e-05
6906,1.0342916248342048e-05
6907,4.8195365883093403e-05
6908,0.000886743505292716
6909,0.000229222739363911
6910,0.00432600982098773
6911,0.002050240060042119
6912,3.081871640208062e-07
6913,0.0002722074356291411
6914,0.0001689756654279966
6915,1.2103993828770435e-06
6916,0.02003912142598927
6917,0.9988420661926887
6918,0.00019885367946418346
6919,0.019339279608313473
6920,0.034376805742352544
6921,3.246673988994389e-05
6922,0.0005604652762798422
6923,0.0016531427136077554
6924,0.0001636478974692827
6925,0.0001041900300120876
6926,8.845726655340818e-05
6927,0.0001595098269336393
6928,7.776371969953867e-05
6929,0.00018388631167142125
6930,9.687256131999715e-05
6931,0.002381913145704551
6932,0.07171595248651544
6933,3.809081247749151e-05
6934,0.00016966053904422584
6935,3.7115823399910266e-05
6936,5.7530100538609996e-05
6937,0.003474205757425028
6938,0.0004690341153415249
6939,4.607363038618514e-05
6940,0.040694270911050906
6941,5.6758901738162074e-05
6942,0.00018070166994006573
6943,0.0004579729257817933
6944,0.9933158931564922
6945,9.05546683659605e-05
6946,0.001321709542030611
6947,0.9977736563300124
6948,0.0367645257070356
6949,0.007476072502944335
6950,0.0003975095165773444
6951,0.006685590196048578
6952,0.039223257238908786
6953,0.00015281472785700403
6954,8.376958062603066e-05
6955,0.0033518193158417336
6956,0.0002692141592193783
6957,2.174568443063293e-05
6958,0.00026810326682651466
6959,0.9952137444485685
6960,0.0018499140544465098
6961,0.9871923856813456
6962,3.241342893529494e-05
6963,0.12509797466868705
6964,0.9864023225398915
6965,0.01191943228216417
6966,0.0006368394780287728
6967,0.000349344842846559
6968,0.002443883583532656
6969,0.003369509703792192
6970,0.00026161758890858494
6971,0.0005442602311332056
6972,0.001160432022537822
6973,0.0013794710522718162
6974,0.00010157897459478393
6975,0.00033554252990729077
6976,4.844257094689734e-05
6977,3.3937415573485973e-06
6978,0.13104759964171903
6979,4.834911373519503e-06
6980,0.07607257664656154
6981,0.003279322000740364
6982,0.003589642559177672
6983,0.3971801367933242
6984,0.9980430568088476
6985,0.0007517783177229661
6986,5.250902339057479e-06
6987,0.09073004896443795
6988,0.02080274560257985
6989,0.025873432232128492
6990,0.00023325963263339167
6991,0.0001533422970176117
6992,0.0013060899600179257
6993,0.005023381070222503
6994,0.9742068507972658
6995,0.99624662567316
6996,0.0001023373672984504
6997,0.08783384290734522
6998,0.15189569703600553
6999,0.015633492288457472
7000,0.00108258399289084
7001,0.9979216048560537
7002,0.00037674564510464386
7003,0.9991091238138441
7004,0.981038008302227
7005,0.9988276293042176
7006,1.9592999724960563e-06
7007,0.008186491346810099
7008,0.00047989876793457593
7009,5.819096165391037e-06
7010,9.34090167170667e-06
7011,0.00024382532932652685
7012,0.0011562879960467353
7013,0.0007417048538699317
7014,0.9978324982934328
7015,6.144753682447598e-05
7016,0.0015943890230270725
7017,0.00017115254470323468
7018,0.04328917636173806
7019,5.77015901355332e-05
7020,2.5708084827448802e-05
7021,0.0010227750938256665
7022,0.017111422455707438
7023,0.00012639438808925994
7024,0.02992127741702381
7025,0.02700340743008886
7026,0.0005501194259246154
7027,0.00024948824041195474
7028,0.0001857992180571248
7029,0.9993547577745228
7030,0.9952962448795478
7031,0.08865083099229835
7032,0.000107517801328601
7033,0.9978684261489053
7034,0.0003346806168945414
7035,0.0011139536068624002
7036,0.005920799691119816
7037,0.00023454099654164062
7038,0.0005436826837931214
7039,0.0005907477907951382
7040,0.003632961480682492
7041,0.001438864147966833
7042,2.5546989531396836e-06
7043,0.010140621654435767
7044,0.03907720726322857
7045,0.13071038941309993
7046,8.219276386549066e-05
7047,0.0008655119940558521
7048,0.0039309943409452704
7049,5.565881834362927e-05
7050,0.004658540103413844
7051,0.004317581677409104
7052,3.348722854387367e-05
7053,3.7144493636475846e-06
7054,0.07181729791124199
7055,0.00018695160922517956
7056,0.0005431808332285257
7057,0.005901602266016221
7058,0.0830802018886481
7059,0.0005795047791341811
7060,0.999207681898991
7061,0.0008315595711248487
7062,0.0024425605251493
7063,0.007861216671451383
7064,0.9855915461455849
7065,0.0005745760278656433
7066,8.38607203747054e-05
7067,0.21176288935106152
7068,0.010632365351904035
7069,0.0008108181297622946
7070,7.368583598239877e-05
7071,0.0015158784879742726
7072,0.04336862280838507
7073,8.077637938203185e-05
7074,0.00016459327538789707
7075,0.5256775267922069
7076,0.0005573379426357994
7077,0.00887715253563871
7078,0.031156382472685894
7079,0.0008685151879594809
7080,0.999226438099653
7081,8.896234030372283e-05
7082,1.6210943086696385e-05
7083,0.00044741738021733014
7084,6.343299693284918e-06
7085,0.0048824734778129325
7086,1.3632831051910659e-05
7087,0.0002442802381208307
7088,1.0087037779670619e-05
7089,0.4695242464857947
7090,3.421615632240811e-05
7091,0.013682915446152372
7092,0.01842586551473418
7093,0.004050509928103097
7094,0.007783009272935862
7095,0.00020291241354932402
7096,0.011461487952834477
7097,0.002779135228450258
7098,0.3880090202831038
7099,9.121582162914516e-05
7100,6.251270582549018e-05
7101,0.00016940428101110293
7102,0.0007132142516785405
7103,0.25446065356776515
7104,0.0006481720663669297
7105,0.8276382024462059
7106,1.0956243777876278e-05
7107,0.0005586734244601092
7108,1.211945108624991e-05
7109,0.002749995496886035
7110,0.0006624780402635611
7111,2.765247374272568e-06
7112,0.0011033232574086946
7113,0.00017856722140996336
7114,0.9955269137154021
7115,0.00020928919204428014
7116,0.04018203699797816
7117,2.1652159106119012e-05
7118,1.977526700505648e-05
7119,0.08624383012189066
7120,0.9966202550542829
7121,1.5547982145683634e-05
7122,0.0002742555094352927
7123,8.199300434840517e-05
7124,0.0008638387847348369
7125,0.022536463748912633
7126,0.0006989404386714197
7127,0.0028520028942993244
7128,0.003436079514817339
7129,0.0024706695578171145
7130,9.675786699632599e-05
7131,1.7918164682354498e-05
7132,4.757436120259006e-05
7133,0.00010239106311987921
7134,0.0027607443042344812
7135,0.0003989159487051464
7136,0.001658782269294979
7137,1.7731257980268838e-05
7138,3.155209209123611e-06
7139,0.9954068810121299
7140,0.0014805460970186124
7141,4.9939498260804724e-05
7142,0.0004807539271315292
7143,1.3984959194952726e-05
7144,0.0013381416340630344
7145,0.00030090511341947034
7146,0.011745121755526078
7147,0.09765682675290163
7148,8.49222118081646e-06
7149,0.00032727845600303245
7150,0.0005184735729747657
7151,3.997197115656794e-05
7152,0.9963450097860871
7153,0.9989688914271395
7154,0.014130811975062224
7155,0.0009691952048831627
7156,0.000394798788041044
7157,4.048070755393744e-05
7158,0.7214192283789616
7159,0.00047972967863990125
7160,0.0001042133849372392
7161,0.00023723228548238308
7162,6.502271005004428e-05
7163,4.01107352762318e-05
7164,8.450748365263997e-05
7165,0.0008149115696179619
7166,8.819672043816886e-05
7167,0.0004967428733737888
7168,0.9992997204358856
7169,0.004796163709478378
7170,0.07789694905166882
7171,6.975008417813556e-05
7172,4.795485248644899e-06
7173,0.00027862609758129333
7174,0.0003119894319666552
7175,8.864691066002544e-06
7176,6.004592369723961e-05
7177,0.00014471688203172652
7178,0.0023451702446581186
7179,0.00010860115949251292
7180,0.9968557897515096
7181,0.0031535008516397007
7182,0.0004093494504523536
7183,0.0005095139757517839
7184,0.014518957860326328
7185,0.21240982462159513
7186,4.5342260322479705e-05
7187,0.0005431707937881339
7188,0.0031350416060656797
7189,0.0005024580546203329
7190,0.015384321874305693
7191,0.0015652427313604142
7192,0.001367869778577242
7193,0.00015875932349635767
7194,0.0012452118492797027
7195,0.0001723901700846678
7196,0.996827176882119
7197,0.00010389855149089959
7198,6.990410884657552e-05
7199,0.9849037851959557
7200,0.0002339901535593115
7201,0.0001676798713152791
7202,7.91017416670702e-06
7203,3.744843339538898e-06
7204,5.045863934607947e-06
7205,0.023660182890624038
7206,0.9560851833837642
7207,0.0009483845554783732
7208,0.03252251814691508
7209,0.001902039669836112
7210,0.04256960598029934
7211,0.08360408708041538
7212,0.9853205880610559
7213,0.05316760605175412
7214,4.8325345524960866e-05
7215,0.00045329836338729306
7216,5.935551582704862e-05
7217,0.9979586364176548
7218,0.9995940415738929
7219,0.999036358371281
7220,0.00011393002150504171
7221,0.9732460045117707
7222,0.9988701651039482
7223,2.5954475229024157e-06
7224,0.0006390603436221882
7225,0.9953639363321043
7226,1.8287889154811159e-06
7227,0.9995821509807559
7228,0.2937397931371398
7229,0.005295831449954937
7230,0.0001136339932301377
7231,0.00025339775449513053
7232,0.00037325305169992184
7233,0.0004184642496981885
7234,0.001298818997199041
7235,0.9959341468732429
7236,0.00033209731434783216
7237,0.00019063932715908128
7238,0.0006774167199848156
7239,0.00016829772091734856
7240,0.006752105439729908
7241,1.9371448650981365e-05
7242,0.0015413514303005448
7243,0.0004935484513809889
7244,0.004562257855817588
7245,3.00374656623419e-05
7246,0.000664590264882143
7247,0.13914933417694847
7248,0.008707195938349219
7249,0.00025137079109226423
7250,0.06515863408868819
7251,0.00011501244137136592
7252,0.0013945073646989023
7253,0.010143518657984525
7254,0.0011525742877055239
7255,0.9981434467303121
7256,0.0003413030357663363
7257,0.0006516391984155683
7258,0.02440260350063672
7259,0.0003091256389600728
7260,0.00045197472310096003
7261,7.955737281968532e-05
7262,3.226245747587961e-05
7263,0.024138697392266793
7264,0.005321632865428692
7265,0.00025343877176252
7266,0.00036477619501959095
7267,0.00277821362299636
7268,0.001900068046167255
7269,5.718772010429773e-05
7270,0.0003353687671821819
7271,4.8173086439799106e-05
7272,0.003896486496646793
7273,0.00029534668554538694
7274,0.0013022828192916682
7275,0.0008458212037662028
7276,0.0071181593580154166
7277,5.536784119955073e-05
7278,0.007617399969228009
7279,1.9646337301407574e-05
7280,0.0001655905823899993
7281,0.0007285211127252611
7282,0.0009539155261387145
7283,0.0010130297079959066
7284,0.007429162262314307
7285,0.0004677791083364631
7286,0.00043705211375309186
7287,2.6742054328997917e-05
7288,0.002210221150371981
7289,0.00775020012946578
7290,4.699567145787779e-06
7291,1.6715337551757567e-05
7292,0.99883424082956
7293,5.145248295344269e-05
7294,5.345196283410522e-05
7295,0.0006441194735597725
7296,0.9938299263237289
7297,0.9959675119085787
7298,1.4425868611124862e-05
7299,0.007924143350393962
7300,0.04266459940014757
7301,0.03606468179891996
7302,2.7319165325310334e-05
7303,8.869119551921323e-05
7304,1.4834421525586575e-06
7305,0.00252872119298636
7306,0.9929027787052973
7307,0.00430801138791162
7308,0.005951598321544305
7309,0.0028962429959152104
7310,0.03455471751642417
7311,1.635715637925975e-06
7312,0.5635806188125632
7313,2.532598531288238e-05
7314,0.13912060813888746
7315,0.00837183489512418
7316,0.0003772407749602435
7317,0.00024594805657821446
7318,0.013180038102797761
7319,0.0015952641348152886
7320,0.994639760361624
7321,0.0005663955501311431
7322,0.00014990794527053197
7323,0.036244119754074246
7324,0.00013494428613230742
7325,6.755101557165196e-05
7326,0.0004433418337278112
7327,0.15516092506729773
7328,0.05174223129660828
7329,4.499341611005418e-05
7330,0.0007442911430176252
7331,5.265246604136388e-05
7332,0.00042828983546690426
7333,4.561495118933033e-06
7334,0.00010406163886600862
7335,0.031552377587503365
7336,0.01167055605969589
7337,4.4047421598317327e-05
7338,0.0033572762094993894
7339,0.0007892674356922697
7340,0.00013408430245956626
7341,3.4292395103320805e-05
7342,0.00017497585992434436
7343,0.0092575474867104
7344,0.003868769611266913
7345,0.0002170034088225923
7346,0.0060474628271261766
7347,0.0010862272775335187
7348,0.02419000507250823
7349,0.00028763910346375564
7350,0.0003631034282257252
7351,0.0002306718844943926
7352,0.0005509448733763802
7353,0.01852303425861017
7354,0.003769778318323509
7355,0.00016341205152635283
7356,0.0001723790724129194
7357,0.013113352146489985
7358,0.007562741537608247
7359,0.00018653111908657042
7360,0.009407511979779518
7361,0.0005370811199498817
7362,0.0026693583565678357
7363,0.009658999117592942
7364,0.0001526739580434144
7365,0.00020691606509097446
7366,0.00013465328273548987
7367,0.00040511248585630544
7368,0.0002937782320725196
7369,6.565945954920136e-05
7370,0.0002305317393575353
7371,0.005384913311693357
7372,0.9972277874875015
7373,6.641164744057378e-06
7374,0.0023950307713462306
7375,0.9818591873991936
7376,0.0003951226151444092
7377,0.0038626111596219747
7378,0.0010782968218057307
7379,0.004647228093347491
7380,0.0002463685453724164
7381,0.001518714662517609
7382,6.721417230996909e-05
7383,0.00147166557057907
7384,0.00011199803119204708
7385,0.0010164511899720225
7386,0.05915703366064662
7387,0.0695244476690106
7388,0.03140350307733496
7389,0.04488789999323236
7390,0.025339394812417215
7391,0.010381600831900147
7392,0.00029116828058302135
7393,0.002491739770350901
7394,2.531004406759914e-05
7395,0.0007185278891021112
7396,0.00022592069421728094
7397,0.00045523198741249173
7398,9.457146542182552e-05
7399,0.0010155263780327601
7400,0.1078009982357125
7401,0.00023327915958144124
7402,7.844433633014465e-05
7403,0.006949543392480206
7404,0.00011531012852128771
7405,0.015754722036232092
7406,0.9994153849703956
7407,5.991043254074625e-05
7408,1.10852145140354e-05
7409,0.05374854773461921
7410,0.041467789812726086
7411,0.0009493559770767527
7412,0.002359893114807711
7413,0.00011391971320417834
7414,0.0001316251403053708
7415,0.00566221004252235
7416,2.1575782059011235e-06
7417,0.03727699452491936
7418,0.028288288063829582
7419,7.130377489252094e-05
7420,0.024207463930208804
7421,0.015593370679838481
7422,7.118738732617942e-05
7423,0.00016954582200970602
7424,3.4720437615369907e-06
7425,0.047232348207343275
7426,0.0003404500377163284
7427,0.00022899492128106922
7428,0.12769021171897693
7429,0.0002126168318093193
7430,7.444277866624592e-05
7431,0.9707140736298466
7432,0.9495793870260887
7433,0.0016077799658458284
7434,0.00021590369355679488
7435,0.00019288867084239916
7436,2.3846389012232287e-06
7437,0.007129571342300115
7438,0.0016523244835227155
7439,0.00022596383481040004
7440,0.001235803225039253
7441,3.7871007754515126e-05
7442,0.020938407825664064
7443,7.687836556051124e-06
7444,1.1854786117188493e-05
7445,0.24611593713975352
7446,0.00014931004569669224
7447,7.881157321661411e-05
7448,0.005573150330154276
7449,0.9945746896863081
7450,7.573513673512496e-05
7451,0.0015120958487223625
7452,0.07939462088559346
7453,6.981470122864962e-05
7454,0.0010471244460508549
7455,0.15502881493377774
7456,0.02963916200627586
7457,0.2981395408585083
7458,0.9952361947271985
7459,0.00010243224606600362
7460,0.00028923800048732815
7461,6.040068291401452e-06
7462,6.516587259961741e-06
7463,0.0010158581415915394
7464,0.030919078479116586
7465,0.01167845860337462
7466,0.01866385795917793
7467,0.0005141160731988333
7468,0.9979704069377904
7469,0.06937144331101577
7470,0.9966112644938663
7471,0.00030554978952250484
7472,0.0051325816957083
7473,0.00045137414371752155
7474,0.1739337657248216
7475,6.940714470448114e-05
7476,0.004275419975182872
7477,0.00016376042376880902
7478,9.045338257655752e-05
7479,0.00011189449510874707
7480,6.766677494152962e-05
7481,3.252090309038214e-05
7482,0.0002278119551718154
7483,0.03626774101440421
7484,0.0012035387653015236
7485,0.0001700138307522365
7486,4.927805820711361e-05
7487,2.8781920113476524e-05
7488,0.040047847691901825
7489,0.02041734549882237
7490,0.22943645834115878
7491,0.009237359062474226
7492,0.002716925395447996
7493,0.05115676461291822
7494,0.998374063936101
7495,0.0007364560040836869
7496,0.00016125753923103574
7497,0.001635911166427423
7498,0.00020429055127938579
7499,0.002330411603590333
7500,0.00020666351967793165
7501,0.7889382018316307
7502,3.5702030545481366e-06
7503,0.06794219781492314
7504,4.2154409763768465e-05
7505,6.26247158035709e-05
7506,0.00010933966368071799
7507,9.575180314430568e-06
7508,0.027575522431247022
7509,0.0001784448048152972
7510,0.012056539223782846
7511,0.9879378278008341
7512,0.9982016800045603
7513,0.0007786230902256586
7514,0.0011663411319532686
7515,0.0002278922275291327
7516,0.01096813242280148
7517,0.11138547345736442
7518,0.009029481027400157
7519,0.003183385028258335
7520,0.006970539486260712
7521,6.203710090350079e-06
7522,0.0003610799294734648
7523,0.0394261682227442
7524,0.061729893500645325
7525,6.098446466499449e-05
7526,0.0019892200985022397
7527,5.025712022655249e-05
7528,0.0018328331100460429
7529,0.017112930202330907
7530,0.010832514704305535
7531,8.163519967122065e-05
7532,0.08797904917807199
7533,0.007034617318230199
7534,0.00010526773831996759
7535,0.004938060237838116
7536,0.0018368795487323202
7537,0.004933239740934353
7538,0.00013471827865110892
7539,3.6267284712149856e-05
7540,0.00034628858276866984
7541,0.0014049675330661225
7542,5.375065700922467e-05
7543,0.00037526881981232274
7544,4.7489720755585835e-05
7545,0.9803642214483729
7546,3.1470008081125784e-05
7547,9.045036064088572e-05
7548,0.007107028810589356
7549,0.0009801218505544518
7550,0.00043707618644881895
7551,0.0001102594020189432
7552,0.004283639114950147
7553,0.0018385386852981102
7554,0.04451789264915547
7555,0.010879992563886026
7556,0.002064460368548679
7557,0.00021385522966511344
7558,0.0002271475153428688
7559,6.737303196355843e-05
7560,0.00044839195182615747
7561,8.472598871440612e-05
7562,0.18464844082527684
7563,0.0003026533516184885
7564,0.00011046257191962836
7565,0.0007777784408878642
7566,0.9771730007299857
7567,0.004782226006641661
7568,0.00030406902152027495
7569,0.0014051705013765833
7570,0.005336447477075149
7571,0.00032168932178790514
7572,0.01787163986216387
7573,5.155820504502933e-06
7574,4.941530016597093e-06
7575,0.0009731199968956876
7576,0.005843855152074782
7577,0.0037640732104248288
7578,0.0004880941908809621
7579,0.00026374871252709154
7580,3.136060186156358e-05
7581,4.139823846162833e-05
7582,0.9914408390892226
7583,0.0001533403905946284
7584,9.770855875472961e-06
7585,0.0001946189462425028
7586,1.5920064654769674e-05
7587,0.000506986417996056
7588,0.00010198607925606534
7589,0.0013884232150169033
7590,0.005247700761008747
7591,0.0015040501816296788
7592,0.9941133526711674
7593,0.00015895291891824845
7594,0.0456641449379037
7595,0.00045793358824557513
7596,0.00069385294246994
7597,0.0001417858722907251
7598,1.1669531806123535e-05
7599,6.298630961054802e-05
7600,0.00030489048139891296
7601,0.00030256999691553296
7602,0.005459923295496428
7603,1.5734955059817343e-05
7604,0.00023607254345980674
7605,0.0001342885669635157
7606,0.141647093222426
7607,9.346873969648768e-05
7608,0.0002476056059182
7609,0.00019063237060688536
7610,8.767828773961223e-06
7611,0.00011223277044892632
7612,0.00017894483228503454
7613,0.0001719961368696843
7614,0.000519851833666144
7615,0.0001645206563959376
7616,0.00022468016323774323
7617,0.9965289376641785
7618,1.3117987682201184e-05
7619,9.054594916194055e-06
7620,0.008905789711863272
7621,0.007442023049000314
7622,4.396526883503041e-05
7623,0.00012861173023842853
7624,2.4483385018942556e-05
7625,0.07217663739936302
7626,0.0001733856177532791
7627,0.0006954140891572037
7628,0.99587066467373
7629,0.15181019022560846
7630,5.688911836901932e-05
7631,0.00021575590984083344
7632,0.014197664952720446
7633,0.017462663638128872
7634,0.05341252696960421
7635,8.715909069688747e-06
7636,0.001762910696471641
7637,0.005913974299481718
7638,0.007900036703088429
7639,0.00028813396697519657
7640,0.0004006282724269914
7641,7.137266951394222e-06
7642,0.0072912066807297605
7643,0.00019670998380445114
7644,0.05328893137895478
7645,0.10187223277998507
7646,0.02201362554194174
7647,0.0003417057344326579
7648,6.257635335728826e-05
7649,0.03563407158954361
7650,0.04280229346270631
7651,0.011643908841534201
7652,0.0007174337753806188
7653,0.0001099885410989239
7654,0.003453682170582492
7655,0.07429766246328295
7656,0.9858926231077405
7657,0.004012970962116022
7658,0.9958711479405047
7659,0.998937596629139
7660,0.9880239850677551
7661,0.9913093631479443
7662,0.0004256304570093775
7663,0.0035617220773228888
7664,0.0007052617668417509
7665,0.005520220946183214
7666,0.7691824875707743
7667,6.405197472532758e-05
7668,0.0001786398981005371
7669,7.706210504682144e-05
7670,0.3797175571611226
7671,0.0021233104532141474
7672,0.00021564412381925883
7673,0.00021206746573249584
7674,0.2496798522196209
7675,0.00012260791440703932
7676,0.00018760660669605173
7677,0.00044568945932942127
7678,0.0010924703816501593
7679,0.9929864796436696
7680,0.0013505820380389014
7681,0.07866011730997925
7682,0.00015745414158740514
7683,0.00045453848177219103
7684,0.005480306889536181
7685,0.004926038131270942
7686,0.0019568895441350815
7687,0.0005973539910453342
7688,0.0002548934986933587
7689,0.00019422966245708872
7690,0.1365704283966411
7691,8.515819749558914e-07
7692,0.00039661805503355546
7693,0.0002225315714873036
7694,0.002922350903953295
7695,0.0028066481486551326
7696,7.485314889448205e-06
7697,0.02614136009712429
7698,0.00801408711707873
7699,0.9502042592535993
7700,0.005032672245856465
7701,2.413442208055458e-05
7702,0.9852886996554696
7703,0.02676603298762211
7704,0.02107057596862043
7705,0.015426540446672226
7706,5.887239397345715e-05
7707,0.0021379563679224797
7708,0.025545759798946653
7709,0.005307894611586674
7710,0.016304824743212813
7711,0.00024250821391759843
7712,0.2655555385502997
7713,0.015988479258503885
7714,0.0043950322178913865
7715,0.13878738641160424
7716,0.011957201268753936
7717,0.0017407439317862696
7718,0.02983792883385015
7719,0.7860023582727332
7720,0.00011869832363340619
7721,0.00011162690103766256
7722,0.00047667319899828014
7723,0.13077475418400206
7724,0.07755411562922036
7725,0.005844762150085039
7726,0.005117414095108584
7727,0.041293986254080595
7728,1.6079942777436556e-05
7729,0.00014412176198415756
7730,7.073385250525782e-05
7731,0.002292284245383057
7732,0.03289547608112065
7733,0.0019383712412234973
7734,0.0012065031432183211
7735,0.000424167088436056
7736,7.694373336193181e-05
7737,0.3018315750660707
7738,0.0022277740704064143
7739,9.525656095193656e-06
7740,0.00024549965789912866
7741,2.8521090325294844e-05
7742,0.9946337201346926
7743,0.0014631748642326815
7744,0.005626410670512983
7745,0.9946572762192805
7746,0.019842805108127082
7747,0.018557600657470412
7748,0.00029630678108292553
7749,0.00026743842771804235
7750,0.006694651562925367
7751,0.011284263051867588
7752,0.013103052298283974
7753,0.9979052467868016
7754,0.0020972550970005987
7755,0.0001749268887464818
7756,0.0031186962288428078
7757,0.0001002861541380429
7758,5.971645712197764e-05
7759,0.0012966096201236237
7760,7.358707688168567e-05
7761,0.05608361930217807
7762,0.03259323169434302
7763,3.625312103211002e-05
7764,0.0006231057847437447
7765,4.725521732091652e-05
7766,6.392446845130596e-05
7767,0.0001892662634963821
7768,5.813410536308223e-05
7769,0.00032265627058641877
7770,0.020996586728989197
7771,6.132749368867745e-05
7772,0.12221761920943061
7773,0.9967977435462654
7774,0.002024313147703369
7775,0.06853713028312566
7776,0.006692964150740083
7777,1.3499604290625904e-05
7778,0.032235916211914725
7779,8.07215818557027e-06
7780,0.020290055908430922
7781,0.0012465542494768482
7782,0.1328323544591152
7783,0.003924533023009699
7784,0.025882873707127114
7785,6.253578007123513e-05
7786,8.910791163987369e-06
7787,0.0029404894090181537
7788,1.4572148702684113e-05
7789,0.996484574398689
7790,0.0001042647418025842
7791,2.6394288930278288e-05
7792,9.009729327766415e-05
7793,5.869884982674825e-05
7794,0.0003209644542370063
7795,0.00013614796212016875
7796,0.08728343773814659
7797,0.0001783108222289957
7798,0.3337871184264568
7799,0.9486066830697952
7800,0.024107579894722078
7801,0.0005502371883243439
7802,0.02766052828652042
7803,0.009211471479531646
7804,0.004253159722181324
7805,0.9992634972453578
7806,0.0002826735325868179
7807,8.33751044745819e-06
7808,0.00023407440652455813
7809,0.00010732573264537578
7810,0.0011842320053078097
7811,0.011647101249018337
7812,0.053966911501395834
7813,0.20918151685907432
7814,1.3553147570142426e-05
7815,0.0005139992248707058
7816,0.9941221091876369
7817,2.766538849934729e-05
7818,9.24437573449091e-05
7819,0.9978760049839197
7820,0.000394023999451983
7821,0.0003826665160527803
7822,0.007212057802573812
7823,0.5457637858824504
7824,0.0004501775837158147
7825,0.0002210004109470746
7826,4.550621573144313e-05
7827,0.998464372931658
7828,0.04272811525231715
7829,0.002103241759319004
7830,0.00011355662444479105
7831,0.0003413106026606876
7832,0.0004126027250582146
7833,1.208573914900843e-05
7834,0.5539248797380508
7835,0.2596686692712281
7836,0.15700274730115632
7837,0.004090678339957678
7838,9.635547663528057e-05
7839,0.007899162718831227
7840,0.0014969607418632302
7841,0.01849546411450888
7842,0.0005584515542378092
7843,0.00011898327201125061
7844,0.0003019499623155095
7845,0.020517544657156626
7846,0.0001133294340389537
7847,0.0003011024383673184
7848,3.934484758188609e-05
7849,0.9935830332150204
7850,9.397469697255734e-05
7851,0.0034413186325270816
7852,5.705939893107625e-05
7853,0.006376093270996433
7854,0.00013081408359459813
7855,0.00024755215197542037
7856,0.0004079389947095856
7857,0.0010436354896639665
7858,0.9971147676077843
7859,2.118410541145722e-05
7860,0.00039878116715994004
7861,0.002451628815885137
7862,0.9986811147214592
7863,0.00029962362339980216
7864,0.00016914209016148158
7865,0.2881346458263064
7866,0.0033424116126359927
7867,0.0001149963262015498
7868,0.00017111855547773374
7869,0.00034723010218786523
7870,0.00012113112288028806
7871,0.0001408447291873619
7872,8.204817287537859e-05
7873,0.005331847416955461
7874,0.00010928310772098837
7875,0.9716745222794876
7876,0.0021417384359418944
7877,0.01952092859493611
7878,0.013767621909301577
7879,0.9964698057467644
7880,2.3008596967771562e-05
7881,0.0003727989420042891
7882,0.8256173996933726
7883,0.0001902281566212099
7884,0.989876318407173
7885,0.0027304441077355126
7886,0.00020678841791698025
7887,0.9961321437255067
7888,6.802067081125964e-05
7889,0.0019210932035420008
7890,0.012422732684792636
7891,0.00023892525771633614
7892,0.028382770314660865
7893,5.498196472658841e-06
7894,0.0017136823266239187
7895,0.001101392133729925
7896,0.9983974536982447
7897,2.887465761255972e-05
7898,0.00040634014528323026
7899,2.3215407648328132e-05
7900,0.008870566593178818
7901,0.02535928421626781
7902,0.995229458812285
7903,0.9965548219537717
7904,0.03688212996012782
7905,0.07372666649080745
7906,0.00010594429979173079
7907,0.04420516212574058
7908,3.651459065861373e-05
7909,7.03203693567479e-05
7910,0.0011841964782709734
7911,0.005849453790844277
7912,0.00018467506183491466
7913,0.00019557443926108146
7914,0.0008528245685861382
7915,0.9966876741150129
7916,0.00047284678089102065
7917,0.0006954123021043811
7918,0.9990194616650347
7919,0.001157878469726869
7920,9.915370927253402e-05
7921,0.0643597613695157
7922,0.020475723356117335
7923,0.0003299934765113971
7924,0.0006486108438227394
7925,0.0005218473129110744
7926,0.0001718060572687955
7927,0.008452370059104401
7928,0.0006844057843397513
7929,0.978938064470222
7930,0.00016449715692788306
7931,0.00025957678344017143
7932,2.2625011134611267e-05
7933,4.5060815104018216e-05
7934,0.00015127906031795765
7935,0.10126111317403907
7936,0.0013315863403088632
7937,0.00045810013838762175
7938,0.00013186438263636545
7939,0.008334558552294586
7940,0.0032000275800354453
7941,0.00017390223114082393
7942,5.706646265578328e-05
7943,3.39292362896903e-05
7944,0.00035693454448402633
7945,0.9993526176670979
7946,2.691272122098838e-05
7947,0.00020340828144893683
7948,0.0010762415792027022
7949,0.3126932518449032
7950,8.077543865805203e-05
7951,0.00011045568575475642
7952,0.00017662257257902538
7953,0.0006107806753894512
7954,0.00023745279812176063
7955,0.980854257506507
7956,0.997658852093069
7957,0.0007921732729215617
7958,0.0016286930378701543
7959,0.16214034153089582
7960,0.0004663365146489613
7961,0.000529359722033317
7962,0.9966310312064017
7963,0.009037317412781177
7964,0.009766910543841096
7965,7.572306701544254e-06
7966,5.2074240486923964e-05
7967,0.00013265634642726495
7968,0.0003344605213357576
7969,7.513800758135746e-05
7970,0.00018810234012559172
7971,1.747816987030387e-05
7972,3.361387124512951e-05
7973,0.00011781376278262742
7974,0.009135870703173805
7975,0.0008424750126797677
7976,0.05887882343562832
7977,6.488298296005486e-05
7978,0.0009429370779838128
7979,2.788384424162909e-05
7980,4.812490131550636e-05
7981,0.00023334292237807376
7982,9.25774866050748e-05
7983,2.5102456395587644e-05
7984,3.3393903309944e-05
7985,0.021573504961744826
7986,0.0001614745108019987
7987,7.037962931195967e-06
7988,7.659058653823448e-05
7989,6.135024999248742e-05
7990,0.0005543920525934211
7991,4.227841958475643e-05
7992,0.00013254369197635368
7993,0.477772316725416
7994,0.07314376000325543
7995,0.0001349226600245397
7996,0.0002418390770635048
7997,0.00032288922780400887
7998,0.009407041607695815
7999,0.00010613315161448847
8000,0.00048320847861684857
8001,5.169949877395012e-05
8002,0.040779409520283506
8003,0.0015131172625680804
8004,0.9975729409506986
8005,0.00011456612792468488
8006,0.5068424859851323
8007,0.3161100200172165
8008,0.00041885400422454955
8009,0.019804929263667136
8010,0.0010955313132287464
8011,2.611798106335502e-05
8012,0.00010843590865372747
8013,9.33085838381619e-05
8014,3.629627658476521e-05
8015,0.0003758709289237781
8016,0.001504988105127478
8017,0.0007724123748080482
8018,0.006225452766933162
8019,0.0026129102224846956
8020,0.005435339401154028
8021,0.029126563273984434
8022,0.9324347683668404
8023,0.002486735262011216
8024,0.00024305305043727251
8025,0.035482061037333125
8026,0.0002280370205150024
8027,0.998896627969774
8028,0.00017492993636596897
8029,0.0007321260799182837
8030,0.4147169372193578
8031,0.0029621052346093506
8032,7.111825896098222e-06
8033,6.813410327476352e-05
8034,6.154397894697907e-06
8035,0.001684508023325067
8036,0.0004020172869873195
8037,3.4300246541196645e-05
8038,0.9986685060410476
8039,5.1741696860714774e-05
8040,0.9913144766820443
8041,0.18346697633731718
8042,0.00016994322809262195
8043,0.021791877267175058
8044,0.0002823468056309824
8045,0.18629974987613623
8046,0.00014792125550861182
8047,0.9991911297786082
8048,0.9981310258210172
8049,0.0011403149528289157
8050,0.0005201892027163514
8051,0.00013690461188308852
8052,0.11358018299549097
8053,0.00022397587710940728
8054,0.0550739470780668
8055,0.003217532185324673
8056,0.22470580950382768
8057,7.629015691937851e-05
8058,0.04690056083443396
8059,0.0037473872768061097
8060,5.515949462698975e-06
8061,0.0014597648392643374
8062,0.952316377426729
8063,0.01846753334581067
8064,0.9990351615230779
8065,0.013201181624567468
8066,0.9986350433787992
8067,0.06973652894691608
8068,6.858260683636791e-05
8069,0.005215188460709576
8070,0.0006193276918569633
8071,0.002535789283063252
8072,0.9909302902530556
8073,9.894301929071031e-06
8074,0.036073108053624
8075,0.00610434106695599
8076,8.521597655520064e-05
8077,0.0005179683241210268
8078,0.9588703468806334
8079,0.00038759917867684185
8080,3.457462464457086e-05
8081,7.794507816746949e-05
8082,0.00012490659225440024
8083,0.0012815193943176346
8084,0.002665283097564448
8085,0.14900776588520465
8086,0.0005899332455225186
8087,1.1885369825525663e-05
8088,0.00019774083495285974
8089,0.00018606796094120765
8090,0.0007397225077920266
8091,1.2697556882933248e-05
8092,7.874602379648981e-05
8093,3.2155483581215863e-06
8094,0.11690793537325221
8095,0.003240475947070846
8096,0.0010797840740955588
8097,0.0005407839337154388
8098,0.9915784104526637
8099,2.661467600873256e-05
8100,5.612495400812601e-05
8101,0.010279976485673357
8102,0.00018100752833769446
8103,0.00028279194823645893
8104,0.0001637876334795573
8105,0.07616572871113084
8106,7.591913121727515e-05
8107,0.00010967926546673515
8108,0.0001615836771996791
8109,0.0033057414296661196
8110,5.8668415900486035e-05
8111,0.000322456350169371
8112,0.00013641654845631177
8113,0.00041334553413011424
8114,0.00037438658238814714
8115,0.9968306894763875
8116,0.9996052099917453
8117,0.010840040541911962
8118,0.00034068090728667276
8119,0.0002466615137433599
8120,0.0937013237876885
8121,0.00010495767230923804
8122,0.0023017770056753244
8123,0.0003549557222979635
8124,9.836239189447518e-05
8125,7.855915196460517e-05
8126,0.03316681686702038
8127,0.008489902796741434
8128,0.00015103646544024348
8129,0.00011594438904455274
8130,0.031030879046679644
8131,0.00020960292749232955
8132,0.00021726659769536928
8133,0.996185103418688
8134,0.06236625963425626
8135,0.9990196917468541
8136,0.0012382190683143785
8137,2.0544188789210412e-05
8138,0.00010628911652806228
8139,0.998309114646279
8140,8.776218989741411e-05
8141,4.860344227335677e-05
8142,0.004095394151019206
8143,0.03522015890145768
8144,0.0006595724804229848
8145,0.00022069622851833402
8146,0.0001378047431348453
8147,0.0001986513274182437
8148,0.001267874155284498
8149,0.0003133246980541606
8150,0.0003250128444039161
8151,0.00026783251194979123
8152,0.00013189740505048847
8153,0.00030199248525969067
8154,0.0005699225488179341
8155,0.013739786598564712
8156,0.004501659835950894
8157,0.00258956520135796
8158,0.0005189776081405462
8159,0.057312415933622074
8160,0.0004006611943814313
8161,0.08143010659320099
8162,0.08387924925526513
8163,0.00015760327601232078
8164,0.005160788028438584
8165,3.5986386211457926e-05
8166,0.00026389823021869696
8167,0.0001605653116308313
8168,3.1642749413485376e-05
8169,0.02642473513525335
8170,1.4953947560938304e-05
8171,0.0022835170909039377
8172,0.00028664726291358
8173,6.375048732134737e-05
8174,0.10022022628373868
8175,0.015106596128661326
8176,0.008031117536658788
8177,0.010672473701085284
8178,0.0012898219943484938
8179,0.02801773862038893
8180,0.000726600128711957
8181,0.00345918754162886
8182,9.283749422869644e-05
8183,0.10167354864177436
8184,0.03383350110893975
8185,0.990295282992203
8186,0.9939961425351015
8187,0.10521272435642107
8188,0.00018722022602518526
8189,0.0021167877024554655
8190,0.0005085719485564973
8191,0.9978010639220931
8192,0.0001233827704483895
8193,5.232571811297172e-05
8194,1.8793010287749888e-05
8195,4.582315259516615e-06
8196,0.00118316544716284
8197,0.00043163778407253196
8198,0.00013894482211312983
8199,0.9986520242123909
8200,0.00013408465987646076
8201,1.9475894502040302e-05
8202,4.397138166133963e-05
8203,0.0033616832008975307
8204,0.10956942382614451
8205,0.008752962871274677
8206,0.0011433869183143657
8207,3.866349055232856e-05
8208,5.517576331748059e-05
8209,0.022863249938517106
8210,0.9940857178822216
8211,0.9992501062561244
8212,6.201722542298478e-05
8213,0.9970692084587107
8214,0.003581812339778772
8215,0.002138935917269541
8216,0.001662864484291825
8217,0.007946655056043153
8218,0.005708203059840537
8219,0.00010449986927289702
8220,0.09719192620564762
8221,0.0004596315708475066
8222,2.6074706235759084e-05
8223,0.9992906125367765
8224,9.33837692819675e-06
8225,0.00014621208845273272
8226,0.25371217047555356
8227,0.005499135487928214
8228,0.009950542848425406
8229,0.28646359800140275
8230,8.179749627211213e-05
8231,0.052089238483275305
8232,0.9559990898995603
8233,8.836131003039472e-05
8234,0.0005789312594869082
8235,0.014046311114079921
8236,0.0015840247090980661
8237,0.00015358848512036884
8238,0.0003265008459203421
8239,9.158652596919414e-05
8240,0.005179195711408189
8241,1.1179273531421159e-05
8242,0.00039094066977795233
8243,4.910154105769328e-05
8244,0.01316379593932639
8245,0.00027023901901070596
8246,0.00019838070942761383
8247,0.00027606472164841677
8248,0.00026560015189426854
8249,7.396359620342189e-05
8250,0.004407504708341278
8251,0.9969311477725842
8252,0.055973372810675534
8253,0.07354366927228444
8254,0.0037083151084702005
8255,0.01679690859423876
8256,0.00027846720672134416
8257,0.00037223823202673864
8258,7.297358175734181e-05
8259,0.03706243302065414
8260,0.014769599550058845
8261,0.0743984204005427
8262,6.0649957033599974e-05
8263,9.561443550861183e-06
8264,0.00039610943507088
8265,2.8910542206307226e-05
8266,0.00032998324122238945
8267,7.305629347970942e-05
8268,0.00013090950337649887
8269,0.99840083558946
8270,0.0003043079903593985
8271,0.02731469098605378
8272,4.9286909495061005e-05
8273,0.00029772390725853583
8274,9.531163157855495e-05
8275,0.00015823527378068452
8276,0.008815289892520107
8277,0.00027560783506584
8278,0.00018033800967814367
8279,0.000179530113262788
8280,0.00022220533145069404
8281,4.025246767769781e-05
8282,0.0002050428771896483
8283,0.00020098606325004092
8284,0.012398727767387614
8285,0.9989431700584177
8286,0.9936548819711473
8287,0.9922308903684562
8288,0.00028342553069116274
8289,3.2367410677461124e-05
8290,0.013535760630459578
8291,6.828868370668652e-05
8292,0.9977926525381186
8293,5.379965265531124e-05
8294,2.8428570749347777e-05
8295,0.9889666242333792
8296,0.0007937195796733269
8297,0.025000409976787985
8298,0.0010109455840571601
8299,0.00030516089819048223
8300,3.7850808926722656e-05
8301,0.00017274899564126143
8302,0.9979186605983704
8303,0.003770787253402594
8304,5.7322557712057896e-05
8305,0.00015321309039995027
8306,0.00028768537398856655
8307,0.004471472833675119
8308,0.1463963642118187
8309,0.002382355430961053
8310,0.11373615776679986
8311,0.0003751216620859185
8312,0.00017617005546205475
8313,0.0005389055941325538
8314,6.91159897604105e-05
8315,4.4530203587756966e-05
8316,0.002721111127069432
8317,0.0003554212548341559
8318,0.9975274670071128
8319,0.0002351297502668561
8320,0.040450148973018
8321,0.0003688789483755772
8322,4.536341930387831e-05
8323,6.875900358511454e-05
8324,0.01770691484351542
8325,0.00019899012700753038
8326,8.731980315589651e-05
8327,0.0001486119696217271
8328,0.9980136594109161
8329,6.297583412579175e-05
8330,0.0003263464458838353
8331,0.052933839819449116
8332,0.038121995565207234
8333,0.0004503580435019416
8334,0.6059561098321018
8335,0.0008417522999654827
8336,0.00022058869803827282
8337,0.1273875122054785
8338,0.008353456221445777
8339,0.00011550432709220778
8340,0.0001039096104685649
8341,0.002618002874555102
8342,5.5729055322421e-06
8343,0.9983761995321736
8344,0.0015405965672552762
8345,0.02534658628418147
8346,0.3911072042502412
8347,0.013045844486970118
8348,0.0001467327425982509
8349,0.00029722368810262045
8350,0.0005953455088686436
8351,5.409222974548949e-05
8352,0.0010212372366702718
8353,0.00025657874542756585
8354,0.00013922200918330233
8355,0.947324668790429
8356,0.005619055560242515
8357,0.0035387361270620547
8358,0.004260901045234269
8359,0.0002655455769774057
8360,0.9624186142258191
8361,0.00014257269119668253
8362,3.7166097203227356e-05
8363,0.015364589913120164
8364,0.01806761723816882
8365,0.004475102630336715
8366,0.09203351790283898
8367,0.0015114614066454204
8368,6.664100534581876e-05
8369,0.0011029730375582557
8370,0.0024143852932086676
8371,0.00013493130884589523
8372,0.036172375606862595
8373,0.04088373379191538
8374,1.2302779854588875e-05
8375,2.061679640586667e-05
8376,9.093527197997684e-06
8377,1.2630004041487618e-05
8378,1.2466116019992091e-05
8379,0.04999549417057471
8380,0.33748900162521983
8381,4.414223586610541e-05
8382,0.00021907602795322254
8383,0.9727406580752277
8384,0.00017563903654150694
8385,0.00035840001121889304
8386,0.0002718165121854498
8387,0.00012679821917393786
8388,0.00039169344436215095
8389,0.00010497993480603523
8390,0.9990366023360974
8391,7.627665648408957e-05
8392,0.0001778987918716792
8393,0.0002017984270564193
8394,0.0028521035836261205
8395,0.00024749667539051493
8396,0.0009124933710096355
8397,0.0009338346117913234
8398,0.0001308119114656872
8399,1.0479237974953792e-05
8400,0.10913461485126685
8401,4.850471675978358e-05
8402,0.9645764685861635
8403,0.16737216498170185
8404,0.002057827620027209
8405,0.0005848690516308222
8406,0.00014293997451779282
8407,0.0010775589609981924
8408,0.0057533357416943084
8409,0.00018876594586148774
8410,0.0007415542328193745
8411,0.0029919676558592097
8412,0.0005144127479810873
8413,0.005411666783125469
8414,0.00019197592290842537
8415,6.331145167287295e-05
8416,0.0023070229777208077
8417,0.007983636445997188
8418,0.015373525264411086
8419,0.011507121844089228
8420,0.018001612117013392
8421,0.00014972058582388495
8422,0.004770108647836344
8423,0.00023401285499313323
8424,9.131801224350305e-05
8425,0.9992004663307416
8426,1.1199297888398241e-05
8427,0.00032615501593412393
8428,0.00015104916388900658
8429,4.041091117594661e-05
8430,5.053444125392911e-05
8431,3.609821215592118e-05
8432,7.0608645623420484e-06
8433,0.000813294917260866
8434,0.0002537564162761317
8435,0.00014607286446258476
8436,0.4773045965885491
8437,0.0004406306672431746
8438,0.0003322217581669207
8439,0.0009369761127812736
8440,0.4151073094359591
8441,0.0005063789918453293
8442,0.00021785228425797695
8443,0.011998148180756344
8444,3.629768838255474e-05
8445,0.0001062080784722847
8446,2.5480304819642082e-05
8447,3.6039850236293275e-05
8448,0.01686150314149187
8449,0.0005285395807916756
8450,0.0002291814530836972
8451,0.012464072045723324
8452,0.00024746272334147406
8453,0.000371943826007742
8454,0.01830376211741771
8455,0.00041975180680883735
8456,0.9747445704173936
8457,0.00023194118437218532
8458,4.213737855154341e-05
8459,0.02243640515192551
8460,0.00012159371613011669
8461,0.00022467290991930546
8462,0.9888013551233878
8463,0.0005024231936772937
8464,0.00038858823668628086
8465,0.0006245836209545735
8466,0.007916250578454711
8467,0.0005219967586578474
8468,0.49645221778634596
8469,0.01625042531460246
8470,0.00010513964766559395
8471,2.831392829762997e-05
8472,6.524384618641976e-05
8473,6.2432926632593e-05
8474,0.002991189170237231
8475,0.9845796302410218
8476,0.32902243961943395
8477,0.05709063654213713
8478,0.00019740574017527418
8479,0.0452635825993445
8480,0.5484831728827924
8481,0.014298684715982298
8482,0.00010281801678107652
8483,1.3985996284572984e-05
8484,0.0013835041792249997
8485,9.571594233024106e-05
8486,0.0012483521440851378
8487,0.00010529473662981993
8488,0.007213313083443041
8489,0.0003773391787959643
8490,0.00017132181532895913
8491,0.025707393468698204
8492,5.587499580969562e-05
8493,1.3222886396634746e-06
8494,4.74371481931877e-05
8495,0.00010520004414670448
8496,0.00017654593440542254
8497,0.00016625725441196944
8498,0.0009616929247880185
8499,4.8362856817057465e-05
8500,5.183993514595864e-05
8501,0.0001001043029545639
8502,0.06369566902110858
8503,0.000191901684364072
8504,5.688661132161666e-05
8505,2.305264232972514e-05
8506,0.0003531479218472001
8507,0.04771282442424303
8508,0.00018011512587991576
8509,0.032315590430565796
8510,0.0003364844344168476
8511,0.00016663737420150325
8512,3.324183886219187e-05
8513,0.00017109060895955736
8514,1.696901945868007e-05
8515,0.0004295625520507582
8516,0.053426657465762716
8517,8.480251327698776e-05
8518,6.481643672336842e-05
8519,9.902724456302298e-05
8520,2.711359747598918e-05
8521,5.6391571452490616e-05
8522,0.00021377071744324225
8523,0.9852156593822936
8524,0.009560144376516078
8525,0.00012291287507661678
8526,0.17731142329127483
8527,0.0002440811928976486
8528,0.9891603036333638
8529,2.417983002922365e-05
8530,0.011738877812970751
8531,0.006601380078262211
8532,0.00016789367129143288
8533,0.0042904596186876635
8534,3.8193336514506695e-05
8535,0.00012048996970750478
8536,0.09924102664073989
8537,0.008703743558016485
8538,1.4448649215514394e-05
8539,0.42997605147635226
8540,0.0015424895722950937
8541,6.0513284533177125e-05
8542,0.00030208794871778644
8543,0.0006146475042889199
8544,0.00046617488131402553
8545,0.0009046174930501987
8546,0.00017430223687692062
8547,0.9989651591809166
8548,0.007429948268505462
8549,0.000482960392334914
8550,4.723394952817169e-05
8551,0.000956220395386537
8552,0.00032606663574205684
8553,0.995065559773405
8554,0.04567388378051347
8555,0.2851954444098796
8556,4.71936751543203e-05
8557,0.010112296207194338
8558,0.00021136148416734456
8559,0.0003522447173035815
8560,0.000304297262800922
8561,0.006937811401520194
8562,0.00017645076941432588
8563,0.3224829328846582
8564,0.0008631729458480235
8565,0.02113191961010376
8566,0.00014514855057390667
8567,0.027374417522962758
8568,0.0025727008025838377
8569,0.23097870713151494
8570,0.00045366664241724557
8571,1.3113221831323484e-05
8572,9.597680113830219e-05
8573,0.000137300893061165
8574,0.007226388159373653
8575,0.655506646198485
8576,5.359253768569292e-05
8577,0.0002228500995927661
8578,0.00011958943166204374
8579,8.936938612279943e-05
8580,0.0036199015831639104
8581,0.9894903913176414
8582,0.0988812688222215
8583,0.9982920155846097
8584,0.00017908371367763247
8585,0.00031586766975790387
8586,3.8982160599624474e-05
8587,0.0003358681795877633
8588,0.01929028323197358
8589,0.0040962846067289
8590,2.2832653365810383e-05
8591,0.0008340505862689475
8592,4.4774899738929454e-05
8593,0.0010814836403648825
8594,6.529441730267103e-05
8595,0.002919489021333277
8596,0.0013281959369256355
8597,0.0009235530217905428
8598,0.0006919061383513891
8599,0.00014781822318900897
8600,0.00048080496703523275
8601,0.00010139695877482759
8602,0.11272972847723799
8603,0.000463051840665676
8604,0.0001742921740882755
8605,0.011807807821819925
8606,0.0003678478552983194
8607,0.9969503027331804
8608,0.00015215991695252093
8609,0.0020515007756675514
8610,0.0018932478932605586
8611,4.0989201062496374e-05
8612,0.0006961804280766071
8613,0.034930835103752056
8614,0.000758830050169796
8615,0.0006686335654387294
8616,9.019851642766481e-05
8617,1.023743344316631e-05
8618,0.12535690264909255
8619,0.00019342948270607098
8620,5.317641321533912e-05
8621,0.0013112635810511742
8622,0.018448848396372074
8623,0.005700059105621604
8624,0.00047616284203420964
8625,0.12483668893131164
8626,0.49605037001593316
8627,0.00010765532420476797
8628,0.00032909643371661625
8629,0.0009287216802853507
8630,0.0010427157088133202
8631,0.02029304962354426
8632,0.000941816844318436
8633,5.940360120464137e-05
8634,0.00013956831238184816
8635,0.7738320537720593
8636,0.00015508025377486875
8637,0.0014516138804424328
8638,9.46425429999925e-05
8639,0.010916300625207122
8640,5.0532901483377384e-05
8641,6.034847937544935e-05
8642,6.523054685397253e-06
8643,0.0018560477023114128
8644,0.00010653547946066873
8645,3.3199566105785086e-06
8646,0.002948444197979147
8647,0.009203941559816693
8648,0.0035221680143805293
8649,3.29532236429625e-06
8650,0.0022390621291640224
8651,0.18607774703345425
8652,7.343256243603297e-05
8653,6.770972053545672e-07
8654,0.0026564448107540403
8655,0.00010449505407279935
8656,9.601835079763587e-05
8657,0.0013892821230910943
8658,0.0010601761410635952
8659,0.0001119374505883888
8660,0.0003549435948110872
8661,0.011301811618283747
8662,4.6281983121219985e-05
8663,0.0023204609352221696
8664,0.0008872569257904085
8665,0.0017252971632446715
8666,1.5473295571141644e-05
8667,0.0004926232776086004
8668,0.0015042680777592637
8669,0.00024096334492267464
8670,0.00010700923496411959
8671,4.7190710247431866e-05
8672,0.0010352290877761923
8673,0.0007291150415486822
8674,0.00188132527131174
8675,0.0002331327145850423
8676,9.630753936085916e-07
8677,0.0001164151995947292
8678,0.0004590363939658575
8679,0.007432625232118004
8680,0.00010156817601733759
8681,4.035213212226401e-06
8682,0.003103767338214782
8683,1.2111820839462799e-06
8684,0.0007887756878695032
8685,1.5743062779261042e-06
8686,0.00010482171489325834
8687,3.6631149786882376e-05
8688,0.0020204305044438224
8689,0.0008690639186414064
8690,0.0005024056333821609
8691,0.0027232975076772943
8692,0.00024028307846242977
8693,0.0011501245631770154
8694,0.00023419845360943503
8695,0.00031114214401586324
8696,2.1970067195623707e-05
8697,0.003561908406569267
8698,0.003130094028255378
8699,0.0042468065296252504
8700,0.042980424450959995
8701,2.3853219640140616e-05
8702,0.002543427141368612
8703,0.0013925027311910492
8704,3.737022504651897e-05
8705,1.1411455436233308e-06
8706,0.00023916594257342795
8707,0.035115967593542644
8708,0.24882649590278297
8709,0.0002525267421093996
8710,0.0015275434365363025
8711,0.002635021454629111
8712,0.0006346748148713525
8713,0.002230286072444964
8714,3.1605577587029604e-06
8715,4.286152204528213e-06
8716,0.0003219451892050195
8717,0.0029605302677051535
8718,0.054891194310397115
8719,0.010686096041844262
8720,0.10539341466451554
8721,0.028100878839195757
8722,0.0004583626014708359
8723,0.009123189311290705
8724,0.011980460807499834
8725,0.0004433374923267901
8726,0.03122016712689445
8727,0.004562805075964122
8728,0.00010099545358698505
8729,0.004289516752201463
8730,5.836866467795088e-05
8731,6.990638062547886e-07
8732,0.0015379349589306902
8733,0.000359091475037664
8734,0.002887860476749211
8735,8.516599521169385e-05
8736,0.0014524523805654794
8737,0.049611661293868924
8738,7.611681447699134e-07
8739,0.0002826968534683825
8740,2.928703036367975e-07
8741,0.004333358610096847
8742,0.0011598579716105234
8743,0.04126973123268376
8744,0.02018553147880331
8745,0.00241000534278924
8746,3.73009613565677e-06
8747,7.649622350954526e-07
8748,0.0022565751549788586
8749,0.012381041474343445
8750,0.004026510843174285
8751,0.0001836845599110963
8752,0.0906031914046449
8753,0.002506790400932635
8754,0.0009121451563009848
8755,0.00022135610736787972
8756,0.06635221015685228
8757,0.0016168701710278406
8758,0.00032754012116862626
8759,0.00027580659987325444
8760,9.50896212793641e-05
8761,0.0024143993524970825
8762,3.6419209186099964e-06
8763,0.010058811703265126
8764,6.065040864468396e-05
8765,0.2597091665535262
8766,2.773772867278957e-06
8767,0.002285577640185314
8768,8.313056502115076e-06
8769,6.669198154421941e-06
8770,0.002894499220791497
8771,0.00011537618828580745
8772,0.005407999472482749
8773,0.00018105064452392607
8774,1.5993711372559824e-05
8775,0.0013482719458869715
8776,1.0069451152685876e-05
8777,0.0011876939421627325
8778,0.017700296990955062
8779,8.969048681323958e-05
8780,0.0014769136547855995
8781,0.0005300745895973901
8782,0.19057759885875875
8783,0.009127531057520446
8784,0.04885049127796032
8785,0.006560040213808999
8786,0.00017899490464463424
8787,0.0009056386056126902
8788,0.003954783569219826
8789,0.07284586799512956
8790,8.264519582085522e-05
8791,0.00023754241625975684
8792,0.00410554624227242
8793,0.0037383246291644036
8794,0.009734386934778405
8795,0.004866100149642929
8796,0.0026394317462690524
8797,0.000346369750218694
8798,6.677414251540591e-05
8799,1.6954991075445592e-05
8800,0.00013671582939564546
8801,3.9945897563489005e-05
8802,0.013159684112880102
8803,0.0004573364139645026
8804,0.00022862679475376177
8805,0.0011344250545670675
8806,0.0004987393955942032
8807,0.005204310925254698
8808,0.0009671195391247481
8809,0.0016667103453172905
8810,0.0004885490484080196
8811,0.007222533460413809
8812,0.00792387169678523
8813,0.0026562996707587563
8814,0.007656454221047261
8815,0.005066433892783167
8816,0.006401774438654707
8817,0.07640179068731241
8818,0.12651491844978352
8819,0.019428450827128928
8820,0.0004689663881978551
8821,0.0009772356656952883
8822,0.001314668133386003
8823,2.9647610112850228e-05
8824,1.551145055334035e-05
8825,0.0007950020152761028
8826,0.000597234738836532
8827,0.0004666364066335632
8828,0.00013544406037735104
8829,0.002907960484629125
8830,0.05752891273586923
8831,0.0009608906775566524
8832,0.003675081065341707
8833,0.00018482967304782045
8834,0.014395126013159096
8835,0.010406504749969528
8836,0.011725608746691143
8837,0.0004053718154778811
8838,0.0002298647078357638
8839,0.0011868844473692593
8840,0.0016187253331794618
8841,0.0036224079517157364
8842,0.0008999193475720469
8843,0.0007511294747027878
8844,0.00012542393732352774
8845,0.06212652899796582
8846,0.03328541925395832
8847,0.013300065398534528
8848,0.0008277216442440594
8849,0.0017581092373342884
8850,0.00011533574933644827
8851,0.009203648159211184
8852,0.0004482931788666594
8853,3.3089879126929905e-05
8854,0.000331221704968653
8855,5.228967023239849e-05
8856,0.002410425604716532
8857,0.0003302881037049433
8858,0.2500328971647395
8859,0.0005579236847141474
8860,9.933747489091881e-05
8861,5.461417241229258e-07
8862,0.0014690120837111298
8863,0.0001293817717414543
8864,0.00017027817058747242
8865,0.0010485389775046591
8866,0.0024081834441951966
8867,6.570803560981233e-05
8868,0.0004620069659744557
8869,6.713681775757295e-06
8870,9.530093098831508e-05
8871,5.189182160830284e-06
8872,0.008843862334269315
8873,0.006799481011354321
8874,5.5514552043234704e-05
8875,0.00020665361063003894
8876,0.00025087053240165503
8877,0.004307511616579314
8878,0.00014045139617709836
8879,0.0009716464356675757
8880,0.0008267935754442456
8881,0.0010923601178118758
8882,0.000601721909060699
8883,0.0010217970184139514
8884,0.01665016098569658
8885,0.0007223626761050591
8886,0.0015145185424194586
8887,0.013712181929247993
8888,0.0013161601597222266
8889,0.00037367044561876204
8890,8.317484437033636e-05
8891,0.003838071630454502
8892,0.00012535977183077547
8893,0.000378387192214507
8894,0.00012660472700084713
8895,0.0029268351492127568
8896,5.304880292391949e-06
8897,0.0001150475023167317
8898,0.004002820165370185
8899,0.00018520002532027265
8900,0.007616391861112741
8901,6.625063104530184e-05
8902,0.013415441137588172
8903,6.664131541669642e-05
8904,0.009734901472502508
8905,0.0016773965617069518
8906,0.00024765886483863044
8907,0.0003794840070259173
8908,0.0020698009921456683
8909,0.009895013523219602
8910,0.005537561351039146
8911,0.0017625591008635787
8912,0.003308171896906077
8913,1.070052203361878e-06
8914,0.00046306214399947503
8915,1.398884742220926e-05
8916,0.009289979459536486
8917,2.897701535119829e-06
8918,0.011781952442944365
8919,0.0007693914058710854
8920,0.09072325990569469
8921,0.0006189946099961548
8922,0.005370606759944821
8923,7.853515682430047e-05
8924,0.0030321088829710617
8925,0.0024228481687376844
8926,0.00297336751339573
8927,0.00022962874467928303
8928,0.0006093285226868061
8929,0.0016777917260259062
8930,2.9688609392988048e-05
8931,0.0035415978875249984
8932,0.0010316135016770224
8933,0.0003096257455950247
8934,0.08332351970196555
8935,0.0003094239977936498
8936,7.453408883812648e-07
8937,0.003474727846613117
8938,0.0037593681941137207
8939,0.0004976539802396035
8940,0.006495747204279113
8941,2.987204806202487e-05
8942,0.00011933730918023147
8943,0.00015299073498304598
8944,0.0007099376271763359
8945,8.12663234596275e-05
8946,4.230218207579718e-05
8947,0.00010459928244688898
8948,0.0011315096441529022
8949,0.011158815620739235
8950,4.405221558447939e-06
8951,0.0016069974328293047
8952,0.04253893343213492
8953,2.220661464505865e-05
8954,0.03448659069417662
8955,0.02471592574743769
8956,0.003700791147021429
8957,0.00021373896472892456
8958,0.00036114794585454435
8959,0.0011132798690452503
8960,0.00016978067589763692
8961,0.0035518768076280654
8962,0.00027423109586782496
8963,0.0047218650723409635
8964,0.00010366644398788275
8965,0.0036375125623590897
8966,0.016924022511642548
8967,0.00028244140712606195
8968,3.248547396221105e-06
8969,0.0015493600121663782
8970,0.0009174170276703751
8971,0.003500097667854367
8972,0.013034673243649852
8973,0.15555094595558544
8974,0.00027132943748563713
8975,0.002166843583424279
8976,0.002245755949090978
8977,1.9125452882376887e-06
8978,0.0008180092281728696
8979,0.003704446786652848
8980,0.002463413402598766
8981,0.0007828571623181926
8982,0.034651511079589005
8983,0.00024682274262584716
8984,0.0008526195416658297
8985,0.0014920393458243766
8986,0.09332196249911313
8987,0.0018014903362553309
8988,6.537073996738585e-05
8989,0.007276210089276975
8990,0.00013237034168040417
8991,2.5951867513307307e-05
8992,0.002411704124478243
8993,0.0036968327392608554
8994,0.024551253303519895
8995,0.0013907743931720865
8996,0.0014173651456686226
8997,0.0007562732120119799
8998,0.0014184135948117637
8999,0.0010725850979602474
9000,0.0002692258342835819
9001,0.08356306833049065
9002,0.002901860189554846
9003,0.0001452790579851873
9004,0.028350362584052147
9005,0.00813031531847995
9006,2.6978319801916495e-06
9007,0.031216628323842022
9008,0.015518076661420988
9009,6.551798862973698e-06
9010,0.00019169742883056161
9011,0.10587758463678579
9012,0.22718296104513103
9013,0.029503459251772723
9014,0.0007250285096111109
9015,0.005382615970772173
9016,0.005624753492813467
9017,0.0017618148454769667
9018,6.323445053126945e-06
9019,0.0030446489443835983
9020,0.00046140115576169045
9021,0.0006612267617922216
9022,0.00012035256246070266
9023,0.039204233893908876
9024,0.0015041078578575016
9025,0.0016711276626060485
9026,0.0005432350904721805
9027,0.008097474267241101
9028,0.006451538956455916
9029,0.000509974043983248
9030,0.0003592752602127962
9031,0.00043097225374979657
9032,0.0005480951109576457
9033,0.00018137130988492194
9034,4.1845044811319355e-06
9035,6.159977499937208e-06
9036,5.756268179572902e-05
9037,0.001130747924295967
9038,0.0011426726299450316
9039,0.009928168847584115
9040,9.84945265748531e-05
9041,0.0014715994090259857
9042,0.00424195479207914
9043,0.0013180311985362555
9044,0.0004963909718726078
9045,0.0002740917081907393
9046,0.061772203036172105
9047,0.005200655693280818
9048,0.00127233613445477
9049,0.002200405954782146
9050,0.0012410280123210478
9051,0.10401866834063338
9052,0.05801497774849181
9053,0.011739031504227393
9054,0.00965678967718609
9055,0.0017621846808312618
9056,0.001637610698261888
9057,0.0017759308491155118
9058,0.000607072991178697
9059,0.002665420671911245
9060,0.014778912988759935
9061,0.013785077924926715
9062,0.00020816479618887977
9063,0.00035365353777569474
9064,0.6344426625883123
9065,0.0015924603319466186
9066,0.0003600546279804703
9067,0.0013762193782422068
9068,0.004528325050661553
9069,0.002491583341303792
9070,0.001097560005633142
9071,0.0006806333935387325
9072,0.0017956529055588046
9073,1.6153222842749678e-05
9074,3.9594372654665116e-05
9075,2.6971675179737516e-06
9076,0.00035698384724420113
9077,0.0017330677762292432
9078,0.02355962865162959
9079,0.0016970849853399305
9080,0.00017458038720643884
9081,0.0003169861536356217
9082,0.0001389145257400995
9083,0.00219066822000588
9084,0.07186997459652893
9085,0.0038104445132841275
9086,0.0011973058268785388
9087,0.002329180000780753
9088,0.033255590161201956
9089,0.05857429875862363
9090,0.040468429970643024
9091,0.0005794877557676721
9092,0.0006525069376668582
9093,0.00031155876964197784
9094,0.001123229375749539
9095,7.154955041718429e-05
9096,0.4339641514272662
9097,0.06540996006948813
9098,0.0010653051127682968
9099,9.360953068327825e-05
9100,0.001051746345910211
9101,0.002440560211760146
9102,1.066162467618933e-05
9103,0.0019231750193511726
9104,0.008671376684026216
9105,0.011836143652974833
9106,0.016589588969354425
9107,0.0010393585776215862
9108,0.0019197758956959598
9109,0.0027722152015089035
9110,0.00154518910942461
9111,0.0006903647665549593
9112,0.0026412121406076726
9113,0.0017133424692357898
9114,0.09084382339024515
9115,0.09745933284479742
9116,4.4098361227164334e-05
9117,0.012739035009422913
9118,0.0009982039804001285
9119,0.00035677245341140374
9120,0.001233725304532069
9121,0.026952035720397227
9122,3.573543505302454e-05
9123,0.0005023855052586857
9124,0.00989963372854536
9125,0.028815911625466088
9126,0.09876552076445688
9127,0.0015441334254605182
9128,0.08697004014290934
9129,0.0013235912996933767
9130,0.00016234627224051348
9131,0.004208725413856515
9132,0.0002607995294825555
9133,0.0011281618780435412
9134,0.03206893634487105
9135,0.001821808111182547
9136,0.0005004209461552963
9137,0.0009815033151641516
9138,0.0001636478913940935
9139,0.0008748158254578478
9140,0.0006334852719094316
9141,1.3435057004673191e-05
9142,0.0008973764387603656
9143,4.347739950088858e-06
9144,0.0006017316209828429
9145,0.0002609259562280523
9146,0.0007037316261749348
9147,0.0001224111802531903
9148,0.0017563470477687277
9149,3.985052175677333e-06
9150,0.002117641091905366
9151,0.11777072208355688
9152,0.11299846636665004
9153,2.8005612843127964e-05
9154,0.043080311244799635
9155,0.00291037414159715
9156,0.008276640371608445
9157,0.0012307590857723724
9158,0.001025565601420374
9159,9.637139071936522e-06
9160,4.999878579325841e-06
9161,0.0033316032226499747
9162,0.0016609729037629652
9163,1.2446688026264554e-06
9164,0.00580337794049719
9165,0.00051137036266926
9166,0.00046296844240656463
9167,0.044963939621648165
9168,0.0013035813186760897
9169,0.0025204265418468453
9170,0.001980702930581222
9171,0.00045887563870608013
9172,0.0017849369177415316
9173,0.03738213703009674
9174,0.09411541544822659
9175,0.09463720727258487
9176,0.0017236088762625653
9177,0.07057798997696255
9178,0.005998118364507987
9179,0.0039955359625551135
9180,0.001136255538397488
9181,0.0003081185821573127
9182,0.0013573240938602855
9183,0.09123102596873015
9184,0.0002136278530006711
9185,0.0023624777590534884
9186,0.009528930369619104
9187,0.0025736998410075015
9188,0.004209194228935229
9189,5.786149879177738e-06
9190,5.230672252885885e-06
9191,0.0003899685113183707
9192,0.0024601813233363383
9193,0.001154543967979055
9194,0.0026735843655289163
9195,0.0007382343517889232
9196,0.0019472272476829765
9197,1.3386796496824611e-05
9198,0.010945889571695556
9199,0.002291831588855828
9200,0.004037791545528229
9201,8.437693186294429e-05
9202,0.01808791949917201
9203,0.0029283765618407405
9204,0.0023022715013217713
9205,0.00011567859433938288
9206,5.569858910912432e-06
9207,1.8266262501492332e-05
9208,0.0016240058156167824
9209,0.0005475101146500728
9210,0.0012576829476163864
9211,0.020782294857910576
9212,0.0022338553056395665
9213,0.0017455594765531835
9214,0.00048003348930246133
9215,1.6136101044037083e-05
9216,6.40727382184182e-05
9217,0.002898359296767343
9218,0.0025017170070424526
9219,0.0013595806772065731
9220,0.0008315602111540847
9221,0.04780572988178982
9222,0.0038939977474743643
9223,0.0020013281696480154
9224,0.045927683916453854
9225,0.01596295289313593
9226,0.04540173653476213
9227,0.030992167075787797
9228,8.448476519070526e-05
9229,0.0007046469395445589
9230,0.008304170826836179
9231,0.0007786831618938441
9232,4.9834995876466955e-05
9233,0.0007747206342264091
9234,0.008196991495422284
9235,0.020508403295561747
9236,0.01620556539737906
9237,0.0508182489985992
9238,5.169882378800357e-05
9239,0.0005827062726036108
9240,0.007152291988492601
9241,2.613530112118077e-05
9242,0.07597764673830458
9243,0.002475779139558528
9244,0.0005026848157105641
9245,0.0005029554248377139
9246,0.0005782079423033541
9247,5.6931957669352234e-05
9248,0.00108487170015987
9249,0.002290230727831508
9250,0.0007841896640231022
9251,0.0016629481363404277
9252,0.0006796190370815653
9253,0.01606787097809628
9254,0.0009511560641079043
9255,0.0766152902913612
9256,0.02540354287415799
9257,0.0010991129146250048
9258,0.0015491420782669095
9259,0.0015463811669891698
9260,7.956252599252683e-05
9261,0.0004216136652884034
9262,0.0013355761370266604
9263,0.0020190835275613597
9264,0.0010471577581551796
9265,2.5799221308501776e-05
9266,9.381309303635381e-05
9267,0.01714324259456431
9268,0.0037665160053443557
9269,0.0011850091955213824
9270,4.068208044457031e-06
9271,0.00015783175464150666
9272,0.003585165986259308
9273,0.0021959843518644393
9274,0.0017095468725799204
9275,0.001334047784900558
9276,0.0010479775232657505
9277,0.00033259168162151485
9278,0.0021064116478297693
9279,0.0030908521176219693
9280,0.0010037345982151721
9281,0.0052659336662483685
9282,0.00012082708387121245
9283,0.013528893199508623
9284,8.990220526131341e-06
9285,0.00014796536967116646
9286,0.022409716329000396
9287,0.00037896925424572587
9288,0.00026459700709168405
9289,0.00521363877752709
9290,0.0018383512610052114
9291,0.009231529890198103
9292,0.0005576754930087134
9293,0.0011544921621904837
9294,0.002871497296157031
9295,0.001443196119663047
9296,1.4583080134164921e-05
9297,0.002237024197265282
9298,3.169004345794902e-05
9299,0.0017593210687998258
9300,0.002863812705844777
9301,0.0187273469443104
9302,0.004617603101195697
9303,0.011683494702433133
9304,0.0009445045264900795
9305,0.013129218116158409
9306,0.020190329820903533
9307,0.00462305182304276
9308,0.0002593073935414151
9309,0.005243863215639036
9310,0.00044797317133629276
9311,0.006219560856276673
9312,0.0002690509508996695
9313,0.03927941670320432
9314,0.049957826368238416
9315,3.669552883716678e-06
9316,5.005914924351415e-06
9317,0.002271633759059594
9318,0.004112211585154272
9319,0.006978029584184207
9320,0.0017078648040648636
9321,0.01608473958920343
9322,0.09206686424297963
9323,0.005508974452878394
9324,0.00023186368208871606
9325,0.0009405571272667661
9326,8.216072247260744e-05
9327,0.0014457872797277154
9328,0.004799268075558714
9329,0.008125483110737705
9330,2.6240919860102164e-05
9331,0.0273648541875114
9332,0.021098377123197815
9333,0.0007588547253035517
9334,0.024164585695101142
9335,0.0001641278475611894
9336,0.00013297098242332904
9337,0.002686172511830872
9338,0.0005913002395089914
9339,0.0004052165183320882
9340,0.0010705617203206974
9341,0.0005300311134910557
9342,0.005584802741910283
9343,0.007181946806121581
9344,0.0004006027135490811
9345,4.0946633276842015e-05
9346,5.214428809509362e-06
9347,0.006321754458695691
9348,0.0003552788728024791
9349,1.699260268750993e-06
9350,0.0018781318345383693
9351,0.0007899733433112335
9352,2.5395807868482956e-05
9353,0.0012427947503350883
9354,0.0007136454340998984
9355,0.002125310727191598
9356,0.000309997200282092
9357,0.003232138288308886
9358,5.7339007214253894e-05
9359,2.965124402322022e-05
9360,1.0727145776484768e-05
9361,0.0006313088195760145
9362,0.0005470041039232837
9363,0.0003333289785528451
9364,0.0013222775355867865
9365,9.720290404793276e-06
9366,0.0024201658704914933
9367,0.002769795697874983
9368,0.0012131470641152508
9369,0.004033320030662689
9370,0.0016246766998953143
9371,0.00020223790105504874
9372,0.0004963170944149663
9373,0.03452421724900436
9374,0.02068767127765839
9375,0.000368899160118594
9376,0.005299573741043803
9377,0.0010340625205150487
9378,0.00017528400464194273
9379,0.0011197704692673754
9380,0.0007393248069025708
9381,0.0032298285528813827
9382,0.0006083097068948056
9383,0.005719508125419682
9384,0.00010942546552905063
9385,0.11453017453651378
9386,0.0005552236122361219
9387,0.0049277281907671305
9388,0.0004546929028235394
9389,0.05005507403854783
9390,0.12915629302589796
9391,0.0003636234935984024
9392,0.009780918427650626
9393,0.0022340798217432636
9394,0.0004855010235099471
9395,0.0031350964460673163
9396,0.0016052617295273914
9397,3.465679030696133e-06
9398,0.0011373480299035187
9399,0.003377116793842934
9400,0.002527666671602486
9401,0.0032963874910996705
9402,0.0016840550107168767
9403,0.01659678295932287
9404,0.055132723788691815
9405,0.0003603261096543836
9406,0.0005384751246253006
9407,0.003780457412420913
9408,0.0002077481731371269
9409,0.000631481021674932
9410,0.06999167995093983
9411,0.0008636421277134923
9412,0.0001126005313357271
9413,0.4091142547140394
9414,0.010124434507593257
9415,0.06475827827678911
9416,0.0008495591109082863
9417,0.000974582075855539
9418,0.0004048060540173812
9419,0.006939236821695149
9420,0.0003680386079143682
9421,0.0038202937600235547
9422,0.0009600710219143116
9423,0.00019763147375033197
9424,0.01863783753837987
9425,5.232363343198733e-05
9426,0.00027317822414725
9427,0.2666292701315113
9428,0.01144126790379887
9429,0.010723021576641092
9430,0.12393721134105062
9431,0.032980486109290885
9432,0.02249183534471427
9433,0.0010435423949190497
9434,0.0017548338027172992
9435,0.0005713574298609588
9436,0.000891898405315945
9437,0.0019392104799557369
9438,3.43081739312301e-05
9439,0.03766819283472372
9440,0.02721461984405349
9441,0.0035938764632712067
9442,0.0001697584738591605
9443,0.0015946589136113056
9444,0.018080801350156946
9445,4.257101486855964e-06
9446,0.00012799747477554275
9447,0.0001238817952755531
9448,0.0020578300954860987
9449,6.586752587310427e-05
9450,0.00023040018657549728
9451,0.0021330566595228035
9452,0.015262630294699917
9453,5.831308874994813e-05
9454,0.003054093156653191
9455,0.0005037836380521433
9456,0.0015077833343437427
9457,0.0007602642310380562
9458,0.03577910366570267
9459,0.000887775292459231
9460,0.0002986105645113821
9461,0.0038601262866916133
9462,5.810887893992202e-05
9463,0.0010994609880182302
9464,0.00021088987383352498
9465,3.051844869953586e-05
9466,0.002626777306501629
9467,1.6171941647828436e-05
9468,0.001009746283482623
9469,0.0020380381300580145
9470,0.0001620914471213495
9471,0.0012471628390075013
9472,0.00041985522021340167
9473,8.944447218098768e-05
9474,0.00040101643312238976
9475,8.259362125089221e-05
9476,0.002033303773015497
9477,0.010239507817699356
9478,0.0007225753842072761
9479,0.07280317825958973
9480,0.0001367643034763299
9481,5.822281720512525e-05
9482,5.111324393573279e-06
9483,0.046738197615152265
9484,0.001132211320004416
9485,0.001009226226479467
9486,8.005207324754872e-05
9487,5.15316518767429e-05
9488,0.003284115922564292
9489,0.005355515941101341
9490,0.00039319236951886006
9491,0.0007998017338997849
9492,0.30835343350875066
9493,0.018479381186591308
9494,0.001348133715747084
9495,0.0031660527867180496
9496,0.0017533861175230377
9497,0.0014991768765982795
9498,0.002688315527210653
9499,0.0011004911502507273
9500,0.002854452545789959
9501,0.001963685087234706
9502,0.08672012817219166
9503,0.0015388022058766622
9504,0.004622840191058545
9505,0.04580884864825898
9506,0.008479105501495072
9507,0.015908576761951308
9508,4.704951621993665e-06
9509,0.06769039866870742
9510,1.3128631818007591e-05
9511,0.0033129753590261614
9512,0.024673909148961982
9513,0.000688887902953711
9514,0.04125270803108069
9515,0.007245762992990223
9516,0.0014775968724009315
9517,0.0032809806449629773
9518,0.00010177558482355549
9519,0.08603925965567301
9520,0.0034545553806082084
9521,0.0001224690079636176
9522,0.3299111863707259
9523,0.0017343695772236122
9524,0.002503793299315623
9525,0.006848092756515538
9526,0.0005212313984971366
9527,6.380792201574154e-05
9528,0.03971825463695569
9529,0.014069779557895313
9530,0.002801777458687821
9531,2.6443110480115354e-06
9532,0.03127491164296965
9533,0.002416742882412425
9534,0.0011379912275730898
9535,0.0007784456496124704
9536,0.011265995931426041
9537,8.024814460560479e-05
9538,0.0012443005483619262
9539,0.0029658304594820154
9540,0.0023588278121277977
9541,0.0004469850293548351
9542,0.006410015184300293
9543,0.0004099935360511146
9544,0.0005256947052377369
9545,0.0004014621218706827
9546,0.003903060672484576
9547,0.003560993782102504
9548,0.020986942335809857
9549,0.0015476579612403126
9550,0.010439061447603658
9551,0.011096663707057223
9552,0.08998841791325266
9553,0.0001089204887734706
9554,0.00022804673134353852
9555,0.00046249523701377693
9556,0.006986023846057424
9557,0.001809075607944833
9558,0.0005000857824616258
9559,0.009913369853476494
9560,0.0023539319114770146
9561,0.00054954392007856
9562,0.0003090538626972875
9563,0.0027062334999008518
9564,0.00048429819171341617
9565,0.0007891367105855868
9566,0.0007754669566460593
9567,0.02886958652555363
9568,0.0019257754455353862
9569,0.003111766258717167
9570,0.004646089114090343
9571,0.05538582778651985
9572,0.016968149055453723
9573,0.0018094602536139512
9574,0.00949725452655432
9575,0.0007226161065940472
9576,0.002087479817092975
9577,0.0005871113132493147
9578,0.10237353633085652
9579,0.00023821613821569981
9580,3.922747374284288e-06
9581,0.0011990915363269156
9582,0.0008581531020952812
9583,0.0013581543418295114
9584,0.00819445133518314
9585,0.0013014407988268715
9586,0.0017020875831419307
9587,0.19873080857291753
9588,0.0039338350062433575
9589,0.2998204787714064
9590,9.57886702462588e-05
9591,0.05441279886033005
9592,0.0028373349966611386
9593,0.0035205576389703993
9594,0.019157781086177956
9595,0.0029560821705790453
9596,0.0009847390160911177
9597,0.020424346751052303
9598,0.0064394910789202005
9599,0.08998278133809831
9600,0.0006943717007401632
9601,9.987633735201048e-06
9602,2.4444044137968693e-05
9603,0.000908151129506108
9604,0.002831231942161853
9605,0.06405657375378113
9606,0.0037177155611164267
9607,0.0009423544281565823
9608,0.002409434909297965
9609,0.008880368257542725
9610,0.0014791749790723076
9611,0.006075713856718058
9612,0.0012955032551510714
9613,0.00012010455963878508
9614,0.008755100598301242
9615,0.0014764634920094275
9616,0.0008033843007577453
9617,0.0009250724755497736
9618,0.0018254442513685755
9619,0.0010865219896583067
9620,0.011646233625457192
9621,9.527283940846288e-05
9622,0.011127678006983272
9623,5.0399208062221345e-05
9624,0.0404942602617774
9625,2.9893582330028223e-05
9626,0.004595391591472715
9627,0.0018607056921900618
9628,0.003115725407358419
9629,0.00019247637636133995
9630,0.0010730014955006109
9631,0.002475010194075607
9632,1.9093856277009687e-05
9633,0.30653899020079506
9634,0.017007760139224816
9635,0.00014833757491070646
9636,0.007030167912227758
9637,0.00030900046931703595
9638,0.003293323162895151
9639,0.00036679287862301566
9640,0.0018277434488171626
9641,0.007528898688226038
9642,0.007647916158133493
9643,0.015890243782216967
9644,0.0036766800939073757
9645,9.602122309932853e-05
9646,0.0008384046792902346
9647,0.0021871943387544337
9648,0.0002529815497108455
9649,0.0016899152716721016
9650,0.0024895457938264682
9651,0.0022603156192286377
9652,0.017473629223429304
9653,0.00024502807998077835
9654,0.0015802673421285965
9655,0.0011097199141715673
9656,0.01423490147854416
9657,0.08389777836396768
9658,4.742649084278857e-06
9659,7.041377763759022e-05
9660,0.00026877903420665413
9661,0.0007111777317265822
9662,0.023390490511134503
9663,0.005291560176582824
9664,0.0006463686769217953
9665,0.007406020714030792
9666,6.277288816471991e-07
9667,0.0014498139415215763
9668,0.0023685653262091044
9669,0.003412449147318592
9670,0.0170554260945739
9671,0.022860696330090947
9672,4.2137668351182795e-05
9673,0.0032344503882247868
9674,0.0006856298826836013
9675,0.0026613953864347097
9676,0.006712979797333422
9677,0.023474188401790413
9678,0.0004132950988860089
9679,0.00020880744518881095
9680,0.029651596199412072
9681,0.01095182597595629
9682,0.0008690415133606782
9683,0.0006396571050781175
9684,0.0018391798214487608
9685,8.4638549768377e-05
9686,0.02227464819619281
9687,0.0007268337690648854
9688,0.021762744707291858
9689,0.00024954474957067217
9690,0.0015566060228264572
9691,0.057600581037921005
9692,7.483813800283564e-06
9693,0.0030041624259327117
9694,0.02855172461948114
9695,0.0013066859422130686
9696,0.0002530710770975973
9697,0.0006274697150147546
9698,3.320123095078074e-05
9699,0.0019998737299562613
9700,0.0011891359742146341
9701,0.0022559639027390378
9702,0.0007781935511205922
9703,0.001826824290307966
9704,0.0014318028786081904
9705,0.00022432106452948382
9706,0.000452899230894017
9707,0.0013320791616352635
9708,0.003697000024309413
9709,0.022927506618025204
9710,0.0005456151846677788
9711,5.148887430684048e-05
9712,0.01057902890642331
9713,0.00028983345101124536
9714,0.026880839417709114
9715,0.001532057535154036
9716,0.02055151902759574
9717,0.003537470011677668
9718,7.469568544668936e-06
9719,0.001781132883049899
9720,0.0018925999596283443
9721,0.0009217463239272472
9722,0.0026268557600443504
9723,3.1798169841916447e-05
9724,0.002514522549793508
9725,0.0013169301802279066
9726,0.002989616163517731
9727,0.0008440587366557236
9728,0.0071207298943393015
9729,0.005136691044196823
9730,0.024487987736881094
9731,0.0021448646384481167
9732,0.013143034470444718
9733,0.0015010168704897857
9734,0.00035122743994420007
9735,0.056118097818691856
9736,0.026888844366231034
9737,6.507260713986297e-06
9738,0.17208957189672935
9739,0.00029119663999942734
9740,0.01122083329601727
9741,9.031467858711304e-05
9742,0.001208803123321598
9743,0.00022939718072474165
9744,0.003675241802936112
9745,0.002941459196224534
9746,0.0009042931485720487
9747,0.002773033798538683
9748,0.0008303814478195501
9749,1.9469006536415384e-05
9750,2.135192378543567e-05
9751,0.0020303172876172068
9752,0.002914494180449611
9753,0.0009446911973097494
9754,0.024980709887033003
9755,0.009645426896290572
9756,0.0011154477218631954
9757,0.04902316536672526
9758,3.913721040162543e-05
9759,0.0018215262202271904
9760,0.006396461361376152
9761,0.014639342655448074
9762,0.05021006257082379
9763,0.004111031443960805
9764,0.015635662648924853
9765,0.00122335233657969
9766,6.527683302206038e-06
9767,0.0033923859611854706
9768,0.2801114405652426
9769,0.000694215461455542
9770,0.020240504860942914
9771,0.01511658614331456
9772,0.019865565001243875
9773,0.0006467198592546757
9774,0.0001494511095515346
9775,0.0006183547987162889
9776,0.002188230990780028
9777,0.0011996488972179334
9778,0.05144533155326454
9779,0.0029562563402939913
9780,0.003375371010796306
9781,0.0008719779194784345
9782,0.005764556674745358
9783,0.0017377476247417956
9784,0.05346822915009355
9785,0.004019510476493673
9786,1.4771444097975143e-05
9787,0.012341663687263974
9788,0.0010301340366335094
9789,0.0011100442638970896
9790,0.0009606236106596445
9791,1.2706221101378603e-05
9792,0.002113592443582809
9793,0.0021427061313581226
9794,2.396417140713646e-05
9795,0.003176615053353594
9796,0.028039239120857855
9797,0.006358061143669528
9798,0.0017022476425271518
9799,0.002905284985242702
9800,0.0019615688429326593
9801,1.7988815117259881e-06
9802,0.002502456511457591
9803,0.0008020351647794316
9804,0.0012674039398172527
9805,0.006557097352071316
9806,0.012013908759484052
9807,0.00023124920852994916
9808,0.003153043221092667
9809,8.123787555720346e-06
9810,0.006123345396915354
9811,0.0031957336579452127
9812,0.02629815729743388
9813,0.00023194162875283029
9814,0.2738409759931274
9815,0.006038373357357098
9816,1.7592615179835573e-05
9817,0.03599603190440894
9818,0.0016717397631347368
9819,0.008770164467659046
9820,0.07597831047393674
9821,0.1999314137540681
9822,0.0031668362992553155
9823,0.005883074546442476
9824,0.0032745729034905553
9825,0.12666386436604957
9826,0.0009655575204697385
9827,0.00018219276231961463
9828,0.03816156107199522
9829,0.0017785449876590732
9830,0.006993534373332418
9831,0.00038759367435353806
9832,0.0005224543329620363
9833,0.0003916243039578485
9834,0.007567615622524726
9835,0.01339805783747287
9836,0.0007855345630647587
9837,0.0003146164926712138
9838,6.353886919186574e-05
9839,0.04461076913824024
9840,0.00040712245823524884
9841,0.005821253113893822
9842,0.000798420409393896
9843,0.001465165723188782
9844,0.002268924257299566
9845,0.001814877927423912
9846,0.0020269392173752334
9847,0.0007712999083420361
9848,0.0015667590715318573
9849,0.005807611438951588
9850,0.0009120191673243217
9851,0.0004757488718614165
9852,0.06131450500089031
9853,0.000814273601230621
9854,8.638339364949275e-05
9855,2.8124860448748706e-06
9856,0.018415312158409206
9857,0.0007260702445203312
9858,0.00424402289911885
9859,0.0001251141127497155
9860,1.9822505937093297e-05
9861,0.0010940534768911392
9862,0.0007368142878243338
9863,0.029411522176537096
9864,0.0043283539844942865
9865,0.0020098244907821665
9866,0.0074479675929879415
9867,0.0032369572572031173
9868,0.0026248406857448106
9869,0.004350993829423266
9870,0.0009932578682482472
9871,2.5838722285835704e-05
9872,0.0022617082707243902
9873,0.00011376250545419235
9874,0.42899331081248804
9875,7.394155426602822e-06
9876,0.002888257777463187
9877,0.008812829627608494
9878,0.0013429500854137677
9879,0.0017134762767012338
9880,0.04782839337301596
9881,0.0014083344975295846
9882,0.004264011725431909
9883,0.0004679090262933748
9884,0.044586222014373206
9885,0.006008721172037092
9886,0.002358005203901766
9887,0.00033679392721725637
9888,0.001284927491859415
9889,0.012784438856171124
9890,0.04289512085252578
9891,0.010253536658842743
9892,0.001574822099127717
9893,0.0029365321333658426
9894,0.00016951313379727715
9895,0.0006243718608738805
9896,0.05683994567933093
9897,0.0009693397510264805
9898,1.8123818279517532e-05
9899,0.006540753929710682
9900,0.0015895358878761745
9901,0.0006911049430745241
9902,0.0017500966557294283
9903,0.0007744423982779399
9904,0.08228420018155769
9905,0.009396422381545061
9906,0.005502890663169486
9907,0.0012283153649295477
9908,0.029434536453771094
9909,0.0034677624168155978
9910,0.0015103343894554747
9911,5.722299244287838e-05
9912,0.008826558044313705
9913,0.031316152756353334
9914,3.457996278274698e-05
9915,0.0003228132980724256
9916,0.0006486384780970426
9917,0.00024687681915297417
9918,0.09000796489648596
9919,0.00014369538934974025
9920,0.0009745030570919337
9921,0.0017530759990490442
9922,0.022994608701677934
9923,0.001669080327620704
9924,0.00016680820996554862
9925,1.0277293466652202e-05
9926,0.0009947070423130624
9927,0.008111314112435286
9928,0.0030759341900135333
9929,3.270572390199054e-05
9930,0.002131288620983791
9931,0.0014171691296118421
9932,1.0244167131749369e-05
9933,5.0514489218070566e-05
9934,0.0022572819389370035
9935,0.0014827965330737217
9936,0.0023424577906057675
9937,0.01926823612240827
9938,0.001004695092097671
9939,5.852165489686726e-05
9940,0.00552375884866696
9941,0.0009150000821675778
9942,0.00024443466251867363
9943,0.0001522142288915767
9944,0.0004623818650507391
9945,0.01728375352232586
9946,0.0010236421923231931
9947,0.00011560182755155817
9948,0.0005394496615305106
9949,0.0036793636090129618
9950,0.0029257999777953397
9951,0.11665751689953341
9952,0.07361146917633274
9953,0.004413111393172061
9954,0.0016201544001888044
9955,0.002769074933221741
9956,0.000120518700552131
9957,0.10352591948440884
9958,0.02737798648061181
9959,0.00039056131853266286
9960,0.0010688456917156578
9961,0.001294757019696109
9962,0.001656356672728236
9963,0.0002971680802702437
9964,0.0004382071843118035
9965,0.00038346775549241664
9966,0.014844680151183171
9967,0.00076848118399505
9968,0.0025165842727600924
9969,5.888002523138622e-05
9970,0.05547984404459859
9971,0.002756240778251251
9972,0.000779303424878239
9973,0.004109948268613431
9974,0.004196698405166928
9975,3.995299475755838e-06
9976,0.00016154515136809427
9977,9.89150990721185e-06
9978,0.04488540638016939
9979,0.0006943177993712603
9980,0.09742526495192584
9981,0.0014508874023674066
9982,0.0018788376572285808
9983,0.0013695077586830249
9984,0.006179858117711555
9985,0.013206070575616364
9986,0.001155678764402745
9987,0.001295391104433824
9988,0.007169488949186548
9989,9.60162411668345e-05
9990,0.0014552271934773803
9991,0.003938021803627403
9992,0.002008458147128346
9993,0.0035774830201158758
9994,0.000630023805791596
9995,0.00288726311493464
9996,0.006518555339299059
9997,1.0893823961445943e-05
9998,0.0033145393670113085
9999,0.0016450255119464427
10000,6.571367339803025e-05
10001,0.07980992603698663
10002,0.001576428828026781
10003,5.7234472174563786e-05
10004,0.0009618676642067679
10005,0.0014616823575240134
10006,5.602121617744296e-06
10007,0.00616755106314318
10008,0.0012432077827047123
10009,6.960045354503677e-05
10010,0.005114781102118634
10011,0.0011000198311569233
10012,0.012925030982192531
10013,0.024530601571219175
10014,5.597380245517712e-05
10015,0.06264714250121328
10016,7.598531100158375e-06
10017,4.940557594547418e-05
10018,0.08972845322821918
10019,0.010045458568573258
10020,0.0029850169536450723
10021,5.425511896207397e-06
10022,0.017957600894746316
10023,2.425510759714785e-06
10024,4.379634204963052e-06
10025,7.2937303768239905e-06
10026,0.004506300509040767
10027,0.04569357600498016
10028,0.00021022994966288068
10029,0.829853914337515
10030,5.123424424928447e-06
10031,0.0002512505139394282
10032,0.005788527521634079
10033,6.253870204873748e-05
10034,0.0001255403606876244
10035,0.04015155252493811
10036,0.009622820716067017
10037,3.593779043800734e-05
10038,4.495728459800019e-05
10039,0.08449556579858451
10040,0.00023294530282884262
10041,0.001346131892348549
10042,0.0729137342217667
10043,0.018088538327200383
10044,0.00012468651860948185
10045,0.00014218246529096158
10046,5.987617439085539e-06
10047,8.859575527601402e-06
10048,1.8160142481396892e-05
10049,0.0018072548335599438
10050,0.0015022073296968158
10051,6.216802084043838e-05
10052,0.0004660609124823733
10053,1.7491150631759106e-05
10054,0.043297416581421624
10055,0.00028653486709185976
10056,2.6072867516072374e-06
10057,1.3150122591745547e-06
10058,0.0028218874733606522
10059,0.0049661750665697035
10060,0.2736928048962577
10061,0.02195261616973578
10062,0.002761035597104236
10063,3.6840914050313805e-06
10064,7.504929884274088e-05
10065,0.055153699548869506
10066,0.0016766767359471233
10067,0.002767112207256347
10068,0.007493535694226253
10069,0.029877487186417123
10070,0.0023990127120029985
10071,0.0002610333451997451
10072,0.012863212858398327
10073,0.005701633813989501
10074,1.210433142525018e-06
10075,6.437194955560522e-05
10076,0.038434611869939614
10077,0.01593725353313817
10078,0.00048446906382090485
10079,0.03208356117150545
10080,6.4239426473142355e-06
10081,0.03446475833352074
10082,0.0008895328089396353
10083,0.00030183108729188283
10084,0.007698730370574626
10085,0.0006848594484823644
10086,0.03664474683992096
10087,0.005057033846581649
10088,0.008747833264467295
10089,7.946577028864146e-05
10090,0.0900944353556494
10091,0.0046781644659067935
10092,0.04043862152445197
10093,1.185697228139097e-05
10094,0.007749990881149735
10095,2.578257066719223e-05
10096,0.00219503694513076
10097,0.0007956576528873306
10098,0.0005811178674744841
10099,4.515461762690285e-05
10100,0.003343669317959394
10101,0.001258950592475571
10102,0.0008404672273777901
10103,4.999389012978627e-05
10104,0.08595554834690829
10105,0.15026048882623058
10106,0.018170042623951114
10107,0.004615302142024732
10108,0.049942474200444814
10109,0.17658416433393834
10110,0.00020174064301865528
10111,0.023603021266156588
10112,0.004112329332874939
10113,8.474136739108677e-05
10114,0.009881393088940376
10115,0.03482798588131421
10116,0.0031132017009140645
10117,0.01296508682711046
10118,0.004445579574799247
10119,7.383465993590169e-05
10120,5.129079172060061e-06
10121,9.890192453530732e-06
10122,4.542814295940756e-06
10123,0.06107226751398633
10124,0.012289086668397883
10125,8.72009233074798e-06
10126,4.542814295940756e-06
10127,1.8220348371244323e-05
10128,3.671361487959458e-05
10129,0.06368162848103866
10130,0.0002262154378961815
10131,8.124164827427353e-05
10132,0.07054912911684756
10133,1.0086412457672896e-05
10134,0.06394173321754007
10135,0.032820858735696866
10136,0.06107995067442253
10137,3.17063244610596e-05
10138,4.251805416250712e-05
10139,0.004063564915546016
10140,0.00233562283655918
10141,2.3765123100166607e-06
10142,3.6070265727545393e-06
10143,1.2409914189643163e-05
10144,0.00031243071882435566
10145,0.04125047163329568
10146,0.048753164520046924
10147,0.01056994418765172
10148,0.0012045993134955544
10149,0.000297504609407243
10150,2.882444339789255e-06
10151,0.06410241191887862
10152,0.01965017543952846
10153,0.07791589893235505
10154,3.079650236514716e-05
10155,0.00021949737126920446
10156,7.992031533599112e-06
10157,1.0395459445385447e-05
10158,0.0008266073160842052
10159,1.6080140483282652e-05
10160,0.005888510123578494
10161,0.013806983927770942
10162,0.0008972149590057092
10163,0.3362311854699495
10164,0.1809014688891241
10165,0.040216336927488314
10166,0.019263904831913158
10167,0.07934612603134632
10168,0.00021373097815445045
10169,1.4210453293771799e-05
10170,0.26688796576615037
10171,0.017788144362486907
10172,0.002106871113649823
10173,8.38480889237117e-05
10174,0.007271075469599593
10175,1.6839706090624486e-05
10176,0.03724079077016028
10177,0.0588065319371599
10178,0.000577977780063322
10179,0.0020159221789047277
10180,9.619839630519935e-05
10181,0.0006309965021712692
10182,0.00011148125478725416
10183,0.0018581898070737408
10184,0.00215162986639977
10185,0.014324527933619496
10186,0.0013169873939011946
10187,1.3055766448251936e-05
10188,0.002305581717854038
10189,0.011443726219640913
10190,0.050400742126311314
10191,0.04349396600729875
10192,0.5176787852283751
10193,0.004733119486409489
10194,0.06176124406802813
10195,0.058209019840143275
10196,0.004626904784956089
10197,0.0010635231097091238
10198,0.009085060569852766
10199,0.04511510862706786
10200,0.14577884520253814
10201,0.03156511924866604
10202,0.0003615477652622601
10203,0.006568180969044756
10204,0.0008607059635204842
10205,0.0008659028524313081
10206,0.06444586503968688
10207,0.0354969771223063
10208,0.022409886542456958
10209,0.10079877888430015
10210,0.002443198364786879
10211,0.00011755670142567019
10212,0.0015261867544419214
10213,0.006289483857688282
10214,0.2220737372629317
10215,0.012860246236021264
10216,0.006038871619012979
10217,0.0005002963364939826
10218,0.011940575935192413
10219,8.362082517546722e-06
10220,0.0009136512055808368
10221,0.011897420801261044
10222,0.13229066554341942
10223,0.021155328004875858
10224,0.0672771343568444
10225,0.03135870449694921
10226,0.009590541760976911
10227,0.01753618931509517
10228,0.006252743109973901
10229,0.0004328974433085304
10230,0.022291554347694104
10231,0.0007646973485253241
10232,0.0001407420427266448
10233,2.57625691745515e-06
10234,3.861621386419635e-05
10235,0.00037822621804334597
10236,0.00024362071310239658
10237,1.613548650510459e-05
10238,0.03755192342168347
10239,1.0547026975471964e-06
10240,1.3201853925805124e-05
10241,0.01350610723120966
10242,2.2362038847997854e-06
10243,0.10805455187462229
10244,0.0845183697630433
10245,0.002375971304205536
10246,0.0007836271925700586
10247,0.04418112907335715
10248,0.0012819987633695296
10249,0.009806594209795206
10250,0.16819545864379132
10251,1.5348508567749544e-06
10252,0.06380337583615801
10253,0.0028649903435525093
10254,0.009208913650738813
10255,0.3367535884871917
10256,0.006260729792890961
10257,0.000303138888425614
10258,0.04662541993136514
10259,0.04752837706902382
10260,0.01927806456413561
10261,0.13394614719995077
10262,0.19348024119689264
10263,0.028973292650549803
10264,0.0005627745375843767
10265,0.013729022025254708
10266,0.039733354725023956
10267,7.360519788811621e-05
10268,9.665160786401034e-06
10269,0.01122561730447401
10270,0.002776834637590749
10271,0.013581136273842243
10272,0.0010868963259918576
10273,0.002345208256296118
10274,0.02668901406007839
10275,4.344609042120783e-06
10276,0.012041398719077187
10277,0.0019542502732732394
10278,6.7187744898217465e-06
10279,0.000530052377654016
10280,2.745280411709067e-05
10281,0.0013832230772858215
10282,0.02461786526786617
10283,5.06288927023285e-06
10284,0.0005467465602016716
10285,0.022321954489167226
10286,0.005692650484269327
10287,0.14903164545867836
10288,0.07492153631705897
10289,0.004329725674738484
10290,0.0003698648838563949
10291,0.0006338745628584279
10292,0.015564104113001636
10293,0.014276321548272464
10294,4.066985007297118e-06
10295,0.00019796791908464488
10296,0.0015204817817829942
10297,4.344548799006223e-06
10298,0.0026731229977219684
10299,0.0873839841689257
10300,1.4690871127392941e-05
10301,9.443906040246223e-06
10302,0.004677184432021797
10303,3.899621091953869e-05
10304,0.0029524625665636175
10305,0.023229112582309405
10306,0.007644324746536571
10307,0.11707147313935233
10308,0.008784496159139805
10309,0.05640803615349168
10310,0.044953586683571446
10311,0.05153977604389215
10312,0.006869707545460036
10313,4.586760792500632e-05
10314,0.029214269142828937
10315,4.752039851046603e-06
10316,0.00658801391290381
10317,0.05563508233614471
10318,2.8111779347305304e-06
10319,4.5862720344493e-06
10320,0.022236892953406962
10321,0.015340096784600733
10322,0.14514092558410643
10323,0.0020540399631950486
10324,3.852179360168759e-06
10325,0.08550471557888217
10326,0.014787242760723986
10327,1.4979689285396464e-06
10328,0.030450580345028195
10329,0.009865631848892652
10330,0.16567887698694234
10331,0.02062119955997284
10332,0.47366385204044875
10333,0.004178531331224097
10334,0.00025820300837081807
10335,0.0009866702903073006
10336,0.11481700641479671
10337,0.01295114557257509
10338,0.014468390086349162
10339,0.00014569043734301862
10340,0.007453716765981546
10341,0.006269404880667603
10342,0.012615900425935703
10343,0.015218428791379518
10344,3.1079149548568304e-05
10345,7.139169246298743e-06
10346,0.0006198972564195298
10347,0.002882930300620086
10348,0.08938240608243563
10349,0.001015040808138076
10350,9.176007330879977e-05
10351,0.015440982993532748
10352,5.266064686528927e-05
10353,0.08481478297837308
10354,0.021098313715408455
10355,0.008728782927683126
10356,0.0067396419288886485
10357,0.5106523953143537
10358,7.824263714551798e-06
10359,0.016762651812194513
10360,0.20655267274496966
10361,0.04006409688410458
10362,0.004146760553441394
10363,0.0010797253034260537
10364,0.0052413321974814665
10365,0.006889250839565692
10366,0.06220858489038715
10367,0.03903167610566476
10368,0.0029767248691874803
10369,0.006679870344682653
10370,6.415048089454797e-05
10371,0.08912112690464373
10372,0.03853546422570451
10373,7.061704452902448e-05
10374,1.2718642241434545e-05
10375,6.997037576904214e-06
10376,0.09606288932585488
10377,0.017151274852725832
10378,0.00020243295691058853
10379,3.60979971016739e-05
10380,0.001088281865612759
10381,0.013622794060194596
10382,8.109175768211907e-06
10383,0.00128954503052228
10384,4.328739614619823e-06
10385,6.315084879129524e-05
10386,0.0002615674631597093
10387,0.0067353719826559275
10388,1.2011063830612844e-05
10389,3.2301871023642233e-06
10390,0.0028487852035003576
10391,0.003723841721673377
10392,0.008339836620947451
10393,0.11191784269348648
10394,0.004418216986632591
10395,0.0625929512028647
10396,0.04586475662242884
10397,5.13158850098996e-07
10398,6.447099814630898e-05
10399,3.340950144881747e-06
10400,0.0031211938909720587
10401,0.2957934097087661
10402,0.08176781074194027
10403,0.00936005881114777
10404,0.08229254146800781
10405,0.025721875912675007
10406,0.019048397028717
10407,0.016225804846712388
10408,4.901540303114383e-06
10409,3.1081978365919764e-06
10410,0.0014383526940322964
10411,0.003952685996258839
10412,0.015111954945291833
10413,9.698610526374482e-05
10414,0.01497787227777295
10415,0.00047781219273960616
10416,0.009555972367132074
10417,0.18703230459990527
10418,7.940413554089936e-05
10419,4.673317740495712e-06
10420,1.9834758511653073e-06
10421,0.0013086521093905747
10422,0.00010823292788568318
10423,2.4469560423664405e-06
10424,0.017175472520868443
10425,0.004920572934214479
10426,0.007706487590230214
10427,0.00012212481098956116
10428,0.09398652967752856
10429,9.877662065917901e-06
10430,0.06621152462037667
10431,0.011555111495903343
10432,6.1840136391341205e-06
10433,0.004891852877278027
10434,0.0008316616868882975
10435,5.3065689876241854e-05
10436,0.005231220295267417
10437,0.0025024022060552496
10438,0.00011749587382896883
10439,0.00010680717382764906
10440,0.0024743190512390195
10441,0.0010651556539563142
10442,0.012306164893389194
10443,7.121386812361369e-07
10444,0.00015682128303576892
10445,0.05771465856362553
10446,3.69104215110443e-06
10447,2.7544480615637426e-05
10448,0.21367525369183574
10449,0.0002927525379646247
10450,0.0020413467242940985
10451,0.004622796809713911
10452,0.0034202639891889168
10453,0.010881399132977709
10454,0.004917948873792146
10455,0.003588729874620989
10456,0.060077831096096004
10457,0.015721489867309084
10458,0.011253583651119997
10459,0.0036339732444360963
10460,1.7715342226564174e-05
10461,0.2844858749609439
10462,0.0782073261824304
10463,0.0005646194135288569
10464,0.00340509209508112
10465,0.007247304239757333
10466,0.04267372300442708
10467,0.03936556529862299
10468,0.006412182275679515
10469,0.0028757300871443485
10470,7.888024617645751e-07
10471,0.003136944173826038
10472,0.015600309523638767
10473,0.01800064877612093
10474,0.004439176711800427
10475,0.005424518975701599
10476,0.014412545923643544
10477,1.1503823634384345e-06
10478,0.002121719511542839
10479,0.006717072310623906
10480,0.007970461916308244
10481,0.0010727036229650545
10482,0.016943313543335038
10483,0.00017622030498742387
10484,0.01027461185153554
10485,0.008955177998064962
10486,1.2776900764246077e-06
10487,6.547516215505099e-06
10488,0.00209745862060343
10489,2.3422458151298697e-06
10490,0.0003883500851949545
10491,0.005319387068699432
10492,0.047017100354660904
10493,3.649255813844694e-06
10494,1.939341022607496e-06
10495,0.00013057126349910194
10496,0.0710247856117345
10497,0.011303365389970413
10498,0.013250473984836633
10499,0.009198959454509378
10500,0.26895385331842486
10501,0.01557290341629015
10502,0.07613756513037417
10503,8.593135196176615e-06
10504,0.0005543002760717921
10505,0.002819901004159385
10506,0.0005563550328281201
10507,0.05078206102786108
10508,0.02178909494748598
10509,0.0036681849875497795
10510,0.004509847516995811
10511,3.502022848673002e-06
10512,0.0036260879025114003
10513,0.005192319105212803
10514,0.029798292472132393
10515,0.0025257836127076812
10516,0.21008437944569516
10517,0.042092397904949765
10518,0.01721750512093967
10519,0.0860790841509197
10520,0.24361499568172854
10521,1.6226138407820087e-06
10522,3.3669575180689575e-05
10523,2.301481571296517e-05
10524,0.012576153268722823
10525,0.028073387082914562
10526,0.04266694198456944
10527,4.1033823868123976e-05
10528,7.704060656647292e-05
10529,0.006933901632560152
10530,0.05447972473421704
10531,0.059332761739034845
10532,1.0576671765061861e-05
10533,0.00030423712152430007
10534,6.275667944214359e-05
10535,0.007667792636218631
10536,0.03513460707662886
10537,1.7221366423746007e-05
10538,0.022919439168571868
10539,0.00016485363443626157
10540,0.001868714923582631
10541,0.0012723852433087345
10542,0.04823990490226897
10543,0.02191695746057199
10544,0.004667582592102676
10545,0.0007403670176735019
10546,6.468591145814513e-05
10547,0.00047849607610032463
10548,0.0007366188103798564
10549,0.0005282237128736275
10550,7.926316365104473e-05
10551,0.001966824075910395
10552,2.040199901901887e-05
10553,1.3364556842648614e-05
10554,1.6099011169927223e-05
10555,0.057812678828041385
10556,0.05542895241728348
10557,0.009874670160886601
10558,2.5476367290988664e-05
10559,0.0002238379744957907
10560,0.15079426682300806
10561,0.022462837881629054
10562,0.004440032300701632
10563,0.0152473629485235
10564,0.0032999242670464003
10565,0.02540466664590793
10566,6.36821649209587e-05
10567,0.0011537106641327656
10568,0.004169527187777175
10569,5.249814499534752e-05
10570,9.093449496289224e-05
10571,0.025620307333277765
10572,0.10120442594390386
10573,0.006366184421214676
10574,0.0020191391681529994
10575,3.846579774106116e-05
10576,0.02772741345619828
10577,0.00043429344908443477
10578,0.0003580043726116718
10579,3.566027828544992e-06
10580,0.0018251205191811182
10581,5.3221484364518035e-05
10582,0.04206015217209736
10583,0.00892965021296884
10584,0.0003055527555316397
10585,0.0539757043684916
10586,0.04671465973719629
10587,0.008805322900536271
10588,0.035505335897222164
10589,0.008010953856262715
10590,0.002575329334279259
10591,2.1410079728620427e-05
10592,0.38681348189003456
10593,0.010226789026095825
10594,0.002000982650049418
10595,0.004631615881087335
10596,0.00038785295697127224
10597,0.0010592144441512728
10598,0.0008434239373560406
10599,0.01399723127141628
10600,0.0010057657838648823
10601,0.0007719429863753903
10602,0.14870458377514545
10603,0.0005801132172033594
10604,0.17912240524712356
10605,0.0013605033120542482
10606,0.0013552777144601518
10607,0.4943976541699782
10608,0.1250666820498813
10609,0.00023035208537168216
10610,6.0575400727966435e-06
10611,9.474915446389517e-06
10612,0.0009438182618033235
10613,0.0001437200773449787
10614,0.3942080348973125
10615,0.018603781005308538
10616,0.0032452987635310593
10617,4.6506611152154334e-05
10618,0.08984720396807386
10619,1.1212268639147537e-05
10620,0.20297006709620452
10621,0.008990085372198399
10622,0.0020477575330963478
10623,0.0494172363182908
10624,0.0003023398001584164
10625,0.0008847226718762338
10626,0.004435471004541638
10627,0.06037236358760815
10628,0.5525560128363581
10629,0.1533451818807503
10630,0.0010306323799125273
10631,0.00041602865135260004
10632,0.00031963832574598934
10633,2.9931573716491187e-06
10634,0.0007900173293641233
10635,0.00015753493842520172
10636,0.017372142568431136
10637,0.002877882748029965
10638,0.0036076693841385317
10639,0.02049352265539533
10640,0.04304873435589239
10641,0.015750428729787085
10642,0.01003499385504888
10643,7.979288812092458e-07
10644,0.049164514511586224
10645,0.4342224039520549
10646,6.699778300045298e-05
10647,1.2664570608013945e-05
10648,0.0036984730506080367
10649,0.028553894781300066
10650,0.0001981087231828087
10651,0.07273612148544298
10652,0.0027048879879944337
10653,1.3879443556085342e-05
10654,0.012386644697780858
10655,0.04079580807113077
10656,0.04768155106776926
10657,0.004717693286432632
10658,0.0008185052996958731
10659,0.05196687833049006
10660,0.0011403106554749554
10661,0.0008911360570623879
10662,0.04808990106607024
10663,8.54615804939302e-05
10664,0.024627100822476076
10665,0.10488486421216185
10666,0.0010890324672424283
10667,0.035941678270711694
10668,0.0027586847028164443
10669,0.08196050749164849
10670,0.061051276235236505
10671,3.886190207856262e-06
10672,5.487791133602174e-05
10673,0.024387872210529057
10674,0.02404141323353067
10675,2.1373057209044493e-06
10676,0.012198419734293798
10677,0.000571692116933373
10678,0.03349568476870393
10679,0.010929932625804228
10680,0.00021081555602003922
10681,0.06633656209947625
10682,0.48875439036165813
10683,0.30693456523919993
10684,1.6733454134331388e-06
10685,0.003878015382690346
10686,0.006450422985240298
10687,0.011892805047313711
10688,0.0013441783444539418
10689,0.020918557342838755
10690,0.0009743782327938319
10691,0.003212898633887222
10692,0.003204715752267289
10693,0.01625497346183114
10694,0.006852028295843203
10695,0.2955105407490409
10696,0.010589484990120582
10697,0.012931254848194195
10698,0.022539795430137045
10699,3.6182873033056865e-06
10700,0.00258465640691233
10701,0.012618642817829684
10702,0.001098852515373775
10703,4.038055673792945e-05
10704,0.00023848869827388023
10705,0.19383301542140674
10706,3.9043066946412446e-06
10707,0.002855968481116777
10708,0.0003058918143670771
10709,0.01907718000865507
10710,0.0005734291274692886
10711,0.01194792370675431
10712,0.014880906012703265
10713,0.0009658614369232176
10714,0.15422428324271145
10715,0.060853358249868685
10716,0.020544997187567214
10717,0.0003265770005359579
10718,0.04074095535185286
10719,0.029553995372943166
10720,0.01049950944051963
10721,0.004367017856024112
10722,2.5444218679427434e-06
10723,0.002371369883925129
10724,0.0008238717442097246
10725,0.0008408856336865849
10726,0.005802316956214457
10727,9.095337380314025e-05
10728,1.0915222268782552e-05
10729,0.024958208983383606
10730,0.022454634422575056
10731,0.05782203357533631
10732,0.01572071920076515
10733,5.375108394838022e-07
10734,0.005407775782191053
10735,0.015132306832946895
10736,0.011087530321100592
10737,0.003911576553325434
10738,0.03612096312127576
10739,3.36767750292825e-05
10740,0.004290323337966759
10741,0.05871017542027762
10742,0.004558075976636955
10743,0.014611222482371561
10744,0.0019408472933157513
10745,0.013056895860203999
10746,0.00080916736429986
10747,0.0010126156285760028
10748,0.00907276849467544
10749,7.567320463996591e-05
10750,0.008544451423721308
10751,0.09641295711961902
10752,0.009207527398801433
10753,0.0005084631008674431
10754,3.90340350716833e-05
10755,0.00010807151204190093
10756,0.18872366090673007
10757,0.01488042630094805
10758,0.041117629083944916
10759,0.004339729336837586
10760,0.001584299507261859
10761,0.002336458705518201
10762,0.00022189493450599406
10763,0.0023949537230065834
10764,0.001010956216715348
10765,7.692555073963371e-05
10766,1.5100022165448152e-05
10767,0.0016405411381576903
10768,0.001559273029449817
10769,0.10423677199666632
10770,5.901388005442605e-05
10771,0.00014667250123026322
10772,0.16206247729267323
10773,0.39178375011920785
10774,0.04377448475673724
10775,0.0053048253727370894
10776,0.0002343003544282735
10777,0.007440583788652547
10778,0.053167601496240655
10779,0.09961655295406648
10780,0.07269637145075411
10781,0.0014909564770852432
10782,0.0003139482639736087
10783,9.882954322716178e-06
10784,0.00013770804784643225
10785,0.017789398529213313
10786,0.011300660399162723
10787,0.011681715365784584
10788,0.1448432550710626
10789,0.02971562949917548
10790,0.0010353783796525373
10791,9.672364413575292e-06
10792,1.933107521340118e-05
10793,0.008096194729034657
10794,0.4604263106068843
10795,0.018331791356054224
10796,5.302794083110892e-05
10797,0.00033851846465104653
10798,0.038783587920806925
10799,0.059277665666260845
10800,0.026190571833113036
10801,0.0025125590259068705
10802,0.0025155372830387318
10803,0.15922946046024153
10804,0.006892547866522049
10805,0.0015426841055890931
10806,0.005009644674493239
10807,0.006050410629383205
10808,0.008050752917674693
10809,0.31534496683492896
10810,0.04989373526780967
10811,0.022326640363940033
10812,0.0016171780821746767
10813,0.01502363127526404
10814,0.01674239589968981
10815,0.011554752586635398
10816,0.00015777168364548944
10817,4.267047807737651e-06
10818,0.014406171705552352
10819,0.00046674086799430164
10820,0.000448944749164505
10821,0.00012725091071259863
10822,6.602046331788988e-05
10823,0.04022385342606612
10824,0.17817685710241574
10825,0.007388369784688487
10826,0.0007841070849363343
10827,0.008251579584256222
10828,0.00529307918831578
10829,0.004833908882103863
10830,0.005139418421548445
10831,0.0027687487137737703
10832,0.07922433439103019
10833,0.008230540721189672
10834,0.0004423385212548721
10835,0.0008077422770565087
10836,0.003878582711276285
10837,0.036739124970617806
10838,0.04808366396903163
10839,0.0007137511123469608
10840,0.4382598314767557
10841,0.09915452364644554
10842,0.37044702608057106
10843,0.028426925653916836
10844,0.014116509454235182
10845,0.10217804549736435
10846,0.0025884362076816036
10847,0.03326404749217119
10848,0.36281793741647983
10849,0.09230753660112644
10850,0.0177512583702674
10851,0.04878124599733471
10852,8.671249665757458e-06
10853,0.007554675990824473
10854,0.001382884113672974
10855,0.0006316154291462061
10856,0.0007886230007592036
10857,0.0025179488893931016
10858,0.030316505525482634
10859,0.009584574725348582
10860,1.6007232525245224e-05
10861,0.08752748083074899
10862,0.014561009072939196
10863,0.02111133727358911
10864,0.028283500548405522
10865,0.009209909520511242
10866,0.00010319730712822195
10867,0.004558552692186683
10868,8.227143024681233e-06
10869,0.0002536527539462184
10870,0.009663270075950664
10871,0.35506292905757875
10872,0.0003687385926983547
10873,0.10593632108325923
10874,0.006108184365824003
10875,0.06219352473676019
10876,0.0030033244309969876
10877,0.0003111874136600658
10878,0.00010725487384180211
10879,0.002376617178176453
10880,0.035431228403990225
10881,0.00487121074184899
10882,0.0740943344829946
10883,0.0008834129348811197
10884,1.9567451084247023e-05
10885,0.04228712783985657
10886,0.00026774923366319525
10887,0.11517044261094014
10888,0.015105177957311986
10889,0.033793701836432766
10890,0.00015775486787984134
10891,0.04459983116875742
10892,0.01673452658418529
10893,0.06534270053242304
10894,3.1371447626345714e-05
10895,0.0004593550621873899
10896,0.00010114897517796227
10897,8.893766334385565e-05
10898,0.06987478945128604
10899,0.3596663044452296
10900,0.0014242117303012495
10901,0.02705227780547125
10902,0.019536472071609808
10903,0.01114380965917624
10904,0.021278781146969135
10905,0.014300281029583273
10906,0.05723073918262306
10907,0.00465745579141914
10908,0.0014098769742891654
10909,0.22350164967631736
10910,2.454001745137886e-06
10911,0.0036544546777641214
10912,0.006113237089078552
10913,0.00079048588565652
10914,0.007945163348375632
10915,0.07362899605266812
10916,6.791119317550538e-05
10917,0.16244309519148473
10918,0.0006845399347929582
10919,0.02623621836527018
10920,0.01117549368117094
10921,0.024657662593282677
10922,0.03818849186296594
10923,8.944071276809739e-05
10924,0.16751985268354347
10925,0.005519761988758462
10926,0.1344352981301064
10927,7.489477085439053e-06
10928,0.0030228343281721143
10929,0.09812771083237577
10930,0.17136819784344887
10931,0.003628313276761432
10932,3.608722074420264e-05
10933,0.0008465230587768373
10934,0.016083651636126066
10935,0.005782153086868675
10936,0.00016547106823720805
10937,0.002985279175114785
10938,0.008508013677473504
10939,0.0006611901469677954
10940,0.01999053184394331
10941,0.008156677801597853
10942,0.008513108797825117
10943,0.032490776216268
10944,0.06123103150852742
10945,0.006579663292278106
10946,0.0074590663131931054
10947,9.367072392008214e-06
10948,0.08098479705202635
10949,0.03930638170100977
10950,0.0036772660043283925
10951,0.06853852940932477
10952,0.042767993043304496
10953,0.05822054847472903
10954,2.9923163403262043e-05
10955,0.001437291999326228
10956,0.03436457996715434
10957,0.042855359102007516
10958,0.002502213634484227
10959,0.0015886657172790215
10960,0.0005730602757214058
10961,4.340130395020153e-06
10962,6.242422313933619e-05
10963,0.006987003371162077
10964,0.002277248334665245
10965,0.08530786528908958
10966,2.100878002243795e-06
10967,0.6879207242772885
10968,0.0021507154580087734
10969,0.09958857200215881
10970,0.0038873155333895926
10971,0.039044620597419845
10972,0.032283168924917977
10973,0.009296891442026745
10974,5.199024005282321e-06
10975,0.014398014245311841
10976,0.02341788647672758
10977,0.06202467656291225
10978,0.004982550655234406
10979,0.9982063866111067
10980,0.0136567257756065
10981,0.070250926679891
10982,0.010138249535060382
10983,0.006840778504064687
10984,0.0646734548427195
10985,0.012797630337992716
10986,0.0008508527056095467
10987,0.01743603037819485
10988,0.004079880879707315
10989,0.004855404845183991
10990,0.00313094300525227
10991,0.17063257850030275
10992,0.04424232674665121
10993,8.388266349969253e-06
10994,0.1017713327901826
10995,0.00015584118876206215
10996,0.11722245745709783
10997,0.08365029291758252
10998,0.032606863584993664
10999,0.00018226040101083438
11000,0.0007134528921411996
11001,0.9984885716811641
11002,0.0963747132804746
11003,0.004581902751499334
11004,0.00022895675121285976
11005,0.00033859095460422775
11006,0.004819968416956333
11007,0.10640285037882628
11008,0.0024296813837188713
11009,0.009835689054455168
11010,0.04805185663741644
11011,0.01471989129225137
11012,0.008282741591288587
11013,0.05270676625837963
11014,0.0004547256943593028
11015,5.498833646399486e-06
11016,0.0767092737722195
11017,0.0003510237513487875
11018,0.003794410348949748
11019,2.2354062367534404e-06
11020,0.022955447884611575
11021,0.0007312709038414307
11022,0.00014280364785567234
11023,0.00010690952944474399
11024,0.02557982403586085
11025,0.030777956583284312
11026,3.859222409055854e-06
11027,0.012072205062398289
11028,0.0025572769631105638
11029,0.0028510688439700995
11030,0.0138392924457586
11031,0.004896209062137322
11032,0.01047692491786738
11033,0.6059649750668857
11034,4.3189444261540485e-06
11035,0.01548910029110932
11036,0.018049879226353975
11037,3.0459815307816893e-06
11038,0.008671267727148442
11039,0.01446482908850687
11040,7.828581934422707e-05
11041,2.267095197778627e-07
11042,7.574920208017202e-06
11043,0.005775877874220383
11044,0.003347060121192067
11045,0.0003041419034656123
11046,0.05811857090791952
11047,0.007200077486209278
11048,0.0051990089795103545
11049,0.00649747318259582
11050,6.578891541629417e-05
11051,0.0004706927045365798
11052,0.43646476444290744
11053,0.016935023951024402
11054,0.00832479500228889
11055,0.17341410308907323
11056,0.10564323228285241
11057,0.008927295047806814
11058,2.1467953516206164e-05
11059,0.004817550704463899
11060,0.01251897325596738
11061,0.12869773008170537
11062,7.905996310001249e-05
11063,3.3698424668738572e-06
11064,0.008916659076765546
11065,0.02606554567687714
11066,0.02075824345382979
11067,0.008397832355167108
11068,0.020686938124468212
11069,0.06843140902661139
11070,0.019348229148795557
11071,0.036563302880903883
11072,0.0008751405388755145
11073,0.03381502059378594
11074,0.03702048870125456
11075,0.0011516606501716274
11076,0.2505629786483344
11077,0.00011109113583562065
11078,7.120233316044024e-05
11079,0.012997827991314312
11080,0.00016680164822510841
11081,5.8648504843586286e-05
11082,0.0036274952177147582
11083,0.0014249679425145504
11084,5.710355573743125e-05
11085,8.713314121877468e-06
11086,0.005141285803282366
11087,0.020713523628227905
11088,0.09498390969511147
11089,0.003242709002461651
11090,0.011555621710446811
11091,0.09820186424405777
11092,0.006015784120553146
11093,0.025579843224095365
11094,0.004492787049444566
11095,0.00023843023902837894
11096,0.056583545696548665
11097,0.006325976028600987
11098,0.00967874569081796
11099,0.0025472575971075976
11100,0.0015902773543124663
11101,0.3852466235880033
11102,0.002043668671572268
11103,0.0008454944033705894
11104,0.07544118971288802
11105,0.004363516139623894
11106,0.02718296006803615
11107,0.005582364743837582
11108,0.14731833395019744
11109,9.538171602112048e-06
11110,0.04434692594126026
11111,0.008045128406747707
11112,0.030468883935198792
11113,0.0009080801353009364
11114,0.0007639326594248402
11115,0.0252514719025507
11116,0.01413545331351922
11117,0.3807368088209357
11118,0.0018010858125653215
11119,0.1348392169802159
11120,0.18728481524507531
11121,0.00016905433302639913
11122,0.008941225765410305
11123,0.0015801337108443214
11124,0.07136727885426991
11125,0.7759908204166239
11126,0.023439767579641318
11127,0.25616652497016423
11128,0.2034548024117501
11129,0.0002962576004937062
11130,0.002028549919218242
11131,0.004593462426700732
11132,0.009166326329249273
11133,0.3184856247421832
11134,0.004772385847539284
11135,0.03823364234667891
11136,0.17390644749981843
11137,0.004024079827070433
11138,2.4133532107194333e-05
11139,0.00022203755592479463
11140,0.0017252465262464268
11141,0.014979587889479663
11142,0.014534635349168823
11143,0.026163885879996684
11144,0.03960602983090933
11145,0.008436339036018328
11146,0.0038863560554332085
11147,0.06615177909709263
11148,0.0007367744727297564
11149,0.00101610510237337
11150,0.00040543807883239503
11151,0.019339850149284736
11152,0.10258918891557375
11153,0.014893197598344487
11154,0.1261590937479306
11155,3.1931568330764657e-06
11156,0.030894491180131288
11157,0.0003753669076922516
11158,0.003548434113087906
11159,0.01629080371558437
11160,5.3409087551028727e-05
11161,1.3813027169968378e-05
11162,1.8847220711258685e-05
11163,0.0007599416443552667
11164,0.002956860775731603
11165,2.5444505087851564e-05
11166,0.010854492204667738
11167,0.0019504158047015962
11168,0.0004074867095239818
11169,0.00027183081307371353
11170,5.705891013187879e-06
11171,0.3476308418277667
11172,5.522773986642004e-05
11173,0.0006561949538134813
11174,0.0735642624677114
11175,0.000518911274462415
11176,0.002917442426760738
11177,1.0528872191628343e-05
11178,0.013131455644835551
11179,3.8189108789207755e-05
11180,5.4734261563532865e-05
11181,0.0009603351734272864
11182,0.01336893885548763
11183,0.571550916820881
11184,0.0003727960759989647
11185,3.422983540026478e-05
11186,0.04489707844814191
11187,0.470891829707329
11188,0.001024521067300627
11189,0.0028908989428938848
11190,0.0002253660535207253
11191,0.14721300949443344
11192,0.00028465064345625736
11193,0.00034460982941060563
11194,0.0012177012355984798
11195,0.07995087520016136
11196,0.0002482216153513593
11197,2.9153268467102868e-05
11198,0.0007714493469856679
11199,0.06994551226942579
11200,0.003540459496728509
11201,0.0003381887122368572
11202,0.06393353497897937
11203,0.0013872028771446682
11204,0.00011755402366748669
11205,0.01782729276531645
11206,0.1391444120028373
11207,9.017994534619754e-05
11208,0.00040067204764443666
11209,0.16406577995231358
11210,0.0001803688862263842
11211,9.855670367580125e-07
11212,0.0032815594082125908
11213,0.00025284851709214673
11214,0.013860891783694549
11215,0.005652009753010073
11216,0.00014699845835132978
11217,0.00012370924374813358
11218,0.009540751442909235
11219,0.0039269661931184184
11220,0.03236743883151817
11221,0.2119140192004243
11222,0.006876025099771732
11223,0.012800347578268053
11224,0.00046973141855575844
11225,0.07769311700522755
11226,0.03621297124134985
11227,0.0012015825016163293
11228,0.0003621738048815823
11229,0.16723740225652178
11230,0.00012770756277446794
11231,0.04454797065967599
11232,0.06086390805287759
11233,0.005781004194774634
11234,0.011318094074329361
11235,1.5193630316245e-06
11236,0.00015063463541649746
11237,0.016311511084130828
11238,0.003393029321333755
11239,0.01834199355513578
11240,0.0021935823100439665
11241,0.0031877388946817443
11242,0.010975007236193489
11243,0.006529243727335733
11244,4.323816668156796e-05
11245,0.0004001228590743746
11246,0.12492615646235317
11247,0.01688818958651047
11248,0.015060971362508651
11249,0.24357619598742636
11250,1.2820778266350735e-06
11251,0.004355107602698742
11252,0.006275229253536334
11253,0.10183571525985684
11254,0.02207346506428126
11255,7.622245916507848e-06
11256,0.0019336309590367896
11257,0.07432279243816678
11258,0.009635373243661087
11259,0.5522182139641679
11260,0.03427646762723103
11261,0.042853799078870394
11262,0.017791589176076598
11263,0.00031495065196624736
11264,0.000945342636437449
11265,0.061466681785888946
11266,0.04646764868761228
11267,0.0297954574499823
11268,0.03800328385953296
11269,0.0022453076487701238
11270,0.0012146198068021562
11271,0.211654342918773
11272,0.25271238132780266
11273,0.00045416931331287617
11274,0.02829143480674256
11275,0.008643270249099355
11276,0.03463077006480679
11277,0.009546468560111937
11278,0.041143451221001284
11279,7.577936170620583e-06
11280,0.04948658814096261
11281,0.3428831087105298
11282,0.0003000864597795272
11283,0.009785878929100305
11284,0.0011973711292666343
11285,0.007249546902679255
11286,6.940009623636654e-05
11287,0.006839042770152586
11288,0.0008885418241684869
11289,0.004782063496804021
11290,2.007132080647127e-05
11291,0.016580467680706527
11292,6.0109073847265315e-05
11293,0.004283861130025428
11294,0.023325363005967995
11295,4.704761551754415e-05
11296,5.4154673257537174e-05
11297,0.0022006741673963855
11298,0.21523623164440825
11299,0.011432380064675783
11300,0.06123400133908521
11301,0.5656241431486907
11302,0.015001213492454247
11303,0.09245808134497066
11304,0.010512091478972122
11305,0.00024084132369484309
11306,0.05514674849118114
11307,0.02490821628701289
11308,2.1989245993868805e-05
11309,2.19651726891219e-05
11310,0.003721027867848989
11311,0.20849643909703616
11312,0.004285117104902795
11313,4.0630305625795073e-05
11314,4.898004436985709e-06
11315,0.0002182581052836361
11316,0.004106262257863829
11317,0.0016818935803747082
11318,3.74258199307992e-05
11319,0.0038346405998676628
11320,0.020600245370257696
11321,0.0013271369009075665
11322,0.1017249608284033
11323,0.001221445674751164
11324,0.2923700410891422
11325,3.2737945494570123e-06
11326,0.021081659223144804
11327,0.0015027237058093707
11328,0.006845941911417244
11329,0.004123570405357034
11330,0.0002670845209802823
11331,0.00974415600926537
11332,0.005891585647267383
11333,0.005738357944001408
11334,0.020654356385115834
11335,0.005473646087520666
11336,0.0059123634319347956
11337,0.13915616694410496
11338,0.09671034355078216
11339,0.015692564160333912
11340,0.0010883829656935927
11341,0.08336299276199607
11342,7.791970371559653e-05
11343,8.28697809364261e-06
11344,2.2569301963546236e-05
11345,0.010895668471962286
11346,0.014713236276838269
11347,0.011717326247856475
11348,0.002151272095710894
11349,0.0020233461128162404
11350,0.017666883776290828
11351,0.22447192277485833
11352,0.022733738325414664
11353,0.0997209567063857
11354,0.003144758857346168
11355,0.27289589853643625
11356,0.011979529288565795
11357,0.022284463691925376
11358,0.004239942378102127
11359,0.01360083360716303
11360,0.2747330473714934
11361,0.0002917825649510407
11362,0.030095012612678985
11363,0.006152355170808876
11364,0.017289880086039194
11365,0.01889661227197979
11366,0.00016537824267262677
11367,0.13648546232126452
11368,0.004952096036276547
11369,0.026971190633935032
11370,1.5337217245802726e-05
11371,0.0037982762056316434
11372,8.932157221615801e-06
11373,0.002220564112147284
11374,0.010140922122963815
11375,0.001073362222111057
11376,0.00041745912112962
11377,0.002478907802937334
11378,2.314837397450632e-05
11379,0.002365483333409414
11380,7.507292822415765e-05
11381,0.0007525880956724243
11382,0.00028075917320766197
11383,0.011748468137573853
11384,0.0792912997320103
11385,0.02227782195826341
11386,4.8790248976127806e-05
11387,0.004471997365025848
11388,0.04927573518700958
11389,0.09488523197803257
11390,0.06740749220499978
11391,0.0014134100059562615
11392,1.5307141815324404e-05
11393,0.22092034830410462
11394,0.19881410320449777
11395,0.00021540570416611406
11396,0.010288647800506503
11397,0.008598692281344768
11398,0.03666590661573038
11399,0.0006520470052945284
11400,4.393150880362542e-05
11401,0.0007633444667518156
11402,0.0004910165793313018
11403,0.015182858098081717
11404,0.06117965064377404
11405,0.009467755805725401
11406,0.0004340872622212364
11407,0.061867734977856116
11408,0.35558705549759345
11409,0.0004490112436843892
11410,0.002197058943946493
11411,0.002081306618409469
11412,0.13347982084184143
11413,0.02731578395489399
11414,3.4402414101549146e-05
11415,0.009360872126715335
11416,0.012902575831256822
11417,1.415130584740919e-05
11418,2.8494966911400646e-05
11419,0.002910798211289529
11420,0.0023094878159363253
11421,0.00015037521122178763
11422,0.023128010655845653
11423,0.020713875901639738
11424,0.03637774480738922
11425,8.544828590340157e-05
11426,0.155476374957505
11427,3.7038320946253034e-05
11428,0.002583116662170795
11429,0.0009758755504604569
11430,0.06683331474540488
11431,0.00021015377728814938
11432,0.2380128819370725
11433,0.002958992576937397
11434,0.10812312524768139
11435,0.010517227680520142
11436,0.011937304602251826
11437,0.0003406689900016228
11438,0.02295299807428374
11439,0.05188779279696135
11440,0.0013240181622258642
11441,0.08380822227641067
11442,0.002243933789069798
11443,0.2025127596261717
11444,0.19758230670163884
11445,0.1584845805089997
11446,0.007056827565786075
11447,0.000358340127584239
11448,0.0010373112403105835
11449,0.0035526081596621525
11450,0.06603675350581745
11451,7.082431327910375e-05
11452,0.0008184447218881098
11453,0.32478100541277044
11454,0.00013054676717088573
11455,1.2318034990492616e-05
11456,0.012748998039542946
11457,0.008853842031829425
11458,0.00010017308588106321
11459,0.00020583567406579724
11460,0.06003461296682211
11461,0.025484474701672165
11462,0.0006750610774540479
11463,0.0020591865241544214
11464,0.01992744698213684
11465,3.6152633904687958e-06
11466,0.0015651089373658156
11467,0.00021287413234118334
11468,0.3264909855329079
11469,0.033011308078204446
11470,0.0024762262474239145
11471,0.004348373986259048
11472,0.0371333701597015
11473,0.007413051438683904
11474,0.7329770615213809
11475,0.007771095173785936
11476,0.007623326966441153
11477,0.0037694055087883665
11478,0.0037492223265034584
11479,0.002778326327638641
11480,0.0006659201973929045
11481,0.009275700683113142
11482,0.12036747425085215
11483,7.848895425775072e-05
11484,0.008710757248049185
11485,0.00019010209571979102
11486,0.2756964265488455
11487,3.984194193138494e-05
11488,0.020156129245482497
11489,0.006262158955285493
11490,0.0002754108457757651
11491,0.006759542583749442
11492,0.03377159081913539
11493,0.0019142176843592526
11494,0.0024884550063909395
11495,0.03598398939125878
11496,0.004957330555825959
11497,0.002069702905371489
11498,0.03265737777155271
11499,0.35850383084325854
11500,0.005037097332169136
11501,0.01452461685987591
11502,1.7895836795380205e-05
11503,0.0013414450568350587
11504,0.006161915726213904
11505,0.009771526528944809
11506,0.19225364413584536
11507,0.014324256902797608
11508,0.0011252894318263362
11509,0.0003591886428380113
11510,0.000291834729438571
11511,0.006495577957381979
11512,0.007811212554665109
11513,0.0011489062791523754
11514,0.2958538637516807
11515,0.0020502385553628267
11516,0.02957948048156055
11517,0.016978332890597886
11518,5.380402025525193e-05
11519,0.04960934545778709
11520,2.0793129304120832e-05
11521,0.00021408176795686498
11522,6.973636516491221e-05
11523,0.002337281948217084
11524,0.019860086270141707
11525,0.00020636356354471192
11526,0.032023111309825686
11527,3.3642222064749483e-05
11528,0.02759561569787028
11529,0.20382184078479648
11530,0.00020912075424651765
11531,0.0005615975303745877
11532,5.1002007882942174e-05
11533,0.00011246095102293902
11534,0.022135945001495683
11535,1.618535164057248e-05
11536,4.413566544890632e-06
11537,0.12336782095764356
11538,0.01698758003799883
11539,0.022828182078452296
11540,0.0030200131059147164
11541,5.545560273756359e-05
11542,0.0003199404286177971
11543,0.001278431842039093
11544,0.0009949041970483017
11545,0.008932104928191121
11546,2.0248079479214693e-05
11547,0.05175244877917762
11548,0.00035889057516536315
11549,0.0035561358080232765
11550,0.0008423705201534695
11551,0.06108920979674357
11552,2.3331331922221415e-05
11553,0.09890999370859906
11554,0.00028759886719944075
11555,0.04173566810406832
11556,0.04633453404159401
11557,0.051707581262595725
11558,0.008677831633957443
11559,0.0004889008315734372
11560,3.0162061483660076e-05
11561,0.038694591926549546
11562,0.003699933470090109
11563,0.6628113264113976
11564,0.002543586891682831
11565,0.9991076751543364
11566,0.0012513566839039121
11567,5.368485680968345e-05
11568,0.000254115491336764
11569,0.00015684468510055756
11570,0.0035120663637297467
11571,5.7880697874858525e-06
11572,0.04209514153724643
11573,0.0024747775925477787
11574,5.159494022209894e-06
11575,0.2995997395274837
11576,0.07742765388482684
11577,3.472562107537982e-05
11578,0.29364890444939007
11579,0.0004750471198071155
11580,0.0007960958075120823
11581,0.00017331187929835846
11582,0.00220692360039913
11583,4.202486145805113e-05
11584,0.007199121751721614
11585,0.0011748474348228471
11586,0.05550324577279488
11587,3.471576652378293e-05
11588,0.09638824305309679
11589,0.02729775855836769
11590,0.00011501990836381225
11591,0.011147171491684536
11592,0.00010250202093553988
11593,0.0009484901848256292
11594,0.02740448056098685
11595,0.5763021106212982
11596,0.0003941134130002456
11597,0.00011759200223754383
11598,0.00718944400099507
11599,0.0012581022364220162
11600,0.02444347742563961
11601,2.5998469916877516e-05
11602,0.2718296749306268
11603,0.02440973665534093
11604,0.02256432126759752
11605,6.637438060768313e-07
11606,8.531555523067217e-07
11607,0.0077674594691916595
11608,0.01838447310580891
11609,0.001785891676532938
11610,3.045352311211282e-06
11611,1.0853648135921916e-06
11612,5.144749474195513e-06
11613,2.4271395557207632e-06
11614,4.529170610228917e-07
11615,3.473211270054578e-06
11616,7.527732959998789e-07
11617,0.3803400428894731
11618,0.006770216277060643
11619,6.408841276167018e-07
11620,0.02847450775136528
11621,0.03350695319610981
11622,7.380255663760274e-07
11623,1.929422329427412e-05
11624,2.405076399162697e-05
11625,0.00016842758096509072
11626,0.00033213498149860704
11627,0.00017920068744287245
11628,0.0003817409214586443
11629,0.0013909735290719063
11630,0.04389210562783675
11631,0.0017642921016141656
11632,0.008384682404171822
11633,0.06337957613298607
11634,0.10096880229459212
11635,0.002937498395184187
11636,7.3332169217404044e-06
11637,5.30323266206286e-06
11638,3.7109763043526234e-06
11639,1.2194651513550494e-06
11640,0.00047860178075666065
11641,0.004392677236062109
11642,0.06976088082165452
11643,9.105998109490486e-07
11644,0.24037027524857457
11645,0.03487872470785227
11646,5.01335340235525e-07
11647,7.342223470257114e-07
11648,1.1343289168543354e-06
11649,1.377272627456847e-06
11650,8.552738417582309e-07
11651,0.013807817997594113
11652,3.8226417755784104e-05
11653,0.004435504252729876
11654,1.923296018494503e-06
11655,4.720276326953942e-06
11656,0.0006343720549648942
11657,0.02895957036897311
11658,1.9731142682885592e-05
11659,7.814483325910525e-05
11660,9.981649853580007e-05
11661,8.473776802116448e-06
11662,0.018200345035049036
11663,2.4760868114387023e-05
11664,9.845713666584548e-06
11665,1.8345916028861157e-06
11666,0.0009701222489127942
11667,2.0201086381275476e-06
11668,6.798039142234138e-05
11669,1.1571310552845909e-05
11670,0.0012661202524456281
11671,3.016478921769799e-05
11672,0.0011705321921471193
11673,9.606040751395742e-05
11674,6.588510920518679e-05
11675,8.734464125121887e-05
11676,0.0001101972414776627
11677,4.759749584396954e-07
11678,7.714980819477169e-07
11679,1.499599599176676e-05
11680,7.779305690554984e-05
11681,3.187291513580708e-05
11682,7.40006484369833e-05
11683,0.00011826194228559302
11684,0.0011394434946268924
11685,3.461067559816103e-05
11686,7.054187670854925e-07
11687,0.0006110493180997433
11688,0.000483750782720189
11689,0.0023960712472454277
11690,0.0002711482716946957
11691,0.0002122690813788265
11692,5.319998389913987e-05
11693,0.17061347657780948
11694,0.02664365010382742
11695,2.9881229002897826e-06
11696,6.319833244788503e-07
11697,0.02598375487420927
11698,3.358993726697202e-06
11699,0.005070264928208004
11700,6.281713023959724e-05
11701,1.1382253090302705e-05
11702,0.000165233000812387
11703,1.6439443216001442e-06
11704,0.010372397332738472
11705,0.1341412426856662
11706,0.0070959162179841636
11707,5.477404754002688e-06
11708,8.356805111115646e-05
11709,4.40315701482493e-05
11710,0.0002942001574281677
11711,7.609149714262866e-05
11712,3.874529602475106e-05
11713,0.0013683139461281178
11714,0.00011264312213680069
11715,9.473235520833775e-06
11716,0.0007169217055590143
11717,2.594715353584831e-06
11718,4.9215677448897695e-06
11719,2.9825941706213485e-06
11720,5.377588441423478e-05
11721,1.0089428280621637e-06
11722,0.024804335841527643
11723,0.0007303876027284853
11724,0.0005061597927657627
11725,0.0005654972617918712
11726,3.090703798318612e-05
11727,0.0009218089906502653
11728,2.7589544748973187e-05
11729,0.037225805027061756
11730,0.00012945173913292722
11731,0.0007200199838152232
11732,0.015621236626304555
11733,0.04257936942095653
11734,0.0040628271663419955
11735,0.0532677265506641
11736,0.0026568408001216488
11737,0.00032903849997907553
11738,0.000798253796181683
11739,1.789101893414264e-05
11740,0.031345945616051835
11741,0.0006516236649204746
11742,0.0001807501416491079
11743,0.00015301133339823284
11744,0.00018942324322466462
11745,0.000553596054004684
11746,4.535231217734682e-05
11747,0.002204472703679968
11748,1.0897987590791228e-05
11749,2.226772899163038e-06
11750,1.9718845907634124e-05
11751,2.9659520644131444e-05
11752,5.955790630041266e-05
11753,0.0036547787891098456
11754,0.05491072530484252
11755,1.8452873532939233e-05
11756,5.733829338978513e-06
11757,5.17836971550433e-06
11758,6.990346967259382e-06
11759,0.12754830747197163
11760,1.4502579084570049e-06
11761,9.131655276547918e-07
11762,0.008241427591794977
11763,5.16947498535321e-05
11764,7.739986815607456e-05
11765,2.844380608800432e-06
11766,0.000504075014054683
11767,1.465098494380462e-06
11768,0.0017823608510771592
11769,0.0005546651241769569
11770,3.475238028129682e-05
11771,7.151442177514166e-07
11772,0.00010034873595549348
11773,6.90405656437417e-05
11774,8.112992267460613e-05
11775,1.3238628977027884e-06
11776,2.372872950758993e-05
11777,5.351305982401131e-06
11778,0.007213597188097729
11779,0.14389544158785122
11780,0.06157978099636633
11781,0.031006222960851364
11782,0.01145425223542641
11783,0.004401158905873602
11784,0.11560744177205873
11785,0.006655998304938356
11786,6.62480204929117e-07
11787,0.0001178385671798612
11788,0.0018685869120944817
11789,0.002356928210637192
11790,2.1053765287204818e-06
11791,7.360242154460684e-05
11792,1.4862572317534447e-05
11793,0.0004042057517172631
11794,0.005734409671173368
11795,0.0004099507121187292
11796,8.47482191336353e-05
11797,0.6477412312572747
11798,8.539888315857684e-05
11799,0.0006240966249208958
11800,8.098036881387754e-05
11801,6.502226587193455e-06
11802,0.00024172364045587491
11803,0.001370566666860984
11804,0.0021957107552300044
11805,0.054360943873953724
11806,5.7837698971797175e-06
11807,0.0016264737216878018
11808,0.005643328216537639
11809,0.05899531505030111
11810,0.0001886514713562982
11811,8.1959146106537e-06
11812,4.969098751196898e-06
11813,1.1136862577819925e-06
11814,3.475080409926313e-05
11815,2.1152242542630806e-06
11816,0.08402086851814804
11817,0.03287453080837564
11818,7.702935687864902e-07
11819,2.8818233730500863e-05
11820,0.000290817545678554
11821,4.5266529415900194e-05
11822,2.9586872454910686e-06
11823,2.700866429464318e-06
11824,0.00692137176683746
11825,8.925868529102139e-06
11826,1.972947045722829e-05
11827,0.0024094858378466413
11828,0.00020783435357358727
11829,0.0001476736433416387
11830,0.0010388130876019266
11831,2.4451198374897377e-05
11832,0.0065034787147203385
11833,3.319275617204744e-06
11834,0.0038236776034360175
11835,2.341169291186663e-05
11836,3.641124145463172e-05
11837,6.339840958265199e-05
11838,3.299230242336391e-05
11839,2.2392539888295835e-06
11840,0.00026948277086021787
11841,0.0022575298329222167
11842,1.0962179447386632e-06
11843,0.002025590685807186
11844,6.742310405251474e-05
11845,5.640753526531581e-06
11846,1.9006314397079613e-05
11847,4.706766427089217e-05
11848,6.352778795706528e-06
11849,0.00024044173790328097
11850,0.00010366862429234823
11851,0.04976368531622929
11852,0.00011901708828159642
11853,0.0054321002583574505
11854,0.0019623264836531092
11855,0.0003008594969008085
11856,0.00011912878066881243
11857,4.59989265422232e-05
11858,1.0172367764112985e-05
11859,0.00019360338388021915
11860,5.761090446033038e-05
11861,0.0002062178266500651
11862,0.00021194910363883041
11863,4.128320340161076e-06
11864,9.342795452752087e-05
11865,0.00041057496318176593
11866,9.593550305027855e-05
11867,0.0010236258906529251
11868,0.05497563408391713
11869,0.007564768099329303
11870,0.02450999375511155
11871,0.002044134690513689
11872,0.00037987670233777845
11873,8.559977662109417e-05
11874,0.0003550182903306376
11875,0.00031074225767824124
11876,0.0034345403973740306
11877,8.767982098461148e-05
11878,0.0014638659493118485
11879,2.4392935638518447e-05
11880,3.585968626111152e-05
11881,3.2988934260657935e-05
11882,3.6957150560212415e-06
11883,0.029060089781729238
11884,0.013381924819639115
11885,5.269968552150332e-05
11886,0.0002530204008710781
11887,0.0003990568314270129
11888,0.01290689530146047
11889,0.013824695964304648
11890,0.03800511694890846
11891,0.004795395720344286
11892,0.0002292873911613814
11893,2.964840981090847e-06
11894,7.005803451036959e-05
11895,0.002041410529080621
11896,0.004818722414030109
11897,3.627037297113314e-05
11898,0.0016044985968675346
11899,7.386177650047365e-06
11900,8.101418056691802e-05
11901,0.006180224621888495
11902,0.0006003023158785835
11903,0.014160609224723392
11904,6.932104330310438e-05
11905,2.432381454825839e-05
11906,0.0007284134007083784
11907,0.0005731217037596734
11908,0.0006806773641922109
11909,0.00034620656482568454
11910,3.605957622605709e-05
11911,6.278124107983576e-05
11912,0.0875723162490292
11913,6.662695693245661e-05
11914,0.000193477752064048
11915,0.17766179038929852
11916,0.0007117508325121342
11917,8.819666687719346e-05
11918,3.930871202362551e-05
11919,0.0011602873057130919
11920,2.0053175437918996e-05
11921,0.0005426862665252263
11922,0.0001228227682015684
11923,1.9309531566150046e-05
11924,0.000481601164729219
11925,0.0003047354746922097
11926,0.00028760986361252197
11927,0.00023511147097158005
11928,3.29977100422262e-06
11929,0.0006525808875564728
11930,2.8867075410174538e-05
11931,0.022607469152989036
11932,0.0012465775650737682
11933,8.244573378412408e-06
11934,1.285586586192747e-05
11935,0.0001428328778523506
11936,0.002304856065835328
11937,0.03044843908158012
11938,0.00010139754536524033
11939,0.25949308114550007
11940,0.00021312230515279452
11941,0.00014803926042429333
11942,0.00395158988169372
11943,0.0005087004475560787
11944,0.0013879900762909531
11945,0.0003258411083954964
11946,3.628408510075788e-05
11947,0.0008586424578561937
11948,0.0029613735598844346
11949,0.016504295949520506
11950,7.366383200267284e-05
11951,0.0002793007642093156
11952,9.250705196980935e-06
11953,0.03307302526043364
11954,8.869625392942925e-05
11955,6.3431428997076394e-06
11956,6.86658593441204e-06
11957,8.016281019890282e-05
11958,0.001670880989299182
11959,3.416221610410587e-06
11960,1.762466952676589e-06
11961,0.0002610299911292619
11962,7.4190945664963975e-06
11963,0.0008240629635716468
11964,0.10415679113857831
11965,0.00375583929337629
11966,2.037736700305905e-05
11967,4.772152411045565e-06
11968,0.5098631825923221
11969,0.0027132782043380447
11970,2.2376584912300324e-05
11971,0.011777242101966661
11972,0.14504487595058022
11973,0.0002030943382373336
11974,0.0019244405023667991
11975,0.0004978381288932917
11976,1.1787282823136507e-06
11977,0.005328046498513649
11978,1.2707950086140088e-06
11979,0.00011087581560767176
11980,4.37753486876016e-05
11981,4.0058145119256044e-05
11982,9.882055926238263e-06
11983,0.001485048531117443
11984,0.01825436218750228
11985,6.1672515380154435e-06
11986,0.03772109210125529
11987,7.761438192138966e-05
11988,0.0004659280942478192
11989,0.00025375591225181655
11990,0.00023218903401120422
11991,0.005964474009560111
11992,0.0006210981191703565
11993,0.0013250286487425046
11994,3.984634614539796e-05
11995,0.00025952574347010864
11996,3.357283598665341e-05
11997,1.107751110063361e-06
11998,0.00942921387863949
11999,0.005305000410330524
12000,0.003647857464528516
12001,0.00012161559716008007
12002,0.0005183661195962846
12003,0.00044425181265638977
12004,2.0264959350356734e-06
12005,4.8139144060081546e-05
12006,0.031531091953881554
12007,0.3218532437606071
12008,0.013665564992148535
12009,0.018514061811736735
12010,0.001934214589339351
12011,0.0020174781061484915
12012,0.00020894584037399214
12013,0.0001327357946600671
12014,6.819287392025436e-05
12015,0.0002496832479346538
12016,0.0017487472335364705
12017,0.06642635337336321
12018,0.08462179586512916
12019,0.0001717385423546707
12020,0.0023721656933025103
12021,0.03012150427256744
12022,0.007374331533988597
12023,3.4637156125711386e-05
12024,0.0022187838526859845
12025,6.678452760972505e-05
12026,1.7927185872349127e-06
12027,0.005504205833445653
12028,5.387281038634162e-06
12029,0.00011450640150325418
12030,1.216499339278366e-05
12031,0.9544817705823606
12032,2.919555685614375e-06
12033,5.656316939087456e-05
12034,0.03847624251927585
12035,0.0007822832227293991
12036,2.5046964888721194e-06
12037,0.0004688683367507069
12038,3.900360931646831e-06
12039,5.065932953812264e-06
12040,0.013116653611489596
12041,0.0003978736589396527
12042,7.34125333942604e-05
12043,0.00028186319250884966
12044,0.11101651267032575
12045,0.00026063182604828424
12046,1.4598775924459146e-05
12047,3.867493912664735e-05
12048,1.8855980320330773e-05
12049,0.16668599065238987
12050,0.012268944500979307
12051,0.00011770549799779007
12052,0.04811570335658821
12053,0.00017019229347029667
12054,0.0007093592769590072
12055,5.78247787052937e-06
12056,3.3681971387840003e-06
12057,0.0007069767152888201
12058,1.2772690942299088e-06
12059,4.313518747005279e-05
12060,1.4049000028714065e-05
12061,7.41559092766882e-05
12062,2.364015958080493e-06
12063,0.01222260543768176
12064,0.0637863740543511
12065,0.007164999453621113
12066,3.360289828131254e-05
12067,0.001649998069289147
12068,0.009762920331625723
12069,0.0005657942001408384
12070,0.0002993356318687947
12071,0.013515348762104426
12072,0.001496879105216752
12073,0.0002724389772348489
12074,0.0003166688536965463
12075,0.013529109939327055
12076,0.04200921000289734
12077,0.05476291188580271
12078,4.696670635596532e-06
12079,6.679759311040132e-06
12080,0.00031571018262024583
12081,0.002403147923110633
12082,0.0015331159460273318
12083,0.00020093365572844686
12084,0.00015056417344581373
12085,0.0032929691624348197
12086,6.122446805381979e-06
12087,0.0013492692066460262
12088,0.001095613548939859
12089,6.619156306421903e-05
12090,8.701627465798995e-06
12091,0.1959881084377601
12092,0.0005478940440218564
12093,0.016601370589664426
12094,1.8490843048446714e-05
12095,0.00018475175682674318
12096,0.0006294521109355058
12097,0.046682527727843925
12098,0.009790506216109865
12099,0.00036274464177962
12100,6.490241495421697e-05
12101,0.000358234687309374
12102,0.0008406417473835273
12103,0.00031399785693552416
12104,0.000937141201678041
12105,0.0012919955552877845
12106,0.043526333984762654
12107,6.90775516574585e-05
12108,0.009937589411979631
12109,0.039863536390457546
12110,0.01736387853149808
12111,0.0001442182429732662
12112,0.0010879443567443979
12113,0.0029579806849596873
12114,0.024495521089353312
12115,0.004129848758931914
12116,0.0035705931012841806
12117,0.01808237797523253
12118,0.001107166762360705
12119,0.004114118444704973
12120,0.0008961617033740241
12121,7.253542541896922e-06
12122,0.0016249112369551195
12123,9.996127597009152e-05
12124,7.346734696033125e-05
12125,0.0522033237260486
12126,0.014910526225123922
12127,0.006549722184081418
12128,6.762606553681239e-05
12129,0.002562765112586697
12130,4.6758098551792346e-05
12131,0.030492601567024897
12132,0.007607067188800945
12133,0.00013472245597649703
12134,0.01805723573444758
12135,0.008402154985520013
12136,0.007488758616346246
12137,0.01999959763038115
12138,0.0005919444338775699
12139,0.00032352282458904334
12140,0.0003137248820731848
12141,4.705477653408815e-06
12142,3.801651155617196e-06
12143,1.2418632495101069e-05
12144,0.0012456578680212643
12145,7.02222665610576e-05
12146,0.01470734211456957
12147,0.005468266251043826
12148,0.000659578049889946
12149,0.00017370404655650122
12150,0.017380605797443733
12151,0.00332872760832528
12152,0.000163497023451838
12153,0.0011742809108641404
12154,0.0008328561702581654
12155,0.022327101614659218
12156,4.717510371253213e-05
12157,0.0006168092042041041
12158,4.8320491311041545e-05
12159,1.248769372813452e-05
12160,7.386112887832288e-06
12161,0.0012640081524558974
12162,0.0008424753906136198
12163,6.927332727218144e-06
12164,0.012770846057240517
12165,0.00030569402545301124
12166,0.02018422990666596
12167,0.14286655810995744
12168,0.0001989407127362042
12169,3.865106952851103e-05
12170,0.0003005099726032639
12171,0.006721135621854888
12172,0.10783760839394722
12173,0.023402314098711276
12174,4.374894408950506e-05
12175,0.00012083161802211406
12176,0.04943757358973998
12177,0.0320834868010937
12178,0.0005053479509049885
12179,0.05508457524753836
12180,4.835418756044685e-05
12181,1.308478033188794e-05
12182,0.06728885196513316
12183,0.002367929941684661
12184,0.0007380449478430751
12185,1.247741428029142e-05
12186,0.00011261830896237867
12187,0.001087772629447294
12188,0.0008464523828986811
12189,1.5773979105197942e-05
12190,0.050222580683695575
12191,0.010711953429503951
12192,0.0019444693611774754
12193,7.13978730449319e-05
12194,1.0004151528467126e-05
12195,3.101245811795006e-05
12196,0.0002775626186662258
12197,0.006190808086991138
12198,5.532014753317697e-05
12199,0.01720522642253564
12200,2.1617704226916273e-05
12201,0.0013822149249068597
12202,2.4068625107538785e-05
12203,0.1708960967822734
12204,4.157317951441155e-06
12205,0.2922138557994793
12206,0.0009380786003207311
12207,0.012356843606664789
12208,0.06422399186692537
12209,2.0445284344837724e-06
12210,6.662685841677147e-06
12211,1.9194317289254098e-05
12212,0.0004678014429966718
12213,8.25160831602249e-05
12214,0.00042903832657268965
12215,6.71435553606147e-05
12216,4.9998822606842586e-05
12217,0.0003892543163315407
12218,0.4001575606615778
12219,0.0009313748427382161
12220,0.002292966111187184
12221,1.1126982699445921e-05
12222,0.005637484695812095
12223,6.263818181665882e-06
12224,1.0677259349587944e-05
12225,6.85019199320666e-05
12226,0.0006596933472628174
12227,7.370215802360286e-06
12228,1.4603188088607041e-06
12229,7.433292428039132e-05
12230,0.003370708590346533
12231,0.009765257953769462
12232,0.00690248763578411
12233,0.0026799501923811275
12234,0.042005580113485756
12235,1.2029519922034985e-06
12236,0.015266155616385377
12237,0.12484133522066773
12238,3.07649240161383e-05
12239,0.006161537424276787
12240,0.0050595915552286205
12241,0.013509485190841575
12242,0.00029310993765503635
12243,3.8862860689136384e-05
12244,1.2560498250526375e-05
12245,9.89332643105695e-05
12246,0.011683971826879167
12247,0.006743848781061136
12248,2.1829907652676184e-05
12249,0.03437748188178682
12250,7.597260195021077e-06
12251,0.07203414937102422
12252,0.08267364172006197
12253,0.0006093859135910758
12254,0.00011837272071015415
12255,0.00048010238459230624
12256,0.0002304583472773082
12257,6.849426108304792e-06
12258,3.718391445020073e-05
12259,0.0015454241224159538
12260,0.05114777326773086
12261,0.007935033367840707
12262,0.0626148805007988
12263,0.00010421168693510084
12264,4.130718384955786e-05
12265,0.015577744503638583
12266,0.004125142637902842
12267,3.1153494523946334e-06
12268,0.0003002390665478051
12269,0.0056122724828903195
12270,0.0006741341760487388
12271,0.0275288579897471
12272,0.031671442579706714
12273,0.0014656069323812485
12274,0.34062129389621376
12275,0.00017049866100686726
12276,0.0008911735904385112
12277,2.229011566453833e-05
12278,0.03941466646622856
12279,2.6598874964832803e-06
12280,0.025934253549369173
12281,0.008103281399511202
12282,4.835350249577911e-05
12283,0.0007797728776057467
12284,0.06021275578944264
12285,0.026892586183935314
12286,0.13431557276755635
12287,0.010137276975469114
12288,0.00010874351034803355
12289,0.00043290673974054437
12290,0.002080292871353365
12291,0.064099296308909
12292,0.16660742761810524
12293,0.21011745523402076
12294,0.00015050688779063112
12295,0.02238613098501042
12296,1.6512051791248086e-05
12297,2.9289322550244665e-05
12298,0.003242930043256032
12299,1.573188917358716e-05
12300,2.1268848564283595e-05
12301,0.004583082523744659
12302,4.0512745550033786e-05
12303,0.00010381039150196131
12304,0.001283789076770943
12305,1.1916432362411192e-05
12306,0.009770253894802924
12307,0.0005786535671946809
12308,7.223620027335835e-05
12309,0.0006579897486750176
12310,4.25243395963084e-05
12311,9.658965766170254e-05
12312,0.0018350981970578551
12313,0.0008947543058740272
12314,0.001460203584094261
12315,1.0407812080607276e-05
12316,0.08223839978153391
12317,0.0011659613087870876
12318,0.0025926755971331
12319,3.091732289745369e-06
12320,7.543536587761136e-06
12321,8.971137863913838e-05
12322,0.00010107544309220505
12323,7.730441762608247e-05
12324,0.002393246296029764
12325,0.0002768304691762886
12326,0.012018594053251935
12327,0.0020943024404577763
12328,8.87252448117667e-06
12329,0.0009433101559992551
12330,9.581145425617611e-05
12331,2.751411450934786e-05
12332,0.024115910632675354
12333,0.0005652172700077128
12334,0.023407704762100058
12335,0.00020953655589468632
12336,0.0014835275158979406
12337,0.0056514414467999236
12338,0.006348310097417156
12339,0.00011838997648163617
12340,0.00023738665468027155
12341,0.00048363379942887994
12342,3.7993387145204404e-05
12343,0.00837806884802628
12344,0.00036476284405944964
12345,0.0022930158668048625
12346,0.028887370721366774
12347,0.00018677732433947954
12348,7.120000130954244e-05
12349,2.78099668155033e-05
12350,0.013947428065555625
12351,0.00010826921642089342
12352,6.251982570768833e-05
12353,1.7552272427774709e-06
12354,0.000690518640051431
12355,0.004393854018282845
12356,0.024685358302676735
12357,0.02448707290305672
12358,0.005461393645152963
12359,4.355739871705265e-05
12360,0.003137758267780233
12361,0.00012805499263195244
12362,2.7408750838815824e-05
12363,4.2986555340766575e-05
12364,0.0007035453591379799
12365,0.013659362590303956
12366,0.007397410013906519
12367,2.385387598340363e-06
12368,0.0007405576964255382
12369,0.0004067078750341601
12370,0.00020186027448201808
12371,0.0008151431509993718
12372,5.560873722093479e-05
12373,0.07346213647669128
12374,0.0029481439902970035
12375,0.01973463162749148
12376,0.0001060253015811505
12377,0.0008184864622254739
12378,0.0001785811990735318
12379,0.00015823347133158842
12380,0.009271639036762782
12381,0.06603487511671462
12382,2.4901461573944113e-05
12383,0.0029543242182830673
12384,3.6478375770850877e-06
12385,0.0006432289987562853
12386,0.0006658377352637423
12387,1.1609974938410174e-06
12388,0.07344001444327883
12389,0.08513221750226001
12390,0.06581065814083938
12391,0.006679719732570517
12392,0.0513939761625565
12393,0.040694180194502994
12394,0.003408949492050499
12395,0.037041072529096275
12396,0.0019087819974935767
12397,0.07265038421670282
12398,0.002620268663045852
12399,0.0009374695373425406
12400,0.0960637121970879
12401,0.0010878593062761143
12402,0.0012460668805581727
12403,0.07638876776209255
12404,0.0009112460822587492
12405,0.00015458655218395886
12406,0.020876865171315644
12407,1.109974069632221e-05
12408,0.009761741350183812
12409,4.478660285239006e-05
12410,6.750484574095479e-05
12411,5.682507739118637e-06
12412,0.004328067282224074
12413,5.955829704738334e-07
12414,0.301854389659697
12415,0.048586802449146996
12416,0.0033701423285150316
12417,0.0009580126152359165
12418,4.4169810044745235e-06
12419,5.0648317428421236e-05
12420,3.9596125891489865e-05
12421,0.002294792314762325
12422,0.00020501424648608648
12423,0.0002864062416620323
12424,0.011939815234343922
12425,0.00025380250238024756
12426,0.21429571208639606
12427,0.0001465381419493783
12428,0.032272336239511104
12429,0.00014553413324623523
12430,0.04158579424239732
12431,0.0002944200646423621
12432,6.167958832885051e-05
12433,9.128219186827693e-06
12434,0.4903066770280259
12435,0.0009234232414977478
12436,0.014000370929058181
12437,0.00038833557156206565
12438,0.005102039907674287
12439,4.028749356890417e-06
12440,0.00015861023629918476
12441,0.0005087127373610433
12442,0.29610529592248097
12443,0.0003782994788044014
12444,2.4339224387915335e-05
12445,0.003950055629638178
12446,0.032114763847747384
12447,0.0007778179349015422
12448,0.00042213188790472865
12449,0.1056966098446783
12450,5.128978493433539e-05
12451,0.006618407249762764
12452,0.00978833708933503
12453,0.08242430264954174
12454,0.0011670989781206703
12455,0.018178954254400543
12456,0.00421191846443591
12457,0.0058125874553949745
12458,0.0007413807141267244
12459,0.004418869809875726
12460,0.014397739009670582
12461,0.009235532366182667
12462,0.00012335229450807222
12463,0.008533293948618145
12464,1.3427850793878466e-05
12465,9.769670233599186e-05
12466,0.0002392921499735667
12467,5.356256294926033e-05
12468,0.00014951111824547522
12469,0.0019952388724499433
12470,0.004418393458236902
12471,1.664434324848838e-05
12472,0.14720283478870017
12473,7.905760266547267e-06
12474,0.12803130131969623
12475,0.006137513181732097
12476,0.005372336850903186
12477,7.678864017238365e-05
12478,0.03318174144997682
12479,0.0004343741441478298
12480,0.078838023822636
12481,0.0003724233356200249
12482,0.005481348192877915
12483,0.00020256542058581345
12484,0.00030459196785052466
12485,9.142979954024188e-05
12486,0.029587388096369693
12487,0.005736231853497851
12488,1.2259117232397722e-05
12489,0.033833082141993855
12490,0.18499956293002293
12491,0.00015268467009429786
12492,0.00043290036920251714
12493,5.4076988613845385e-05
12494,0.0003442225289661312
12495,0.00016398006321742024
12496,0.00012509435407188294
12497,0.020857967945749227
12498,0.11301842767593769
12499,0.013977551913918428
12500,2.5803074855246527e-05
12501,0.21385769874771327
12502,0.0005075402767357656
12503,0.005337142527733153
12504,0.000868077841161558
12505,0.0015985881792664515
12506,0.00017513164660937257
12507,0.002449867212371853
12508,0.00011619508728194748
12509,0.03860882200013448
12510,0.007114332354692318
12511,0.0014488863027238437
12512,9.256899688023693e-05
12513,0.0004333559145707587
12514,9.333595545164747e-05
12515,0.11930644338595539
12516,0.0001914066860624085
12517,0.0009911806886644667
12518,9.379428834413143e-05
12519,0.0027672355678400274
12520,0.002731166757267125
12521,0.0926978276687675
12522,5.122385522925637e-06
12523,0.0003966698263914652
12524,0.01779378577048581
12525,0.6597229873234464
12526,1.9266341457488764e-05
12527,0.00020177323701074326
12528,0.0005507746860923134
12529,0.006189095309051966
12530,0.03480252021024516
12531,0.03349942843778561
12532,4.129459291245621e-05
12533,0.00011564300271398494
12534,0.29258978520203827
12535,0.0001577454893274527
12536,0.0001668282092979854
12537,3.246511185427941e-05
12538,1.7550699561184273e-05
12539,0.035186227442443374
12540,0.00044965879082667045
12541,6.748530389820072e-05
12542,5.742370441570687e-05
12543,0.00014514739550621942
12544,0.0004998221266897855
12545,0.08282907051028796
12546,3.650601734785799e-05
12547,0.0012051805549571676
12548,4.474438300402088e-05
12549,0.19654921373737985
12550,0.12464654574800602
12551,0.0015302176689371207
12552,0.0007527748056826493
12553,0.00891682238139101
12554,4.854747577640671e-05
12555,0.0008922181569410168
12556,0.0137694971163039
12557,0.0005023584612922246
12558,2.1512164380168047e-05
12559,6.137772155325044e-05
12560,0.00018027745002650443
12561,8.15526570281033e-05
12562,7.029135166701426e-05
12563,0.00026864326151972503
12564,0.0325136751768748
12565,0.00196517090465248
12566,0.00010069484915523417
12567,0.024981177208728878
12568,5.8585754325478215e-05
12569,0.0478000041740272
12570,0.20583332342691918
12571,0.00022229767934802387
12572,0.0102236680664011
12573,4.2166585037750804e-05
12574,0.014883338505864105
12575,3.708266703780114e-05
12576,0.0002069890719282319
12577,0.002126847090380882
12578,0.0028535973517861165
12579,0.016315820754111036
12580,3.901943105351956e-05
12581,8.656763061533988e-05
12582,0.00017081987968229145
12583,8.935481798261837e-05
12584,0.0005769805121437013
12585,0.00023479544397671113
12586,0.0011333677732626069
12587,0.01509535229828186
12588,0.03934078112227226
12589,7.416562703855673e-05
12590,0.010770101896944589
12591,4.665589924249836e-05
12592,0.0001449307534348158
12593,2.4147008725438067e-05
12594,5.533263608433113e-06
12595,0.007416819338304283
12596,7.894433428420457e-05
12597,0.06292195332901337
12598,0.0003034240823440147
12599,1.1014031802509875e-05
12600,0.0001492181482939499
12601,0.0005735141945913882
12602,0.17379727889761115
12603,0.007057456880893774
12604,0.00020820322935090102
12605,0.0008335361852201371
12606,1.9585770510649736e-05
12607,0.0015472039458841852
12608,0.0013257581748369086
12609,0.041575582061423116
12610,0.00042076318540856615
12611,0.00038539495726600085
12612,5.294412563793061e-06
12613,0.00019024775460498082
12614,0.019060990295971518
12615,0.01766406453535937
12616,0.0012733324120250838
12617,2.7801544574535128e-05
12618,0.026690090618891084
12619,8.456414996643262e-05
12620,4.293944390584236e-05
12621,0.0032048545986731562
12622,0.025785347114484897
12623,0.003658608510661241
12624,0.44581696309442814
12625,3.384651017907906e-05
12626,1.9507162001086897e-05
12627,0.08127057645667202
12628,5.9952021260674485e-06
12629,0.06958699213740233
12630,3.5807576692471003e-05
12631,0.01515418649990942
12632,0.013131016965651703
12633,0.01589104648840767
12634,0.0012194801845520492
12635,0.10646767102600815
12636,6.681682511524153e-05
12637,6.312536226588765e-05
12638,2.0540861309733317e-05
12639,0.00011815097432215525
12640,0.10306672158764432
12641,9.76887783837453e-05
12642,3.719639166642917e-05
12643,0.0007755409112218678
12644,7.221857810886731e-05
12645,0.00011108134222228654
12646,5.564273110825729e-05
12647,9.547605187731593e-05
12648,0.00010340558381698498
12649,0.008321022527533002
12650,8.540273714838421e-05
12651,0.0026549416900742795
12652,0.005546992429689794
12653,0.04354507153346025
12654,0.00041888557476835365
12655,0.002268739003545571
12656,0.4494417996334916
12657,0.014066836940513684
12658,0.00045387948317664303
12659,0.00843138405978065
12660,0.007936396218396872
12661,3.639520914148039e-05
12662,0.0123349008330869
12663,8.54905969434545e-05
12664,0.03096256199899175
12665,6.262154512918326e-05
12666,7.157714483323623e-05
12667,0.0011071655629310835
12668,0.0002071721113685023
12669,0.005650582076620417
12670,5.029693201143662e-06
12671,0.0007650424275894003
12672,0.008169024225148846
12673,0.0007976989047756294
12674,0.010337014039871747
12675,6.419925143733912e-05
12676,0.00019985371416179546
12677,2.1041793006007395e-05
12678,0.0034566896385859287
12679,0.00046997691417235906
12680,6.653447147801181e-05
12681,0.016900778238809252
12682,0.0012002812523874645
12683,4.151921459022548e-05
12684,0.0006468210612300797
12685,0.003294350795067304
12686,2.3353866169576383e-05
12687,0.014556525124811443
12688,0.0024900973301848605
12689,0.0001426039992129379
12690,0.012425555575400118
12691,5.53975609440194e-05
12692,7.403039385983757e-05
12693,0.0003007867620390309
12694,6.472644911521868e-06
12695,0.040965271077888214
12696,0.0023449635940304882
12697,0.0001659754863561846
12698,2.47039603430514e-05
12699,0.000185594000745036
12700,0.00013552920187701975
12701,0.0009185640786199547
12702,0.0010699154166099376
12703,0.004805673361678537
12704,0.014127451601927887
12705,0.0001109104501217059
12706,0.0015204587209687035
12707,0.000515719794993268
12708,0.00015211175711485865
12709,6.527285079636021e-06
12710,0.00010245566983560686
12711,0.0005795844788998403
12712,0.0268527437553288
12713,3.1198498655387105e-05
12714,3.2196744495556954e-05
12715,0.010106452025170288
12716,0.000323045129584851
12717,0.09348095485961509
12718,0.000278515729755489
12719,0.0018779878574053416
12720,0.14502291145614032
12721,0.0036579653367256105
12722,0.1811436881353501
12723,0.0057159025518739425
12724,0.02030827885141403
12725,0.037607116892939205
12726,0.004965240353380467
12727,0.039670231106139583
12728,0.013326425878139144
12729,0.1336072617829188
12730,0.014600863462986313
12731,0.001882834101434365
12732,0.00011053892729492652
12733,0.00014827011227201752
12734,0.011392692110102156
12735,8.809390556773256e-05
12736,0.00015600998105433448
12737,0.00019648809331774433
12738,0.0016776941918089164
12739,5.8796740754943276e-05
12740,5.6795865068184784e-05
12741,0.029271424111238842
12742,3.3182805061367785e-05
12743,0.0021363926381220482
12744,0.007897693220320806
12745,0.0003178639945529361
12746,0.05537566997269765
12747,0.08605112206277725
12748,2.54682537904418e-05
12749,4.9248808756604894e-06
12750,2.302589645933516e-05
12751,2.4321089398771707e-05
12752,0.03752754038322385
12753,9.020408563030916e-05
12754,0.010595194034786226
12755,0.0009553840339355543
12756,0.21534872677586608
12757,0.04233522625039331
12758,7.708646657064165e-05
12759,0.015533137341399394
12760,0.014108106682416601
12761,1.7491877385584168e-05
12762,0.006801206302410165
12763,0.26334344387458775
12764,0.028994011788350628
12765,0.09208291591653447
12766,0.01852611076516595
12767,0.07282471205568566
12768,2.4064452809323523e-05
12769,0.005666606036183725
12770,0.0020246431519038073
12771,0.0014469334046864415
12772,0.09789315416966515
12773,0.0007458394833520466
12774,0.027441987569338817
12775,0.00010511543559302237
12776,6.585709218013096e-05
12777,0.003986956245733636
12778,3.90364882975933e-06
12779,7.214304083515491e-06
12780,0.07924733225583906
12781,0.5312859106214264
12782,0.012497261601464115
12783,8.963636458966188e-05
12784,0.0031495642619149577
12785,5.43014545256973e-05
12786,0.00018172618059054984
12787,0.0001558921301540964
12788,3.540265554047224e-05
12789,0.044715388874986786
12790,0.0002240930452832733
12791,2.5771047862287394e-05
12792,1.0395714689063904e-05
12793,0.272240254750195
12794,8.004906348018509e-05
12795,0.20239921558197843
12796,1.2481995569301259e-06
12797,0.0003282426819693252
12798,0.00010567158900910874
12799,2.3110072481040796e-05
12800,0.015258198971039366
12801,0.001904185173132069
12802,0.14349655591244465
12803,0.016915844784426686
12804,3.9243265145377954e-05
12805,0.0009082815395749655
12806,0.003724746430052566
12807,0.00012049311682415164
12808,0.16955175977892867
12809,0.13207344355858508
12810,0.04412648545321934
12811,0.0017000831686016747
12812,0.00010989530743623198
12813,0.004570204978942176
12814,0.0024697295824424896
12815,0.0007931832877585874
12816,0.2435513984555242
12817,0.00014523791795894027
12818,0.0014462430004150205
12819,5.454643508966737e-05
12820,0.0015343235579594824
12821,0.001933030503052936
12822,0.0001571626021602694
12823,0.08461549492650508
12824,0.00020697015392250875
12825,8.043355190057425e-07
12826,3.204478620483126e-06
12827,0.0001007356965208425
12828,7.576997849423743e-05
12829,0.241270554445008
12830,0.019856949786849026
12831,1.5163324136322125e-05
12832,0.0009134329142874841
12833,1.146329093575719e-06
12834,0.0002478683911836016
12835,1.2957834640190164e-06
12836,0.0019197373401213219
12837,4.368654167820507e-07
12838,0.000774590881323201
12839,0.0002028792128814663
12840,8.782479532356669e-07
12841,2.2170313714883504e-05
12842,0.07041837888413005
12843,4.6438759744846663e-07
12844,0.031134313254731382
12845,0.03913039237484053
12846,3.981052497706002e-06
12847,0.00011822193434002303
12848,0.000267682377125835
12849,4.4740747325020866e-05
12850,3.127030654269809e-06
12851,0.0006570721844341992
12852,0.001124934040010021
12853,0.043283867271708944
12854,0.00016391659376708206
12855,0.000199278987618009
12856,7.263471086901445e-05
12857,8.487076832311237e-06
12858,0.0003215123907348478
12859,0.014418799216552137
12860,4.529822980384252e-06
12861,0.0010856250793672441
12862,2.7552693648984736e-06
12863,7.398978032071021e-05
12864,0.00011580660649480423
12865,1.6286707224907702e-05
12866,0.0005060042384972586
12867,9.56117949596472e-05
12868,0.00284024865680688
12869,0.00010031349447809141
12870,0.0003592401384987946
12871,9.618223832274025e-06
12872,0.08030601271606978
12873,0.687527902340949
12874,0.0002542168447174216
12875,8.537171786049508e-06
12876,0.06618704286194982
12877,0.2246214170447658
12878,0.017671007316693986
12879,0.007217470079302318
12880,0.0002470396239948546
12881,8.766344381497584e-05
12882,0.007781280401975338
12883,8.051502873036716e-07
12884,0.0082968326022525
12885,0.01059558114477104
12886,0.0013002287888106425
12887,0.00014768514073695228
12888,7.63093549812847e-06
12889,0.0006344883620784452
12890,0.010631102745477166
12891,4.48346575477274e-06
12892,7.083830083586497e-06
12893,0.002038492858634008
12894,7.547351182768372e-05
12895,0.0010404897345827556
12896,5.4848446583545386e-05
12897,0.0009934090579770984
12898,0.004457613700114892
12899,0.47313270565709925
12900,3.845986479950602e-05
12901,0.0002469347772439385
12902,0.0004951190575662341
12903,0.00012688391144750712
12904,9.15247508315623e-05
12905,8.503705075061692e-05
12906,3.5430950835832946e-05
12907,0.0004786302797041667
12908,0.05216092250263862
12909,0.00017077574928996736
12910,0.00030101500940519376
12911,0.00025949025503404144
12912,0.01469081793237304
12913,9.338609378902741e-05
12914,0.7274663884431243
12915,0.1037676877965223
12916,0.0002927917902177427
12917,0.0013928352127378647
12918,0.0008609808271469869
12919,0.0008149389564064835
12920,2.519509470845857e-05
12921,2.951700284284273e-05
12922,0.10819948685522654
12923,6.918590042277747e-05
12924,2.234413474571216e-06
12925,0.0002475742480642843
12926,0.05336479750871921
12927,0.00010529666662319424
12928,0.000991342754301295
12929,0.0001766812538567625
12930,2.511220212310165e-05
12931,6.010339228220242e-06
12932,4.4387227986702624e-05
12933,5.487040526641799e-05
12934,0.0003692510159238296
12935,0.00020633480737279895
12936,0.0003181167721548116
12937,0.00015429601511002762
12938,0.000375394187580573
12939,2.186590341370505e-05
12940,0.0003091610468713541
12941,0.01858052340874916
12942,0.00017849747669983014
12943,0.00026399959489969695
12944,0.000539573943621285
12945,6.332037725908974e-06
12946,0.0001610098079720276
12947,0.0013097533071918814
12948,0.0002463594612952214
12949,0.00021839836284142928
12950,9.456797817336676e-05
12951,0.006308773484276163
12952,0.0001400886022571326
12953,4.745801615026245e-05
12954,1.3718870157172596e-05
12955,0.9667867366287526
12956,0.00013198985319247945
12957,0.0006438240555116789
12958,0.00690268067312268
12959,0.00039524570460502777
12960,0.4195849742403315
12961,0.2909916874793387
12962,0.00013385534295882044
12963,0.0002599457154274856
12964,0.00012061596592347422
12965,0.0034270043473216653
12966,1.0469350945596218e-05
12967,0.0009025762650887184
12968,0.013031901692573417
12969,0.00030705918270327047
12970,8.749866939209371e-07
12971,0.006064949336750256
12972,0.14561296534541904
12973,3.555061619033408e-05
12974,0.014869397134666631
12975,0.010144903452361454
12976,0.0007287926707493936
12977,0.00028180506934246156
12978,9.351099011001462e-06
12979,0.7021150405817957
12980,0.5013039241925199
12981,0.06621664450098524
12982,0.040383430106040896
12983,0.004755026571342752
12984,6.525004040511447e-06
12985,2.9156177067034273e-05
12986,0.020676969254768873
12987,0.00012007760837977955
12988,0.00024365561941496855
12989,0.1317396625470186
12990,0.3653011043823338
12991,8.522375217633445e-05
12992,0.02427896985702905
12993,0.004820438830592267
12994,8.054414655833118e-05
12995,2.0278461019779092e-05
12996,2.991116582428582e-05
12997,0.08932725961231283
12998,0.44443393604027276
12999,0.0004638239627521584
13000,0.010420157948249279
13001,0.2727384725524339
13002,0.00010543371983720981
13003,8.294788278317497e-06
13004,0.00014061854468884087
13005,0.002279741895396321
13006,8.466847127530543e-06
13007,8.93389100275637e-05
13008,0.12579225121604673
13009,0.0005845159976560108
13010,0.07134304180691613
13011,0.00032130094130737076
13012,8.786761409826385e-05
13013,0.0008579096227234468
13014,0.06940833384519596
13015,5.646715648318873e-05
13016,5.2570921047193785e-06
13017,0.0001433722393729017
13018,0.0006512859800019857
13019,2.8785817248532116e-05
13020,4.087083196351336e-05
13021,2.112978037990088e-05
13022,7.599308277793437e-05
13023,0.00018956050204951635
13024,4.988189970117969e-05
13025,7.687790693081199e-05
13026,5.9850859326255645e-05
13027,2.8437717697986154e-05
13028,0.001222175219510251
13029,3.944069554722008e-06
13030,0.0006282283125738156
13031,0.00010133915003291693
13032,0.00014031811388656045
13033,0.0002369828414005571
13034,0.00025014964312968625
13035,0.11157707758519608
13036,0.2496423553075479
13037,0.0010950868088927905
13038,0.32108332310346166
13039,0.00016951494554563886
13040,3.885009689751532e-05
13041,0.016523372500079354
13042,3.632416265037377e-05
13043,0.0007897991476389065
13044,0.00015552818584676988
13045,0.0058535751666928
13046,0.0065549501358734535
13047,0.00010292920084824586
13048,0.012301705012542716
13049,0.0007643731474772981
13050,0.09870003059593818
13051,0.000559561537055929
13052,0.20533379124808668
13053,0.000402197478026679
13054,0.03986450645775497
13055,0.012530640633662405
13056,0.007986592204883815
13057,0.00023338527052591709
13058,0.00198726310903882
13059,3.835251400966174e-05
13060,0.0016064073233777118
13061,0.7755528436750484
13062,5.848464448088572e-05
13063,0.00014433859843566245
13064,4.187909867157715e-05
13065,0.0006731422732493437
13066,0.7718613987212648
13067,0.00026157815538113704
13068,7.870216755659172e-05
13069,3.979234268717184e-05
13070,9.537536247064296e-06
13071,0.00016667786417683415
13072,7.161577182812242e-05
13073,3.224216291650197e-05
13074,0.007629116262175722
13075,0.0022214271003414988
13076,0.00011860272703832994
13077,0.008408623218404217
13078,6.727478900147478e-05
13079,0.14202917719629587
13080,3.3157737056690166e-06
13081,2.287728045176616e-06
13082,0.0005753547563406038
13083,4.739510695428975e-05
13084,4.0068678470222065e-05
13085,0.00015064096234626
13086,0.01727651349053938
13087,2.980664180413921e-05
13088,0.007842735791441919
13089,0.0001222767398138381
13090,0.00021833358317580476
13091,7.852262140715492e-05
13092,4.040499746415709e-05
13093,0.2798807719644309
13094,0.0005547884393476187
13095,0.0001259124515521476
13096,0.001063323979917152
13097,0.026276447518626483
13098,0.011262783366837989
13099,0.0026443389828368228
13100,0.00020991269076049
13101,6.403553164764934e-06
13102,1.2351968826791057e-05
13103,0.4602059084161466
13104,9.684255653649471e-05
13105,0.000482194527238733
13106,7.599760417033275e-05
13107,0.1014128606935871
13108,0.008237495766911974
13109,0.00019776905357192344
13110,0.0067198264090771506
13111,0.001618046337424326
13112,0.07274008145978036
13113,0.7936087720318794
13114,0.0011403449250495339
13115,0.0008880316914686203
13116,3.2840005925572455e-06
13117,0.000218342233378783
13118,0.002268636852556106
13119,0.0005064022720446158
13120,2.7007416884654836e-05
13121,0.0001243384277049347
13122,0.0057355649944363495
13123,5.622593422021055e-05
13124,0.000325220857266936
13125,0.00012015647531466887
13126,0.07235772600916365
13127,0.0001019139205568595
13128,0.031528524170248214
13129,0.0001658027626689424
13130,6.821310942049521e-05
13131,0.08275742099366698
13132,0.02486428995359489
13133,0.3802525118003165
13134,0.055207893405791776
13135,0.0013432698336956783
13136,0.00040083056923805385
13137,0.0001603681047281432
13138,2.3340284598401933e-05
13139,0.0001135248006692498
13140,0.0004936594984379371
13141,0.0005061253955221848
13142,0.00476491027612367
13143,5.535462260489808e-06
13144,0.0008099657360541022
13145,0.0006704384573582361
13146,3.946948922398334e-05
13147,0.009011554049088977
13148,0.023396034974712213
13149,4.347289582944045e-05
13150,6.091698542334058e-05
13151,0.00013331133990074828
13152,3.9378441286211934e-06
13153,0.00029429601427833247
13154,0.00206716762976902
13155,0.00013251775282882087
13156,0.014140583220725544
13157,0.001306807182272823
13158,0.5309649709518142
13159,0.0065465597438136795
13160,0.002194820367937899
13161,0.0037234211232855365
13162,6.489744584242351e-05
13163,0.0003676066722289132
13164,0.00021082683547076495
13165,3.9746803266515066e-05
13166,1.6783590972774862e-05
13167,0.00021466958845985763
13168,0.0007415137905624144
13169,0.001296344294510679
13170,7.336855230244036e-05
13171,7.332909918378956e-05
13172,0.0003469886788345036
13173,0.000156244589490819
13174,0.002628229812195454
13175,0.00016359444169309782
13176,0.0004087968157466627
13177,0.0001744620135388355
13178,9.785399021617513e-06
13179,0.00036997664495263573
13180,8.500548134125631e-05
13181,8.743204381354205e-05
13182,0.00013997469668350875
13183,0.00010992558797707534
13184,0.0001289260271508089
13185,0.26195881417037314
13186,0.022030390566006926
13187,0.0007469092626897135
13188,2.9315531986181285e-06
13189,4.6127674446149544e-05
13190,0.0004244248219877891
13191,2.6509772432056e-06
13192,0.00032402731036885286
13193,2.3833659893291344e-05
13194,0.8127957184893418
13195,0.11934989752695986
13196,1.5281842866617187e-05
13197,0.0024916288960984394
13198,0.00020068670701513784
13199,7.112336113740435e-05
13200,0.0055181549144430984
13201,0.0006137622237511523
13202,3.395325255082617e-05
13203,0.00021166390544599795
13204,0.00047025887806213676
13205,0.0002368531648946572
13206,6.29932926333852e-06
13207,0.00826258272143229
13208,4.2580782500892725e-05
13209,0.0006512628321477212
13210,0.0016021688168977705
13211,8.246308237683391e-05
13212,5.715547837194669e-05
13213,0.000161672186652551
13214,0.36760693985453385
13215,5.6851796880318766e-05
13216,0.000290304884921473
13217,0.000539117810925964
13218,0.00013733459729862007
13219,0.00011570631161270392
13220,0.020578617683113733
13221,0.024875385501192067
13222,0.005324876794130438
13223,2.127645175302714e-05
13224,0.00018819423305860126
13225,1.847074622798528e-05
13226,2.6874149434519338e-05
13227,0.0002723512205061949
13228,0.00030786012716678716
13229,0.00039181674657322394
13230,0.000342206182513673
13231,0.0002727070890131492
13232,0.00020190464180956666
13233,0.00046886986110898773
13234,0.001301493773854218
13235,0.0015141361142651413
13236,0.05521613423929481
13237,6.153206230345456e-05
13238,0.002170141920486787
13239,3.550074110268384e-05
13240,0.2973358976778153
13241,0.0009812933277942653
13242,0.0013940989708870542
13243,0.01172044967725369
13244,7.531347283066792e-05
13245,0.0006104862660518235
13246,7.797620917355336e-05
13247,0.0001318325009511408
13248,6.900362062664597e-05
13249,0.0001628623958303409
13250,0.004121966193310748
13251,0.0002037737704359793
13252,7.044344461168742e-05
13253,0.00026569029042718194
13254,0.00013242401843075417
13255,0.0004851658428881
13256,0.03745979118379712
13257,0.016854754240451027
13258,1.644516210163853e-05
13259,0.0001226309007920865
13260,0.0014474747450542904
13261,0.0003622187467003095
13262,0.0011704507232998093
13263,0.001997376511227378
13264,4.003561672658394e-05
13265,0.00021205894501028985
13266,0.00019577084287405815
13267,5.413520783268953e-06
13268,0.0019180555623276748
13269,0.11149142349691828
13270,0.0009435368522707696
13271,0.00025667252333380804
13272,0.0010642685461279106
13273,0.011424620834389741
13274,9.534603883006065e-05
13275,4.830187231810931e-05
13276,0.00010673173898847093
13277,0.00013737706583993685
13278,0.00014373597005380102
13279,4.4653788334637886e-05
13280,9.790995818459157e-05
13281,8.998073340925492e-05
13282,4.54585971936447e-05
13283,0.0013404106949417547
13284,2.426758973648005e-05
13285,0.003581013498169974
13286,2.7481733552984503e-05
13287,0.00987984435553821
13288,0.0004125586841424166
13289,0.0001556868985973338
13290,0.00016226786314880122
13291,5.1347754337245386e-05
13292,6.936921106825617e-05
13293,7.560328534821481e-05
13294,6.1183750079829794e-06
13295,0.07198123566161281
13296,1.4500869829876416e-05
13297,0.00024836333118701226
13298,2.8541760105046467e-05
13299,1.126009178835462e-05
13300,8.151362587791333e-05
13301,0.0006488116507900132
13302,0.0009086587841698735
13303,6.136210728227719e-05
13304,0.0002890061491273562
13305,0.00034607868697105826
13306,3.2862015648928935e-05
13307,2.856214241188908e-05
13308,0.004477601083943135
13309,0.12989709471358202
13310,0.00011290658041407498
13311,0.03569486562770653
13312,0.00014778117560203445
13313,0.00012215993106967394
13314,0.00022659579931350913
13315,1.865478023113162e-05
13316,7.267364582023495e-05
13317,7.002304453800815e-05
13318,0.0017876285624918915
13319,5.4993267663754944e-05
13320,0.00017900704471406802
13321,0.00010325581449288903
13322,0.000645060998159097
13323,8.167641951271822e-05
13324,5.544470769414184e-05
13325,0.000344650604747681
13326,0.03870547174565929
13327,0.0179154417305357
13328,4.293210946857758e-05
13329,5.9119646530605975e-06
13330,0.0002675984371853636
13331,5.815137163229318e-06
13332,0.049536887829083665
13333,0.0007909783153743127
13334,0.00020252629682134503
13335,0.010212572393184264
13336,7.794467222943279e-05
13337,2.3371076102297944e-06
13338,0.071684536698598
13339,3.078750430026753e-05
13340,0.00045429980680860275
13341,0.004130511403582345
13342,0.0007221003806847591
13343,0.010038471594056948
13344,3.159309304300245e-05
13345,7.600842071519513e-05
13346,2.2786526792415003e-05
13347,0.00013926587686612552
13348,0.327232840992595
13349,0.0005625845472639064
13350,0.00011231793451898862
13351,6.202791447787908e-05
13352,9.894212396881867e-05
13353,3.4328865429741725e-06
13354,7.2191143486374025e-06
13355,9.807214126941899e-05
13356,7.013642066369877e-05
13357,8.856488138473593e-06
13358,0.0002008245348649389
13359,3.314976397470143e-06
13360,0.0008590162254917752
13361,7.403716331474959e-05
13362,4.9034947758513026e-05
13363,9.248162585489758e-06
13364,0.0006032530573931326
13365,0.0003849741503391466
13366,0.00010727370027470811
13367,4.806427590156358e-05
13368,0.0001589519388455358
13369,0.014248484004692308
13370,0.00015672208640556164
13371,0.00014148298293460232
13372,0.014966579096472454
13373,0.009328989240082037
13374,0.00044377856862853605
13375,8.794427676848597e-06
13376,0.020059155815599798
13377,0.0016467528690680589
13378,0.38947432617915034
13379,1.1342867251075957e-05
13380,0.0005936469652065765
13381,5.3057165522181645e-05
13382,8.94271407581844e-05
13383,0.00014866493251163346
13384,0.0005060584561152534
13385,0.005436199110807759
13386,0.01460820767671506
13387,0.00016189585729407542
13388,0.0298972167626063
13389,0.09069578720367769
13390,0.4339918839779002
13391,3.46878627784497e-05
13392,0.00510766423861429
13393,7.9445267404497e-06
13394,2.6099731604660773e-05
13395,0.00019042021572117333
13396,9.638112560606194e-06
13397,1.5117718842324012e-05
13398,6.142654725108016e-05
13399,3.2876778471954984e-05
13400,0.0008409367120601113
13401,0.0005272426915970318
13402,0.0002962765612642309
13403,0.00017379266717486479
13404,0.005578876220913374
13405,0.0002493404912460754
13406,4.718431678854028e-06
13407,0.00022511010152045322
13408,0.0001439285939226734
13409,9.419676011250579e-05
13410,6.504428231729775e-05
13411,0.017327337468677206
13412,0.03917652802394202
13413,7.22527620722067e-05
13414,5.587543972879664e-05
13415,3.593662687120934e-05
13416,0.0002942886333049912
13417,0.01835355702538303
13418,7.894446843304025e-05
13419,5.7711513063152635e-05
13420,3.340365989478567e-05
13421,4.685014964261068e-05
13422,7.376691915738734e-05
13423,6.25319987414401e-05
13424,5.093657126853912e-05
13425,0.0260837193243555
13426,0.014653391493806855
13427,1.5304544033765623e-05
13428,0.0007126606874917093
13429,2.3801150289200994e-05
13430,0.0001501247053169722
13431,0.00014273240293311926
13432,9.78860061057921e-05
13433,0.00015466936151246275
13434,0.0018794987495856115
13435,3.8849311136182e-05
13436,7.263161494646013e-06
13437,0.0057122930756094885
13438,2.919410147047966e-05
13439,0.00011831521340587496
13440,0.0007288114111711212
13441,0.0013784137650786118
13442,0.0007439149066113922
13443,0.0003295005202175157
13444,0.024893093771673556
13445,2.4401050781204714e-05
13446,0.21315814747663708
13447,7.319288727641141e-05
13448,0.0004813242106165072
13449,0.021676566124200897
13450,0.004296048363383874
13451,7.932998518503194e-06
13452,0.0001429654760883485
13453,0.00031903076538132525
13454,0.01041980440946796
13455,0.05229648540454771
13456,0.0011186053883162218
13457,9.35606402301754e-05
13458,0.00011528361811970645
13459,1.9597935512271266e-05
13460,0.10610880789518391
13461,0.00018688467668266062
13462,0.00010117670860014371
13463,6.735856948735269e-05
13464,0.00013967641850282745
13465,8.072143849039994e-05
13466,1.4178538333635377e-05
13467,0.0022068692462688818
13468,9.621462635955301e-05
13469,0.0001827239360121727
13470,4.6430486380036996e-05
13471,3.669618973652913e-05
13472,9.343870185468149e-05
13473,0.0002593117075063282
13474,6.330980707767073e-05
13475,2.481072123546768e-05
13476,5.486777286342604e-05
13477,0.0011033805655285042
13478,9.914438551153988e-05
13479,0.0008331368526859485
13480,0.011359529997134271
13481,0.0003680994608758327
13482,0.0001000068078331099
13483,0.005640301711727092
13484,0.00707376280664263
13485,0.048906051499498476
13486,0.0005723071712785642
13487,0.00018954617614852244
13488,1.6261642164834328e-05
13489,0.0003032159761195463
13490,3.318107092727868e-05
13491,0.00033564155616272733
13492,7.457767610096531e-05
13493,0.00018256459439966794
13494,8.819044240608646e-05
13495,0.00015993329212417477
13496,0.0003165489145085917
13497,9.695590325203558e-05
13498,0.056983125465747866
13499,0.00035881230222248935
13500,0.0004274121030330468
13501,0.00012050532064980526
13502,8.78361494854842e-05
13503,0.00010577327456086476
13504,0.0037420150736861947
13505,1.5759795519866913e-05
13506,0.15493328867764472
13507,0.0003242293176118253
13508,5.0869566973914876e-05
13509,3.443988021931996e-05
13510,5.642346829963283e-05
13511,0.00025761544834639695
13512,0.0011804072684888191
13513,9.539899304462414e-05
13514,0.00010109543283387374
13515,0.003521199959413343
13516,0.0004023427230130208
13517,3.505791032111529e-05
13518,0.008838927649787968
13519,7.028684402832619e-05
13520,0.0006641516670771262
13521,3.9306574975407475e-05
13522,0.00014680802263428275
13523,0.0012589381945557507
13524,5.466627650574478e-05
13525,6.478880530415006e-06
13526,4.367177453853511e-05
13527,1.866183622681791e-05
13528,0.00015078207186447218
13529,0.00015760862322642053
13530,0.00016708173730973136
13531,7.304846683104647e-05
13532,0.0004738574618984671
13533,5.702667569123111e-05
13534,0.0003214734326550526
13535,0.00444911897650757
13536,7.734066939228118e-05
13537,0.00014152199388771798
13538,5.692052847728455e-07
13539,6.289021937521712e-07
13540,5.420058672770462e-05
13541,7.780171708539287e-07
13542,5.539757367160783e-06
13543,1.2306579582981224e-06
13544,3.432432593659208e-05
13545,2.5618814995425232e-06
13546,1.3524846974376816e-05
13547,4.084449300100417e-06
13548,7.608825407044149e-07
13549,0.00010993370593106334
13550,4.9967060980348425e-06
13551,0.0009572994455091455
13552,2.4552623854621148e-06
13553,0.0003798486807628736
13554,0.002614508579094043
13555,5.432199518140482e-07
13556,0.0002978349621358559
13557,7.174624218939973e-05
13558,0.005256422612977289
13559,0.0003179544444056313
13560,0.020655098046971146
13561,0.04856865518979911
13562,0.006089905878252734
13563,4.4245115930784484e-05
13564,1.548624638987925e-05
13565,0.0003695473249051066
13566,0.00016320645641694454
13567,7.736744172933869e-07
13568,5.181187365023905e-06
13569,6.193755506251756e-07
13570,5.53687811371788e-06
13571,0.0016659898261499665
13572,4.710298656075109e-05
13573,1.478930491855453e-06
13574,3.50477368033712e-06
13575,1.4738817521896535e-05
13576,9.157649667823996e-05
13577,0.00012298664932043328
13578,0.005187819711735905
13579,0.00012650037046293722
13580,0.0004280594863574552
13581,4.5293005247145585e-06
13582,0.00022403776431047275
13583,0.006359036898657867
13584,0.007015788821044018
13585,4.734024727093375e-06
13586,0.00252137573713872
13587,7.444501140376314e-05
13588,9.051454303870637e-07
13589,4.697875876759397e-06
13590,3.0493787075526724e-06
13591,1.204478316529604e-05
13592,3.004993599558643e-06
13593,6.225093149682839e-07
13594,0.00013388227585946598
13595,8.196837529356147e-05
13596,0.0006633533367932553
13597,0.001241866695238167
13598,7.437144163745481e-06
13599,3.1782682696952393e-06
13600,0.0109240135997791
13601,9.303129579213544e-05
13602,0.00012024560797854416
13603,4.840186823883884e-07
13604,0.005099252460007543
13605,1.9601563161506455e-06
13606,3.3431164341696534e-06
13607,0.049917474665130315
13608,0.14394010726158774
13609,1.973112668257361e-06
13610,6.869172700996529e-06
13611,7.212878320471769e-05
13612,0.012656646223329968
13613,0.00010718872417062262
13614,0.0004787543108161401
13615,0.03760395977426891
13616,1.8295496250725405e-05
13617,6.744175096173627e-05
13618,9.722824973483594e-07
13619,8.000467828541078e-06
13620,2.8659869655225094e-06
13621,3.3198403014246856e-05
13622,0.00010465026246466018
13623,6.826688549654798e-06
13624,0.00021381390428529913
13625,6.012205800952103e-06
13626,0.010355702727696309
13627,0.008521193428630492
13628,0.002547952397914944
13629,8.816856218012517e-05
13630,9.267028239633206e-05
13631,4.7820607054339366e-05
13632,1.4608282295778086e-05
13633,6.235787347646997e-05
13634,0.005253887401731552
13635,0.05028154720438823
13636,0.0024885245085484843
13637,1.4755783126563633e-05
13638,0.00017250622035664304
13639,0.00590974680966878
13640,6.682805462542078e-05
13641,0.00029588408139683594
13642,0.0003693342109261675
13643,6.698247550443876e-06
13644,0.013020254031478745
13645,0.0164383262984072
13646,1.6473454800187267e-05
13647,4.423157289271132e-05
13648,4.857163577237469e-05
13649,0.0012452286390323242
13650,0.02673476624460367
13651,0.06320961503216765
13652,0.0032111288668115667
13653,0.007110924864197165
13654,9.257279222958737e-07
13655,0.004359381185478039
13656,7.233182676861133e-06
13657,5.9678875463935165e-05
13658,0.000824133208572434
13659,8.916930132946903e-06
13660,0.007567458438878512
13661,0.0004906522185747337
13662,8.333261642192421e-05
13663,0.003329377298502214
13664,0.00018983623435098404
13665,1.9745528596871733e-05
13666,0.00022559230909283237
13667,2.8858160338418073e-05
13668,2.9658789653509153e-06
13669,0.010787385738986927
13670,0.00012077806293988264
13671,0.00011194177078562382
13672,2.1358078617414537e-05
13673,0.0565306335658655
13674,0.050443758537152925
13675,7.774020407877623e-06
13676,4.086538408060899e-06
13677,1.3122956093937362e-05
13678,4.805048531602523e-06
13679,0.004177703787868854
13680,6.546841811592798e-06
13681,0.00038206461980664404
13682,0.04670445333936498
13683,0.0030966041415514635
13684,0.0038771829238853006
13685,6.521294559817395e-05
13686,0.0012504466021332223
13687,0.0027740723904838968
13688,0.0006624743260261019
13689,6.7519918546369664e-06
13690,0.0010148883887453177
13691,0.016617457259971886
13692,5.261161249127461e-05
13693,1.4076347425982344e-05
13694,6.6413491393338325e-06
13695,1.527929677569162e-05
13696,9.665740048328993e-05
13697,3.01463180162745e-05
13698,0.0018137009412346559
13699,3.180321054001034e-05
13700,0.016197115956863486
13701,3.556733234224753e-05
13702,0.0001148424926406755
13703,3.6482750839084384e-06
13704,1.5248818512373746e-05
13705,5.870319946840819e-06
13706,0.023594544131248098
13707,3.426219390880212e-06
13708,1.168226930517095e-05
13709,1.4979741827274749e-05
13710,0.00011441938987573326
13711,0.0005751593079736656
13712,0.00036959702092384625
13713,0.00017510507427300812
13714,0.10206247785641911
13715,0.023559215743747426
13716,0.0018718635590546644
13717,0.0010667102639838005
13718,0.008400191601999308
13719,0.00013413373408690293
13720,4.573700549459707e-06
13721,0.00038281291322679676
13722,0.012906827729397743
13723,0.00023350636488448355
13724,0.012203415108987491
13725,0.002104506755983623
13726,1.2974084581460557e-05
13727,0.001391531689827176
13728,4.862753355222526e-05
13729,0.00030658871334358266
13730,0.049636317618502054
13731,0.0006205342398918704
13732,7.303680937942989e-05
13733,3.273740439953051e-05
13734,0.02292305803489732
13735,7.246537078365508e-06
13736,1.511013939551126e-05
13737,0.0049215721395422865
13738,1.7066794360313276e-06
13739,0.0008787321494791317
13740,0.0012601989949909177
13741,0.009123200707513324
13742,8.394144978263711e-07
13743,4.365926188835619e-06
13744,0.0011460850092051343
13745,0.0005178080241094775
13746,0.0006496727391301985
13747,0.00013280629839123275
13748,1.7144774404625333e-05
13749,1.4213606415853285e-06
13750,0.0011952446741582989
13751,0.00015509261416498708
13752,0.05147038087375923
13753,0.0003485071528697984
13754,0.0018294731430671244
13755,0.018698604925826395
13756,0.0014568862957195336
13757,0.0433625320266112
13758,5.147987200665044e-05
13759,0.008985875745962
13760,4.4171572900833274e-05
13761,0.009885658260255111
13762,0.0005440055958975444
13763,0.002597764771262135
13764,1.0089477904645056e-05
13765,1.005841992470472e-05
13766,0.0007676534395693289
13767,0.017357368520699322
13768,0.007660986489650147
13769,1.7337393210663384e-06
13770,3.6331262164624633e-06
13771,3.5900850729606177e-06
13772,0.006559026904892915
13773,0.04223128680645078
13774,0.00018797147133374248
13775,2.8568037195380654e-05
13776,0.0017235222619562025
13777,0.021515136894994912
13778,0.014815681031452652
13779,4.156512119872524e-06
13780,2.931093773165109e-06
13781,1.6884305792734816e-05
13782,0.00768477053655576
13783,0.014538881730647074
13784,0.006803762259865237
13785,5.652870631525429e-06
13786,1.1977377851597088e-05
13787,0.0005763290742358255
13788,3.062239697806584e-07
13789,0.00020726668778929202
13790,0.0007820557219146781
13791,0.00020053146227515635
13792,0.001050750242537709
13793,0.07107507361366383
13794,0.026136968754026445
13795,0.0014011038465649459
13796,0.26779064412715925
13797,0.00016423265927429184
13798,0.0001526542566897508
13799,5.7281752752797116e-05
13800,2.70626143777773e-05
13801,1.2934131906622239e-05
13802,0.0016635336674413145
13803,6.661357691836514e-05
13804,0.019448869838252874
13805,0.000383610236022116
13806,0.0012066001583496322
13807,0.00013984514687846164
13808,0.00029676335480011265
13809,0.0010457253627614916
13810,0.00011776392405573716
13811,4.818085936716343e-05
13812,0.022615190099406154
13813,0.00021886517598475802
13814,0.0032211963468696684
13815,0.017153915911858827
13816,8.916927743530088e-06
13817,4.209817647951026e-06
13818,0.0004976322832572939
13819,0.001082599547970235
13820,3.361458824611251e-06
13821,6.117088416270823e-06
13822,1.124120085507896e-05
13823,0.00030376010247850716
13824,0.0001475952649018971
13825,5.937416898111254e-05
13826,0.035034382322813785
13827,6.0101876571547225e-06
13828,0.00047666563921837336
13829,3.267128142104988e-05
13830,0.008618556605749613
13831,0.0023446115009027237
13832,0.04413686011184429
13833,3.45176283810165e-06
13834,2.2607851867336588e-05
13835,0.0001841068705831415
13836,0.05921442488625345
13837,0.04311998840050737
13838,0.018406485249023222
13839,0.0007585239938860889
13840,0.00020161342862452252
13841,9.975644894251059e-05
13842,0.9494728668785235
13843,0.010363856969954196
13844,0.00014523372333622394
13845,6.409076911853011e-05
13846,0.005092938804644967
13847,4.67616272524973e-05
13848,0.0004935963465894872
13849,0.12992478602976953
13850,0.017296345775099305
13851,0.1249857162765119
13852,1.1087102201665165e-05
13853,4.850692207213725e-06
13854,6.950688068184151e-06
13855,4.573846652448355e-06
13856,0.0001391657868045644
13857,0.0018176429528543967
13858,3.7314354256753348e-06
13859,8.027769557439277e-05
13860,0.01974543139930877
13861,7.81981298251485e-05
13862,0.00110630633936486
13863,0.0044933185011465145
13864,0.23490911235635412
13865,0.0002824572689611376
13866,0.00029702603215955934
13867,4.269576745316856e-06
13868,9.738177846601723e-05
13869,0.00016479283362102445
13870,0.001038902261426687
13871,0.00029449665183182365
13872,0.00028922478301067847
13873,0.00010859878079984826
13874,0.000946172300617683
13875,0.011495139218139678
13876,0.0019010374059525992
13877,9.169393687977187e-06
13878,0.0005224572741117028
13879,1.8349318384533503e-05
13880,0.0001299303233131867
13881,0.001211822301221185
13882,0.028053712712706964
13883,5.481023473222174e-06
13884,0.00031405824217960155
13885,0.015146960000264827
13886,6.900660533809956e-05
13887,0.0004198491984432473
13888,0.007048485388203456
13889,4.678420076870123e-06
13890,0.006827906161306904
13891,0.001402365748806363
13892,0.0002817225016682653
13893,0.00018269895736725293
13894,0.004927788797570903
13895,0.0015301333888037107
13896,0.13024656569986312
13897,0.006776973323864341
13898,0.00016870956102597517
13899,3.1444189994755476e-05
13900,0.006196457166719138
13901,0.008821922843658956
13902,8.892060378636929e-06
13903,0.210310353098695
13904,0.02303442425261306
13905,1.3479067199903859e-05
13906,1.1389066382493458e-05
13907,0.018094961791735007
13908,4.011855189914223e-05
13909,0.0003589952056712678
13910,0.00041209636683815743
13911,0.0834694475796128
13912,4.047400278398947e-05
13913,0.009111066909133525
13914,0.0005802209404586498
13915,0.0032752323110278635
13916,0.01950521324972709
13917,0.0003688488449423561
13918,0.0009304039169592739
13919,9.085480291758403e-05
13920,0.0018886419270470241
13921,0.0013939653353048195
13922,4.482872926347094e-06
13923,0.0001811804183065104
13924,0.0034794713113392565
13925,0.0037098164783800945
13926,2.8549110694545534e-05
13927,0.0004291883557326499
13928,2.760741971801251e-05
13929,0.0022622951528828003
13930,2.495683951181196e-06
13931,7.374631961267603e-05
13932,0.006219688347911397
13933,0.00011934747351147242
13934,2.478835364830308e-06
13935,0.33977330230569125
13936,0.027818333371409144
13937,0.00154521563831667
13938,8.727125364771654e-05
13939,0.014137006130954862
13940,0.002511318947244266
13941,0.0008635887919637316
13942,0.0009976871738745844
13943,0.04235340579154601
13944,0.0002281180011525974
13945,0.004758420164106718
13946,0.00023318001478214967
13947,0.00011552969696051056
13948,0.03305679859094775
13949,1.3877642906564729e-05
13950,1.7724561995677617e-05
13951,0.0018134253582644546
13952,0.0020064755141304042
13953,0.0002515726231569896
13954,0.002383325456374791
13955,0.00038041688331687907
13956,0.00016761270945867094
13957,0.0002453699998345348
13958,0.01863186926260433
13959,0.0940369117481481
13960,0.01629943458721265
13961,0.07898287447731425
13962,0.00030463667253766955
13963,0.0003004111201193401
13964,0.00027154116466653635
13965,1.8201621299403077e-05
13966,3.921928300376581e-06
13967,0.3017608982544827
13968,0.0006544619551635091
13969,0.00043037670027215824
13970,0.0005980010059146524
13971,0.00021065784040659317
13972,0.037597532417500745
13973,0.024606008231923167
13974,0.00015895378595404589
13975,0.00014848804654059005
13976,0.003974203156017668
13977,0.013200815065349073
13978,0.06617779191975841
13979,7.71391161448365e-05
13980,0.00010120764973969615
13981,3.765125132336273e-05
13982,6.344897770767789e-05
13983,6.575522634994836e-05
13984,0.0008598468710654998
13985,0.004393773059109681
13986,2.7718809273579837e-06
13987,4.293002222491882e-06
13988,0.024662688522304917
13989,1.2094825090578874e-05
13990,0.004452483659687261
13991,0.01445186298349833
13992,0.0009494176001544216
13993,2.1487406823700923e-05
13994,0.030132848612237285
13995,0.013625148895989616
13996,0.0004843077445694298
13997,0.03214485368102248
13998,4.622567523169377e-06
13999,2.4922130327327757e-06
14000,0.03343779712291833
14001,0.010030571687327612
14002,2.1153644203656862e-05
14003,0.0004069179684945136
14004,0.0007582682630636578
14005,0.0006160726246335062
14006,0.00010799940820185392
14007,1.9582678070049677e-05
14008,0.00022637620664751234
14009,0.0007895856086422255
14010,0.021479977115017042
14011,0.0002197323064902731
14012,0.028856565672249597
14013,0.01163345569123142
14014,0.0001152683243361025
14015,0.018417028142530666
14016,0.005310997774881995
14017,0.0010692242767796176
14018,0.002915067079033177
14019,0.0020713536007412854
14020,1.1347815185783996e-05
14021,3.030839699264631e-05
14022,2.3441998844133572e-05
14023,0.007412528987713535
14024,0.0002634652952378018
14025,2.61440338727951e-05
14026,0.0031764740932945235
14027,0.07637258956273632
14028,0.13618190571365857
14029,0.0028745992597078865
14030,7.462452805171844e-05
14031,2.143667477661212e-05
14032,0.008221683828169483
14033,3.1604936818321734e-05
14034,4.6662504187134434e-05
14035,0.017109545839123327
14036,4.6662256393341794e-05
14037,3.45928115852721e-05
14038,0.000256146898798861
14039,0.12018149794077297
14040,0.00010841004589779524
14041,0.00034020103034426366
14042,0.011101685327885299
14043,0.00493006109316587
14044,4.796771457871298e-05
14045,0.006445371059675785
14046,5.73866812601946e-05
14047,0.001531953941760775
14048,0.022816393970789096
14049,0.002663176172683663
14050,2.0715569177846957e-06
14051,0.038173075889534704
14052,0.00012415679886290546
14053,0.00013522294578663117
14054,0.03767059641942888
14055,6.2707129890813376e-06
14056,0.0005016527167260957
14057,0.0034180398939251664
14058,0.000290918524620124
14059,6.98935323036298e-05
14060,0.003471012516895875
14061,0.02938307652269361
14062,0.00015776137504452367
14063,0.006119694744757581
14064,0.039158670464379985
14065,0.022444985147616843
14066,0.00022917388905499813
14067,0.0003816894140656814
14068,0.29213630435794136
14069,0.0006209245562860053
14070,0.000255914572995532
14071,0.00012646105571527416
14072,0.00015487718138699157
14073,1.7751350864506374e-05
14074,2.741018026544713e-05
14075,0.004658090067268696
14076,4.2843602362756425e-05
14077,9.55744710106356e-05
14078,9.339561088943151e-06
14079,1.1820440999610675e-05
14080,6.657769890596053e-06
14081,0.0359065482063544
14082,0.0015925273197385363
14083,0.00026799919323240414
14084,0.04428768575055111
14085,1.5196813824626643e-05
14086,0.00193388448016979
14087,0.031122607387307166
14088,0.008820157311054226
14089,8.815136208734064e-05
14090,2.361613086617222e-05
14091,1.4472265347068668e-05
14092,0.03656332642130014
14093,0.10619255599532726
14094,0.0013327962778238679
14095,4.938609525734708e-05
14096,0.002490366198534777
14097,2.3435323031857287e-05
14098,0.019097516089129175
14099,0.05161774411071307
14100,0.4194682183975066
14101,0.0010428826134200797
14102,3.46702831854728e-05
14103,0.0013038342449943345
14104,0.004045567185240959
14105,0.0004390602035080752
14106,0.00011112328847714007
14107,0.0002349592565464405
14108,0.0010547507294322656
14109,0.028431667644461665
14110,0.00014365797702151035
14111,0.002174968084228374
14112,0.0010359185955521267
14113,0.006983965564823752
14114,0.00015482622720039318
14115,0.0027303191094153493
14116,0.0029464270351429998
14117,0.00017656435265535358
14118,0.0007778111861137605
14119,0.00031180738261085743
14120,0.00040812772584976055
14121,0.017730600684890973
14122,1.0581452525258896e-06
14123,5.665614659778875e-05
14124,6.222481934822012e-05
14125,0.06193616979797949
14126,3.374308037692585e-05
14127,0.0008370663710271792
14128,0.00010533232773504994
14129,7.340043431455323e-05
14130,2.900191653497983e-06
14131,2.2389310780847954e-05
14132,0.01704000242645779
14133,1.5062681166936789e-05
14134,2.7785463297769278e-05
14135,0.021185048997418698
14136,0.0003589110144447737
14137,0.0003566624644327181
14138,0.019849971075034216
14139,1.3416401004129288e-05
14140,0.0007515560135089559
14141,8.708662386848575e-05
14142,0.0006618409439303329
14143,1.557213050722623e-06
14144,0.00027860864886101674
14145,0.0007908577378318053
14146,4.6886747793585326e-05
14147,0.0026409800040624377
14148,3.050930496035363e-06
14149,0.010644483753440199
14150,0.0003696215803761737
14151,9.97354153585153e-05
14152,0.00010629910852728524
14153,7.094736366717673e-05
14154,9.573732759344056e-05
14155,2.4425239003663876e-05
14156,7.80631201430359e-05
14157,9.841298755607745e-05
14158,0.01354654817929469
14159,0.015446092254146901
14160,0.0010978882371781118
14161,0.0014917379480305659
14162,3.944832439592981e-05
14163,9.856866827308361e-06
14164,8.44006651633566e-05
14165,0.00425532190689486
14166,0.0002738438005657113
14167,0.004339754417142044
14168,0.00017550674485158357
14169,0.0002706474561019395
14170,6.494684941614136e-05
14171,0.00011612640422606773
14172,0.0003854961795846535
14173,0.013140214978851145
14174,8.752162898276623e-05
14175,0.012402379074337585
14176,0.00034077700165535994
14177,0.000688415535932107
14178,0.00015779675227228944
14179,0.022063452022282493
14180,7.95789106985266e-05
14181,0.001056922967808955
14182,0.001681181172323494
14183,0.04947503263762062
14184,0.00016592214424554602
14185,0.0013018839273694414
14186,0.0004889639808846163
14187,0.0030280457638172205
14188,0.003440286662693274
14189,0.0398102185605209
14190,2.1291876728132814e-05
14191,0.004616953558831618
14192,0.00798469600420619
14193,0.0019210761898337358
14194,0.024263603075582556
14195,0.006204683282219563
14196,0.005204420100203428
14197,0.002739281972854688
14198,0.00030018508759966056
14199,0.02031534704129436
14200,0.017088141213963758
14201,0.03192405143502307
14202,0.00010454338715724191
14203,0.0003127315649318787
14204,0.001153061836245976
14205,2.1372639344594625e-05
14206,0.0038475353779674386
14207,0.002615517646868965
14208,1.4385591928252779e-05
14209,0.053158760234062664
14210,0.002439675790400104
14211,3.474280251450516e-05
14212,0.00031027094024994406
14213,0.00018805548511618335
14214,0.00039751284437459665
14215,0.013825513383898846
14216,0.0006384905409915775
14217,0.009698275845236939
14218,0.14182748838131393
14219,0.00012714858666819191
14220,4.155606897183316e-06
14221,6.046653757863221e-05
14222,0.00715357305170695
14223,0.03654251797710081
14224,9.60521847787022e-05
14225,0.012794941653102054
14226,0.0006430721127455208
14227,0.006332727259663546
14228,0.004778120516027659
14229,0.005506448073069804
14230,2.2080712537807662e-05
14231,0.03692341192746536
14232,0.0018375607898075256
14233,0.0004171413789579827
14234,0.00014746244186519922
14235,0.28647107508319064
14236,0.04668846316929629
14237,0.002944934120988154
14238,0.00043011698220700066
14239,4.1487976913056456e-05
14240,1.587274080764504e-05
14241,0.007804102571839831
14242,4.280106409394617e-05
14243,0.03511284051649899
14244,0.07018517386067032
14245,0.0005176852509665949
14246,0.0058865530420118845
14247,0.00011545720668648327
14248,2.5365470352017058e-05
14249,0.01058728673383957
14250,0.000516341572643565
14251,0.0012700045597960773
14252,0.00023022276326516546
14253,0.0007973160014186175
14254,0.10947917579881501
14255,0.06806793282538592
14256,0.05171338905101397
14257,0.0027891786161865976
14258,0.00025953688835547614
14259,0.00019541864263235734
14260,2.3110770141334945e-05
14261,0.003411617574951874
14262,0.022261730090630087
14263,0.0004653377856997893
14264,4.584097316717397e-05
14265,0.001226252242316428
14266,0.0017042394700182996
14267,0.0002787047797641926
14268,9.378303570647972e-05
14269,0.00030274632733818087
14270,0.019603593116679356
14271,0.000503940040711676
14272,6.0331964194666236e-05
14273,1.3404804638439703e-05
14274,0.04597348879475928
14275,0.00011821752993586171
14276,0.00014811913741913583
14277,0.30275231851859713
14278,0.00019544649919383893
14279,0.0010574321520557162
14280,0.0008235597285943671
14281,0.04540715083552295
14282,0.023154037399664006
14283,7.694005398628629e-05
14284,0.0005135965247382472
14285,0.002100846450791555
14286,0.001260336956846134
14287,1.13629686359047e-05
14288,0.062763405471645
14289,1.9885916449056017e-05
14290,0.0007042021062590908
14291,0.00015172074141484547
14292,0.2528321456313224
14293,8.031256869839774e-06
14294,0.0002832782477417611
14295,0.00017321286805298432
14296,0.00018439143704168074
14297,0.15838282212908913
14298,6.29628325489763e-06
14299,0.0008374551816130611
14300,0.0003897921780898984
14301,0.005353220146624349
14302,0.0004809005926832875
14303,0.000748506062764623
14304,0.11718678324500609
14305,3.009301357089041e-06
14306,0.002143623215151909
14307,0.30534238054952983
14308,0.03172548677028035
14309,0.023745008347382204
14310,0.00046282071935105926
14311,0.007500200100525914
14312,9.697449810934839e-05
14313,0.0002724006234829569
14314,0.001638272693691872
14315,0.008665231847507322
14316,0.01681939729188851
14317,6.39821598039431e-05
14318,0.0007484227338837694
14319,0.09977639805567028
14320,0.00047767203438868336
14321,0.005892779740384336
14322,0.25782696872121
14323,6.701051502813438e-05
14324,0.018897583951645522
14325,0.0004897774084148194
14326,0.00012752796333755767
14327,0.00020620261645449447
14328,0.0004260572089428144
14329,0.001232763638869452
14330,0.0005808608062770458
14331,0.00010655127393548893
14332,0.13118834440980448
14333,0.06333907272389533
14334,0.0001628194697784322
14335,2.3494484363537955e-05
14336,1.0608092287115205e-05
14337,0.021965608977676996
14338,0.00032087116508811177
14339,0.0002171649709759971
14340,0.00024106280469898857
14341,0.000986516297622612
14342,7.418956289195079e-05
14343,0.011394493541900039
14344,0.019020399324047678
14345,0.021758829151964254
14346,0.005030961961425192
14347,4.927522958425461e-06
14348,0.0007237963180716765
14349,0.00038478405225266947
14350,0.017140322569974994
14351,0.050770766666879776
14352,0.027030028260369394
14353,9.96121613123509e-05
14354,0.0073422240366834285
14355,1.2078999529160731e-05
14356,0.006602920769952783
14357,0.001874465190254044
14358,9.278705879158996e-06
14359,0.002696547472401458
14360,0.07104491028800305
14361,0.008978190694536996
14362,0.17333338202093967
14363,0.001031706558994758
14364,1.9793454396797572e-05
14365,0.012395789467598894
14366,0.028068658881824686
14367,0.0006366572830299419
14368,0.4850053673656622
14369,8.981891954675846e-06
14370,1.2646669537233024e-06
14371,0.0007948259551063295
14372,0.01985309322107227
14373,0.002819691809963558
14374,0.09534854830012021
14375,0.00012424111829481975
14376,0.07905523903560971
14377,0.01595138836412659
14378,0.12586419134772087
14379,0.00034107610673826455
14380,0.0003795920195523575
14381,0.00020276242656956404
14382,6.306046291047905e-07
14383,1.128094220234182e-06
14384,0.008053707900045176
14385,1.9581420656669983e-05
14386,0.0028960944324188517
14387,0.0002437967254273669
14388,7.482866808955755e-07
14389,3.9211417762012376e-05
14390,2.3202980809874874e-06
14391,0.00010325429452330247
14392,0.009211671335901436
14393,0.005004303672735002
14394,0.0004919500700287143
14395,0.00015434194362618788
14396,7.109002710634698e-07
14397,0.00038290941969975874
14398,0.09524137708218619
14399,0.0008755917287610437
14400,4.9939475641891966e-06
14401,2.3857924933364497e-05
14402,0.0001596349898995081
14403,2.9449054570430155e-06
14404,1.1088980377807188e-05
14405,0.008548850054760394
14406,8.94096964864967e-05
14407,1.1669278205590893e-06
14408,0.13360981211807518
14409,0.0001710245594464184
14410,3.93541580054961e-06
14411,2.0916904937329325e-06
14412,0.00019041165216733397
14413,1.1052151898524196e-06
14414,3.5034674499637855e-05
14415,1.71339427711516e-05
14416,4.1033512030526955e-07
14417,0.00491283001896505
14418,0.09005021432404743
14419,0.16053681679202197
14420,0.0003217685838304227
14421,1.1317509842489658e-05
14422,4.323332034684402e-06
14423,5.2807020974976494e-05
14424,0.0001515288882223556
14425,0.006060067328557205
14426,0.15429521455721237
14427,4.189372869161913e-06
14428,1.606369841769536e-06
14429,0.006675455388065928
14430,0.0003906525401532215
14431,0.011218954241015284
14432,0.00024083304684753394
14433,0.00025180174610438705
14434,7.602662322667576e-05
14435,0.000953832972573827
14436,0.0001349253605526934
14437,0.0006095141998922139
14438,9.419048805809136e-05
14439,1.4215596571530628e-05
14440,7.7863846133312e-06
14441,2.9784800910998756e-06
14442,1.6106512693621644e-06
14443,1.5203665043704312e-05
14444,0.0004317769395415905
14445,0.005533749876389173
14446,0.0008337463940805122
14447,0.00019147561010733196
14448,0.00010563743169107703
14449,0.00017315094441723062
14450,0.05056329066736513
14451,0.40370078591470976
14452,0.00015045884936499431
14453,1.4997101413733789e-05
14454,1.351674276340536e-06
14455,6.640770473885175e-05
14456,0.0001393669228185928
14457,3.515888518060323e-05
14458,4.7537980486365326e-07
14459,6.899070367350068e-05
14460,0.004124004251835024
14461,0.0026553148890986135
14462,0.0015283183389028254
14463,7.163532472226304e-07
14464,0.0057441278253251874
14465,4.577546075228295e-05
14466,2.585206444272882e-05
14467,0.007312427270450837
14468,0.00019820021187737046
14469,0.00017430078951874886
14470,3.9675260353867834e-06
14471,4.2294024585444464e-05
14472,5.7932156056460716e-05
14473,2.8311660913186863e-05
14474,0.0019298974441157885
14475,0.00011608546434738849
14476,9.870347136001862e-05
14477,0.0005106819047703069
14478,0.0011848606350010284
14479,2.5005615829029283e-05
14480,2.0535529652102717e-05
14481,0.009606941691007386
14482,0.0002853599943989542
14483,8.075643367641765e-05
14484,0.006204629709307374
14485,6.712088104684009e-05
14486,4.567685676001539e-05
14487,0.09719049882118777
14488,3.6429498100108515e-05
14489,0.08945454659849769
14490,5.003117317829109e-06
14491,1.1375217079036285e-06
14492,0.00016476323057436248
14493,0.0013864098778044814
14494,0.294770723834304
14495,9.888855219459074e-05
14496,0.0006793678184559926
14497,2.47061691860677e-06
14498,4.685737407075491e-06
14499,6.11221811167788e-06
14500,0.00010690517693835071
14501,0.003735645474765791
14502,0.0003228227829706476
14503,0.0002011234863872573
14504,9.362746255885262e-05
14505,4.741706359478327e-05
14506,1.5099001496095827e-05
14507,0.00024847212616317346
14508,0.00021888924138436838
14509,0.031963724896859814
14510,0.001979504292441134
14511,1.3689617836109261e-05
14512,9.774764276653413e-07
14513,0.0002917395035931163
14514,0.0003128710222242289
14515,5.427793333385e-06
14516,0.0001038762949881575
14517,0.002104074641877482
14518,1.7899353245717822e-06
14519,0.0006351081283186686
14520,0.005533663083371613
14521,0.008959644439456651
14522,0.030148387203034123
14523,1.6485865155800227e-05
14524,0.019254408856298432
14525,0.00017873994164994034
14526,0.00012771064440109497
14527,7.791302896438988e-05
14528,4.94895994642448e-06
14529,1.8546407905248216e-05
14530,0.0005638402492960347
14531,0.0314920321168161
14532,8.852805510875994e-05
14533,0.0002923373244464267
14534,5.862402993747284e-06
14535,6.929106405349546e-06
14536,7.578357230288305e-06
14537,7.339527044367727e-06
14538,0.0067363003813728384
14539,4.361179328944641e-06
14540,0.00038408508535015066
14541,0.00010247223766999015
14542,3.638731106911412e-05
14543,0.12973802884784427
14544,0.002324325665466339
14545,0.00030160639455999774
14546,1.888625534682201e-05
14547,0.00157627130315743
14548,0.004654425694116207
14549,0.0013284790404792985
14550,0.0003210240858950783
14551,0.0004978487637270668
14552,2.6145415495178442e-05
14553,0.0015795018933912428
14554,0.0002837557217490819
14555,0.002214895742787077
14556,9.367764737998022e-05
14557,0.00020584708386630276
14558,0.010492786291227131
14559,8.845225586151084e-05
14560,0.0005307481807977094
14561,2.541550967212828e-05
14562,4.706667386269703e-05
14563,0.0001050112490493682
14564,0.0003029303521092406
14565,7.111770922676082e-05
14566,1.8044476328191925e-06
14567,2.4731174660582043e-05
14568,0.003946562588526518
14569,4.3316738793788645e-06
14570,0.00034817254781706753
14571,0.00025369626417510885
14572,0.00042188744175575727
14573,5.756136924509162e-07
14574,0.00018985304425779578
14575,0.00015543802536691623
14576,0.0002912173370866793
14577,3.0129146201741833e-05
14578,6.497382492264711e-05
14579,0.00010561669035648346
14580,0.012953700511069994
14581,0.07725200195444341
14582,1.3052082554254992e-05
14583,0.0031764009726418145
14584,0.013598446597593652
14585,0.00043490452761645135
14586,0.00010827964244773864
14587,0.07180860647620056
14588,1.4932263463395837e-05
14589,4.0524404796020766e-05
14590,3.9466798922436173e-05
14591,0.00010036189248187628
14592,0.000301797416821574
14593,0.0001574953009201564
14594,0.0003362366622162587
14595,5.519287572425148e-05
14596,0.044218955567743676
14597,0.0004574533213469667
14598,0.00020502627088348665
14599,0.0013801704516247658
14600,0.0029766581562541963
14601,0.0006652606687780015
14602,3.7477760450892646e-05
14603,0.0012503119103654022
14604,6.844056942377774e-05
14605,0.00017470791055809737
14606,0.00012265174721367897
14607,5.271736696373436e-06
14608,2.0778673760254474e-05
14609,3.901217483737146e-06
14610,4.836399364669245e-06
14611,0.010662671142041419
14612,9.449963120004569e-05
14613,0.0009086968706704874
14614,0.002116679824609128
14615,0.0002272561584533913
14616,3.924502945919819e-05
14617,1.8167436197543554e-05
14618,6.642379451537287e-05
14619,2.1768133015414867e-05
14620,9.712106351438148e-05
14621,0.0007824424906337807
14622,4.232828148147284e-05
14623,0.0008760051927178018
14624,0.006669256332024453
14625,0.0002421613521667713
14626,8.961295946968027e-05
14627,0.00024637338021311634
14628,0.0006382470882830338
14629,0.009826405869503564
14630,0.0006494857506629987
14631,0.00017742582486724346
14632,0.00016131167964982167
14633,0.0002991589098542001
14634,0.00010896289386959559
14635,7.133239954433693e-05
14636,0.00014945577786555249
14637,0.0001701300005984396
14638,1.3317750815803684e-05
14639,1.5671397307299334e-05
14640,0.0017173896400404347
14641,0.0001694432957312617
14642,0.0008557781923360293
14643,4.198531247036581e-06
14644,1.6514581718744794e-05
14645,0.00020014377872097948
14646,4.934961942335598e-05
14647,0.0008614590746385369
14648,0.00033390225539927645
14649,0.00046296353961969224
14650,0.00017825387656817508
14651,0.0011034799012319158
14652,0.0009360374351839176
14653,7.010890398970246e-06
14654,2.4470761756846815e-05
14655,4.689314870391565e-05
14656,0.0016977363797082011
14657,1.5119953808260205e-05
14658,0.03586107068165642
14659,0.0018069405013945185
14660,1.2146857314446632e-05
14661,0.0011366048656240935
14662,0.0037272627105881784
14663,0.1076924359400852
14664,1.2533411963806895e-06
14665,0.0006837866512084588
14666,0.0009820707507968997
14667,1.7397296816094838e-05
14668,0.03171728695467775
14669,0.00015861515773598988
14670,0.04966691498975455
14671,0.049313525208269315
14672,1.9912318382034294e-05
14673,0.10067516129625205
14674,0.012743512303095941
14675,0.000625904596738263
14676,0.012676713196792398
14677,2.7693195851551e-05
14678,9.940693278881737e-05
14679,1.570590458708187e-05
14680,0.007549513085430569
14681,0.0019875167509507694
14682,0.01558798495508095
14683,0.02391527484395274
14684,0.017379013224949925
14685,4.0473850318212276e-05
14686,2.1451802513741606e-05
14687,0.00024308481497427371
14688,0.001022319443361993
14689,3.650842420369114e-05
14690,0.0053590694582174025
14691,0.004851156114139526
14692,0.0010446112468237654
14693,8.751074625935769e-05
14694,5.3401876190824104e-05
14695,0.0032853708556306233
14696,0.41553266563022434
14697,8.92734714642233e-05
14698,0.06245175667495351
14699,9.515727550701179e-05
14700,9.609705462120078e-05
14701,8.312343869009262e-05
14702,2.9032638958224014e-05
14703,2.7634123695350525e-05
14704,0.003336743007171462
14705,0.0009534806675656185
14706,6.9666932669753666e-06
14707,0.00017353325193209887
14708,1.1090994620081883e-05
14709,0.001173771779733876
14710,3.740138586658637e-05
14711,0.0014712652273812632
14712,0.00010077902006328909
14713,9.776948044424878e-05
14714,0.00011356166892290006
14715,0.002685004854237964
14716,0.0018334360727759913
14717,0.00014658786338759194
14718,0.00022364264389938192
14719,0.033468150776634197
14720,0.009989617210704006
14721,0.00011307584421095167
14722,0.00017102156659738662
14723,0.021458200018402374
14724,1.450004156680061e-05
14725,2.4761177720753115e-05
14726,0.07834220120279357
14727,5.700322373408915e-05
14728,0.00014998822601927514
14729,0.010337273370180169
14730,0.0074157663944939625
14731,5.646776061518252e-05
14732,3.062477562524489e-05
14733,3.04818629318399e-06
14734,0.007993021544124231
14735,9.84950140684678e-05
14736,3.689225003069562e-05
14737,8.329272248806647e-05
14738,0.0017507522818550007
14739,0.12175206518323745
14740,0.00443878273341357
14741,0.0007952676034750005
14742,3.7116659360587825e-05
14743,0.0005279505356970103
14744,0.000270783383666124
14745,5.79150395310195e-05
14746,0.001838433463311577
14747,0.11477801175750221
14748,0.0003047420935976221
14749,6.588672690490432e-05
14750,3.4465469182277376e-05
14751,4.4452986500500985e-05
14752,0.003430014265535912
14753,0.00019131915107963658
14754,0.020715520464770397
14755,0.004041044136110417
14756,0.00016540593100697643
14757,0.014435365973746617
14758,0.00020832054550738044
14759,2.066774019201114e-05
14760,0.0005520611549889243
14761,0.000696351554898753
14762,5.2827122894126944e-05
14763,0.012494760674290532
14764,0.0002449602899211966
14765,0.0002897807445878412
14766,0.004147927193769022
14767,0.0013460488704368063
14768,2.06772071161948e-05
14769,3.938053241556412e-05
14770,3.878977328607689e-06
14771,0.008706418067948325
14772,7.784844422048935e-05
14773,3.987006110156136e-05
14774,0.0023882514575262956
14775,2.5602995069905363e-05
14776,4.932985461876966e-05
14777,0.00016295641167555312
14778,0.012305432810189077
14779,0.006652364633265334
14780,0.02194338862167033
14781,3.6328582539097745e-05
14782,1.6550594741083194e-05
14783,0.0004435643174692837
14784,7.882859424691423e-06
14785,0.00840736408616521
14786,0.00010898712899044469
14787,0.008779615532791876
14788,1.2551350271240236e-05
14789,1.3140904170032695e-05
14790,6.612532975875468e-05
14791,0.00875158231951978
14792,0.02095658525399166
14793,0.0008293495597182978
14794,0.009993538353446792
14795,2.4550991660972007e-05
14796,0.0030527024687153057
14797,0.02110150305491395
14798,0.0004724465541586455
14799,3.364510665538442e-05
14800,0.0010673094432940857
14801,0.0004938767717123035
14802,0.00021641070034766576
14803,6.36251647009188e-05
14804,0.0025892793149472773
14805,0.0020577065427542472
14806,1.1499557462494668e-05
14807,0.0005218393573495941
14808,0.08636200512259265
14809,3.9299620607602964e-05
14810,0.0005174610881468625
14811,8.273937545474037e-05
14812,0.00029958362140769865
14813,0.00012162043048998934
14814,0.000501233515828305
14815,0.0001874114997636283
14816,0.0058127143084263895
14817,0.0003873497638893929
14818,0.000995640473400348
14819,6.982916881899626e-05
14820,0.1391154481456585
14821,9.749504331717607e-06
14822,0.01697354293798856
14823,0.012330802928457332
14824,0.0025966952706054976
14825,6.766817376093446e-05
14826,0.00011724703180373873
14827,3.181122699629286e-05
14828,0.027842317921031888
14829,0.009593395443385397
14830,0.000856854311114458
14831,0.0024816258451872885
14832,0.0001757292693025732
14833,0.0003768543789158871
14834,0.002248827514290662
14835,0.000987608469894613
14836,0.00011066614086509896
14837,0.004372623795295708
14838,0.0001898616371398307
14839,0.000186327347000148
14840,0.00014354356179114853
14841,0.0001606034192481659
14842,0.00014445815696015468
14843,3.623212254343196e-06
14844,0.012970595846312943
14845,0.5179203687492705
14846,8.179476920555339e-05
14847,7.315830691084473e-05
14848,0.011207382777299029
14849,0.0007420957277874285
14850,0.00011386032865775367
14851,0.0003137405792898727
14852,5.926112918852175e-05
14853,0.00016631736387680784
14854,0.000244230981008712
14855,7.828144366038216e-05
14856,0.00011245337500488495
14857,1.6093058015459664e-05
14858,6.708226658903726e-05
14859,2.204637998340598e-06
14860,0.00011649149489702274
14861,9.928843424735392e-05
14862,3.33772795602949e-06
14863,0.0002547434366222713
14864,1.0183977091108276e-06
14865,6.9928143814482e-06
14866,1.0050456968891392e-05
14867,0.0001409790202789826
14868,6.181935233025981e-05
14869,0.0003363704040700638
14870,0.003915511836154964
14871,4.970240594002959e-05
14872,6.585185398300399e-05
14873,0.00046022998178797664
14874,7.526298608977408e-05
14875,0.002068354400600108
14876,0.022959410319621648
14877,0.00039225397976996027
14878,0.00011020731996526808
14879,6.351544677325426e-06
14880,6.886728838315369e-05
14881,0.004155025620366793
14882,2.1461670226516135e-06
14883,0.0011509800323082672
14884,2.782724063790425e-05
14885,9.803839151687492e-05
14886,0.1506460833230454
14887,0.00011912661127991592
14888,0.0009847324272679245
14889,2.0533249440801553e-06
14890,7.07041549747776e-05
14891,5.6162946982836164e-05
14892,9.102604592579651e-05
14893,0.00010260499861111693
14894,0.0021890626395054875
14895,0.00022370450435299947
14896,0.0637577659932788
14897,0.7526802423876605
14898,0.018788709443583282
14899,0.000208551211667399
14900,3.308911553028682e-05
14901,3.0541667984574844e-05
14902,0.0001487588098704669
14903,9.847281550908736e-05
14904,0.00048303337088531585
14905,5.705710318702774e-05
14906,0.013936565285942623
14907,0.00016357700848466724
14908,0.00010525040246280406
14909,7.460017115073262e-05
14910,0.008667560867574035
14911,0.027125763875229653
14912,0.00010317891621174312
14913,0.000152271223996862
14914,0.013173994300684232
14915,9.6385294806881e-05
14916,0.00030718263218508046
14917,4.499191358249263e-05
14918,0.0001670669269830808
14919,0.0002860500134522273
14920,0.00010256377793453904
14921,0.43774459761600876
14922,0.017622896386571794
14923,5.016724570797253e-05
14924,0.00027896330123237056
14925,0.00017641082308043424
14926,1.63726861545851e-05
14927,9.561703417999365e-05
14928,8.404324294702065e-06
14929,1.2251285616080869e-05
14930,0.004484223513147662
14931,0.0006675336092396122
14932,0.0001182555303483067
14933,6.0649665000401155e-05
14934,7.228733536567233e-05
14935,0.051445695302351366
14936,0.0001791245745871994
14937,0.0001163034163956077
14938,6.70832384978574e-05
14939,0.08283065527167546
14940,0.00013717486557943598
14941,0.00023561005895381544
14942,0.02582696704594778
14943,1.836188999273196e-05
14944,0.0025318290179471743
14945,0.00024586578425222024
14946,7.310368087520215e-05
14947,0.00010684004520000033
14948,6.355123211296631e-05
14949,0.0017822615230239825
14950,8.512613349793413e-05
14951,0.000322771861339839
14952,0.0004317037220320216
14953,0.0010088952395205086
14954,0.009312911942740077
14955,0.08582609323686538
14956,0.07504435661531969
14957,0.0007233344703884386
14958,8.802199218684506e-05
14959,0.00022360942449883348
14960,0.021408621032665873
14961,0.007093526148051419
14962,4.937517462773382e-06
14963,0.00016854808381005324
14964,6.615613712807075e-05
14965,0.06689322206674028
14966,3.320471593026836e-05
14967,0.00010860617844551498
14968,5.6385106713242914e-05
14969,4.620602378291265e-05
14970,1.238963827333248e-06
14971,0.010125327626847919
14972,6.048691370358453e-05
14973,0.00011555593006825111
14974,6.285901502858191e-05
14975,6.065817898254321e-05
14976,2.4883950333536947e-05
14977,0.00012578214166968486
14978,6.27963236537474e-06
14979,0.0002462988928917524
14980,0.004996072833479047
14981,0.002366214633857733
14982,3.75821587382405e-05
14983,2.9909718868028057e-05
14984,0.0007995767072114387
14985,0.0007653333196102287
14986,0.024676788589748158
14987,0.0001253425734431376
14988,0.00025719454446789956
14989,0.00011449078402162023
14990,0.00032456073844437216
14991,0.0002939340224245915
14992,1.8896384655814294e-05
14993,8.67534800462337e-05
14994,0.08162718125924341
14995,2.3894424006300155e-05
14996,5.7939088832819405e-05
14997,0.00010583202326079001
14998,0.0006479690709444236
14999,1.6177486380989786e-05
15000,0.07215952174770679
15001,5.671960255496706e-05
15002,0.00013698831107607944
15003,0.14320833699642602
15004,0.06002300913455155
15005,5.604440167296214e-06
15006,8.31861170712214e-06
15007,8.891134922444594e-05
15008,0.0002980366816682206
15009,0.00010338370624937669
15010,0.00017596015427498609
15011,0.0017743976441053275
15012,0.016220366128697
15013,0.010913967451398682
15014,3.865010466543827e-05
15015,0.01489707327396001
15016,0.011044281701614884
15017,0.1374790251901175
15018,0.0003058675058406745
15019,0.0002878387348369799
15020,5.369099747754096e-05
15021,1.317319035045978e-05
15022,0.00016269245264533547
15023,0.06728824927438938
15024,0.00018933234384110737
15025,0.03695400683229948
15026,0.00010776843536301128
15027,1.888725561652585e-05
15028,3.217227894807593e-05
15029,0.0001607939682468366
15030,0.00012936565808996896
15031,0.009895595231453901
15032,0.025823472874552833
15033,0.00012547973171816044
15034,0.00013296456349482435
15035,0.059276485181700644
15036,0.00029618158483781654
15037,0.001639728968487173
15038,0.0033155656524940466
15039,0.0002071349333726498
15040,0.00015533904133524282
15041,8.525184940367359e-05
15042,0.00018022146333762686
15043,9.806817367644205e-05
15044,0.06780496122383477
15045,0.0006898131284801545
15046,3.3538457475676444e-05
15047,0.000996080976450514
15048,9.363014977446451e-06
15049,0.00012929166271725758
15050,0.00010473507581088705
15051,0.00012392483502729208
15052,0.0331953679945489
15053,9.325184619309444e-05
15054,9.897044070647058e-05
15055,0.007233945399703094
15056,0.004176232326681102
15057,0.1006932566210601
15058,0.00015459817353486016
15059,0.00528447164527325
15060,0.0017730568026342794
15061,0.00013207943602554727
15062,0.00011079983360714053
15063,0.0011837979944655569
15064,0.0016180145949430125
15065,0.0010588097214673786
15066,0.00026395007128011136
15067,0.000143582078782122
15068,0.0471005804764764
15069,0.0066501971451658065
15070,0.0021038609859663666
15071,0.01500122321642747
15072,4.696918598910995e-05
15073,0.06040250930707529
15074,0.0004840309497134569
15075,0.00016420998574270752
15076,8.784624608245564e-05
15077,0.000459521223544433
15078,0.0002284384415265104
15079,0.00028696691988466577
15080,6.0224883909720446e-05
15081,5.420420627544818e-05
15082,0.1766904060289411
15083,0.10249397796615209
15084,0.00014618425267610112
15085,0.00012592984978246317
15086,6.21930061143161e-05
15087,0.0006295437161056012
15088,2.285032465949569e-06
15089,0.002535110241142307
15090,0.000815456522783646
15091,0.04351249287707326
15092,0.11280004776411005
15093,0.009648484683841052
15094,0.00010198853025765575
15095,0.00026018818246637145
15096,0.015533042879010441
15097,7.499984888160973e-05
15098,0.00021745142209515832
15099,9.060360012065852e-05
15100,0.0008115450033619022
15101,6.168435851847053e-05
15102,6.911043325820147e-05
15103,0.00014333481861740176
15104,3.9171646014036856e-05
15105,0.0007905642391412117
15106,0.039413183565015344
15107,4.145856654627702e-05
15108,0.0005582456746386426
15109,4.51123770519802e-05
15110,0.0003801649158801622
15111,0.029901888877588878
15112,0.003641385128315709
15113,9.267020290531728e-05
15114,0.0001556752148273973
15115,5.543920310736713e-05
15116,0.004127011678850853
15117,0.00019693728260142843
15118,0.0002305950994984895
15119,3.665048158450191e-05
15120,3.8254120615254956e-05
15121,0.004874547493971662
15122,0.3527753331065992
15123,0.0001493635333778174
15124,8.599550928011562e-05
15125,0.00011712615457077337
15126,0.00012299629608539752
15127,0.0008040684804102767
15128,7.528860328175619e-05
15129,7.943708640964958e-05
15130,0.007521737490537549
15131,0.0001905948512776595
15132,8.383866203810682e-05
15133,0.012237101468753422
15134,9.072431461284343e-05
15135,0.0028769375608701667
15136,0.03530176314886412
15137,0.031685062562500754
15138,0.0009333823666722411
15139,0.00010696140758631334
15140,9.018083561984568e-05
15141,0.00017135924499794616
15142,0.00010834857876870587
15143,1.8742637614633934e-05
15144,0.0026592542984409224
15145,1.1662421314820841e-05
15146,0.00010493911068452239
15147,1.562762793177611e-05
15148,0.005080292943276823
15149,0.0030370772856764114
15150,0.0006296107667951485
15151,3.150069200817929e-05
15152,1.200878151999021e-05
15153,0.00015930976636191227
15154,0.00718925980501052
15155,0.02087658538660784
15156,0.00020111110914541245
15157,0.016064546153391725
15158,0.005775541171979187
15159,0.0347486285233561
15160,0.00043615257809807997
15161,0.0033720402735702482
15162,3.890307231647131e-05
15163,0.0001456021768822946
15164,0.004311262771205934
15165,0.01352110362006394
15166,0.00011061250080631735
15167,0.0006815683208388154
15168,0.00017259995756939292
15169,0.0003585801100861803
15170,0.23388167041018093
15171,0.00015083673738727432
15172,0.026234116076155223
15173,0.00021724102912261503
15174,0.017113785460693996
15175,0.00012535249809758723
15176,0.002688897659412528
15177,0.00023667950222874882
15178,4.727389928699007e-05
15179,0.00047381495885545746
15180,0.013813278235841778
15181,5.8620715587163355e-05
15182,0.013258299328997396
15183,0.001166200341230834
15184,5.590650175541047e-05
15185,7.075919390517065e-05
15186,7.904647923540281e-05
15187,0.00010170284061252862
15188,0.0003083666315802729
15189,0.00044564536069845444
15190,0.0005774082616329538
15191,0.1762343953821846
15192,6.341825008872559e-05
15193,0.0001968656037938095
15194,3.543288160119387e-05
15195,4.5304058084389056e-05
15196,0.004753315675432296
15197,0.002556000963812835
15198,4.406039042660605e-05
15199,0.002457283147427699
15200,6.73303396278636e-05
15201,0.00011148755783731388
15202,0.0001421254677857755
15203,0.001155209990565994
15204,0.023857280662330563
15205,3.732905044474451e-05
15206,0.05537018688470481
15207,0.2534933410085337
15208,0.02519263684745627
15209,0.5231289260731726
15210,3.135729059868664e-05
15211,0.00013014652527310085
15212,0.00018181827159727325
15213,0.1327528054721219
15214,0.00035904967543290363
15215,0.21081119453581043
15216,0.20708156233470582
15217,0.00021907475759567132
15218,8.987605687335797e-05
15219,0.002468863844993718
15220,0.00012577002236885946
15221,0.028708803377503218
15222,0.0001352879216690396
15223,0.0001556951291772475
15224,0.00020570584483777942
15225,5.8888973345004865e-05
15226,0.0032138077327378404
15227,0.001109007431655414
15228,0.01006743985482951
15229,0.014145237808353394
15230,8.54375114779585e-05
15231,9.420366514156083e-05
15232,8.85004087938531e-05
15233,0.00014863956830770504
15234,0.0005952036195221733
15235,0.00026755170772431246
15236,0.00010266531703974223
15237,1.154908600818812e-05
15238,0.005812667525846645
15239,0.00013758214324939317
15240,0.0014374339319725368
15241,0.0004033572679832032
15242,0.0033048817104512533
15243,0.0100424679840912
15244,0.0001048867432285955
15245,0.006455816811353582
15246,0.0017765951371325251
15247,0.00018172121001054214
15248,0.0001579259559263378
15249,0.00011518321556861191
15250,0.00038363889359709454
15251,8.95344842227098e-05
15252,0.00015146460752768834
15253,0.06231447106187253
15254,0.00011592273058425033
15255,6.195365745829608e-05
15256,0.00046491084992612207
15257,0.006966355545478182
15258,0.21944133793796924
15259,8.749390132687632e-05
15260,0.0010707330443809678
15261,0.002850677945422562
15262,0.00666909936332079
15263,0.004909520357118926
15264,0.005043630235332398
15265,0.00031003367187317204
15266,0.020717714049121705
15267,0.019646083699734463
15268,1.0306323023926532e-05
15269,0.0001528408525995469
15270,0.004373364913425738
15271,0.00034988400842128175
15272,0.00015680273760165027
15273,8.987447815166318e-05
15274,7.240216406996463e-06
15275,0.0011332870264488563
15276,0.2194650001614836
15277,9.601584464367698e-05
15278,0.09507024820806356
15279,7.463076718911535e-05
15280,0.003525075257450902
15281,0.32386931915865347
15282,0.00010360050600620224
15283,0.0003347088396978149
15284,0.00017435563687269714
15285,0.008905927937753466
15286,0.030557091164626467
15287,0.00012878567265588642
15288,0.00016915642807573396
15289,0.01027589947565202
15290,0.03961687298688084
15291,7.094222858373248e-05
15292,0.00010103474741239397
15293,0.00013606921507052327
15294,0.0007016947739747583
15295,0.0003013084531773527
15296,0.009019929430754709
15297,4.493891178496117e-05
15298,0.0008148731851828461
15299,0.00013194072449752194
15300,0.00012029991799468952
15301,6.0291549073487946e-05
15302,0.007812719544779623
15303,0.01778381202771028
15304,5.303954141234e-05
15305,0.0002013373937594435
15306,0.0005099036314841234
15307,0.00033256354618456494
15308,0.21917403475661512
15309,9.531564463458787e-05
15310,6.691713385591655e-05
15311,0.015437295904383136
15312,0.01027956413042532
15313,2.807451670179694e-05
15314,0.0010178362550905687
15315,0.0006408067557780791
15316,0.004085269700690738
15317,0.11516055416656686
15318,0.0001403747984211704
15319,0.018122392038046477
15320,0.04807393747640156
15321,0.006492579849767493
15322,6.308468842402336e-05
15323,0.1161095484446403
15324,1.4927233318626172e-05
15325,0.0010021005801651643
15326,0.03503854749412542
15327,0.00025192763700414224
15328,0.004031910782451752
