index,target
0,0.0009112291856060115
1,0.0022707464307265557
2,0.0007025670713840204
3,0.0005922633377699745
4,0.0004912218176411994
5,0.0004964296582573413
6,0.05207464926509138
7,0.0013908265804768692
8,0.00015089335244796226
9,0.0005748725984114571
10,0.0005513870323723472
11,0.0008130015851512644
12,0.0004232704976931595
13,0.00023767991678945913
14,0.00032692880290475536
15,0.0008415180913274702
16,7.593221926048227e-05
17,7.70886934851733e-05
18,0.0009383967285372299
19,0.0004673203465389057
20,0.009884662936013248
21,0.0006189831477181977
22,0.00028680548642016847
23,0.004485533240105023
24,0.0007178983055637635
25,0.0009305452437228405
26,0.0009646674506990262
27,0.00044013566510316506
28,0.0003444882022895781
29,0.9935639238987173
30,0.00045366446629879835
31,0.0009408725958678932
32,0.00037848007076244484
33,0.014484517195115837
34,0.0007180869572531428
35,0.00031169830385255164
36,0.001389045996780668
37,7.22734298709025e-05
38,0.0021383260615060796
39,0.01615014903690671
40,0.024645451049926333
41,0.0003318643342038822
42,0.0011572934324500764
43,0.0003938350722261749
44,0.0014017322477590235
45,0.0012900358219132776
46,0.0094230065827102
47,0.006081814219204803
48,0.0007481337960830052
49,0.0009000783301345459
50,0.000495935942860837
51,0.002266216362460547
52,0.000579237982987812
53,0.0002826970243707261
54,0.00024659659226639616
55,0.0019982604448568375
56,0.00025189843000023086
57,0.0007459362987690419
58,0.0003447799289044073
59,0.0007801512250833447
60,0.0002634533302522805
61,0.0003421323970463345
62,0.009350670292903205
63,0.00032430144210148887
64,0.0011263993620360966
65,0.0008380939212931586
66,0.01106903515029037
67,0.0002981738332438666
68,0.013076807706955823
69,0.00129005859353316
70,0.002679658062750042
71,0.0009749447889659711
72,0.0002625061499779063
73,0.0007822210173235092
74,0.0010256224071738048
75,0.0016831069710091858
76,0.0006674779771672503
77,0.0027754333448594876
78,0.016345585221735463
79,0.00249915250201639
80,0.0017120375215256493
81,0.00034983862823816667
82,0.0005587004414335233
83,0.0004645800830328315
84,0.0034975255284187406
85,0.0050451107930128605
86,0.059084090692864175
87,0.05044831044617913
88,0.0015403987899733126
89,0.0023676962645625093
90,0.0010169364356102284
91,0.0002074225799002894
92,0.0001545199440215801
93,7.53281669899083e-05
94,7.920378763734195e-05
95,0.000937298305644153
96,8.120478334586166e-05
97,7.693415236448955e-05
98,0.00042811552353315917
99,0.00028498335926188944
100,0.0013556381273697126
101,0.996203394869465
102,0.0019694945377683832
103,0.0011033602437275844
104,0.0002199119494606338
105,0.00019973017665874082
106,0.0013025131100227602
107,0.0009672353391617747
108,0.000670830432944168
109,0.00016887543335034606
110,0.00017144947788870656
111,0.009205774675344076
112,0.00011648604557970277
113,0.00010485966569789926
114,0.00011791953639483361
115,0.0009591816039919304
116,0.001375971468272345
117,0.0006248438808198443
118,0.0008084082081663113
119,0.0021012641165849477
120,8.313641531398124e-05
121,0.01673930782435581
122,0.00036922348708015676
123,0.0001312958186943901
124,0.0008924698004100388
125,0.0004369696295669339
126,0.09594409851581384
127,0.020502081518739945
128,0.00033303804929178877
129,0.04944450143832104
130,0.027634970588441454
131,0.041780097093431154
132,0.9951441612130246
133,0.04248049235023238
134,0.007570763607939064
135,0.0005166604264540958
136,0.00032701738271877543
137,0.0002573003702786784
138,7.613713831473574e-05
139,0.0005855151772373227
140,0.0024988835575105945
141,0.0007293018922169337
142,0.0009817564635510702
143,0.00019471798798195556
144,0.0014389714735403266
145,0.0004742242756826308
146,0.00045897159031333193
147,0.013628652477287593
148,0.0005283430804624777
149,0.1909479228149481
150,0.2461014845997413
151,0.0004503856543551553
152,0.0018877480680429943
153,0.000671376766122973
154,0.00018609051648499749
155,0.000680594985060286
156,0.0009702763116391695
157,0.0009950072360157853
158,0.12274080914989198
159,0.0012912769034895404
160,0.0008947360680785215
161,0.026534186692249228
162,0.05781351741091749
163,0.0009811726335210767
164,0.0008334734083558108
165,0.004547068496415759
166,0.6654239653359191
167,0.013923432055918786
168,0.0002939327111081285
169,7.716561617431612e-05
170,7.559905909047335e-05
171,0.010062750309640062
172,0.0007153809484402688
173,0.00023224058489306477
174,0.01039720772573804
175,0.0006709716301746716
176,0.0012523755913984732
177,0.01485083649850244
178,0.00014162411336566852
179,0.000425892739362226
180,0.00010902772072732695
181,0.00011882032921040133
182,0.001102736148306595
183,0.0008935852112860358
184,0.0004247919276068786
185,0.00038524282499644724
186,0.000922249587871195
187,0.00024269734861301213
188,0.010258268316115548
189,0.0005673803914950494
190,0.0032300672729248365
191,0.0016546819444180395
192,0.0005001653202768039
193,0.0783840955759649
194,0.00858668684093773
195,0.007090646480989474
196,0.01800227637917464
197,0.00028262204906968343
198,0.000629231435595676
199,0.0004851618469065318
200,0.0010086824068838193
201,0.0004494948086076563
202,0.0005491735325672361
203,0.0013778491924770367
204,0.0013709969028574945
205,0.0007113643423391289
206,0.0002639724942104527
207,0.0002760076931407441
208,0.00018391303116608123
209,0.000346410661698927
210,0.0008902436608807997
211,0.0034331373096676268
212,0.0024299678836107734
213,0.010874377857483377
214,0.0003342590230792176
215,0.00047016230416688893
216,0.0784332046935119
217,0.00034242003472697907
218,0.0006872864529150443
219,0.0003661968643523663
220,0.00014705788361540857
221,0.00017044805710002948
222,0.00016575964290190738
223,0.00033180448839761504
224,0.10416041339809703
225,0.058462311066821884
226,0.00021792155985794203
227,9.956878763501422e-05
228,0.00022991103036668206
229,0.0008865288828310081
230,0.0004186710117519873
231,0.0013451758059778104
232,0.0002465478630192152
233,0.00024391172710270249
234,0.0009448881784350754
235,0.00198339786320287
236,0.0004408477457988608
237,0.00034200111091339433
238,0.921898170613923
239,0.0006251098412312927
240,0.002216362926202499
241,0.050544675853878854
242,0.032487628073386586
243,0.005394832542912216
244,0.0013347679654408622
245,0.01518339275483005
246,8.544092937936143e-05
247,8.703106102232692e-05
248,7.724139275701008e-05
249,0.00011726416853818839
250,0.00012173254049523182
251,0.001091837809446161
252,0.00066283517829287
253,0.10089282604597907
254,0.014333434656760416
255,0.00017331608528421395
256,0.0001642068175826059
257,0.00019684461243090688
258,0.00036604065324867725
259,0.003658636318489539
260,0.0006955257747917519
261,0.00027377959021003263
262,0.0008448458536207476
263,0.0008740252232549879
264,0.00025208358345890506
265,0.0003390004522424871
266,0.0002479453103939906
267,0.000282329089618235
268,0.0005921905107648524
269,0.005048861452213566
270,8.182461200126394e-05
271,7.267990595219342e-05
272,9.132781981698054e-05
273,0.00028400897751355055
274,0.002258705792044289
275,0.00037153561446899217
276,0.0005123041893308069
277,0.00026943183115389364
278,0.0003829536035168858
279,0.0007297280665417411
280,0.0002657329240721256
281,0.015919903330874594
282,0.00018918819158838117
283,8.920578045788338e-05
284,8.144284709624472e-05
285,0.0027095735925415426
286,0.0001522944820797366
287,0.00016738781772032658
288,0.02759220862372199
289,0.011709468509821408
290,0.000973529919332247
291,0.00023677255711024038
292,0.00020102858694253566
293,0.0003430415941802425
294,0.00016413387518029958
295,0.00042559460591469364
296,0.0015832480401542135
297,0.002837663420662207
298,0.014083089237873849
299,0.0005493316214678201
300,0.00028738861578481373
301,0.00020578499760707096
302,0.0009879222995777127
303,8.281818001745261e-05
304,7.488492529410476e-05
305,0.00042669004836735425
306,0.00010422513729433641
307,0.0008125911864363186
308,0.0001474804687103242
309,0.0002785246276329514
310,0.0003226985352235838
311,0.000355084355464053
312,0.0007701691330953444
313,0.00015689578113609282
314,0.019316387916036074
315,0.0018164247695515276
316,0.000208070981668138
317,0.00661793350966986
318,0.0004338628285399197
319,0.0006588770125719981
320,7.474625932278821e-05
321,0.00022066676484198524
322,0.00020311523027322027
323,0.00014986516522860768
324,0.0001352577181693445
325,0.0003823898521125629
326,7.574562701633003e-05
327,0.00027656947776916993
328,0.0002690912489193681
329,0.00044229364883403643
330,0.0007627548206685698
331,0.0013888694566983916
332,0.0001456129543324233
333,0.00043268086836339937
334,0.0006351389300958164
335,0.00016640527924412476
336,0.00017352404379578475
337,0.00030775195325926004
338,0.00043258607559754374
339,0.00025941385399712487
340,0.0002114801477618632
341,0.000683147870329299
342,0.0003322786717779373
343,0.03270361444230611
344,0.03605382408076175
345,0.003420703919277265
346,0.0013949667391764068
347,0.00046324687862279914
348,0.0013694641712417484
349,0.0004880756373453044
350,0.0006927296836995708
351,0.11912021697305586
352,0.06860752926324658
353,0.002210132587833158
354,0.0006379186770936088
355,0.0008484078809948732
356,0.0012016184929994295
357,0.002176052909023815
358,0.000745521472844733
359,0.0033033042279952776
360,0.004315153479158456
361,0.008739076918727768
362,0.0006475906348301477
363,0.0006530897637742879
364,0.00019526430351601
365,0.0002954930423343965
366,0.004191928570448149
367,0.00054796769351822
368,0.0002663363396343374
369,0.01071758052569378
370,0.00037823196655300314
371,0.00033575948996580196
372,0.0007383740989059107
373,0.0006924797761875641
374,0.00048412354817191144
375,0.00011116771927930597
376,0.03840062796900037
377,0.0009891182240643229
378,0.013697128754501802
379,0.16308018694299078
380,0.0006831168427539199
381,0.0026511666597656596
382,0.002675264114566954
383,0.0003551280637539053
384,0.0008014979832595339
385,0.0003055210639828403
386,0.00011119754292814957
387,0.0003080761398706204
388,0.0020720132128860926
389,0.013323111420488
390,8.201307834729556e-05
391,7.823120870374952e-05
392,0.00019752091300542836
393,7.626571531849159e-05
394,7.785030019450693e-05
395,0.00015909679312695632
396,0.00014024414289333817
397,0.020892167597412213
398,0.003968241382515613
399,0.004614822017926738
400,0.002782505547711895
401,0.2862077335565314
402,0.15690035633015414
403,0.0020956557928211673
404,0.05938264815128842
405,0.060253008214985984
406,0.022085680746781626
407,0.0001833300169462156
408,0.0006302755690517309
409,0.00032873037750406187
410,0.00021705049822570737
411,0.0002585588842107824
412,0.0003800356681390056
413,0.00048353284324296976
414,0.00011373447273270294
415,0.00011473025640860033
416,0.0016932377634051668
417,0.012775256694240403
418,0.0028912524228599133
419,0.0006690210991899146
420,0.00037292613260740584
421,0.0012489996786733096
422,0.0002461551974046659
423,0.00012826100434474886
424,0.971003692254184
425,0.00043560287767790116
426,0.0007549447215557278
427,0.0043845360790013875
428,0.00014974641246483206
429,0.00015586657248603953
430,0.0006497425986556428
431,0.01881103406440863
432,0.0009469388941968325
433,7.369798316166328e-05
434,0.0006207496462248805
435,0.016163780774164926
436,0.007298595229602994
437,7.843671077540065e-05
438,0.00018981394748899714
439,0.0006184501595710933
440,0.00023200418925330683
441,0.00024717873378369545
442,0.0026761506577955563
443,0.0029336354637333065
444,0.00015350537698453735
445,0.0021105587929823796
446,0.0007255666835989986
447,0.000491512035002294
448,0.0002177049923076277
449,0.00019976723865532662
450,0.00041542403313454503
451,0.0005838196585850424
452,0.07588218286892401
453,0.07898054752759034
454,0.0005159825367371644
455,0.0004646549053105973
456,0.0002106052742510814
457,0.0022778792103390253
458,0.00015256315227737358
459,7.748103597317066e-05
460,0.0002560957129079008
461,0.0003041551247096901
462,0.0013791111199085069
463,0.0011639495778466603
464,0.00013460550874057182
465,0.00013865259890068882
466,9.70556476071591e-05
467,0.000369053513154193
468,0.0014791912128775551
469,0.0005583746691029601
470,0.00011117779288044717
471,0.0007648830456883615
472,0.000261601308246407
473,0.00026661951423359847
474,0.0002161416077229189
475,0.005013408734756552
476,0.0005285622288308079
477,0.005916811863892949
478,0.0006180887142868358
479,0.006420209501459483
480,0.0031343044339992463
481,0.00040420538624928623
482,0.0003831571181902142
483,0.009667451772504594
484,0.00016353057216180958
485,0.0014905115769920196
486,0.0002958633509038912
487,0.00040354989404329486
488,0.0006159446389576966
489,0.0004592074821710328
490,0.0008711952661316937
491,0.0005698671820526106
492,0.003775675723927755
493,0.00018574505886127858
494,0.00017176627937479295
495,7.106340752374964e-05
496,7.509159170218294e-05
497,0.001178319142691016
498,0.0008407373895093805
499,0.00035139073985242925
500,0.003965935533053776
501,0.0007835799050405799
502,0.0004565196206427452
503,0.005913779931764998
504,0.0013273072294120271
505,0.000657437796126782
506,0.0007667699379688104
507,0.0006212460166547631
508,0.00379723908473194
509,0.0005393176864889276
510,0.0012063517276023465
511,0.0003790999367506222
512,0.0030778782594029185
513,0.0341236614674105
514,0.002619032989975799
515,0.0006082075470323753
516,7.688755293446762e-05
517,0.00036620333280884564
518,7.25792130073745e-05
519,0.00010157560773403301
520,0.12040599646775052
521,0.015659390822869334
522,0.001201020736982584
523,0.0009386268691458057
524,0.0002999877785424865
525,0.0007320104241955958
526,0.00033448064001404367
527,0.00026568693126939656
528,0.00331188322606952
529,0.0004415070144255671
530,0.00015462457973513605
531,0.00016045059628754427
532,0.001285358524340139
533,0.0012973487372117038
534,0.0005571804453018789
535,0.008815807732115568
536,0.0004487749224571814
537,0.0005658400731724986
538,0.05909023365514392
539,0.018593193276707602
540,0.007320538429492898
541,0.0015402573664498218
542,0.0006208096998113861
543,0.000210553076216134
544,0.002409040666767393
545,0.004432763822577757
546,0.0002455509943204585
547,0.0022889842231034437
548,0.0007065168535056144
549,0.000300180960689111
550,0.0010994290482397382
551,0.0005110335501340948
552,0.0003907787002475975
553,0.0003149318968446371
554,0.0003361097676366625
555,0.00015191021560061522
556,0.00014407814144813262
557,0.0012827021723366698
558,0.0006438027781302093
559,0.0002155128289609608
560,0.0006692900266730645
561,0.0009630341967702556
562,0.0002986749286295753
563,0.00024376569607222065
564,0.0002184308316380725
565,0.0004284272506990167
566,7.76646364346162e-05
567,0.07648082471369086
568,0.0011531182688123488
569,0.0001526439458858644
570,0.0033392362209239564
571,0.00059924140965526
572,0.00037941066760272733
573,0.00033509786960945543
574,0.00011435927548595284
575,0.00010976594871297289
576,0.9781700896494628
577,0.0002508873243995712
578,0.000858889393917564
579,0.0009711186486457652
580,0.00015438967672968087
581,8.465710869654059e-05
582,0.0014220063575097039
583,0.17835582719386076
584,0.0001637537756286364
585,0.00014177230030315194
586,0.7433637901518858
587,0.0007156346058146792
588,8.308640730749169e-05
589,7.084829356892141e-05
590,0.0005349129037418374
591,0.09270807210443735
592,0.03187582820317871
593,0.00026229629898778296
594,0.0009849609594047065
595,0.002212355939130147
596,0.00010778678848643909
597,0.000710248626641263
598,0.00015535176405426628
599,8.670202975740415e-05
600,0.00014753486960689095
601,0.0001432458454422028
602,0.0001416921626106441
603,0.0001305501538068586
604,0.015063701293599286
605,8.416273157925845e-05
606,8.648570557390827e-05
607,0.0007650481309980541
608,0.0001972387883396243
609,0.9140166705029558
610,0.00028304557619973734
611,0.0009008742034455359
612,0.0016218138614871758
613,0.00039253917194770566
614,0.9663395067230613
615,0.0017588047536436717
616,0.0004056746114611317
617,0.0001203658176465998
618,0.00010509497132813299
619,0.00025681514310469354
620,0.003428901038609323
621,0.0004284145257582325
622,7.556241966018504e-05
623,0.000468806255740529
624,9.798519119301283e-05
625,0.00011461743777344844
626,0.0005129467266772983
627,0.0006181461607909434
628,0.0003445486709567472
629,0.00011834207769179576
630,0.0001724699150603824
631,0.005344546919874836
632,0.013890843819722012
633,0.22324428977117292
634,0.0015431623273058053
635,0.0005870479838705157
636,0.00036421535438371994
637,0.00030716696289707625
638,0.0009374231884331831
639,0.07234696641730538
640,0.0024423742063505406
641,0.00016122094603297272
642,0.00015940758589625992
643,0.00039222733654584104
644,0.0015518335260173047
645,0.00033658187946320264
646,0.0009505391365244974
647,7.64349954815385e-05
648,0.0010884023883507257
649,0.0011563896589759203
650,0.0001025370655061941
651,9.697214597416173e-05
652,0.0006775930882604902
653,0.0011741800128001274
654,0.0004881075262108337
655,7.806863669716764e-05
656,7.699896430385863e-05
657,0.00021925741659450777
658,0.005518925663736325
659,0.0004285590409252089
660,0.0019843229217429
661,0.0011650698682292779
662,0.002423769542087817
663,0.08355128978287774
664,0.006989077787288243
665,0.00017842832615960562
666,0.0008517881724782077
667,0.0008690657254603075
668,0.0005617663442487169
669,0.0007842683632462743
670,0.0003805285420656838
671,0.0767544056350146
672,0.015061218507105087
673,0.015496807947161365
674,0.0002628182512129343
675,0.0008343003276422043
676,0.000395961436566204
677,0.0004584571622624904
678,0.0007409240381928268
679,0.011590070938162732
680,0.0015217331748667595
681,0.0003216607670284533
682,0.0014747986863399773
683,0.0003976780276599894
684,0.0006358716096676851
685,0.00021742059763583138
686,0.00022165227161857095
687,0.0013362804425811198
688,0.026197109375692244
689,0.0005543637669561102
690,0.2443767219463986
691,0.0002458783832870914
692,0.00029272485889090356
693,0.02183557789023865
694,0.00020386135995005382
695,0.00025951607851821363
696,0.0009646450106838034
697,0.0007704093898529597
698,0.0008981020758291244
699,0.0002058574716382784
700,0.0007817061108212206
701,0.0004957261319443295
702,0.0010092598103736302
703,0.0003747418225645598
704,0.00015395844493608374
705,0.0007261081183301503
706,0.0008375959266710682
707,0.0008937259551976128
708,0.003602697183350603
709,0.0003604097397709874
710,0.0002365327048436359
711,9.093095849685297e-05
712,0.00038026897174771795
713,0.0001843891817404116
714,0.0010511609349653248
715,0.0015131068507706004
716,0.0004329276186126903
717,0.0009735825971749718
718,0.0002305669898363815
719,0.0003583503833401198
720,0.0003538290617517154
721,0.03895116500822553
722,0.029268910598432413
723,0.0006076944653855672
724,0.0005283513364474539
725,0.0005443463029173378
726,0.0025603303588916117
727,0.00019815840568498656
728,0.0003968047107497536
729,0.001191356320262594
730,0.36206189358740215
731,0.001331769725408963
732,0.003345844608703278
733,0.0005340535801156615
734,0.009481183027591582
735,0.007907303159941127
736,0.0017966342508099434
737,0.0003231917024289835
738,0.00014742488024661348
739,0.0006307421974906815
740,0.0002127323919180278
741,0.005544674988475079
742,0.0005163882439669868
743,0.0005756763303820465
744,0.0002123440431803575
745,0.000215074126000539
746,0.003785557558521816
747,0.007977837885859257
748,0.08756864923657141
749,0.0009493983733210975
750,0.0002577961732526168
751,0.00028162440126408794
752,0.000319941296986782
753,0.00031336455840396424
754,0.0010329921433266265
755,0.00018224099669681
756,0.0004995684316949857
757,0.0029459137765306246
758,0.0006648722265164466
759,0.000780641416129888
760,0.9980061781205463
761,0.00036180430246530337
762,0.0006371243083316517
763,0.005237600864126743
764,0.07499836055007454
765,0.011541153751396204
766,0.0009524991561865069
767,0.0005029681654488334
768,8.161830249601579e-05
769,0.00016712061705483866
770,0.007194661158993264
771,0.00023478040662071434
772,0.0005296766717214512
773,0.0002651754675216301
774,0.0006139418862542682
775,0.00046794113165659197
776,0.0017843862721194537
777,0.0019785496784083165
778,0.00019429278372308612
779,0.0003496273810590342
780,0.35218802474193767
781,0.0018289455236554636
782,0.0003091613965776895
783,0.0007512444824846134
784,0.0006886476174088982
785,0.0005346782748056648
786,0.0005487776139047837
787,0.00022255717721023075
788,0.00023803682310928818
789,0.0003773166055973044
790,0.03051383724245816
791,0.018015039525474893
792,0.009587530624851322
793,0.010582138438554257
794,0.0025726105887471126
795,0.00017431960838299961
796,0.0007028293726757701
797,0.00015142447414309598
798,0.00017444502762862927
799,0.001534245659691622
800,0.013255476401276467
801,0.00040993524998928914
802,0.00011771260788932231
803,0.09343022565211809
804,0.0004936177580977369
805,0.00013358858602730394
806,0.020061916016746388
807,0.0036483865064670983
808,0.0008953025853999843
809,0.1146047696347529
810,9.760888683732693e-05
811,0.00025862906212394127
812,0.03749771414579536
813,0.005541303580305823
814,0.015347981214537504
815,0.0002843254771356065
816,0.0005984253950534401
817,0.0017786008213212766
818,0.00016504100804028637
819,0.00017748829476315568
820,0.0006660876817523231
821,0.00015723648689381872
822,0.00014325272709757837
823,0.1540630201043033
824,0.0003251530738180006
825,0.08199233321874384
826,0.00036316270617285315
827,0.13216611757301622
828,0.00326279992473065
829,0.0057112643872518085
830,0.00307182191265776
831,0.0013766514637671974
832,0.0004729704931161675
833,0.0002741085405263849
834,0.00023205441858759643
835,0.00047820086561599145
836,0.0002902718383978408
837,0.0008025888315622516
838,0.002281463373588157
839,0.00010409955429535066
840,0.002018842167878492
841,0.0007663722730336313
842,0.001133695385846664
843,0.0006196550630504007
844,0.02244708101637228
845,0.00015247063725956438
846,0.0007567517172487946
847,0.0005062734682476586
848,0.00014557455258982122
849,0.00028399752263008203
850,0.00095003834282389
851,0.0006002920166399245
852,0.0005063925792683896
853,0.00027133822617602597
854,0.027453947988934208
855,0.00035939556012289634
856,0.023694688866591186
857,0.02345759832770669
858,0.0006073598343186293
859,0.0013478806914982372
860,0.00010494928424045649
861,0.00028292708742511867
862,0.0001836336996976868
863,0.0002679327176038306
864,0.000441814688926873
865,0.0008273179654869376
866,0.005937083414579837
867,0.0002841004379664844
868,0.016263492905477694
869,0.004556618721569374
870,0.0003557923039147928
871,0.0002493872231778686
872,0.00040395060117837675
873,0.00021577221757168073
874,0.0010541595900532997
875,0.0009254105853119197
876,0.00023771849531506998
877,0.0003675037425262299
878,0.0006367826427358062
879,0.000241233142995145
880,0.00022679624257023931
881,0.00021308514222201418
882,0.000548145121566804
883,0.00011452178237862209
884,0.00013154749196730758
885,0.0006954571839634519
886,0.0003842071453995195
887,0.00015276323321569924
888,0.0006511096901195996
889,0.0019509054185793781
890,0.0004596114574510684
891,0.0035184740640288757
892,0.0005283131080124134
893,0.0007319943453849704
894,0.0004053487081699412
895,0.0002754089503805996
896,0.027446818703769547
897,0.0006236681607763416
898,0.007696748250075966
899,7.548478845128412e-05
900,0.0009043370923694317
901,0.0003432685958624722
902,0.0007875821622289354
903,0.0017816796969215066
904,0.004364342259033858
905,0.0004513931430718456
906,0.0012197674623936105
907,0.00036603861853826657
908,0.0007495762901296436
909,0.00014768022390953894
910,0.00017052555678178112
911,0.00026348928295330835
912,0.00021297657761363515
913,0.001041919471715475
914,0.00042823023628746506
915,0.000232285918703168
916,0.022807212927801974
917,0.0004459842682625817
918,0.0004734598081021782
919,0.08560967439245365
920,0.002668180081207007
921,0.002038562281335179
922,0.01710698104322279
923,0.2385711118759289
924,0.015783202146200038
925,0.00010087776821789262
926,0.0008464874920920922
927,0.12578109463077233
928,0.0003402511441477537
929,0.001627558105364925
930,0.0007652632050959453
931,0.016800797407795637
932,0.04292752353685444
933,0.00017233335113386335
934,9.337858893708694e-05
935,0.00075506033374448
936,0.00017475812193291866
937,0.00019235714912941947
938,0.0005710714733970728
939,0.00022698475221870424
940,0.00010300877465167115
941,0.00011191708409569092
942,0.00466180897132608
943,0.00042676607454104535
944,0.0006152722562456036
945,0.00025335475092005434
946,0.000902255314858829
947,0.0003674136975206972
948,0.0015355914175995764
949,0.0005379880670765225
950,0.00015838041206592097
951,0.0010337422063515928
952,7.927030369975377e-05
953,0.0007178982249926543
954,0.001222796843899521
955,0.00010979458461088723
956,0.0004912220872391349
957,0.0008723507990159276
958,0.00024677854220487205
959,8.756959544938055e-05
960,0.001175970440201181
961,0.0008418602527587244
962,0.0003459746259820648
963,0.000548257239239843
964,0.0005906905819240032
965,9.337356240068986e-05
966,0.0026174356510296685
967,0.007520189571364047
968,0.0007121347535984795
969,0.00014389520292820823
970,0.0013869347928876445
971,0.0007006942792502282
972,0.0005611104598859137
973,0.00037750687876148583
974,0.017994292860742077
975,0.001026796565506799
976,0.0009799594205004084
977,0.002393935397063047
978,0.0013657564497478374
979,0.000155495077000024
980,0.00022910824606586357
981,0.000116629531473504
982,0.001425527708220218
983,0.0009232477633367778
984,0.001509948497644876
985,0.0004788274664640949
986,0.0010411289078387208
987,0.00604317624907643
988,0.0010928647388102498
989,0.00030491420784863787
990,0.0034504298929147526
991,0.00024358493454172794
992,0.0007605601679969672
993,0.00046305708968774053
994,0.00014579221450421463
995,0.000494574340603956
996,7.443448859805223e-05
997,0.0003637441406323101
998,0.00044677814052750396
999,0.08905439258058767
1000,0.0005777445799025598
1001,0.00031855126651216773
1002,0.0004566946070886749
1003,0.0005460016643952349
1004,0.0006024345021067311
1005,0.000496795936112176
1006,0.0007442612724239279
1007,0.0010761549684794795
1008,0.00017330777646190179
1009,0.00014590804208462993
1010,0.0003670238368485029
1011,0.000860088784838116
1012,0.0002498202310914566
1013,0.0005206687560467596
1014,0.04159872718353543
1015,0.00019313543825022687
1016,0.00039763027361955393
1017,0.011032996499965284
1018,0.0005093146451499419
1019,0.0006261774977730493
1020,0.00011642878256138336
1021,0.01273740657856467
1022,0.00125477525252166
1023,0.009407305154240916
1024,0.00019133992580598616
1025,0.00039726317602830567
1026,0.0007795687050846551
1027,0.00026684021355459335
1028,0.00031952385872217415
1029,0.00045771161003901683
1030,0.011943868366160695
1031,0.0007779817264610054
1032,0.0008294029403011964
1033,0.0013729195764021229
1034,0.0009630663777390362
1035,0.0006999987477407444
1036,0.00014770919269306302
1037,0.9947346316142788
1038,0.001458068855864128
1039,0.0005155511098799423
1040,0.0002152474095504184
1041,0.0007640467155482402
1042,0.16339494446915798
1043,0.0001694811914021216
1044,0.00032560285723028554
1045,0.00015371393356165518
1046,0.0601445503356706
1047,0.0005945063629424362
1048,0.00029589234438275725
1049,0.00042143497758284664
1050,0.00038493029018121046
1051,0.009906490401105162
1052,0.0010032157828910515
1053,0.0013722232341631074
1054,9.905177083736484e-05
1055,0.00011552027541058846
1056,0.00026997777921111286
1057,0.0002951546629403477
1058,0.0004296722539272057
1059,0.026681117137807277
1060,0.002137548903830379
1061,0.0025848508225520274
1062,0.0014108265679571735
1063,0.0004499795296291408
1064,0.0004705697292462675
1065,0.1199332795379944
1066,0.0007723195651421214
1067,0.0013659771412439581
1068,0.0002637874854803736
1069,0.00015521593974608208
1070,0.0018964066229405292
1071,0.0722041780005707
1072,0.0022525874152989666
1073,0.00034990071388178045
1074,0.0002511422208546591
1075,0.006554667940586771
1076,0.00020844654860843948
1077,0.00025005215004857487
1078,0.00013569809952299202
1079,0.0005568409552269358
1080,0.00022481258230107144
1081,0.0062166800372988485
1082,0.0008092661300245724
1083,0.007117681034562088
1084,0.0001766912237556276
1085,0.0003127375770744571
1086,0.00034281777280413506
1087,0.005434241397776933
1088,0.0006477599922187877
1089,0.0004184666047589476
1090,0.0005052174228132473
1091,0.0007662266371788585
1092,0.0011772753460313613
1093,0.0006432244115425605
1094,0.0005011072937169875
1095,0.005548446806436691
1096,0.0005182076309247482
1097,0.001252964530466563
1098,0.00019851688675244023
1099,0.07557279838009721
1100,0.00016068474433957508
1101,0.004023431340757543
1102,0.00034698047477324317
1103,0.000958705827545141
1104,0.00012763166644484954
1105,0.00014627080759224963
1106,0.00015232345002713087
1107,8.443711329513428e-05
1108,0.0006635343588650518
1109,0.0020186619908255216
1110,0.0003877324565839047
1111,0.00028352501822692536
1112,0.0003896895947060815
1113,0.019949471498618625
1114,7.58094500999683e-05
1115,0.0035894679739936646
1116,8.084214081210762e-05
1117,0.0001992801617509346
1118,0.00010669334209102783
1119,0.00021698515232484043
1120,0.0004574657316368341
1121,0.0002891872030137734
1122,0.0001605035582399569
1123,0.0006732656503582517
1124,0.00014482421346287302
1125,0.0006797014701217923
1126,0.0005596692216233265
1127,0.0004318973504658783
1128,0.00038595888847730724
1129,0.0006958430564317502
1130,0.0022086152940361376
1131,0.0005463948958710513
1132,0.0005619681327026692
1133,0.00108936374635285
1134,0.04891258797145992
1135,0.9929046141124772
1136,0.00030767687929180305
1137,0.007283273061506786
1138,0.00038226735028682607
1139,0.12986532925901625
1140,0.04837175987703827
1141,0.0002314626403271615
1142,0.00013566001275274654
1143,0.0002941802003660108
1144,0.0031742148268165105
1145,0.0017441889019086027
1146,0.012547006851797816
1147,0.0016132674875624809
1148,0.0005889477805284895
1149,0.0002086052217542569
1150,0.00021415140536949428
1151,0.0001588409709623952
1152,0.000433853920668728
1153,0.00013963908289989514
1154,0.09793956872982287
1155,0.008883640828795798
1156,0.02069719829053305
1157,0.00395471048009176
1158,0.0003446804161811069
1159,0.00536897063821744
1160,0.0005409905467925024
1161,0.0006279636240352294
1162,0.00018012956065280018
1163,0.3393157192171354
1164,0.0002532442667987832
1165,0.23715630139676308
1166,0.0002806950765469834
1167,0.0051220151118778565
1168,0.029701307676840972
1169,0.0002395266365922479
1170,0.0007866525085321425
1171,0.0010081607728095643
1172,0.001160374034237194
1173,0.0004838499979089434
1174,0.0009776037340763371
1175,0.001300114889396207
1176,0.0006149491303437309
1177,0.001424130232559232
1178,0.00044577488785764766
1179,0.00046056706021164133
1180,0.0007509884143145522
1181,0.0002449776518702188
1182,0.0009596865092354548
1183,0.0565667439134598
1184,0.02296015728041877
1185,0.0003926096721905121
1186,9.700357290475119e-05
1187,0.0005844623614962653
1188,0.0019217956626789775
1189,0.0003399191444912106
1190,0.0004583259299817912
1191,0.13641762216302047
1192,0.00018025717330208993
1193,0.0001815320415700767
1194,0.0009528947052940308
1195,0.0015526370685916635
1196,0.0006335357038361785
1197,0.0012673699835756562
1198,0.00021125823490093491
1199,0.0004846367679879692
1200,0.003606995177525569
1201,0.0006474466162311373
1202,0.0011747808818623729
1203,0.11967077555281258
1204,0.00040252580178037293
1205,0.00022688086263037647
1206,0.0036089501540235076
1207,0.000265002474681827
1208,0.9745527743033362
1209,0.0005364440617631656
1210,0.002168627237043791
1211,0.0002865232911285974
1212,0.005141977409395352
1213,0.0004031692800196274
1214,0.0005646293295166697
1215,0.00031400714213330555
1216,0.00047215682114123085
1217,0.0005658132295130305
1218,0.00020688451577003191
1219,0.0019397298068610837
1220,0.021718936960787628
1221,0.0011968368140008688
1222,0.0006798251098764892
1223,0.0002446454281600143
1224,0.0008091062447776291
1225,0.0002439566284794985
1226,0.0008555259470000364
1227,0.00016802261551383723
1228,0.0010790679531451914
1229,0.00045345102079114437
1230,0.013425112966186332
1231,0.0005383918453158704
1232,0.00015314632228822402
1233,0.003507957060240113
1234,0.0005427826675419136
1235,0.00042463570139982524
1236,0.9818664565226785
1237,0.001429848011740769
1238,0.9983267200838103
1239,0.055633147859223075
1240,0.00046650699510955356
1241,0.05511362749843248
1242,0.007657804599840767
1243,0.0790332749997601
1244,0.004506957264095909
1245,0.0002145975644783402
1246,0.000552772622693953
1247,0.0004109558418720621
1248,0.0008740606514590314
1249,0.0022219790965734105
1250,0.00845101457975763
1251,0.00018061035854807116
1252,0.9970020892335949
1253,0.0004038254524087218
1254,0.0005135213410620922
1255,0.0005322736480973798
1256,0.0004116631815673401
1257,0.00019237520513713474
1258,0.012979052035893307
1259,0.00038430929915685537
1260,0.00029761827918241176
1261,0.0006574854409514811
1262,0.00045228300080853883
1263,0.0008969334427167445
1264,0.0007896277474972022
1265,0.0005206305734680677
1266,0.16021365979073873
1267,0.0001561835204384272
1268,0.00018645710421827874
1269,0.0006534208730534715
1270,0.00023106302521387658
1271,0.00015293455491949574
1272,0.0005107890079557455
1273,0.003122115659623603
1274,0.0006276899100913052
1275,0.001518484412121227
1276,0.0002808340178267902
1277,0.00038591951728610087
1278,0.0007568375897686817
1279,0.0005297229100834726
1280,0.0006478323769113318
1281,0.003224799263273224
1282,0.019004853785838
1283,0.000789103868586634
1284,0.0007605195163124379
1285,0.0005450848826486248
1286,0.0008109866384495448
1287,0.9261333824086104
1288,0.9980964503292193
1289,0.0004664999245044017
1290,0.1378504382112456
1291,0.997950227315988
1292,0.011760621558111996
1293,0.00463367721466265
1294,0.0004587524735677198
1295,0.000436011571239098
1296,0.0011656467998951109
1297,0.0003130117717679541
1298,0.0007114091705712029
1299,0.00047446273957098533
1300,0.004220421564547131
1301,0.0011090837426737225
1302,0.00023484899747595775
1303,0.0003512737150392806
1304,0.9922245075202613
1305,0.0005270034761013858
1306,0.997426248309649
1307,0.00018236949803925154
1308,0.2360852543381089
1309,0.003106914459006152
1310,0.0004128335387611493
1311,0.0003064405884553675
1312,0.0006594172840438944
1313,0.0001451482090371532
1314,0.00014536505663175877
1315,0.0006715089572386218
1316,0.004053085945869474
1317,0.0438048564518491
1318,0.0003300532326016321
1319,0.00040708374046088237
1320,0.0005561603141132467
1321,0.0005605335824839072
1322,0.00029234698613143245
1323,0.03685804920403111
1324,0.0007266234461417892
1325,0.0005038454456487016
1326,0.00046207903058496523
1327,0.0005572074291570636
1328,0.0001183056367585142
1329,0.0001225165951289987
1330,0.00024581631648857986
1331,0.00029578902084579164
1332,0.2692667082520268
1333,0.5868602233058259
1334,0.9975657881700617
1335,0.0002918991065008447
1336,0.0005748888196463187
1337,0.00048070464553711805
1338,0.00026983935754452786
1339,0.0001292174724813906
1340,0.03459353564172622
1341,0.00046394855014160447
1342,0.0007350405680051957
1343,0.13114142529139255
1344,0.0004641334163105391
1345,0.00020647747209327042
1346,0.00023204223277327688
1347,0.0003210857574979883
1348,0.00046568725869754624
1349,0.0002706979820485633
1350,0.007425780077295699
1351,0.0004258947603768077
1352,0.000442739121279622
1353,0.0001017291391580266
1354,0.0004142584830275415
1355,0.020524134750703152
1356,0.0006374239541901557
1357,0.0007250710134218884
1358,0.00024150432104485384
1359,0.00020556113969295116
1360,0.00093162663083891
1361,0.0006874339362574224
1362,0.1442540568976826
1363,0.08540492060485942
1364,0.0003736334902843488
1365,0.001301275759162027
1366,0.00028261112373118756
1367,0.00762626667374418
1368,0.01054963673006054
1369,0.0004093849604793481
1370,0.00041239398345282687
1371,0.00047623733231975853
1372,0.0006910016340076848
1373,0.08704238749359446
1374,0.9977618485290106
1375,0.00017678224188277808
1376,0.0024411328401179565
1377,0.010724007817319206
1378,0.0008239738774010371
1379,0.02122816630557061
1380,0.000401491279542827
1381,0.0005678955795055095
1382,0.00033469784639504266
1383,0.00023694658943704017
1384,0.05101747511319582
1385,0.0016086350127557756
1386,0.0013403633495936902
1387,0.00021745058153084014
1388,0.0003762649731229904
1389,0.0002637208354707289
1390,0.0003229954303219514
1391,0.00034209690523214983
1392,0.00014343796397436724
1393,8.111877245125645e-05
1394,0.996089137119531
1395,0.0012319273355568473
1396,0.0003674640653541619
1397,0.04186650578733632
1398,0.0008591195150917906
1399,0.0011236284497552589
1400,0.0007971693344848652
1401,0.00039176053939237186
1402,0.0003769794139354348
1403,0.0006017590576231899
1404,0.001844181652395166
1405,0.001421740480064612
1406,0.0012992956299906196
1407,0.000603516149853678
1408,0.00029976531705970045
1409,0.0005127669729868284
1410,0.00038662712181514907
1411,0.9978876568024877
1412,0.0006904927879490458
1413,0.00013072185108483557
1414,0.0004346247495054021
1415,0.0008404721344055443
1416,0.18250133487989884
1417,9.05963454971582e-05
1418,0.0020243012047407864
1419,0.0003630408424302575
1420,0.00015746034145744462
1421,0.10301535439230643
1422,0.0002158191036817785
1423,0.0011914062378572184
1424,0.0009250584696769912
1425,0.0018051400438225686
1426,0.0004633708357596039
1427,0.00011352280685143103
1428,0.000918406293071844
1429,0.0007692903164035793
1430,0.00011307220336583047
1431,0.000891309749380412
1432,0.024755726581295174
1433,0.0008894440408043804
1434,0.0018635087093839945
1435,0.010523629728712963
1436,0.00015959235885055942
1437,0.026805774000613368
1438,0.008875532518512917
1439,0.009436968903299967
1440,0.0009500050217422548
1441,0.00017630661960353538
1442,0.00021749358802660503
1443,0.002167619232669134
1444,0.0017902316864866767
1445,0.00041384854342300747
1446,0.0002679451628256594
1447,0.0667515585930205
1448,0.006190554511165663
1449,0.000940904398318366
1450,0.0003620722902635087
1451,0.00023211115982325182
1452,0.0006280295894540969
1453,0.0006840867326297943
1454,0.04241758365982061
1455,0.00037482093951315054
1456,0.0006080511171314444
1457,0.00044101626921443673
1458,0.0348528409273005
1459,0.001958993667723284
1460,0.0001629492414194435
1461,0.00038256089450842653
1462,0.0003551195001648405
1463,0.0011879517927383145
1464,0.00941474394705554
1465,0.0019904280668336925
1466,0.00044710683211968843
1467,0.0010100425305693077
1468,0.017269821623102727
1469,0.00048541987113408914
1470,0.0007161949329054855
1471,0.009139143210980307
1472,0.0003988306550414398
1473,0.00022596883642276083
1474,0.9989392539087945
1475,0.0006597347006715718
1476,0.0005976543242348215
1477,0.0001979082209572198
1478,0.0002155784200047901
1479,0.0002525823619397313
1480,0.0008944144948596951
1481,0.00022378782018277728
1482,0.0003689172151198919
1483,0.000547328608610945
1484,0.0002979840600968888
1485,0.002053113816746393
1486,0.0003476714377931423
1487,0.0001107002940665779
1488,0.0009881303439027709
1489,0.0004614879723220204
1490,0.0002550259704114853
1491,0.0004173651071778991
1492,0.00019769491805442233
1493,0.005788759232661352
1494,0.003300578999478232
1495,0.00017692026534001792
1496,0.0005645375487245192
1497,0.0007525924742984728
1498,0.0365689199248709
1499,0.0006928875551579303
1500,0.0001632553564378707
1501,9.610309392296797e-05
1502,0.0006587391016897209
1503,0.16847552142857167
1504,0.0005884946551400683
1505,0.0013945333226298698
1506,0.0004987976948458571
1507,0.0003883108800677426
1508,0.0024285423354725257
1509,0.00022621183568635235
1510,0.0004076830778645517
1511,0.000636779540337468
1512,0.045138503928897684
1513,0.056775031814574065
1514,0.00022808405631523596
1515,0.0002948856461490416
1516,0.0006173093593544782
1517,0.438249595833791
1518,0.0017143690322467063
1519,0.005726811968193595
1520,0.00013997740482554305
1521,0.00033787842876527
1522,0.004302401240225925
1523,0.00026689638094667994
1524,0.0011206836711363764
1525,0.0015034922517192435
1526,0.008058712080775096
1527,0.00015813707259575426
1528,0.0006418676760419753
1529,0.0002510612964295669
1530,0.0017670058774315594
1531,0.00042397622113539267
1532,0.00013354257685853506
1533,0.00010406818610394116
1534,0.0038812212796264295
1535,0.0009590916265248229
1536,0.00021708013306386136
1537,0.0005811155072288114
1538,0.00033548608318910607
1539,0.004412357821750215
1540,0.023621345834159074
1541,0.12614763230499446
1542,0.006671120180807981
1543,0.0002706480854606985
1544,0.05375168448974867
1545,0.00015481618476131465
1546,0.0002026181872042127
1547,0.0001358708598277799
1548,0.00043740537694578945
1549,0.0024033826324780768
1550,0.0008229113522916671
1551,0.0006937928539867001
1552,0.000261227072823421
1553,0.0002677176822358911
1554,0.0005840695502041622
1555,0.04891136046119646
1556,0.01960251108590764
1557,0.001759505537253465
1558,0.00022646125508317093
1559,0.0008185892287121228
1560,0.0001788619646642817
1561,0.0003387924467043053
1562,0.9964875411133143
1563,0.00024592172348094883
1564,0.0004154266052923494
1565,0.009775698856656256
1566,0.0002308643808488615
1567,0.00046273214366466696
1568,0.0002841739643752921
1569,0.00072041114908575
1570,0.00032627030016799835
1571,0.997031087781456
1572,0.00034239994924056843
1573,0.0011113686026615918
1574,0.00048352963040683677
1575,0.0001719726112728469
1576,0.000809897629996641
1577,0.0002662704907335341
1578,0.000648905145750164
1579,0.003068884090743763
1580,0.0006872815211667498
1581,0.003705427491208549
1582,0.00048243499939719457
1583,0.00048274526311222154
1584,0.0014008637145700351
1585,0.0006872801839448473
1586,0.00023552978607403234
1587,0.0002580617802922211
1588,0.050010535022017286
1589,0.0005449629736738806
1590,0.0004996849376687595
1591,0.07196166344869781
1592,0.002467956708421175
1593,0.00036853011205621375
1594,0.06339081291142631
1595,0.049216775410012834
1596,0.0008046279723420334
1597,0.0009539642094458037
1598,0.000608649576267915
1599,0.0008537228481200676
1600,0.0005671672002250609
1601,0.00044555348557440437
1602,0.0003364870374505106
1603,0.0003846585556010166
1604,0.007201662255886953
1605,0.0004992180638792554
1606,0.00042632012896763637
1607,0.0007692236572154332
1608,0.00040335736953583674
1609,0.15033021158125162
1610,0.00035047182989173767
1611,0.00036654932125258484
1612,0.00037183972948596784
1613,0.00304408969048595
1614,0.9723219023394882
1615,0.0005567894115883918
1616,0.0003787376733559741
1617,0.006202488956287587
1618,0.01735355688559433
1619,0.00035364685234826846
1620,0.00034269388513654905
1621,0.0002352885177744352
1622,0.07017586018642719
1623,0.00047386887697156395
1624,0.013286773074133196
1625,0.0001483588385673648
1626,0.00025196125478812813
1627,0.9525306534792708
1628,0.0007726561032128439
1629,0.0003184105016576685
1630,0.0008223532800273328
1631,0.009490203865321437
1632,0.00029319999623355177
1633,0.00027733610743865264
1634,0.0005544609624525598
1635,0.00020540133781013107
1636,0.0015887677424942875
1637,0.00016380076243123205
1638,0.0003322395925806384
1639,0.0003122206375190187
1640,0.0002934781398987946
1641,0.0011694674918048065
1642,0.0006626058608530392
1643,0.00023868562363289458
1644,0.0026779492694005624
1645,0.9978492558651375
1646,0.0005226370418009798
1647,0.1297455996406825
1648,7.098819235104981e-05
1649,0.0038694695500566508
1650,0.001025500494607915
1651,0.0002513398971610153
1652,7.478863079362239e-05
1653,0.0004974167274719559
1654,0.0017220346927710524
1655,0.00033317145380943084
1656,0.3308846149158583
1657,0.0003871252852602005
1658,0.0011951966534907356
1659,0.00034695831484872274
1660,0.00039400947069439477
1661,0.003226321653598957
1662,0.0004768220439662842
1663,0.00040913748417332216
1664,0.00023529098759799308
1665,0.0003124852630408938
1666,0.0001774173102599221
1667,0.0003170242996616922
1668,0.0008778593707491544
1669,0.0009598269046348542
1670,0.0003377215652768408
1671,0.0002962494726015695
1672,0.0007451215967557871
1673,0.001937212259299859
1674,0.9985452186454568
1675,0.0008185378156765052
1676,0.00027300293977556135
1677,0.0005273651582405103
1678,0.0004685094190395177
1679,0.0002580950669371919
1680,0.008312721678415408
1681,0.0002453897211945325
1682,0.0006353489410925583
1683,0.00225598118692517
1684,0.006401357719451982
1685,0.000665928495414874
1686,0.00014597307388894862
1687,0.0003252046338350741
1688,0.0003373320394350645
1689,0.006485548942636192
1690,0.0007545624442895223
1691,0.00044227128696836
1692,0.0005103360620776649
1693,0.0028881037414933094
1694,0.00023346855817341135
1695,0.006098011318019401
1696,0.0002166028041566747
1697,0.0007618587595657512
1698,0.0005986701595621184
1699,0.00027343286139211816
1700,0.0008853897070836579
1701,0.00033253494920858147
1702,0.0005276810618448873
1703,0.00044087369499248315
1704,0.15291999361918351
1705,0.00017965889750554733
1706,0.03278929594694135
1707,0.9974120842917278
1708,0.9918064604724313
1709,0.00018522000510776186
1710,0.00012895087148137368
1711,0.00017978913519589435
1712,0.000706329726490111
1713,0.0001901135666656394
1714,0.0003478875922556605
1715,0.00037858320328561153
1716,0.0003181887224469259
1717,0.0004990494801928667
1718,0.0006213741021175107
1719,0.00022113003793559124
1720,0.0003002046963136494
1721,0.9497146180862366
1722,0.9981629409912791
1723,0.00023922672328920987
1724,0.00020959887035861208
1725,0.0008858178931511022
1726,0.0002784105456701229
1727,0.0012168462131663996
1728,0.1340068635829018
1729,0.0019349329300325582
1730,7.994523850536327e-05
1731,8.966633114384325e-05
1732,0.08269428966150028
1733,0.039447274697339635
1734,0.0013858432415909782
1735,0.0013461527706872495
1736,0.004080410030188894
1737,0.0001915349827948723
1738,0.0003692065245232658
1739,0.0007642335262815323
1740,0.00023243554436420326
1741,0.00025264858971608544
1742,0.00010995717383574459
1743,7.298107282263717e-05
1744,0.0007297757555004487
1745,0.05009245541116083
1746,0.013006855159011321
1747,0.00025819367828567024
1748,8.35452490817162e-05
1749,0.9874563188666661
1750,0.0005046683299252801
1751,0.001715318774994977
1752,0.003370800919663482
1753,0.00032992903248325645
1754,0.0005477260633638904
1755,8.73045735875719e-05
1756,0.00011313768641715365
1757,0.00023221994660747644
1758,0.00013388714328044072
1759,0.00022929054332226944
1760,0.00013509495584300334
1761,0.0002578825410482141
1762,0.00016153522528688944
1763,0.0010748489237541962
1764,0.00011713078455194736
1765,0.0012025721618172955
1766,0.00013414458619370284
1767,0.00015930737760960233
1768,0.003645265722591834
1769,0.590431838949024
1770,0.02419660831302179
1771,7.167135113471005e-05
1772,8.436596731550127e-05
1773,7.697090877140636e-05
1774,0.0005052740200454896
1775,0.00025339959909644093
1776,0.00032843401112829745
1777,0.0003092353278355236
1778,0.00031088399649028024
1779,0.00020715613303032838
1780,0.00029223368006568793
1781,0.002659391953936316
1782,0.0005288780688256451
1783,0.001159299606322263
1784,7.890389227992539e-05
1785,7.889338512207021e-05
1786,0.00033122397147673804
1787,0.0002539942313390829
1788,0.0003127024211342819
1789,0.0009750567851966489
1790,0.00022004483729261311
1791,0.00020628031336437366
1792,0.00024044086226217664
1793,0.000253706741113468
1794,0.0002187967621032811
1795,0.000312037110220631
1796,0.0002277453307856607
1797,0.008099011525121736
1798,0.00098261779056899
1799,0.00010236513341775476
1800,0.0001838791115408523
1801,0.004310851483330097
1802,0.0002818859899766028
1803,0.009642465225188291
1804,0.001967413150439271
1805,0.0005562231204026413
1806,0.00028645580105746935
1807,0.00025170266765033625
1808,0.9986244273805587
1809,0.00021259100139873178
1810,0.0002258435122185138
1811,0.0680601522827323
1812,0.00010563455814078242
1813,0.0011903674865843155
1814,0.0007840860957525512
1815,0.9908471572912243
1816,0.0004803976287094316
1817,0.010945504771559972
1818,0.9688893339631193
1819,0.0011658054680200238
1820,0.00018989469975637762
1821,0.00024407526681570536
1822,0.00022319352823236784
1823,0.0001929861094151998
1824,0.0002667175301012697
1825,0.00013884582209764673
1826,0.00020308194497896617
1827,0.0001871601465029894
1828,0.0003182585623064244
1829,0.0002566651371508895
1830,0.00022981574633348288
1831,0.0002498485772059244
1832,0.00023470997419773278
1833,0.0004976389021374188
1834,0.00011470505235570368
1835,7.609929975504725e-05
1836,0.021082455198743067
1837,0.007318746558470151
1838,0.00020800664593502273
1839,0.00020775710110501724
1840,0.0006113500367933017
1841,0.00029333053680256134
1842,0.05968230903783926
1843,0.0007923743661750592
1844,0.00012542384425421815
1845,0.007628810286729376
1846,0.0008791567384808298
1847,0.00043258509140045034
1848,0.0012283360145383907
1849,0.0001749601139343623
1850,0.0003526128544340494
1851,0.00011832447642785432
1852,0.006216090710844036
1853,7.292748570392042e-05
1854,0.0002260507329793967
1855,0.0056983585249001335
1856,0.00019171604429191446
1857,0.0002062210018128537
1858,7.854758101135721e-05
1859,0.08808975266902691
1860,0.012039433178578722
1861,0.00018174563972174945
1862,0.0002493592290702208
1863,0.00019276073319829447
1864,0.0011348081228217699
1865,0.0002063504005879015
1866,0.0009250765232991119
1867,0.0014028820245623667
1868,0.00039083962988268234
1869,0.0001433475884922969
1870,0.0005341777511362711
1871,0.003930532977678715
1872,0.00027980060888390594
1873,0.000252368544003216
1874,0.0002062554416149174
1875,0.00021245559102750353
1876,0.0001909739934357027
1877,0.0002548272597193321
1878,0.00037526532417927116
1879,0.0037634167683910313
1880,0.0002147600180074475
1881,0.00019140990221746477
1882,0.004681809038222379
1883,0.00033475908656808247
1884,9.126617116076486e-05
1885,0.0005977718418129773
1886,0.0002662628964772256
1887,0.0009295003346882916
1888,0.0014920337682586826
1889,0.011434309997324293
1890,8.658756747233773e-05
1891,0.0002228983621628914
1892,0.000184115626447807
1893,0.027107778611758865
1894,7.477277866791978e-05
1895,7.278983758593127e-05
1896,0.004624327388170572
1897,0.0015436522178965135
1898,0.00012504477959817298
1899,0.00028836668759799327
1900,0.0005464298245878472
1901,0.0003670856647156912
1902,0.0016371588695724489
1903,7.714682291854647e-05
1904,0.00043799531240118586
1905,0.0002677664020802092
1906,0.18781532331118928
1907,0.00020293945087961228
1908,0.00022123194175719673
1909,0.0002164307208167824
1910,0.0011826650253778455
1911,0.0015782609677982833
1912,0.01223933605841992
1913,9.239413765945421e-05
1914,0.0335523259169908
1915,0.0018967149272232579
1916,0.0004407116762991601
1917,0.00019211938515169166
1918,0.0002357190055850751
1919,0.0015456137812142332
1920,7.609304273598531e-05
1921,9.492373801324063e-05
1922,0.029085923304181183
1923,0.00021136277505143212
1924,0.00015700113674129245
1925,0.0002069558524385177
1926,0.00013447215022515256
1927,0.00019756919074671655
1928,0.00048168112527539756
1929,8.107847740587744e-05
1930,7.848636556285929e-05
1931,0.6439492532937644
1932,0.001714979832459734
1933,7.104624364710501e-05
1934,7.33270044813499e-05
1935,0.0012495363385621658
1936,0.0002474339998710909
1937,0.001112876176814263
1938,0.00016710488799526608
1939,0.0019667213813988607
1940,0.007761602384490864
1941,7.784053042961001e-05
1942,0.00019570245537505257
1943,9.854827750680015e-05
1944,0.0002205693119649729
1945,0.00028665633271800033
1946,0.0004468677968996485
1947,0.000277869459544093
1948,0.0001335449744932403
1949,0.00028730357335828786
1950,0.00035237557013125334
1951,0.000569060186212101
1952,0.0005616056488822746
1953,0.00032935093108622034
1954,0.0001425931196298851
1955,0.00014414925366058743
1956,0.002156837057000709
1957,0.0009844489772507727
1958,0.0009016888446880932
1959,0.9967737269167571
1960,0.02110802669797188
1961,0.00018558317719337482
1962,0.0001880127793265944
1963,0.0005148522846304047
1964,0.0029095378947483186
1965,0.0005305688543366209
1966,0.1498648808770217
1967,0.0001841433960943025
1968,0.0001679622314578031
1969,0.0062551837337479375
1970,0.00022045749148753838
1971,0.00962246592822896
1972,0.013814232265002566
1973,0.0005159341549685675
1974,0.0010176689931867427
1975,0.0034895830432708453
1976,0.00015287512340345246
1977,0.00042980760520096317
1978,0.0002071760303577462
1979,0.00022985686909951804
1980,0.0007920483048381216
1981,0.06268818374394262
1982,0.9982925362709049
1983,0.0005725680380042535
1984,0.00018290165062334395
1985,0.00023178509712793298
1986,0.00017333442797267225
1987,0.019327899279765214
1988,0.00015196617567532798
1989,0.001291549711900908
1990,0.00036290645119295645
1991,7.789806563400365e-05
1992,8.241719349986807e-05
1993,0.9607204644422568
1994,0.004678669012106961
1995,0.00019335017408567324
1996,0.23273637592204216
1997,0.0003838662816094852
1998,0.000259923845576912
1999,0.00015515469511758877
2000,0.0007043950183888967
2001,0.0016772816005825764
2002,0.001277688701082174
2003,0.0003938307949650204
2004,0.915492027110244
2005,0.0004695760604503516
2006,7.34795004835478e-05
2007,0.00019779350730307887
2008,0.000177987184310784
2009,0.0001937933701758662
2010,0.0002903147435777045
2011,0.00019438242676218716
2012,0.0031618731000617774
2013,0.019346996146699998
2014,0.0003318245608352428
2015,0.0002725118503415368
2016,0.00012838346688789367
2017,0.00023988083783715378
2018,0.00014958743090267792
2019,0.00017938216914820405
2020,0.0009062477421713129
2021,0.0010034300533212537
2022,0.000613225988816121
2023,7.030076009737751e-05
2024,0.0008322191379602
2025,0.0008692424136864838
2026,0.009204052483838581
2027,0.9982770666230067
2028,0.0002144883519296459
2029,0.053359278241220144
2030,0.011630817743252208
2031,0.00023653711239542772
2032,0.000657905318390907
2033,0.00023295684085500413
2034,0.00035565512685634164
2035,0.00013038186551428302
2036,0.000991836795976924
2037,0.00010227123595961404
2038,0.002555044853594618
2039,0.0005086785991945404
2040,0.0008069272081948391
2041,0.0028949954440058165
2042,0.000119979871693834
2043,0.00028531535646424453
2044,0.0005311853479177691
2045,0.02643446873289934
2046,0.009763277320419756
2047,0.00030451315361798624
2048,0.0003468315584314944
2049,0.0076294343521210424
2050,0.9853774809713908
2051,0.00019171146027926713
2052,0.0002944041923119478
2053,0.00034455177770022926
2054,0.0059357731571673625
2055,0.05402072602647775
2056,0.0002692611055340803
2057,0.0018788147294528767
2058,0.0010776456945927261
2059,0.0006817831054834965
2060,0.0006500267538894561
2061,9.767086037855569e-05
2062,0.010947951876647967
2063,0.000250468813453722
2064,0.00012488807179475447
2065,0.00034693262214288755
2066,0.0008375117250537491
2067,0.00037647591123975095
2068,0.000560578703150206
2069,0.00039252662843644115
2070,0.0003600679355045864
2071,0.0007084429766804665
2072,0.0002950949814435113
2073,0.0002578270234321664
2074,0.0007639393927281253
2075,0.00014192790881342572
2076,8.755588912481011e-05
2077,8.51387533333899e-05
2078,0.0003458720838588351
2079,0.0002801262032920709
2080,0.00013548145326724783
2081,0.0005329253432384317
2082,0.00980472008333291
2083,0.032266631500778374
2084,0.0002003087209741369
2085,0.0003018270421366432
2086,0.00034249001793544933
2087,0.003212350195440988
2088,0.00018820973899854923
2089,0.9760318537044629
2090,0.0002474534181713372
2091,0.000552235844272049
2092,0.00041117634632559084
2093,0.0010972911895475363
2094,0.9966644350099412
2095,7.679448259287852e-05
2096,0.0006309996674275373
2097,8.325125350018702e-05
2098,0.0014619938168257578
2099,0.00017931186850360603
2100,0.4430399300996884
2101,0.9987141743520127
2102,0.007447581376585885
2103,0.00010807735335304377
2104,0.11013764322933597
2105,0.9990049805876083
2106,0.00015267439670955707
2107,0.0002297469440424538
2108,0.9949727172585513
2109,0.0015926338860268376
2110,0.00023512262618609618
2111,0.00015457449834340367
2112,0.00024637047432131827
2113,0.00023597644765857716
2114,0.29588586336183853
2115,0.0005260827803804369
2116,0.05037891975927494
2117,0.00039821843076352965
2118,0.0005203397589357817
2119,0.00020599317363183042
2120,0.005821152561314818
2121,0.02169081482670548
2122,0.00023301017082882585
2123,0.998092352332033
2124,0.001247944967467022
2125,0.0002701095717492578
2126,0.00026388614006695615
2127,0.0006421354447785777
2128,0.0007352104232017396
2129,0.00032717573495145123
2130,0.011150095298447791
2131,0.9969845633043402
2132,7.702517794573164e-05
2133,0.009252025474968877
2134,0.005169367199928982
2135,0.00028539391823615204
2136,0.021721088976309443
2137,0.00013942160123892874
2138,0.04550427705183092
2139,0.00087508570861502
2140,0.009271360434394634
2141,0.00017145672435845712
2142,0.0001883226474067834
2143,0.00011685319200726595
2144,0.0037400826966308342
2145,0.0001633768066571471
2146,0.9959892989937924
2147,0.00025232615341739433
2148,0.00013073934325085008
2149,0.0005716734257787163
2150,0.006209910604650748
2151,0.0013663856574727764
2152,0.00012369754954043286
2153,0.001492854524319053
2154,0.03157642093962183
2155,0.0006396224460118542
2156,0.0001359573890633759
2157,0.0005950055085714254
2158,0.00010590491711843829
2159,0.0021422835320813963
2160,0.00030827007427953546
2161,0.00036828394844709057
2162,0.0005369364586905948
2163,0.010529943182266636
2164,0.2173346235343408
2165,0.0011161172417503082
2166,0.0001816829164652726
2167,0.00011833372411659577
2168,0.00019053965555156305
2169,0.004983343615067731
2170,0.9987865348082522
2171,0.00015035990336910966
2172,0.0003321588204251434
2173,0.00028117824235429493
2174,0.0002736524039704018
2175,0.00022141295238952102
2176,0.9954720485853468
2177,0.0008475172130671928
2178,0.00016547038031585444
2179,0.00046197550959957727
2180,0.00042299358997842796
2181,0.00019801767695098904
2182,0.00023553629394857853
2183,0.02444170790932025
2184,0.005791484552239573
2185,0.0005682266408621287
2186,0.0001334508074963275
2187,0.0004897682371597172
2188,0.00030162650253356374
2189,0.0001226728878775635
2190,0.0010581948449010304
2191,0.0008535965558800786
2192,0.9861642312475126
2193,0.000174626262400846
2194,0.0009581381938657731
2195,0.006640244114214887
2196,0.00032060787100737987
2197,0.0005226405667278569
2198,0.00041343726215365654
2199,0.0003429467594970886
2200,0.0018911155583768585
2201,0.0008855641238620756
2202,0.0011416137799600803
2203,0.00037663129025158556
2204,0.0039206271422575064
2205,0.0001038861323264958
2206,0.0004919096409235022
2207,0.00028162290370619455
2208,0.0003020580389677471
2209,0.0004728697362726954
2210,0.00023348214794733103
2211,0.0004088217748506675
2212,0.013122035873923544
2213,0.0003663745328236452
2214,0.04500275946688213
2215,7.185990559009459e-05
2216,0.0006202720173825304
2217,0.0002109337893860608
2218,0.0002668905871680839
2219,0.00018018591659499432
2220,0.00014769991418699268
2221,0.9862568657094254
2222,0.00038246589244682317
2223,0.0015222129365250262
2224,0.09481211538327697
2225,0.00021918444698186554
2226,0.0003813133348168789
2227,0.9985723237762558
2228,0.004813679738452642
2229,0.000400028338838821
2230,0.00021519193545468262
2231,0.0002206400876420214
2232,0.0002073191148320417
2233,0.0002347139538159676
2234,8.908948858243911e-05
2235,0.9930416524754634
2236,0.000270464251968835
2237,0.0002685291643828544
2238,0.001288500839456586
2239,0.009929470181612032
2240,0.004749634434934549
2241,0.00010410283386266293
2242,0.9970074484519292
2243,0.003221476434174364
2244,0.00018908819035619821
2245,0.003541804796521158
2246,0.00023410421905178578
2247,0.00022646625102413365
2248,0.00026207994397891085
2249,0.05244409841695089
2250,0.022769580741626542
2251,8.016553556564876e-05
2252,0.002062218881620243
2253,0.00017846562476038936
2254,0.013751106549560655
2255,0.02062058933892559
2256,0.005847671270459672
2257,0.0001655066512313277
2258,0.0002352214323811364
2259,0.00020286535363965634
2260,0.9969819761381506
2261,0.006554501970575104
2262,0.00021203416976726779
2263,0.0001753452468046888
2264,7.892490510444782e-05
2265,0.00028656936621111224
2266,0.00019358259068421782
2267,0.00019550898322131838
2268,0.00022485598596976188
2269,0.00018274881877302181
2270,0.019296967086840366
2271,0.06794491453354787
2272,0.00027977155880695584
2273,0.00030307379130422056
2274,0.00024215059050195463
2275,0.00022251044941916446
2276,0.0003320187944817996
2277,0.9989325905672694
2278,0.00021674259996166818
2279,0.00013347980478682959
2280,0.0003175563177732005
2281,0.0002165998780213208
2282,0.0001841368235114157
2283,0.9978311254380158
2284,0.0014054984031850988
2285,0.0004415930888967928
2286,0.9919713800888539
2287,0.00011921143114449121
2288,0.00023678223808654245
2289,0.0002832158677054171
2290,0.00024228331903285725
2291,0.0003390145927199968
2292,0.007579542515906451
2293,0.0011939738579375924
2294,0.009144203614402751
2295,0.0015392359559551886
2296,0.9979893742813412
2297,0.00020454451387390133
2298,0.0001399279656695188
2299,0.0009708710456152386
2300,0.01862972992199869
2301,0.0015476082434294496
2302,0.00021486930687395953
2303,0.00029723401704049153
2304,7.498863460269545e-05
2305,0.0006833402822216947
2306,0.0006228029139990633
2307,0.00027837347273253026
2308,0.9976015452223981
2309,0.0003840174987029147
2310,0.00021488702429019622
2311,0.00024261279310734354
2312,0.00010896995921555919
2313,7.759969101354283e-05
2314,0.0001843421118277003
2315,0.00018013164355864224
2316,0.00965332767074016
2317,0.9930000725611923
2318,0.0015072175178271825
2319,7.807079496535945e-05
2320,0.00014567897897266037
2321,0.002508638670906753
2322,0.0001666740911910905
2323,0.00018294203973422005
2324,0.00022033489978211376
2325,0.011685774015676241
2326,0.9976835908150228
2327,0.0002161281005798924
2328,0.0002018488023538185
2329,0.009079240336110473
2330,0.0019411594512193462
2331,0.001453394063223569
2332,0.12209943968973651
2333,0.0002699300455399731
2334,0.00025353162219564064
2335,0.00027198312513371193
2336,0.0011756935055620209
2337,0.9965221961149503
2338,0.00033511494429489105
2339,0.0003297037803067573
2340,0.9987666116303545
2341,0.0002351752381592041
2342,0.0003375422321322841
2343,0.00012066544621044712
2344,0.0002976999576371611
2345,0.008327725692077174
2346,0.0002237072094096539
2347,0.9919244181909583
2348,0.0012954352192175854
2349,0.9726561381675326
2350,0.007014717459733902
2351,0.0005719712868895906
2352,0.9815525927467089
2353,0.030537611611040072
2354,0.02730221000446386
2355,0.0015423791231158593
2356,0.008046049715523768
2357,0.996808407873137
2358,0.0018084194173883929
2359,0.00210737063803084
2360,0.6959668791600087
2361,0.0006738791971362274
2362,0.9894144281808371
2363,0.0003305546444708839
2364,0.0003531684735269856
2365,0.9982792202661586
2366,0.030545666877556932
2367,0.005630830736901485
2368,0.01844817782118807
2369,0.0028760422818926686
2370,0.00016843211004601526
2371,0.00016506339770228285
2372,0.2310098799610547
2373,0.0002108395965662177
2374,0.0009948749492120017
2375,0.0003318610779268334
2376,0.09361676781948554
2377,0.06337955076046108
2378,0.9986482215589298
2379,0.5280734255546745
2380,0.997092221489132
2381,0.007427058866275279
2382,0.00019922188155126053
2383,0.0030221696575827408
2384,0.9991774395053893
2385,0.0002364023518346404
2386,0.00010889539435836372
2387,0.9974177939962013
2388,0.00035143650623782033
2389,0.0004371904134215658
2390,0.00014320032656806787
2391,0.01830624651105512
2392,0.0034979649344839005
2393,0.00017409211810570017
2394,0.00021342961901935298
2395,0.00028649190002758175
2396,0.0037304929609458053
2397,7.360859243798977e-05
2398,0.998510994242969
2399,0.00016831317657470512
2400,0.00047959775392996046
2401,0.0007884621879294185
2402,8.531330783343126e-05
2403,0.0003399058265410532
2404,0.9966732220587364
2405,0.00033929050096664535
2406,0.00019213989303126962
2407,0.0006868686036430888
2408,0.00043277764331791074
2409,0.00018828213155971902
2410,0.00043942881961900196
2411,0.0006589216447188651
2412,0.0003235474433950656
2413,0.00032820794509337244
2414,0.0003135028571927404
2415,0.00025431533003807225
2416,0.016295351836364224
2417,0.00022108968578822145
2418,0.00024997997010167586
2419,0.029224360570506463
2420,0.00021905550706246193
2421,0.00020201481332569822
2422,0.00022041924032056574
2423,0.00021755888216062557
2424,0.9938371540582475
2425,0.028559522693196553
2426,0.0074816416788699765
2427,0.0002337379778658022
2428,0.0002749182171932419
2429,7.948557695191311e-05
2430,0.00021894997464384555
2431,0.00023728415313962423
2432,0.00025514772076130654
2433,0.000248523694817565
2434,0.0008189282910387472
2435,0.000350072828795054
2436,0.00026296567252110845
2437,0.9985205635908571
2438,0.0002473987873563852
2439,0.00019697128447081677
2440,0.0002002628823686587
2441,0.00032136019930115563
2442,0.00019829648437596998
2443,0.0001980878625957567
2444,0.8363207911937109
2445,0.9977642708736495
2446,0.0001880660458029859
2447,0.00022285231290897607
2448,0.00021877125036080594
2449,0.07115733531809572
2450,0.02274447382493091
2451,0.006759990467964887
2452,0.0002017975188262698
2453,0.00023710148964371818
2454,0.00043800589233443236
2455,0.014215198780978905
2456,0.00064524782537571
2457,0.018921611488416912
2458,0.0007337305002208052
2459,0.00022502319631005743
2460,9.732713288500584e-05
2461,0.005018932198530704
2462,0.012075802659954598
2463,0.9988672677555697
2464,0.00020129783402030266
2465,0.016357658407603996
2466,0.0005832452457863384
2467,0.00039090932187372667
2468,0.00011930788604215442
2469,0.0024517370132199
2470,0.01325641015285356
2471,0.00016695644130715115
2472,0.00011054820822425742
2473,0.011525063610236959
2474,0.0018133502111746286
2475,0.0027669284175767597
2476,0.0009179554218095267
2477,0.005966649324971129
2478,0.9204132882191404
2479,0.0004508375767534827
2480,0.00022215070140936874
2481,0.0002257622715424611
2482,0.0005825463536182382
2483,0.999100569892903
2484,7.568578123769886e-05
2485,0.0005118020421811026
2486,0.000203230218552687
2487,0.0002539576215628944
2488,0.00020616653279425541
2489,0.00034061134347363836
2490,0.018737732760068057
2491,0.0010203513199243453
2492,0.00016244728145227351
2493,0.9698786869500564
2494,0.00019510892391355283
2495,0.00012716160020542612
2496,7.072922160896228e-05
2497,0.998547288895427
2498,8.451797570308459e-05
2499,0.00033627388761758094
2500,0.00013405295196706085
2501,0.997173010558684
2502,0.03751445202082264
2503,0.1215844012628727
2504,0.0001007589995610232
2505,0.0007508485991244864
2506,0.00019069479696106457
2507,0.008432793180353748
2508,0.00016528042888917175
2509,0.00032386622896619054
2510,0.0023313701321490046
2511,0.0013223402332719848
2512,0.0008076693143075743
2513,0.00026115897282071184
2514,0.0003284927095971394
2515,0.00015703941262539624
2516,0.000183356105960647
2517,0.00043139651767099663
2518,0.00019611058780573406
2519,0.9971490256972408
2520,0.0001823958165355825
2521,0.0001862305393335501
2522,0.000398489033370916
2523,0.0005881958587338895
2524,0.0007656891917736283
2525,0.9984501534618258
2526,0.6596837191249251
2527,0.0001229388952425897
2528,7.385021549896861e-05
2529,0.0002486391466231861
2530,0.0002399188367688457
2531,0.00010694194902482379
2532,0.00018289620923317678
2533,0.9965351985746
2534,0.049352195599883505
2535,0.01259002714895029
2536,0.0750822013779488
2537,0.0005280638391123185
2538,0.0003500223222105905
2539,0.0003868423066743674
2540,0.00014187202060916178
2541,0.00027380972412145135
2542,0.0002127935831156296
2543,0.0012429556311771835
2544,0.00022744663185045414
2545,0.008402254519271016
2546,0.02983001203006267
2547,0.00021916345609881592
2548,0.00025264038268525354
2549,0.00011124104492228524
2550,0.0005485334184251644
2551,0.00025254998388871505
2552,0.00021525858340432714
2553,0.00021996605022265472
2554,0.000210833727235723
2555,0.002036445557163528
2556,0.9979665871205959
2557,0.0003104156173315828
2558,0.00023340462118580518
2559,0.9568441532134735
2560,0.9991173307546333
2561,0.00023174214763840048
2562,0.0007879604880611561
2563,0.00022123001276632494
2564,0.00044996894655840514
2565,0.0002243307390772769
2566,0.00011020319725235093
2567,0.00029854246961142554
2568,0.0003253303347021286
2569,0.00042206233084873655
2570,0.0001907952360068392
2571,0.0001830853141971829
2572,0.0020079356209937722
2573,0.00022652359697816483
2574,0.9823020092611718
2575,0.0011350538429026637
2576,0.00019475345511009377
2577,0.00026296292486175835
2578,0.00021979717538206774
2579,0.00024708818787875576
2580,0.00018852699994753
2581,0.00629786612892701
2582,0.0001931608860190252
2583,0.15361571161766344
2584,0.00021210900666777631
2585,0.0017384039504225117
2586,0.00021783191242060813
2587,0.00017782561869822395
2588,0.0007004411991702416
2589,0.0003141106292602731
2590,0.042362820687122445
2591,0.0002510055262766861
2592,0.000279525220396288
2593,0.0002821265337468304
2594,0.0001684905071091823
2595,0.00013988805959372995
2596,0.001041489069654455
2597,0.00021827341377104065
2598,0.00021030514616216677
2599,0.00022923459175649006
2600,0.00030194644252118884
2601,0.0002884257504026753
2602,0.9897097185071463
2603,0.0066398921485557845
2604,0.017444199116066702
2605,0.9771424301268006
2606,0.9609317148214707
2607,0.009789797831692397
2608,0.0016351421357731397
2609,0.000226916677797299
2610,0.00027339586756604326
2611,0.9930700160730186
2612,0.001390935036430558
2613,0.0002971774933533437
2614,0.00023672801055012313
2615,0.00029691614385604127
2616,0.0003049158028234717
2617,0.0010082294576586235
2618,0.9824029824570772
2619,0.00018006558200291565
2620,0.0284648203631443
2621,0.004726315436742764
2622,0.0015554340981705304
2623,0.00019783109694787438
2624,0.00042326235420988315
2625,0.9970979260596863
2626,0.0002992351704671595
2627,0.0003924449666315652
2628,0.9923804400697935
2629,0.00022240506613412856
2630,0.8303806842741632
2631,8.516240645962828e-05
2632,0.00028072304396105027
2633,0.000170005239508022
2634,0.9990052508686249
2635,0.9986750000663118
2636,0.0038273565664470564
2637,0.00019340451395006945
2638,0.0018952537477493613
2639,0.00034878608715548315
2640,0.00020519642754300186
2641,0.0002407607317315325
2642,0.0002270352043490895
2643,0.00047160658468284826
2644,0.00037166764630553703
2645,0.00012907274775653433
2646,0.028744607406563788
2647,0.0049908851368145575
2648,0.0002358100250495321
2649,0.8460401672514208
2650,0.00026402855710924527
2651,0.00014582755800078093
2652,8.462841111978426e-05
2653,0.9984970897036121
2654,0.0003342636129276807
2655,0.0002563729401899458
2656,0.0022761545750312074
2657,0.0326884709469757
2658,0.00028803113734258734
2659,0.0003376443210961665
2660,0.00017524223214925602
2661,0.0015686787530439824
2662,0.0013990253549547192
2663,0.00027059571731388515
2664,0.9963572893270705
2665,0.0002522448531915225
2666,0.0002867861728633413
2667,0.00020410519558008324
2668,0.00029406799984820896
2669,0.000256437887869959
2670,0.9916241802153956
2671,0.00037765976807232284
2672,0.0002710448934542805
2673,0.001450826659162922
2674,0.01473970578988836
2675,0.00019150231743284685
2676,0.0002680991190257562
2677,0.00026864435202648095
2678,0.0005466524868660975
2679,0.0002654988508938998
2680,0.00018957326362576438
2681,0.00022326639924658158
2682,0.9963812965945102
2683,0.001021222237241681
2684,0.002353911624042792
2685,0.9791261078909613
2686,0.0006183137375305974
2687,0.017970255815938297
2688,0.00011119133315617928
2689,0.0003217075702458601
2690,0.00020941911690176544
2691,0.00013464901439397723
2692,0.00043706647054487634
2693,0.0002807655051807234
2694,0.00010647623499904079
2695,0.0015017134440600565
2696,0.0003361351309204029
2697,0.0010112521251688174
2698,0.0002254378502702506
2699,0.00023316294405843768
2700,0.00018294517512047965
2701,0.0064269133013947
2702,0.00025732860356365834
2703,0.01998314708660929
2704,0.00022639292619282015
2705,0.0010600214019708966
2706,0.00031175308517604765
2707,0.000802847410332998
2708,0.00036694052734877625
2709,0.10031024886904738
2710,0.0006126803406719577
2711,0.00019388635003986186
2712,0.0009806417326546908
2713,0.00021960725211609168
2714,0.00040901417125313876
2715,0.9804277674746406
2716,0.00018301618856381464
2717,0.0001932374903183651
2718,0.9954078274488107
2719,0.00027179392793364213
2720,0.00019569263969440608
2721,0.00030625857380530786
2722,0.9910940442670333
2723,0.9979781723298007
2724,0.0003006357527631137
2725,0.0002314000208240425
2726,0.0002470913438932177
2727,0.0043079660742339635
2728,0.0003690262258910345
2729,8.54447365605592e-05
2730,9.50982474662188e-05
2731,0.00026271845925799015
2732,0.00034035738001701244
2733,0.010473105743058172
2734,0.0014999616112065218
2735,0.00022573200819487262
2736,0.0006617075934989801
2737,0.00011791882857661215
2738,0.00022367734282756593
2739,0.0003227355719750572
2740,0.00020507667930698536
2741,0.0002189652452236525
2742,0.000289096043389028
2743,0.000282760977539624
2744,0.00028487174334375164
2745,0.0003186181901378877
2746,8.128468034956427e-05
2747,0.00010661254804870267
2748,0.00023939821140882855
2749,0.0002710701458791119
2750,0.00025082067022126826
2751,0.0003771112318256046
2752,0.988945100681288
2753,0.00025902763157098914
2754,0.0005455736003349274
2755,0.9989161616863751
2756,0.9988106184533381
2757,0.00023296293433963753
2758,0.00016505643600656837
2759,0.0012300357620542324
2760,0.9187386086367347
2761,0.9968638746874257
2762,0.996159995409184
2763,0.00039102859213892337
2764,0.00040036489542206896
2765,0.0193665474802824
2766,0.0010314956638482749
2767,0.9973016065750562
2768,0.9985574220298468
2769,0.00031370404533400325
2770,0.00020957615500966065
2771,0.00015589986735844693
2772,0.00029693493990305973
2773,0.0002867129140273388
2774,0.00013047685855740765
2775,0.0005488910440299213
2776,0.00040356307254844675
2777,0.0027948040418829447
2778,0.0010352866943507972
2779,0.0002949808273929014
2780,0.0003059089026246491
2781,0.00028080267619203436
2782,0.00028109001299066064
2783,0.00651060634207614
2784,0.0006994051002142185
2785,0.9988584854943007
2786,0.0017739457359224474
2787,0.00014742450263727339
2788,0.9894431405547042
2789,0.0006779733775910597
2790,0.0001472152376083378
2791,0.00020886472877051747
2792,0.04429307543511744
2793,0.00025658501936571507
2794,0.00036472844021767913
2795,0.00999676238555018
2796,0.0002863976745739869
2797,0.5511186577668044
2798,0.0003161228123252862
2799,0.0001970442399496506
2800,0.011505673680670098
2801,0.002490666477086521
2802,0.00012645056654028738
2803,0.0003167047370046661
2804,0.0006365933971108878
2805,0.0002076909016759494
2806,0.9988267646076296
2807,0.0002607237071920021
2808,0.012135215948320838
2809,0.016978152985990445
2810,0.26913750645123413
2811,0.0003228319360455888
2812,0.004623999011709637
2813,0.0011934701961102037
2814,0.007802211044185407
2815,0.00035091784418648093
2816,0.0027875281432735806
2817,0.0001835727089226034
2818,0.0002210292707082654
2819,0.9968884560873901
2820,0.00010640827960106439
2821,0.0002646657265556903
2822,0.000357831980999308
2823,0.00021784802762482734
2824,0.0006398577420365324
2825,0.0001186693169841462
2826,0.9977050657124501
2827,0.0001178925983705712
2828,0.9821925729102267
2829,0.015916221030173462
2830,0.0018949737355935803
2831,0.0008224736153914196
2832,0.9804621965298319
2833,0.00024564847438582387
2834,0.0007951620903656352
2835,0.00013052850567760275
2836,0.0004387338620549765
2837,0.0002989641070062669
2838,0.00026443703685055106
2839,0.0019329269198700059
2840,0.09246995960842126
2841,0.08830918764902704
2842,0.00014269185013905282
2843,0.0025075511906041134
2844,0.00037709811119183187
2845,0.0003443475981898065
2846,0.001132016387553835
2847,0.00018387660322645671
2848,0.9897646055235372
2849,0.9981231251423764
2850,0.0004242770894399823
2851,0.0002347910068194019
2852,0.00019213095992067332
2853,0.00012115793832348069
2854,0.002432234108474218
2855,0.0027275051357559346
2856,0.980714809805954
2857,0.00022502429789670705
2858,0.005820906772947315
2859,0.0006554426814918005
2860,0.00031352067739639404
2861,0.0002625470057015816
2862,0.0002459412808512067
2863,0.0008275756344068589
2864,0.31106836749212075
2865,8.884317766099853e-05
2866,0.004170709676706608
2867,0.00010941858541715381
2868,0.9976202555235748
2869,0.00026998838108969103
2870,0.002191086785965734
2871,0.0030647724667309884
2872,0.17331720777820075
2873,0.008445173076454043
2874,0.0008805428779684908
2875,0.00024165087762520885
2876,0.001282780527701267
2877,0.002219622690379383
2878,0.0021531648502065787
2879,0.0005895874042638213
2880,9.656824490193416e-05
2881,0.9986462580600323
2882,0.0035418140333216496
2883,0.0005761106553881951
2884,0.006178903903086689
2885,0.00030193011966516195
2886,0.0002654106151604539
2887,0.00020835868306083295
2888,0.1360046529958791
2889,0.0002563819469056197
2890,0.03340145651065922
2891,0.0006016266501529914
2892,0.981458634234119
2893,0.0015261124345060462
2894,0.9822780917313656
2895,0.0006060510659579175
2896,0.0007345777706530348
2897,0.0008678731754046005
2898,0.0003145200084561572
2899,0.003636559436438648
2900,0.00553912471572305
2901,0.0005327236053984512
2902,0.000804648751556198
2903,0.0002522328669694621
2904,0.9891740944230373
2905,0.9975781020441419
2906,0.00029034296321280804
2907,0.00046065397309070057
2908,0.00011332734358978922
2909,0.006067498239869967
2910,0.00869208571793312
2911,0.008794421035106772
2912,0.999048336647572
2913,0.0042072276666662075
2914,0.00042123854177429713
2915,0.00735914435955551
2916,0.0011737084230454033
2917,0.00011077910684514163
2918,0.0002569837985838758
2919,0.9178642103770572
2920,0.00027146262991007385
2921,0.0006619331892828257
2922,0.00025894765649457917
2923,0.9680222566485475
2924,0.00010972050445969147
2925,0.9069449015138137
2926,0.0002566891957432048
2927,0.004604052443135013
2928,0.9673195744828533
2929,0.00038632142915923627
2930,0.9794069968573759
2931,0.0005366497320215501
2932,0.9680126897984811
2933,0.0011559955370610854
2934,0.00031234219366283995
2935,0.00038494242031925205
2936,0.0012469892380881152
2937,0.0017183008006009727
2938,0.0005624072073240614
2939,0.00222790235639851
2940,0.0023858077270138105
2941,0.00044363937785660843
2942,0.00024323008873768497
2943,0.12462510502050868
2944,0.0029174532486113216
2945,0.0004039236737990109
2946,0.00013937321497342888
2947,0.0003601358229760754
2948,0.00020913041874259043
2949,8.403588570342342e-05
2950,0.00031984686892837
2951,0.998585493411633
2952,0.00013187132873129637
2953,0.0066643771331698605
2954,0.9813168503707738
2955,0.0011072819867687436
2956,0.0008872865219942672
2957,0.000738599009768962
2958,0.00038366553378769926
2959,0.006433248260335017
2960,0.9149040785957261
2961,0.0007911076305540766
2962,0.00026317506674879127
2963,0.0004308325618333698
2964,0.016981756442888123
2965,0.01244306011529986
2966,0.0001408933531703942
2967,0.00012615788269664422
2968,0.0001512821768463389
2969,0.0002173632868350046
2970,9.137508361816351e-05
2971,0.9983554850093181
2972,0.9977386746568403
2973,0.039559945585191804
2974,0.0025243761873323775
2975,0.0031286917337116638
2976,0.00019186455886170334
2977,0.0001445377784174619
2978,0.000599421758421101
2979,0.00019855326062657397
2980,0.00021541676463199193
2981,0.0003440092896448262
2982,0.021995680003641726
2983,0.012868352668800842
2984,0.15751530132859096
2985,0.00027349464704436085
2986,0.00019124282554462322
2987,0.013432987110891262
2988,0.0003999638193225642
2989,0.00010994982398579615
2990,0.000145069413874378
2991,0.00015740757491970216
2992,0.0008059300161864583
2993,0.0002179259511487151
2994,0.0002146059728362149
2995,0.00016186752251577094
2996,0.001212727343358122
2997,0.00017011957058948274
2998,0.0001728981466513003
2999,0.07481460910107988
3000,8.883194348965506e-05
3001,7.600603974082323e-05
3002,7.832412799229171e-05
3003,0.007846949701468757
3004,0.0001954823933831343
3005,0.00022172731368611814
3006,0.00029291782246436394
3007,0.0012881538772190563
3008,0.00017686144421622871
3009,0.00019947377095337217
3010,0.1910345347090059
3011,0.9792139954839041
3012,0.00012753685517785288
3013,0.01196018897929523
3014,0.009220411107777745
3015,0.017452950022169934
3016,0.0009640905277169454
3017,0.014566429644650733
3018,0.00034737901245699164
3019,0.13744901045914085
3020,0.0002197863047516273
3021,0.000181037625456716
3022,0.00010624656502814371
3023,0.00018486058283515076
3024,0.00018956455267254356
3025,0.00022340960202931192
3026,0.003523758765403713
3027,0.00015175783915382613
3028,0.00015828735776486893
3029,0.00013981548727837588
3030,0.00019963708814774704
3031,0.00014776276656813187
3032,0.00013604782119874104
3033,0.00016563371074908634
3034,0.00034797830801411734
3035,0.0003510825639218394
3036,0.0005398426314246953
3037,0.05274826674093268
3038,0.03746854630232336
3039,0.05040421527704604
3040,0.00021123322950496903
3041,0.00685596001922968
3042,0.0004036025694592961
3043,0.0008051744757747593
3044,0.00015001659106658562
3045,0.00017126437899257508
3046,0.00028741849199722037
3047,0.00015628099699130745
3048,0.0001635873348429856
3049,0.025062096168696597
3050,0.0002962881159118549
3051,0.019262051578442567
3052,0.012286328257849503
3053,0.0001863277019029055
3054,7.851381044401825e-05
3055,0.00013655179563061288
3056,0.00011412249976598611
3057,0.00014244351686967688
3058,0.00018758522311225246
3059,0.00015572199048360632
3060,0.00011099119430637219
3061,0.006815159906990167
3062,0.00018222020681888214
3063,0.007629091866067574
3064,8.029429556168462e-05
3065,6.926914572657893e-05
3066,0.00025554984269567105
3067,0.00373178078006961
3068,0.0037106618099289933
3069,7.626108200472928e-05
3070,7.149073185049332e-05
3071,0.0001335379168503999
3072,0.00013914793936526017
3073,0.00016812086121798067
3074,0.00023229634488153853
3075,0.00016054624179630302
3076,0.0001903869361193733
3077,0.0001442185443215828
3078,0.0005422401758173132
3079,0.06865012341578511
3080,0.00013109962192213087
3081,0.00015630591395693778
3082,0.05762723032576644
3083,7.49268899998493e-05
3084,0.0001052813000443377
3085,0.00014103149726535662
3086,0.8683280648669095
3087,0.00021355812786050813
3088,0.00017250018430369938
3089,7.412329780407545e-05
3090,0.0011516756381505454
3091,0.003105476724391041
3092,0.03055491093543103
3093,0.04930690822318876
3094,0.00038659799748104706
3095,8.652035398584542e-05
3096,0.00019316223083882194
3097,0.0007234141886954754
3098,0.000549377346671684
3099,0.9871056835228922
3100,0.2582466764921576
3101,0.0038399654296716696
3102,0.00019674024169609003
3103,0.00020771234177241037
3104,0.0001622850110520634
3105,0.00022273662593829505
3106,0.00020768379109438402
3107,0.00010662442410592449
3108,0.0001483261866620334
3109,7.414070018141776e-05
3110,0.0002459412013207482
3111,0.00018474884110552932
3112,0.03780680884330917
3113,0.00014209121408494262
3114,0.00030592131665630346
3115,0.0001882652370056433
3116,0.00019861037088147942
3117,0.0001721679001409611
3118,0.00015554827046991958
3119,0.0001260372263054372
3120,0.0001652006431526418
3121,0.0003558783318136062
3122,0.000454877515730002
3123,7.716388542806985e-05
3124,0.00027037614745421427
3125,0.00019492657212904103
3126,0.00017787915465012494
3127,0.00014561196912085737
3128,0.0001689103825014873
3129,0.0001429919960552203
3130,0.0020030738161886997
3131,0.0023761014354827547
3132,0.0033622432946246728
3133,0.0003665410996279206
3134,7.334895655639037e-05
3135,0.003267222286550557
3136,0.0001491393276948613
3137,0.00015721458915687593
3138,0.00013969841929082732
3139,0.03692348589387387
3140,0.007077930523614638
3141,0.06255718244696976
3142,0.000256291799632898
3143,0.00026482881579442663
3144,0.0003485745476464447
3145,0.00474980874632829
3146,0.1572690635041259
3147,0.006811210631645923
3148,0.00016654429219131885
3149,0.00015109893611129488
3150,8.986653941231033e-05
3151,0.00017864520389137024
3152,0.017458781449863053
3153,0.07017391773193973
3154,0.015418782229606073
3155,0.00025093679901826106
3156,0.00019373356250350525
3157,0.006406534574034122
3158,0.005586287981148675
3159,9.828163896596096e-05
3160,0.0001508889003919807
3161,0.005333151625926799
3162,0.003230487168349188
3163,0.9900529912852566
3164,0.00591443625924025
3165,0.0026640710549402616
3166,0.06915853047121043
3167,0.0074314931080173025
3168,0.0012485154208441728
3169,0.00017090186493890554
3170,0.003505576355279337
3171,0.0176332224310981
3172,0.0006191757346066284
3173,0.0001514825448677047
3174,0.00012119297524299305
3175,0.0003751050327846103
3176,0.00033044115862459474
3177,0.0002476690597640244
3178,0.00022291592410418636
3179,0.0002279697576418862
3180,0.015575908436066831
3181,0.010997683522016959
3182,0.000317931902858607
3183,0.00025289775643295444
3184,0.00016915814692255933
3185,0.7552075249026728
3186,0.8475844470397587
3187,0.00039213675131722584
3188,0.0008756849465867059
3189,0.00021047235424646779
3190,0.00023797910017238585
3191,0.13464105628830697
3192,0.0001643828475942654
3193,9.819624315835869e-05
3194,0.0004461881549570116
3195,0.006885730706991326
3196,0.014327353856082473
3197,0.9884943129038645
3198,0.005487719614050348
3199,0.01489888863223109
3200,0.05075467468802939
3201,0.00040211818986266923
3202,0.9685708844437867
3203,0.0001935228247955494
3204,0.00014031755904048002
3205,8.106785532148938e-05
3206,0.00017687240903248468
3207,0.00010053611046792197
3208,0.03959781122947936
3209,0.0001724748517358177
3210,0.00019823142465478393
3211,0.00013421180360867452
3212,0.00013862979661078285
3213,0.005509260133354558
3214,0.00026487293569148554
3215,0.00021114804583435075
3216,0.9922221870348151
3217,0.00027044531705128796
3218,0.0012147920258043104
3219,0.0009137644298986848
3220,0.010245805595139622
3221,0.00017903000193181755
3222,0.010867758535806248
3223,0.0002198214134293048
3224,0.9951845203131319
3225,0.00015530679091524505
3226,0.00016289165879289713
3227,0.9987042040863658
3228,0.00025359563253408567
3229,0.00021104572783768775
3230,0.0002145914032462453
3231,0.00012858800025025946
3232,0.0001351603144003175
3233,0.00014968332254852073
3234,0.0008858809742194517
3235,0.970713441960479
3236,0.00035452080988058484
3237,0.00013946843085693646
3238,0.0002716955236495009
3239,0.000104906492987897
3240,0.9775967767304348
3241,0.002121476236246882
3242,0.0001637478590152139
3243,0.00014829444451521775
3244,0.0016717558839991812
3245,0.00010511924266841352
3246,0.00018901152054850745
3247,0.9969396698491902
3248,0.0030249218018430415
3249,0.02928100381042505
3250,0.024428706948710265
3251,0.00021359400758439465
3252,0.0001841338836381322
3253,0.9570741431170564
3254,0.00015031551224390128
3255,0.00013665756053935098
3256,0.009244843423988425
3257,0.0113801523731547
3258,0.002729765168169712
3259,0.005900949781874484
3260,0.034204869069057814
3261,0.0670320254546417
3262,0.004049090238951945
3263,0.9985325205329358
3264,0.0002053398916762478
3265,0.00011904399003000441
3266,0.9767745867066248
3267,0.00015588702591281758
3268,0.00023660788994962675
3269,0.00011840333353416643
3270,0.020720984127887067
3271,0.0008411167861134829
3272,7.502248428072778e-05
3273,0.00021367011574097936
3274,0.0001798871130234582
3275,0.0005468556903270924
3276,0.010425823009220639
3277,0.00012720053938847272
3278,0.00019563538986189997
3279,0.00022383178495940788
3280,0.0001610035938335896
3281,0.016104494136295923
3282,0.0004443943712567255
3283,0.001253986579383088
3284,0.00024826725990454405
3285,0.00016774296487031485
3286,0.0001507750723654426
3287,0.00019406375523850456
3288,7.529780952817119e-05
3289,0.0016653074695233815
3290,0.0003502293371699649
3291,7.318323207711852e-05
3292,0.010372865383980155
3293,0.0353912193642837
3294,0.0190331983476859
3295,0.0012142038425879832
3296,0.003765791760651477
3297,0.0001578470516617705
3298,0.00016260061783127827
3299,0.0006606920584197221
3300,0.0010107688809281533
3301,0.0001594592885425403
3302,0.00017917985031870397
3303,0.00048492634353427806
3304,0.00021511210647038524
3305,0.0012383271677139035
3306,0.00013514925296198064
3307,0.00014239499693411827
3308,0.003298904612083866
3309,0.002802284649016151
3310,0.0001938073269726149
3311,0.00022204742376492632
3312,0.0011222586068189943
3313,0.00020198464107759237
3314,0.0001595749120942509
3315,0.0013965400766510513
3316,0.000281491218923811
3317,0.00022504197770207597
3318,0.00021310433769086687
3319,0.00025323927359319724
3320,0.00023105425115799188
3321,0.0001668906804439277
3322,0.000178364678968322
3323,0.00013949400048320944
3324,0.000155822098958644
3325,0.00033967847206327703
3326,0.048537346764197874
3327,0.0002772512228150984
3328,0.0002195871258546224
3329,0.00016832547774092585
3330,0.00014764919281471143
3331,0.010600609386643407
3332,0.004419472702467911
3333,0.005164570796588955
3334,0.0001553375337309075
3335,0.0003262497781204467
3336,0.0001720621417364421
3337,0.00014999523506629308
3338,0.00013660902238191505
3339,0.00017145876675670854
3340,0.0001991270491594833
3341,9.812205666240756e-05
3342,0.016065426366411728
3343,0.0005030527236599093
3344,0.0002152596410965418
3345,0.00014809922365427143
3346,0.0001736693132079851
3347,0.00017837594012234522
3348,0.00013209308684417246
3349,0.0001482344691720477
3350,0.0001663596781221972
3351,0.00022435361548558638
3352,0.0001154211385502805
3353,0.00013721279639353359
3354,0.00020865945628166434
3355,0.027953531497832456
3356,0.007042361783977135
3357,0.004643447324849661
3358,0.00013034985546258438
3359,0.00015713148469635404
3360,0.000268439765458521
3361,0.9729957518725225
3362,0.00039081107544590405
3363,0.00017219047503091073
3364,0.00015363709975352297
3365,0.00020508516269151402
3366,0.0002491430737825564
3367,0.02432218064039387
3368,0.00019063657914152428
3369,0.0001781117089554351
3370,0.00014500021649502796
3371,0.0020916941040012523
3372,0.021277300470838128
3373,0.010933741916226102
3374,0.010896070008328394
3375,0.0010922769334659158
3376,0.0002473819376188213
3377,0.0001472765572379332
3378,0.9973962661151786
3379,0.00020733507214535626
3380,0.0002295309529217554
3381,0.0001732392051001968
3382,0.00020078364782715377
3383,0.00020768820462180684
3384,0.00018257242172252597
3385,0.17443599445913946
3386,0.007740090074696132
3387,7.87138414899078e-05
3388,0.00023782152493214063
3389,0.0002501062961190651
3390,0.00014703726517302295
3391,8.112753752884874e-05
3392,0.00013228531035474068
3393,0.004087584570432981
3394,0.9991210621422283
3395,9.479604908120413e-05
3396,0.00021911562317820455
3397,0.00014439260141967973
3398,0.000975842401359452
3399,0.0004068709227374777
3400,0.0002775775374412214
3401,0.0002229465738921996
3402,0.0001668722834641869
3403,0.1148226490250512
3404,0.0002888868763514346
3405,0.012828470913110365
3406,0.0004477331764205902
3407,0.00017606145023023545
3408,0.0078496677124399
3409,0.008736986563219695
3410,7.931945678126374e-05
3411,0.1135042437056362
3412,0.02086062692941506
3413,0.06007127733555658
3414,0.00015273667591395317
3415,0.00018756993203855994
3416,0.00017720490346148887
3417,0.0001334293410609212
3418,0.016674643328717525
3419,0.00018847349096335107
3420,0.0001847079598164668
3421,0.0024350497945709363
3422,0.0009170910756392432
3423,7.737008149688219e-05
3424,0.0001504501318231666
3425,0.9969412039463744
3426,0.00017501074149617123
3427,0.00015693684036666971
3428,0.00022404643272336332
3429,0.0009572236747469063
3430,0.0004488759567888221
3431,0.041898027413240224
3432,0.00019705304249188104
3433,0.00023292949700503656
3434,0.0002283578377500436
3435,0.00022424104119207565
3436,0.00020221976971587603
3437,0.00020334626848722152
3438,0.00016825842687542538
3439,0.00016938585047318478
3440,0.0001774207213481005
3441,0.0001987322232161289
3442,0.48658820375803746
3443,0.03228392804978454
3444,0.0001523293519242367
3445,0.009009593776529832
3446,0.0002246687078629702
3447,0.0001512678164854524
3448,0.9860476905308794
3449,0.00012497398910254706
3450,0.00014291462762760452
3451,0.0006381628797871962
3452,0.0001353138500938621
3453,0.00010783460337142914
3454,0.015706390990329895
3455,0.00402453144598927
3456,0.0009654117087307464
3457,0.000172099595805192
3458,0.00018388294322117655
3459,0.00015583300861178863
3460,0.00024264528070209136
3461,0.00016539005132109732
3462,0.00016426213155235742
3463,9.127054377720118e-05
3464,0.0002996145063820572
3465,0.0009596727052814438
3466,0.020435292025484254
3467,0.00019666539815554407
3468,0.00019656334717622765
3469,0.00017247489874725738
3470,0.00014732413793051881
3471,0.0001507430114454448
3472,0.013519875389280418
3473,0.0002081529524825411
3474,0.0001637421368655781
3475,0.011642068207277352
3476,0.00018010668169832184
3477,0.0003689957378856178
3478,0.00017841048048194389
3479,0.0001593739664574509
3480,0.00026762975663508084
3481,0.022416101592840396
3482,0.013740342808895498
3483,0.0004179391512941462
3484,0.0001714679276918432
3485,0.0001922733270689545
3486,0.000134269936757894
3487,0.00012894566864122265
3488,0.0001502367824099009
3489,0.00022125470600833002
3490,0.0006311175083154704
3491,0.9096848775408667
3492,0.9983869952827847
3493,0.00013066836805526762
3494,0.00021573692543778804
3495,0.9914979007098819
3496,0.015144942491024906
3497,0.00025476900543146177
3498,0.0001392802062570255
3499,0.00013915750527914982
3500,0.00014709123183213592
3501,0.00043672733012918097
3502,0.014316854548460111
3503,0.0004552393224001661
3504,0.00017152816902281316
3505,0.00017281673078940214
3506,0.0001743062573095686
3507,0.015025224338793542
3508,0.00022861779174259284
3509,0.0003528853750164924
3510,0.0001619602418892055
3511,0.07567044733497094
3512,0.00024059277567874032
3513,0.0040715175074828944
3514,0.00018607200494770833
3515,0.05554329238402287
3516,0.00013606305297155356
3517,0.0008722300816152107
3518,0.015323077537862764
3519,0.06430621335147194
3520,0.00017457768938783738
3521,0.00023618339353148496
3522,0.0006103603706751334
3523,0.00013400877133039002
3524,0.017779845538714277
3525,0.0827229260959598
3526,0.00040721627878763654
3527,0.007309659440524495
3528,0.0001260476046317408
3529,8.066716106773447e-05
3530,9.823908231026493e-05
3531,0.0002194985580918744
3532,0.00020043477556990088
3533,0.009984078816754376
3534,0.03842697316492242
3535,0.19616236205745322
3536,0.01707688521123369
3537,0.00016630749084260826
3538,0.03181409368920171
3539,0.0006529996722433217
3540,0.003739184491357151
3541,0.00019929481432731335
3542,0.0003672442519939956
3543,0.006618801087447291
3544,0.00013895174641968266
3545,0.00016031646571441988
3546,0.000230575443187718
3547,0.2589036554172293
3548,0.0007126724640031775
3549,0.0009800901229732543
3550,0.02070067294692446
3551,0.01823579596009597
3552,0.0001732293027126874
3553,0.0018270232222534662
3554,0.02402706281551476
3555,0.0013509812961213
3556,0.00015655672950020636
3557,0.000168310116036126
3558,0.003336516707286625
3559,0.00011990387847743628
3560,0.00013278589586942447
3561,0.0011470422750571203
3562,0.0005603828430880291
3563,0.00017128388289883726
3564,0.00012744200037574765
3565,0.00015868628668631133
3566,0.021067755306133334
3567,0.0009897125700446669
3568,0.00021320600528160118
3569,0.014950536662649113
3570,0.00020723734711407767
3571,0.00018198168573264065
3572,0.00015138159093453475
3573,0.00022547217201838874
3574,0.003984943548884559
3575,0.0002216915971291338
3576,0.0001796412251696694
3577,0.00021697415144622398
3578,0.00022775224153962582
3579,0.00018808437874790325
3580,0.00016851431406734665
3581,0.00018274794938184154
3582,0.00019900307623053177
3583,0.00018755101708820883
3584,0.1397690871622966
3585,0.000215873387694111
3586,0.0047311942798408035
3587,7.91117247707444e-05
3588,0.09152251656489467
3589,0.003711407499156977
3590,0.010022849468567973
3591,7.404400204543448e-05
3592,0.0001738313013250012
3593,0.00016329348955525767
3594,0.0005093704891831306
3595,0.00020359011766695793
3596,0.0002338949896750026
3597,0.0001663795395676519
3598,0.00029051455329101773
3599,0.006678189817152553
3600,0.005049746606145927
3601,0.018334807327608865
3602,0.0473504992434486
3603,0.00015062382832245567
3604,0.00014263274387800492
3605,0.0002518663656365672
3606,0.004887510791289189
3607,0.00039185350273799496
3608,0.00018901099621022557
3609,0.9883736359963876
3610,0.00015361753409164243
3611,0.0003077825449566023
3612,0.00018273311432804402
3613,0.0004792580459325596
3614,0.00013290940117373368
3615,0.005337548839164818
3616,0.000696878035447329
3617,0.9777902879763121
3618,0.00017911302757214168
3619,0.0017347849866807985
3620,0.00021737014894837543
3621,0.0002221265953716192
3622,0.02679963076417536
3623,0.00013544240733924864
3624,0.0402709519772068
3625,0.0015087770834954605
3626,0.00017339220410285758
3627,8.513464480053058e-05
3628,0.0005950635485840571
3629,0.08207942691792111
3630,0.00036934191999918157
3631,0.00048045780959846173
3632,0.9883320650048754
3633,0.005716613338025248
3634,0.0038137740980084267
3635,0.9911989021659394
3636,0.0002218964483215118
3637,0.00015823615920639283
3638,0.006206729534439722
3639,0.006019709031217641
3640,0.00023819354272574877
3641,0.0004193335899282625
3642,0.9913592142943359
3643,0.001881161679319273
3644,7.483594189330071e-05
3645,0.00017973098998392466
3646,0.01580328088591779
3647,0.00015433638191004713
3648,0.00020694244106418403
3649,0.0002463682168770438
3650,0.08019374677024373
3651,0.0001380248971025468
3652,0.00017376909598246687
3653,0.00019987269539178823
3654,0.31536916764210315
3655,0.08816843449582672
3656,0.023594807141880506
3657,0.00014419066687278867
3658,0.00019232803833142798
3659,0.0002601210798354906
3660,0.0001972048704972162
3661,0.011380639740766977
3662,0.00023353958036330505
3663,0.08433390505979996
3664,0.818292027920597
3665,0.9919505502040165
3666,0.0002494930436521081
3667,0.0004211890629199252
3668,0.012429122239532346
3669,0.0002332136336325208
3670,0.9790378908517466
3671,0.00035793137205053824
3672,0.00020836379624245764
3673,0.0002723327995187107
3674,0.9901486700965723
3675,0.00012059628230856488
3676,0.00021534246980637134
3677,0.00016456274948197205
3678,0.0003236713124605265
3679,0.004894785920070399
3680,0.00012988819398729177
3681,0.00029802070241869436
3682,0.23530958310585753
3683,7.726133877392848e-05
3684,0.03786631512861188
3685,0.0016629817175110554
3686,0.023718802033427765
3687,0.01452892383421495
3688,0.00015775286317801302
3689,0.00016389611932416393
3690,0.9973680049272884
3691,0.06144011910909689
3692,0.0001174400391995571
3693,0.000195421888986657
3694,0.9820446218667265
3695,0.00016440986031248923
3696,0.00788772192194444
3697,0.00016235320378414958
3698,0.00018959824753902722
3699,0.0163527147709417
3700,0.01691987839211258
3701,0.00011758874601392515
3702,0.00019102482374152948
3703,0.00016588543471255683
3704,0.00016338186077230772
3705,0.00011244937688963171
3706,0.004173648295286441
3707,0.00017310236886017996
3708,0.00011896105416737585
3709,0.00015637441407661588
3710,9.052858149515774e-05
3711,0.022378407067712512
3712,0.0005588054790203082
3713,0.00016954775548048536
3714,0.004554141560882459
3715,0.0004047980759158201
3716,0.010848774116494476
3717,0.01154557999489483
3718,0.0001364484602549983
3719,0.0001536252906479293
3720,0.010218608930955095
3721,0.00046446307147971725
3722,0.0424943779026746
3723,0.9975891826686645
3724,0.051320896594748665
3725,0.021479001592043065
3726,0.05226015603173426
3727,0.012570413052277163
3728,0.0001650095316361384
3729,0.15387933059409878
3730,0.00025929750064116526
3731,0.00015590061970301698
3732,0.0002758690870282354
3733,0.00013774129803654356
3734,0.0303155977766285
3735,0.01685256749835962
3736,0.00024249537039398774
3737,0.00016010531729468238
3738,0.00038779338340020925
3739,0.00019398216043284449
3740,0.00018178378744816318
3741,0.00018568082477509671
3742,0.00018575824013832376
3743,0.03375347000579367
3744,0.009708740118024388
3745,0.00019366797141114053
3746,0.00016546366608750015
3747,0.0016445211495436627
3748,0.00017206435323536835
3749,0.00012951344867016996
3750,0.016656259592606287
3751,0.9675200066252362
3752,0.00014979966503157578
3753,0.021780512504264028
3754,0.0002003974515904294
3755,0.0005345180723213787
3756,0.0001928940797127227
3757,7.852246829577656e-05
3758,0.00016865017796185473
3759,0.9853135876383423
3760,0.00011899873814473415
3761,0.00021332675731402617
3762,0.0001781703795984589
3763,0.0057450596648110286
3764,0.0013712434792949974
3765,0.0003979116700450119
3766,0.00030687017190670864
3767,0.9705366863013468
3768,0.00042279779464797094
3769,0.005667772331551512
3770,0.00021631154922572638
3771,0.0002361905227040773
3772,8.589888044289814e-05
3773,0.0018658968609358538
3774,0.022098662905413107
3775,0.00021593849397124376
3776,0.11631249318409273
3777,0.0003687463946300494
3778,0.9988720473284805
3779,0.0010399508183943974
3780,8.465181000431566e-05
3781,0.00015653214957095667
3782,0.0001482784849693496
3783,0.0036639958144058355
3784,0.00016578423665561997
3785,0.001637884324200097
3786,0.0002145425444705017
3787,0.00019036383871387052
3788,0.037942046768087365
3789,0.0001246557333939992
3790,0.00017868970773645657
3791,0.0001320280537530501
3792,0.0001273695416545345
3793,0.00011004368071345605
3794,0.011220600262662287
3795,0.0001385069765392144
3796,0.01284425294444475
3797,0.020727410395884008
3798,0.00013982277357860526
3799,0.00016991141994114346
3800,0.940943068750823
3801,0.00019558430648414926
3802,0.0002137820164364728
3803,0.000810127933439982
3804,0.026933193567806414
3805,7.400033964305201e-05
3806,0.0005317241164750246
3807,0.00030357457023900286
3808,0.00018684765077362221
3809,0.008317063242594833
3810,0.011786574047511348
3811,0.0001355285901645116
3812,0.00021373353429218612
3813,0.00030715666946833103
3814,0.013585770331380625
3815,0.3842044737994596
3816,0.004077516714901351
3817,0.01899123481066849
3818,0.00032071962882895415
3819,0.020095221789729983
3820,0.0011063971650676894
3821,0.9982543189167128
3822,0.00016411929814479082
3823,0.00017712458883444813
3824,0.0854269374790734
3825,0.0002109109506626923
3826,0.43212825473429745
3827,0.00019551047182145872
3828,0.00015704249841621046
3829,0.00018570156631288027
3830,0.1788061239937459
3831,0.0005067700224869631
3832,0.00019378787251822033
3833,0.00020997351006195826
3834,0.9823174193185894
3835,0.0001932809054592681
3836,0.0096851102689565
3837,0.0147167963413808
3838,0.0036859168785387934
3839,0.0034921644845539238
3840,0.0038426416759308095
3841,0.00017373588428495223
3842,0.00020015208673788954
3843,0.00017895404158697442
3844,0.13030490722089416
3845,0.00021669990333992743
3846,0.00012612049828068065
3847,0.00013310055137229383
3848,0.009257876204226398
3849,0.0003779469547847341
3850,0.00017239456576424142
3851,0.00012433382625163543
3852,0.1688533254573288
3853,0.015235317541418252
3854,0.0006975059986865041
3855,0.007542118734045859
3856,0.011764375094891812
3857,0.005022665295237191
3858,0.042197973231591114
3859,0.00021356031932325044
3860,8.211762346026295e-05
3861,0.0070517904896622765
3862,0.11712351815018703
3863,0.0003448847622910988
3864,0.00044964524857430706
3865,0.05807129482444008
3866,0.957506402285869
3867,0.00013307822222990062
3868,0.008096431221430365
3869,0.00023952656766740126
3870,0.0002645497307374474
3871,0.0007789054464016465
3872,0.012647899051610099
3873,0.0258841723976961
3874,0.9967002135410752
3875,0.025742058976110337
3876,0.003846924515937817
3877,0.04522336882295621
3878,0.995968546956858
3879,0.000181369422892793
3880,0.004753020272251824
3881,0.012746181715112534
3882,0.00035308697484963983
3883,0.0001411953501700989
3884,0.00010511975714200048
3885,0.004202407281962676
3886,0.04856874163944579
3887,0.005672926194703417
3888,0.00018308317376337002
3889,0.00016661997742286946
3890,0.018132520670526907
3891,0.00032794352728659245
3892,0.00017372148039406041
3893,0.0002936188793439772
3894,0.03784357577289275
3895,0.00016927415902124904
3896,0.00020905256299592464
3897,0.0002727215845180926
3898,0.749971056064257
3899,0.9985658809468477
3900,0.0002099402378657995
3901,0.00026900935717694575
3902,0.00015205367188148854
3903,0.0001734568161799018
3904,0.00018252106073932654
3905,0.00014281367929229574
3906,0.00034247435709457033
3907,0.00025010011775493293
3908,0.00019165547488599294
3909,0.001966749759402938
3910,0.9885049518367074
3911,0.000337665771307433
3912,0.00031198907473268243
3913,0.00020246306385425855
3914,0.00018964389124488486
3915,0.0004906867873433595
3916,0.0001663127037659213
3917,0.00487715774842207
3918,8.708356043525759e-05
3919,0.0002516156627588445
3920,0.23793395496735714
3921,0.00016128029434050794
3922,0.007017507775017745
3923,0.9701740950510175
3924,0.0002755481344899721
3925,0.001108885999414127
3926,0.02004156921393449
3927,0.0036287775447406143
3928,0.0004187092342386778
3929,0.00024021364939138612
3930,0.9977633496236853
3931,0.00022176437093437675
3932,0.00011788289220561083
3933,0.0001732937029227746
3934,0.004454426789201608
3935,0.002021858360385466
3936,0.08646186631906863
3937,0.014083296602739822
3938,0.030600755283168905
3939,0.00021097187743799846
3940,0.006984665222424696
3941,0.030210207525904153
3942,0.00014803410670417426
3943,0.024235136919244622
3944,0.00016746085008232468
3945,0.00020374505856681976
3946,0.9986101459630949
3947,0.005393931344380254
3948,0.9850650531857493
3949,0.19871611937600472
3950,0.0002198553897496981
3951,0.00019474656282587372
3952,0.06772593160327613
3953,0.013013811557754915
3954,0.0002222959870548547
3955,0.32464646790305673
3956,0.00018697851347480813
3957,0.00010226481054546608
3958,0.00020651706991360502
3959,0.004113782763424456
3960,0.00023069324237297634
3961,8.39018565444136e-05
3962,0.00037987855657737083
3963,0.9978089373199897
3964,0.9989343128710969
3965,0.00018052914177805682
3966,0.012439616309081473
3967,0.00011382743613920192
3968,0.00024487591422040313
3969,0.00024314228840540078
3970,0.000307520108644572
3971,0.00017608205357007973
3972,0.00015431680459251012
3973,0.00020221863161964376
3974,0.00013421949764247013
3975,0.00012064608990272529
3976,0.0003565242072641831
3977,0.00015496707754263951
3978,0.02301304319188319
3979,0.00033793784647893405
3980,0.00016872055502776723
3981,0.00018760520872763192
3982,0.00018345861030804404
3983,0.9963347250421967
3984,0.00019865883405777352
3985,0.00018883504564689858
3986,0.00019794717192176065
3987,0.005638809801471234
3988,0.004241452642811118
3989,0.00021101541017784953
3990,0.0004396100686252503
3991,0.00042417993717601356
3992,0.009557898481666112
3993,0.0001957150503781035
3994,0.0002269141238417334
3995,0.9947496264489951
3996,0.29383721145642916
3997,0.0006689338837079295
3998,0.00011279118082613831
3999,0.0001785419240511854
4000,0.025942717528631205
4001,0.05342722252664567
4002,0.0001795051576128513
4003,0.000193323956985255
4004,0.00018898249188389215
4005,0.0012122862098392182
4006,0.08970621011071042
4007,0.0016760312596710686
4008,0.0010526841548191336
4009,0.00025930264593998487
4010,7.876769640061487e-05
4011,0.9986863167728973
4012,0.012672938676267436
4013,0.0001973112318599586
4014,0.00015456531436784413
4015,0.00044104382231769377
4016,0.0006280406728573185
4017,0.010247772470839836
4018,0.0007251197063056986
4019,0.0001941738360124174
4020,0.34571902033610613
4021,0.00022506532164699912
4022,0.00018668431216875445
4023,0.023291748134609328
4024,0.00013755034977957692
4025,0.00027683006844986805
4026,0.00017748779776506624
4027,0.00013097018633574583
4028,0.00014300605128744575
4029,0.04756458852667536
4030,0.1274767232958376
4031,0.03064752057700404
4032,0.0001958644129557843
4033,0.0014641572424989933
4034,0.04397470099777471
4035,0.0005022644364824625
4036,0.012912930306092219
4037,0.006778432933637816
4038,0.9739029307983629
4039,8.76607421675689e-05
4040,0.013559507558414285
4041,0.00047391465952873797
4042,0.0011774982830156837
4043,0.0012879284487168645
4044,0.0025546513263664185
4045,0.0013977247236805117
4046,0.00014453608895319693
4047,0.00016836986478455758
4048,0.00025858324767470155
4049,0.000977365556419689
4050,0.0001967438784560201
4051,0.00030753715356978155
4052,0.008944826735998588
4053,0.0005418607432282603
4054,0.9653476485935947
4055,0.9991340481622324
4056,0.0001523295084876767
4057,0.0001840577367812029
4058,9.34399206634452e-05
4059,0.03543789516654094
4060,0.006682374117885821
4061,0.004692376526346368
4062,0.00013466468767543718
4063,0.00028699637663797106
4064,0.0001835772839258591
4065,0.0008484939178065641
4066,0.9978454055670681
4067,0.00022819700818059547
4068,0.8983821647528535
4069,0.00014310367368064645
4070,0.00019957689032251875
4071,0.0003637929340547509
4072,0.00016760079690774426
4073,0.0006441680896502593
4074,0.005244017209702493
4075,0.0003038598821864799
4076,0.00013364325994032238
4077,0.03183455908130172
4078,0.00022378902050654748
4079,0.00017995452527576602
4080,0.00029452121203802403
4081,0.0001987561128573495
4082,0.00027025624659741693
4083,0.00012791920034615074
4084,0.0004863501415198456
4085,0.4692135872800896
4086,0.00203414625324824
4087,0.00040776907705456454
4088,0.0002449444783131715
4089,0.00011986755474700758
4090,0.0002172345283334448
4091,0.00024126136968250587
4092,0.00016972522422268506
4093,0.9911660853209577
4094,0.000263696283370007
4095,0.011196316639742054
4096,0.00020167894553327947
4097,0.0002883531423246868
4098,0.009527484833645246
4099,0.001583807922372915
4100,0.008822985220628203
4101,0.00012044357821102604
4102,0.008559777404154355
4103,0.0006831622966047728
4104,0.005913074796022444
4105,0.011602327770739617
4106,0.008584660279293119
4107,9.19766491346562e-05
4108,8.067838774464217e-05
4109,0.0001696630382732163
4110,0.9129816541014562
4111,0.002579203085428409
4112,0.008284834002265882
4113,0.9121290458039704
4114,0.0007689285303634543
4115,0.9819291089770623
4116,0.0013059877989989668
4117,0.010922756549211547
4118,0.004722919290383708
4119,0.00016855507759301757
4120,0.00021905336118394625
4121,0.0003067731456210961
4122,0.9880933938611662
4123,0.0004223223293788313
4124,0.9825425162636281
4125,0.0075749447317990425
4126,0.9921961820869424
4127,0.008150538637352956
4128,0.0001079241690084619
4129,0.0008784192511305788
4130,0.9982888617609428
4131,0.018173770294434503
4132,0.0006568146426090668
4133,0.02725629481681515
4134,0.0035045596337545176
4135,0.0004104309685393925
4136,0.004012547832710884
4137,0.00012561060263380268
4138,0.43678003542151733
4139,0.005518651511688321
4140,0.00031141197590535955
4141,0.19605402001392966
4142,0.09636560444992086
4143,0.00028870633333415174
4144,0.0037000392816466713
4145,0.0023618015907616585
4146,0.0004942631904306077
4147,0.0003343035173039918
4148,0.00013185988950380401
4149,0.00020242816362119883
4150,0.00011202566847879642
4151,0.00028493745239261444
4152,7.512076365305613e-05
4153,0.00037592925241561803
4154,0.00011846808573377057
4155,8.883102430578006e-05
4156,7.587670765996581e-05
4157,0.0009538465346089736
4158,6.934199912499324e-05
4159,0.0001215461841857226
4160,7.579833051185471e-05
4161,7.854981558883315e-05
4162,0.00042965876416129254
4163,0.005769061160900068
4164,6.645677446572894e-05
4165,0.0015720956085242515
4166,0.0004460403643165885
4167,0.00023062974362422447
4168,8.282607424663562e-05
4169,0.0001504510654869604
4170,0.0005353490735045266
4171,0.00040072390988142093
4172,7.812759458454221e-05
4173,7.270004673961862e-05
4174,0.00047506217670398125
4175,0.00026622205745565876
4176,0.0008730554837481192
4177,0.001340335717972575
4178,7.414128977660905e-05
4179,0.00030958983464951474
4180,8.263331565731453e-05
4181,0.0003045929829129643
4182,0.003764496138959761
4183,7.953507514994083e-05
4184,0.00035061801790593517
4185,0.00041059366635184773
4186,0.0004014602410247461
4187,0.06688003808150902
4188,0.0018893386751846347
4189,0.0020701608997127628
4190,0.0004048811101237845
4191,0.0013732796911887595
4192,0.00032802476411974404
4193,0.001386866925796779
4194,0.004860715184249049
4195,0.00035618694219358106
4196,7.255776653589802e-05
4197,0.043089435366379006
4198,0.13093731234196623
4199,0.0008215421047739988
4200,0.006437588911512087
4201,7.323788430028526e-05
4202,0.998867079774924
4203,0.0002539085400884513
4204,7.668120165242014e-05
4205,0.0003234327033648244
4206,0.000267397403748047
4207,0.00022216687230691197
4208,0.0014446325307824765
4209,0.00010715461951903298
4210,0.00019962016433241648
4211,0.00044674878453017277
4212,0.031027447037578575
4213,0.002852652113764925
4214,0.0005406879072046367
4215,0.0005411565909163999
4216,0.00017329950415929485
4217,7.538557575898266e-05
4218,0.00022794214411887733
4219,0.0018010004476908213
4220,0.010120730519500068
4221,0.017284012764882672
4222,0.0005960622902334392
4223,0.0018717941230645455
4224,0.007374311309159685
4225,0.0015047883564433422
4226,0.009359828762439171
4227,0.0006473170174937259
4228,0.002622581679079304
4229,9.936669613917138e-05
4230,0.0009978607866121202
4231,0.27552878326670793
4232,0.006948890636492731
4233,0.00012635525188001942
4234,0.00017913781590345195
4235,8.2274066566001e-05
4236,0.02011226730688954
4237,0.0001267861516214816
4238,0.0029640565418877097
4239,0.00028491219375153127
4240,0.043641476394022057
4241,0.0010466201215167392
4242,0.00023092521480804948
4243,0.0007039302660968329
4244,0.00029147337551773853
4245,0.0002929343572866905
4246,0.001343922716826149
4247,0.9910717955009419
4248,0.0003019814693028135
4249,7.332244705072061e-05
4250,0.00041142589631472235
4251,0.004405691047237865
4252,0.01791497002473662
4253,8.857078804737554e-05
4254,0.0009200443865282971
4255,0.00018234137426719784
4256,0.00047955545123378444
4257,0.00018906999509433876
4258,0.018696357780406597
4259,0.00015513026863535752
4260,0.00041945311839030784
4261,0.0005469995927641588
4262,0.00012492034960561926
4263,7.126481141870444e-05
4264,0.00021084506988213575
4265,0.002416107264790566
4266,0.004521693758962999
4267,0.003671117759062411
4268,0.04765532953603232
4269,0.0031385331130296965
4270,0.0018574759798075057
4271,7.039753525862206e-05
4272,7.239599890349003e-05
4273,0.00047198642214333985
4274,0.0006942860868471809
4275,0.0028680572998773324
4276,0.0005307641773249428
4277,0.00021088986247416963
4278,0.04562640701230416
4279,0.00021631536690925696
4280,0.0061449569074245895
4281,0.00029153836180769853
4282,0.9988226087775358
4283,0.03651183455185371
4284,0.0002301652571221802
4285,0.00022193705235097437
4286,0.0003865823997527549
4287,0.00881755061854551
4288,0.0004906456721409876
4289,0.008896655994567352
4290,0.015060410836584534
4291,0.0004048367936858187
4292,9.904229431281135e-05
4293,0.0002789227669411789
4294,0.06723436509119597
4295,0.0006888822256122531
4296,0.00012852570145855698
4297,0.004396824114973335
4298,0.03154447086581589
4299,0.00028823643666216366
4300,0.00040139979079324825
4301,0.0007344924941622
4302,0.0002642294145737621
4303,0.006255153145750527
4304,0.2074594740073561
4305,0.00013824404424022063
4306,0.0013796517193807674
4307,0.0002700936914541556
4308,0.005179718434474734
4309,0.0002502697353859799
4310,0.05701443164779535
4311,0.0003167618175339217
4312,0.010945047305262818
4313,0.011414963407484036
4314,0.0035327650721573107
4315,0.013895056053673412
4316,7.629781316776387e-05
4317,7.184573914131525e-05
4318,0.03837693608650293
4319,0.016212744418296666
4320,0.04662084780980792
4321,0.0004327656928051416
4322,0.9340878813936714
4323,0.0002603050506939303
4324,0.022907132480442318
4325,0.007293085425999863
4326,0.00046166156260710276
4327,0.00021879015207470492
4328,0.0002513734080007329
4329,0.000288906019441635
4330,0.1054316597094254
4331,0.0002750413840426655
4332,7.520204002122179e-05
4333,0.0022032015877057657
4334,0.00023522884773605055
4335,7.832266254490989e-05
4336,0.0017469979486786301
4337,0.0034104323831218317
4338,0.0008468321397856575
4339,0.0005357505274685398
4340,0.0003759735603488403
4341,7.057494773205582e-05
4342,0.0003125229427916342
4343,0.00549666683454239
4344,7.418205675592054e-05
4345,0.9957403944417397
4346,7.059988147370187e-05
4347,0.0011290674371219839
4348,0.020235361227094812
4349,0.0008670360570447394
4350,0.00025908135496941994
4351,0.0035775292333679516
4352,0.032513678201846474
4353,0.008249393204147476
4354,0.004797178079928679
4355,0.0010783200909719524
4356,0.0003625411204309993
4357,0.00023277250771444737
4358,0.0006038505955335124
4359,0.000509444410409892
4360,0.0004192607420358656
4361,0.00046025159562361093
4362,0.01955722233960595
4363,0.000335484150824058
4364,0.02025495578548958
4365,0.0010600101464050531
4366,0.0013971098819281873
4367,0.0041326506234866354
4368,0.0006009708444537777
4369,0.00014800684294743576
4370,0.012538442644620654
4371,0.001803946583780262
4372,0.00038608093371587465
4373,0.03174896414230488
4374,0.00037477233502510986
4375,0.00036120189461072124
4376,0.001573907846361896
4377,0.0002771305220491137
4378,0.03044429574889913
4379,0.011032748118182997
4380,0.00022237076988397146
4381,0.0007242100878780259
4382,0.0004924957914393671
4383,0.15269521711891906
4384,0.0054161548170389455
4385,0.0014052425461034616
4386,0.00016738770020813343
4387,0.00011207294635336719
4388,0.0005661397367083122
4389,0.00032603032194024643
4390,0.0004081911271237827
4391,0.02083426227696248
4392,0.017711475011073428
4393,0.012971808004121111
4394,0.0011021169458092566
4395,0.0013520363652857292
4396,7.461207813328394e-05
4397,0.0002576777841119918
4398,0.0010431186691479454
4399,0.0002666567390567749
4400,0.00044307651861082387
4401,0.9988828633444186
4402,0.0005099377732302468
4403,0.0003287304685312188
4404,7.786979551172455e-05
4405,0.06260618878823662
4406,0.0058948194248570045
4407,0.0006139977979811703
4408,0.011249053481620894
4409,0.00043889085574082894
4410,0.0015734791009116833
4411,0.00046277958104919327
4412,0.026459634796277925
4413,0.001663813473442769
4414,0.017425318991185497
4415,0.0075133633298478265
4416,0.0007490029321779482
4417,0.05320838230970165
4418,0.001047977375574799
4419,0.00012004580771064414
4420,0.007018607106486667
4421,0.0003382328946131501
4422,0.004088279729991841
4423,0.0002184436247995951
4424,0.00035965367903930946
4425,0.24013535414801912
4426,0.9988118756297814
4427,0.00044309937359136365
4428,0.0005453401311153469
4429,0.9990729478855771
4430,0.00046171902275510615
4431,0.001295077367890244
4432,0.000803513498544643
4433,0.015100971001963387
4434,0.010162691389363373
4435,0.021483830859518865
4436,7.569997941275463e-05
4437,0.0002881893196260804
4438,0.005081360357144469
4439,0.0037997253364312742
4440,0.03134106044194493
4441,0.002080239903112389
4442,0.00011233040250370893
4443,0.0003527909350496723
4444,0.00026510431662871245
4445,0.08135700877437531
4446,0.00030777859690467573
4447,0.002152184443975298
4448,0.003528850047732072
4449,7.389929347999244e-05
4450,0.0009874645215511182
4451,0.00020943348502283713
4452,0.01413343398916717
4453,0.000121466035362464
4454,0.012474492959285658
4455,0.004602031584212737
4456,0.00505311679579727
4457,0.008194960201862698
4458,0.0004456108914408846
4459,0.0037873763070696356
4460,0.0014623439267279902
4461,0.003814322610064362
4462,0.04691484216645629
4463,0.004034412719524418
4464,0.0030770544379982003
4465,0.0007216632449854213
4466,0.0027436836334943262
4467,0.007859767052204512
4468,0.01691827882616818
4469,0.08532506344128901
4470,0.0003927995262439387
4471,0.0014755108521849955
4472,0.00021057805048108825
4473,0.022634462328941233
4474,0.000331034777863251
4475,0.002515554845762244
4476,0.00020035937382693924
4477,0.005256413732056141
4478,0.0023240719584318613
4479,0.0018144029004619564
4480,0.0005083863772685521
4481,0.05900765438634674
4482,0.0044370872886887805
4483,0.00010825636286316454
4484,0.16618846402560267
4485,0.010876506739306334
4486,0.0005095895827510495
4487,0.06763758476778722
4488,0.00010870396561886016
4489,0.00014017344089337614
4490,0.0014429912885602122
4491,0.001777205741211122
4492,0.001615830272834956
4493,0.0019714984175693766
4494,0.0014395107049583603
4495,0.9922718849208486
4496,0.0003927941005206602
4497,0.0024322176037705973
4498,0.005330614911962729
4499,0.9952343187158827
4500,0.0007220674913874325
4501,0.0011398741177023135
4502,0.0002333423097084438
4503,0.004155466364808255
4504,0.000613137627275607
4505,0.0003706157129511773
4506,0.0003630714422670668
4507,0.0017254069349697451
4508,0.002313923964963722
4509,0.00018221569107009156
4510,0.018572452630683762
4511,0.0028157719877415005
4512,0.9983504597239541
4513,9.942014711638026e-05
4514,0.0012516508309806554
4515,0.0005945690321196508
4516,0.0002962823995872045
4517,0.0553526072737693
4518,0.0013939568812437366
4519,0.005405103413719397
4520,8.341111762148669e-05
4521,0.02863828215669579
4522,0.0005617260645802461
4523,0.06612938059855672
4524,9.1597419660285e-05
4525,0.0003402772189357453
4526,0.9925629515331403
4527,0.0017704739654694802
4528,0.00010693885912724261
4529,0.0003136374229378318
4530,0.0013621267185056952
4531,0.0002952543421483363
4532,0.002921422285702223
4533,0.001847490364240522
4534,7.815922137688946e-05
4535,0.0015634551939446967
4536,0.0020292604221777005
4537,0.00011984244080675722
4538,0.00028526556751265616
4539,0.0007205036824381076
4540,0.010130425534296677
4541,0.001143755543405641
4542,0.0002526144912997763
4543,0.0044791784873838515
4544,0.004631694429104582
4545,0.0002885191056713005
4546,0.0007826927400682979
4547,0.0002727847008457889
4548,0.005409886042203506
4549,0.004547791685821317
4550,0.004986397834790269
4551,0.0001344748439395107
4552,0.998690441762123
4553,0.0002973904054630445
4554,0.003991550192063042
4555,0.9938500349512776
4556,0.0009766663900814035
4557,0.00020994017568955748
4558,0.0002717326972730092
4559,0.0033850460331040578
4560,0.002000805004455293
4561,0.006463254686124758
4562,0.018675456406254627
4563,0.02198778814801669
4564,0.003746139752465518
4565,0.013323651580171672
4566,0.017621907099564352
4567,0.00030496618091809127
4568,0.004854856729980921
4569,0.0014700282331667766
4570,0.9921479927162501
4571,0.001137583654363825
4572,0.0011076215676328455
4573,0.8369085730616815
4574,0.00012829315494061584
4575,0.01116482224186149
4576,0.003699374558202851
4577,0.004492198680883649
4578,0.0036381889248598004
4579,0.02893717458315013
4580,0.030725121984097575
4581,0.0004110551080043842
4582,0.0006513485308813798
4583,0.003671091249264872
4584,0.03589089055729973
4585,0.009106546255028308
4586,0.0010774918207077024
4587,0.001006682859250873
4588,0.09593517755072238
4589,0.03986928634091224
4590,0.0018115054472478311
4591,0.0012668360075921102
4592,0.001999535333143033
4593,0.00020560084093597907
4594,0.0003360194525907472
4595,0.004603280144219417
4596,0.09378737697645205
4597,7.766306544558911e-05
4598,0.00018511481610961555
4599,0.003591819474230112
4600,0.0016231748289395158
4601,0.00014045695039974383
4602,0.0001486716349655505
4603,0.054853081723931295
4604,0.009441489142640657
4605,0.0019875472417370645
4606,0.2807417620262993
4607,9.077434565241887e-05
4608,0.0033021133080708997
4609,0.0002999831441899729
4610,0.014836433864291208
4611,0.00234075384674954
4612,0.013716282374342883
4613,0.00397747684296494
4614,0.0007213253016785401
4615,0.00022993275136157123
4616,0.9965734143601439
4617,0.000390907502011652
4618,0.00023591478499878905
4619,0.000452143986259762
4620,0.007716308702566304
4621,0.001493764067740267
4622,0.0013144161795492926
4623,0.0001183445626899954
4624,0.00021990604843925995
4625,0.0005798255288044149
4626,0.002261204514608047
4627,0.001785339520159351
4628,0.0019359970006805533
4629,0.0007533491613716392
4630,0.0011948055014360166
4631,0.039068490659907126
4632,0.00013872682620950686
4633,0.0003328233873158595
4634,0.00582059021737278
4635,0.0005808756848771408
4636,0.012166077027768217
4637,0.00025195329237863434
4638,0.0017136105340156838
4639,0.00010665864261101322
4640,0.0006120152774213921
4641,0.001214838680683742
4642,0.0001522423422160351
4643,0.00013985029652282491
4644,0.0006283705290732351
4645,0.013227720934440978
4646,0.00649988601620396
4647,0.00039897197938558275
4648,0.00024052135489036893
4649,0.0023414494741123767
4650,0.0007567728818371865
4651,0.00015301831147270656
4652,0.004262994845517533
4653,0.00012501562579071566
4654,0.0017611913101027194
4655,0.001513804626853495
4656,0.00026116194293054564
4657,0.0012782021027310222
4658,0.014825085199524796
4659,0.027137196409922914
4660,0.0003602505662323452
4661,0.0023566154644410046
4662,0.0008060029288925633
4663,0.0001942752857376848
4664,0.00037643486693979744
4665,0.00024521747219571693
4666,0.00880864175913647
4667,0.0036555282857073912
4668,0.0005010194575014465
4669,0.00028810753683384085
4670,0.0011161928990535014
4671,0.0003533371458544336
4672,0.051134737345045235
4673,0.001918138694689677
4674,0.0003883597234924859
4675,0.009704783128945283
4676,0.025932124877086037
4677,0.0006148898496729153
4678,0.9986574156203798
4679,0.9930447291191371
4680,0.998993064606403
4681,0.9958432877207057
4682,0.0007856892137198038
4683,0.006162547593882279
4684,0.0017202633460356304
4685,0.0087983048123857
4686,0.0008293116437206087
4687,0.0017731075948160622
4688,0.03082893318982662
4689,0.017413781046553545
4690,0.0006254314252524503
4691,0.0011089056570142543
4692,0.0029400417379956455
4693,0.0004908839204130585
4694,0.001747220614759059
4695,0.000478841336079056
4696,0.07491311720482949
4697,0.012601197510021997
4698,0.004664835331068415
4699,0.0010566467553594894
4700,0.014595101227136803
4701,0.0005262103186110421
4702,0.00011420349312898402
4703,0.0008656807438159612
4704,0.9900124029480912
4705,0.0006487202728112197
4706,0.014684763264868107
4707,0.0001418637245082611
4708,0.0010206234715666982
4709,0.07546528289647633
4710,0.001748226481181074
4711,0.005350907712515207
4712,0.025905347127076383
4713,0.0003685986236040532
4714,0.0005912514997898124
4715,0.0007153238263766663
4716,0.0007110023534766146
4717,0.003341319003771755
4718,0.00025990960142788217
4719,0.0004364619787320978
4720,0.024866390103061176
4721,0.012619896162706748
4722,0.03329418181288879
4723,0.005824732622439271
4724,0.00043417926152193023
4725,0.002289852118498064
4726,7.944308869748933e-05
4727,0.0012336575891023177
4728,0.0002215808267915041
4729,0.0004161721807980494
4730,0.00022249197231027977
4731,0.005553100013953521
4732,0.02276335341936325
4733,0.07018525618970853
4734,0.0002802930281234527
4735,0.0005431340180210035
4736,0.0003931378420636879
4737,0.0007182372652149744
4738,0.002140442756073679
4739,0.015344459797676019
4740,0.013337484273316883
4741,0.0019755827231716433
4742,0.0046894191661946754
4743,0.006058853054872569
4744,0.003150328367459959
4745,0.001199730519281725
4746,0.020554021140273958
4747,0.0003958200302776372
4748,0.004625526241644443
4749,0.0017403795410576594
4750,0.0185327647337959
4751,0.9987683349038076
4752,0.00034139998072878344
4753,0.11593260203631081
4754,0.00011781776619990028
4755,0.00028902598383204854
4756,0.04739219046563577
4757,0.00254124295431357
4758,0.0006485809738895948
4759,0.0005326026343861858
4760,0.01336975614615229
4761,0.0013746530857664569
4762,0.00011911171195558645
4763,0.00026161218257427144
4764,0.02182750422022946
4765,0.0027764799907898136
4766,0.0011017827826986205
4767,0.0016852904747912672
4768,0.0009915421803064488
4769,0.0001247990894068886
4770,0.0001858918201502209
4771,0.00014551911050336507
4772,0.0003926509936664353
4773,0.0002752757952405535
4774,0.5155027629648171
4775,0.018731338543087533
4776,0.9937399739542068
4777,0.9984315384757763
4778,0.0003153656453214489
4779,0.0013022643145797583
4780,0.0020948523007192957
4781,0.0012588336116604111
4782,0.00024151215608988582
4783,0.00021025630310297065
4784,0.9984803676380963
4785,0.0007460926163866549
4786,0.00032793136864469827
4787,0.0005630990315726123
4788,0.001245318172359224
4789,0.0009173375442346121
4790,0.0006505715628392862
4791,0.0002932923236142271
4792,0.9651028534087848
4793,0.00012491830027778502
4794,0.0002907498258197538
4795,0.637127705431234
4796,0.9987723487933883
4797,0.019431487181609117
4798,0.0004643317024710206
4799,0.008224114131914668
4800,0.0006033222968820254
4801,0.00032411854924253777
4802,0.9973678507757187
4803,0.008521855747029064
4804,0.001041421148941046
4805,0.002252775202864491
4806,0.0012089750778751466
4807,0.0012713589564404004
4808,0.00043933251246251845
4809,0.0006736489885809695
4810,0.00025183606199814774
4811,0.003375040424133923
4812,0.016682921233713125
4813,0.01043680383802768
4814,0.00011489266071012991
4815,0.010107574313936012
4816,0.0029247020856432667
4817,0.006540823825458281
4818,0.002179348620431994
4819,0.514255258525085
4820,0.000390107961163693
4821,0.9691218980004764
4822,0.001806277283299715
4823,0.00012871276085064977
4824,0.005671981343797117
4825,0.00034593302100435926
4826,0.00020169038398456648
4827,0.9343968305074805
4828,0.004365769431780647
4829,0.00334727215839936
4830,0.0009702652832880368
4831,0.00044645898993590435
4832,0.9960927065118936
4833,0.00039225123356252146
4834,0.9981773638607887
4835,0.0005804433242433615
4836,0.9983617552284623
4837,0.9990636358252297
4838,0.06910400352063426
4839,0.004277556153482482
4840,0.0007812358908389982
4841,0.0002997686123914399
4842,0.0008122127895857527
4843,0.0004099955838100069
4844,0.08671643823951647
4845,0.0012209804152032867
4846,0.9879310508143719
4847,0.9977637121636942
4848,0.0019453893989288633
4849,0.005190131763249104
4850,0.004872159308751846
4851,0.0005766249157945994
4852,0.00011912683629686928
4853,0.00015061761859072918
4854,0.001701559767147464
4855,8.466422261289052e-05
4856,0.011046583776429586
4857,0.00029351218650460305
4858,0.00025759880008001043
4859,0.005083645997072484
4860,0.0006060101991415998
4861,0.003394091665801604
4862,0.0002441581542125404
4863,0.00019236658366946917
4864,0.00031811407451125164
4865,0.0030346837585050633
4866,0.013560564849956524
4867,0.00032540857362899675
4868,0.0048957201127347305
4869,0.0030802573935342207
4870,0.0001443089373203627
4871,0.013841566435575155
4872,0.0002896110299515489
4873,0.0019140732659667745
4874,0.0027911826147040616
4875,0.0001515934047331363
4876,0.000722143532412849
4877,0.002747691145286241
4878,0.9910734836933255
4879,0.0010322421604734842
4880,0.001559072840988768
4881,0.00031691659485164156
4882,0.00013885393744520204
4883,0.00012060960639580966
4884,0.00013719352429325348
4885,0.0009733543170043181
4886,0.008236566576584597
4887,7.337959065175918e-05
4888,0.08796419958175258
4889,0.0006395122075360344
4890,0.0024679185470634453
4891,0.08726712530331751
4892,0.0003910388300973972
4893,0.1304348947143843
4894,0.009151981750022768
4895,0.0020551906261695773
4896,0.0016366281305690753
4897,0.000724525188362932
4898,0.008897694147263732
4899,0.0014832494205988267
4900,0.0052584536964998835
4901,0.004299976167643917
4902,0.005285460923266347
4903,0.004676373392975748
4904,0.00015247812668989886
4905,0.92378364689831
4906,0.10160091279364498
4907,0.00044889742522816726
4908,0.0015239174337559704
4909,0.0004211336156724709
4910,0.0004462280277498465
4911,0.03637332016021481
4912,0.00034448827156765785
4913,0.0028525355282788536
4914,0.0011474034510099806
4915,0.00019954470632396504
4916,0.000325650873918743
4917,0.006558764581870704
4918,0.0021569355001468853
4919,0.11090343505252628
4920,0.0018130033874745512
4921,0.003424706589841726
4922,0.0006996876522038155
4923,0.0006343804732233036
4924,0.0009196846370138574
4925,0.0014440108483732932
4926,0.0029257884689127796
4927,0.0009835783354912161
4928,0.005804947701045195
4929,0.006334335899604656
4930,0.003757089643464968
4931,0.0008887413753705161
4932,0.0024764208368685306
4933,0.0006252188929877875
4934,0.9989041594960536
4935,0.0003389250119714294
4936,0.00040121416224433976
4937,0.01532007740875425
4938,0.001155969944150435
4939,0.00039707814851108454
4940,0.00030537555986034497
4941,0.00020479186412009214
4942,0.014392961008920435
4943,0.00015436978973692113
4944,0.006650916942034145
4945,0.0022057908971838333
4946,0.00032743466848673736
4947,0.006714011755308139
4948,0.0006063829015630041
4949,0.005236202568176205
4950,0.9991369820866243
4951,0.003994118224716538
4952,0.0014893113949883364
4953,0.0003578565256610307
4954,0.0002024684645393415
4955,0.0019000777943945564
4956,0.0026238961075115727
4957,0.0013748117899666675
4958,0.0002733664876434702
4959,0.0031223003827761573
4960,0.26501380565075283
4961,0.0015922360768662372
4962,0.0046184543205531545
4963,0.16264730498778296
4964,0.004579767006294507
4965,0.0005340385955756956
4966,0.0013854878017742637
4967,0.016646518694436917
4968,0.00021555060169955285
4969,0.047686084060383896
4970,0.9985340279095697
4971,0.0006298089109923042
4972,0.002240149160553643
4973,0.0016506118516876676
4974,0.00022125185268792027
4975,0.008143101089339737
4976,0.00022079196236742823
4977,0.0008166636006898702
4978,0.00022392465233343197
4979,0.0053326702444534526
4980,0.00027630580383345067
4981,0.0012725991909991051
4982,0.006200378930665896
4983,0.00016386219359475982
4984,0.0004400301925972583
4985,0.00012951878784973404
4986,0.00030611291292681275
4987,0.000227817724974341
4988,0.00023216458625718956
4989,0.05587478275606221
4990,0.00023497259820416916
4991,0.052280928622435205
4992,0.017633014723194326
4993,0.0015868206517776974
4994,0.00039871619507905845
4995,0.004386723761012658
4996,0.0006009482301790836
4997,0.0101651230456289
4998,0.016525166284675173
4999,0.00026294039206220044
5000,0.0010518039233099621
5001,0.013994201225683716
5002,0.0007290841944737426
5003,0.018412058053594395
5004,0.006406079114121677
5005,0.0005861125323268046
5006,0.00041147600587103687
5007,0.000376758791804874
5008,0.00020748217914133611
5009,0.0007116910770969254
5010,0.00023230862209318607
5011,0.00017515082781255595
5012,0.0005965436042266214
5013,0.09855381846055096
5014,0.5378260348348466
5015,0.0003323061844660828
5016,0.004606628875524996
5017,0.00041575774476094237
5018,0.0008025067650372023
5019,0.002258782428975993
5020,0.03468824065663836
5021,0.00038742009720069457
5022,0.006378823611059005
5023,0.997673323699764
5024,0.00015838466331922598
5025,0.0004909820557892817
5026,0.00017704158262097784
5027,0.00029575195787049757
5028,0.0001935526706129136
5029,0.0002034011318165797
5030,0.00020431824340620572
5031,0.02231315528818701
5032,0.0004783957152229756
5033,0.0002809041128253581
5034,0.003154191483446664
5035,0.03439182623638676
5036,0.00013265757043421007
5037,0.002763281692903849
5038,0.0007425793923182554
5039,0.016011545474570173
5040,0.013284733752865974
5041,0.0024487340694926397
5042,0.996932779846637
5043,0.00022726844346082067
5044,0.0003782227706572125
5045,0.00032811570394138026
5046,0.9889656983752337
5047,0.00040234879361347064
5048,0.09157463123616741
5049,0.0011415190738728073
5050,0.0009744609365392864
5051,0.9985612035258115
5052,0.00013329694692605865
5053,0.004758756577226227
5054,0.0164940055183857
5055,0.013395041886888734
5056,0.0002268668375625626
5057,0.0006578351975396822
5058,0.033589095526883266
5059,0.011204627313437894
5060,0.0002605118705394346
5061,0.003758672969437315
5062,0.04716214800537686
5063,0.010298682146268025
5064,0.002354936477993052
5065,0.0032730765749810096
5066,0.0007377713796808455
5067,0.0017886828444937288
5068,0.04374682750636742
5069,0.00030964265419274663
5070,0.003173013821430993
5071,0.00022837920480311378
5072,0.0007943351185474634
5073,0.013917073745838554
5074,0.00031115067085328953
5075,0.0002048042297755174
5076,0.0024586523147023653
5077,0.001989892892736347
5078,0.0021115873916914903
5079,0.00037067029483645953
5080,0.9826348245671067
5081,0.0006518385503237187
5082,0.0002860505532158275
5083,0.00022793148386627141
5084,0.048411124909652756
5085,0.0022391885918033364
5086,0.007682617072556337
5087,0.006454030573932683
5088,0.0005104359860021305
5089,0.00032000568549204653
5090,0.008950005373255694
5091,0.0002601258481513105
5092,0.0004922820130761173
5093,0.00036276511369903264
5094,0.996460779925112
5095,0.16123017091294084
5096,0.00010928042849244061
5097,0.0025576866249408872
5098,0.001373973353053079
5099,0.06057128768126415
5100,0.0007902372818258131
5101,0.00017216370733605558
5102,0.002797682908759184
5103,0.002136557523155261
5104,0.9946969901743122
5105,0.005227795379653488
5106,0.00022380823717877874
5107,0.02273354476772339
5108,0.00045325415016563296
5109,0.004889134693415563
5110,0.0002692194840460218
5111,0.2273391667565558
5112,0.002599628931299361
5113,0.996118891505468
5114,8.993194105720099e-05
5115,0.029888228001914995
5116,0.00021186030264747194
5117,0.010593427736866019
5118,0.001135933134748229
5119,0.0005674103658156351
5120,0.00019678392714706912
5121,0.9450485162405501
5122,0.00017910043327928841
5123,0.0002534541823792627
5124,0.011737982764715982
5125,0.0405309160772057
5126,0.013109225100751815
5127,0.0005185847133723128
5128,0.00011137960564529905
5129,0.0002470813832763038
5130,0.9980264494246992
5131,0.00023737553026195236
5132,0.01533169806083659
5133,0.0006612754653814288
5134,0.0005560037561083381
5135,0.0002205805138318165
5136,0.0020050996968620687
5137,0.0004864128518336252
5138,0.0002458852450786064
5139,0.0004593994402213444
5140,0.0015275216186733452
5141,0.001342271854805521
5142,0.00010670181809165672
5143,0.001496602411563881
5144,0.9983840766247534
5145,0.0011478820908751234
5146,0.8659023213303347
5147,0.015495706132659904
5148,0.0004729411216706801
5149,0.00035452276377529585
5150,0.034859393245663235
5151,0.00022641636165448347
5152,0.9477259519515675
5153,0.00014514145039508256
5154,0.0005137333723980545
5155,0.00025312509031795514
5156,0.0013557575338581163
5157,0.1109135298376445
5158,0.00027615152788882085
5159,0.00025564685132453186
5160,0.0018282214329964446
5161,0.0007151851743852246
5162,0.997030075451461
5163,0.00260297967039138
5164,0.0003741068561684108
5165,0.06673847919975781
5166,0.00040147227330429764
5167,0.962271926510916
5168,0.0003482710308349373
5169,0.9319966530279926
5170,0.0002732866218802885
5171,0.0033685778306153367
5172,0.0002605102981607898
5173,0.00475069486999279
5174,0.00015072948520308263
5175,0.07989566963221557
5176,0.0011999723057603759
5177,0.0012909533866366561
5178,0.0072215218304432244
5179,0.0002561016209218608
5180,0.0003888647257439089
5181,0.00012879806478951678
5182,0.05549322189942222
5183,0.00013910283339769997
5184,0.003766099104141972
5185,0.00016030794546772152
5186,0.002125134277610243
5187,0.04194867589015096
5188,0.005543920980900976
5189,0.001957576672448307
5190,0.0006287810843314611
5191,0.0004506905608250824
5192,0.00031065217872405115
5193,0.0028857217353379025
5194,0.0002641757283487787
5195,0.004781470370187562
5196,0.00040912896993443987
5197,0.00025503773806013835
5198,0.00039197118433271713
5199,0.9981735157861674
5200,0.0001252153099750867
5201,0.0003557996034401469
5202,0.00022715657540152084
5203,0.0007532137315915466
5204,0.0002513397264178381
5205,0.00022650048431245784
5206,0.001044975281139859
5207,0.0002166258950195104
5208,0.000293823129335452
5209,0.0013392689233055108
5210,0.00010146539480649738
5211,0.0001472437749735055
5212,0.01758868524829591
5213,0.0011612778923329376
5214,0.00020467360880351655
5215,0.0035238863856912233
5216,0.002175983703615659
5217,0.0027217774421803677
5218,0.0017862688985514573
5219,0.0055878899239904965
5220,0.0002411318754390184
5221,0.00010985756167966254
5222,0.0009340085065161254
5223,0.0031582557259842194
5224,0.03433108419123408
5225,0.00019980928920727636
5226,0.0005166683546945652
5227,0.005590511524365597
5228,0.001348015595945031
5229,0.003958607482389757
5230,0.0038434785104356347
5231,0.004217306976987765
5232,0.0005589695629954622
5233,0.9988053565337284
5234,0.0004591185706079687
5235,0.00018494831398131517
5236,0.006922113789307687
5237,0.0012835423543629686
5238,0.014491550393740196
5239,0.0008695564319669915
5240,0.0002878522870008032
5241,0.00024422274969006203
5242,0.000596382427350089
5243,0.0011330547308387995
5244,0.00011691808936533524
5245,0.998572857130735
5246,0.005211865920793172
5247,0.00042432521856216693
5248,0.009945170711666835
5249,0.0003341750678654905
5250,0.0018568609445595336
5251,0.0002693474378379108
5252,0.0009412941428704029
5253,0.9977539302816465
5254,0.0003045065327913324
5255,0.00012459366450992066
5256,0.000255795907948494
5257,0.0019124191639550785
5258,0.23008127152068747
5259,0.007264984067346586
5260,0.0005788975025457864
5261,0.005253334117601112
5262,0.0026392905879895493
5263,0.0019208532820018478
5264,0.00037678981348311197
5265,0.05038257333702413
5266,0.0025944052499088177
5267,0.003334249143635936
5268,0.05426732100116821
5269,0.0016237957999890855
5270,0.001490630577090952
5271,0.04523399203237507
5272,0.966411000175136
5273,0.00022639487336629732
5274,0.0009700234673604103
5275,0.00016465487421128726
5276,0.9985765521434183
5277,0.2746663674565662
5278,0.003498854966132131
5279,0.007893976944379941
5280,0.20426840081294778
5281,0.009225519480626021
5282,0.02693378741163424
5283,0.004168543367451062
5284,0.00420325201326646
5285,9.893485298479191e-05
5286,0.00031801221435837
5287,0.0006117137193640766
5288,0.04913085567082567
5289,0.0001626285637298132
5290,0.00044402008792155745
5291,0.08779514901836746
5292,0.011133090603067938
5293,0.0002550251020876209
5294,0.00027053253240569747
5295,0.0003665701087829518
5296,0.054331637619728354
5297,0.0003443429461873155
5298,0.0010690698048279924
5299,0.0005864623914378876
5300,0.997996239932991
5301,0.019026617343472985
5302,0.0015978580504589785
5303,0.007393195493087093
5304,0.0006701410238758868
5305,0.0031989260751736108
5306,0.9990722394387068
5307,0.0002461589322472907
5308,0.002038454592624506
5309,0.023778364638003487
5310,0.07321349625448735
5311,0.0003233470852227021
5312,0.00023479650026826915
5313,0.0038119814325668507
5314,0.00026366281673682244
5315,0.00043745750648410627
5316,0.9974469295744702
5317,0.025344456825684324
5318,0.008736107763506822
5319,0.9922633776679202
5320,0.008214557573993201
5321,0.0003414358462153175
5322,0.006322668930250674
5323,0.0026549091648132546
5324,0.00017138435359136342
5325,0.27108312347453223
5326,0.005112596952531444
5327,0.006381459595118438
5328,0.9992304702767157
5329,0.010477600098732826
5330,0.0012460107365964504
5331,0.003312493562679958
5332,0.0062857847153391724
5333,0.00026074579064276567
5334,0.021896539884056015
5335,0.025186189263965264
5336,0.00033598118841940655
5337,0.0016573965357097723
5338,0.0057148400384606215
5339,0.0007653432510021988
5340,0.008915463211200698
5341,0.9954854260080046
5342,0.000336281960773054
5343,0.004427550488429946
5344,0.0005667773819778085
5345,0.00023732801492174255
5346,0.0005058014296510197
5347,0.271300213252922
5348,0.0006661660665609975
5349,0.9989251988465666
5350,0.0006060091736684506
5351,0.9957061652970663
5352,0.000258500161553756
5353,0.0004258176364427734
5354,0.0002037009921249818
5355,0.9984817527033811
5356,7.696178076242693e-05
5357,0.0010058357407271169
5358,0.00044058791136613007
5359,0.003337906986384411
5360,0.002085608574687629
5361,9.821110739396794e-05
5362,0.0028496858503990865
5363,0.0014149815727676465
5364,0.00012690777293730874
5365,0.00018064292167560596
5366,7.605649716691852e-05
5367,7.599455173463952e-05
5368,0.0019857599135463823
5369,0.008317125177523425
5370,0.00021168037968880043
5371,0.019506685197339464
5372,0.9988400510779659
5373,0.000547657251993089
5374,0.0003163862470142385
5375,0.0016340360611002019
5376,9.961566706970888e-05
5377,0.0012648471768129566
5378,7.583468786037892e-05
5379,0.08278343913990412
5380,0.00013208169100171417
5381,0.00013531738265444197
5382,0.0025952873064454354
5383,0.0002200185709871625
5384,0.000736914685311855
5385,0.0002949670297641872
5386,0.00037624435782430255
5387,0.00829419915793656
5388,0.004657240846759392
5389,8.874061443247592e-05
5390,0.024822693964591903
5391,0.0002123860306693994
5392,0.00033787949481245443
5393,7.442942827974106e-05
5394,7.356328689331743e-05
5395,0.0005678331993326698
5396,7.674315689482579e-05
5397,0.00026550248763835426
5398,0.022515492346030886
5399,0.0013530186057942222
5400,0.38292531285192294
5401,0.00139991336066723
5402,0.00013097666689400396
5403,0.00042141782845267814
5404,0.0008042120937280742
5405,0.00244161520884999
5406,0.000149041069441497
5407,0.0005315927095015493
5408,0.00010070274514383651
5409,0.9723751714115358
5410,0.0024567761394817113
5411,0.010112638139936764
5412,7.626221967124481e-05
5413,0.0030260304508549613
5414,0.0011319472743368361
5415,7.723601331602803e-05
5416,0.000608104673119187
5417,0.0002681278327386207
5418,7.816552605376653e-05
5419,8.154164748748686e-05
5420,7.183070941750233e-05
5421,7.793204951575253e-05
5422,7.89113548241713e-05
5423,0.9933175841166774
5424,0.0001229979620218748
5425,0.00021283190318005787
5426,0.0018008007698286116
5427,0.0011393707253322788
5428,0.00021143687304935312
5429,0.00020275078975368928
5430,8.16806885697577e-05
5431,0.002605088203829714
5432,7.442834318095325e-05
5433,7.455425711539055e-05
5434,7.724429050662666e-05
5435,0.0004988123431316988
5436,0.9088312786888549
5437,0.0005105950457546392
5438,0.0009888735676534543
5439,7.591847869658824e-05
5440,0.0025175981051423018
5441,0.005251203192673326
5442,0.0027071184015435472
5443,0.0007292631950666765
5444,0.0007522714019233111
5445,0.00021900506889763836
5446,0.0002486619165195662
5447,0.11267897923679644
5448,0.00015069514877729426
5449,0.0036680135728833726
5450,0.0022341940279050542
5451,7.39163492104588e-05
5452,0.000290389826132859
5453,0.00047275380073576515
5454,7.6226083666895e-05
5455,0.004418578952645103
5456,0.0020758682612524297
5457,0.00011321442253714015
5458,0.00038916214003765885
5459,0.997816798102729
5460,0.0015055700915497026
5461,0.0001971130123224211
5462,7.428450785222816e-05
5463,0.00020044670029236832
5464,0.00016617345956779849
5465,7.595397257127319e-05
5466,0.9953653767879345
5467,8.735203447326012e-05
5468,0.0009080406194589512
5469,0.002236995419607179
5470,0.03226386914707322
5471,0.00013840954160720647
5472,0.0005789815760233491
5473,0.0032132072698651997
5474,0.001006376805492861
5475,0.0010227064799466713
5476,0.034429618362977324
5477,0.9871421640323541
5478,0.0030096308770303773
5479,0.000708617807366712
5480,0.005882735666575834
5481,0.00015411244894389088
5482,0.909141664436105
5483,0.009787712441568999
5484,0.009641551131798608
5485,7.501611148196332e-05
5486,0.002355178663740707
5487,0.002935184618619591
5488,0.0016800217022598242
5489,0.005093377752877361
5490,0.01226805140293857
5491,7.906543789009445e-05
5492,0.0002213110207405366
5493,0.049984702494965574
5494,0.060882511469330235
5495,0.00016007024494233449
5496,0.08339415937169185
5497,0.00021843363519804588
5498,0.0002596037421365241
5499,0.03515983772593995
5500,0.0007857251474713457
5501,0.0005202403223089219
5502,0.0011705182559581015
5503,0.0021387724676078155
5504,0.005649650354579068
5505,0.0031449697070038683
5506,0.00039887066423343026
5507,7.47873045699845e-05
5508,8.58773558590489e-05
5509,7.956148743523115e-05
5510,0.0035565066101895136
5511,0.002193204377449045
5512,0.000798781630367992
5513,7.392026598571412e-05
5514,0.001091793233235514
5515,7.450357409785588e-05
5516,0.0004137080984874707
5517,0.0003789243792504244
5518,0.0016161902054643283
5519,0.0027857871135056325
5520,0.016444613255632345
5521,0.07236892896218453
5522,0.008733183827124865
5523,9.243565175428355e-05
5524,6.077092773311275e-05
5525,0.000327719611919127
5526,8.272112318357853e-05
5527,0.00013364966833064338
5528,0.0002425182946518895
5529,0.00027666418151589707
5530,0.000159059328699118
5531,0.000547015491701759
5532,0.7101793222829214
5533,0.0016663193611485393
5534,0.002974426103941434
5535,7.507163664731131e-05
5536,0.00014591441335642098
5537,0.00024177809538462416
5538,0.00023432256520478111
5539,0.004160015904689703
5540,0.0006975283333101082
5541,0.0002058885203948094
5542,0.00048171795561878516
5543,0.00011765745149200513
5544,0.016220164725278388
5545,0.00552184633363598
5546,0.2850726764744916
5547,0.0017614332582146844
5548,0.002858838271539351
5549,0.01891887670903124
5550,0.0008113584910989619
5551,0.009113660685230326
5552,0.13069641357261536
5553,0.00015238668745685141
5554,0.0024199800379120654
5555,7.765065592826654e-05
5556,0.009297549112646615
5557,0.00021661053092316947
5558,0.000608037843057673
5559,0.005518560718693216
5560,0.00020602806374588005
5561,0.00023518106612552422
5562,0.0001541188093723531
5563,0.021918079827028043
5564,0.00013890885032237616
5565,0.0003230009512456603
5566,0.0004903677771010287
5567,0.0010182335918042192
5568,0.00031399997910674184
5569,0.0006010053863482488
5570,0.0010013704898173639
5571,0.023101024543635544
5572,0.9673883825976363
5573,0.9879369038233712
5574,0.036204748174750334
5575,0.000749758792266229
5576,0.8781531253223127
5577,0.9986183554702123
5578,0.06437963609157986
5579,0.020094451200072423
5580,0.0002890495489281653
5581,0.0010569544688018666
5582,0.9657685913514271
5583,0.00017975702795714333
5584,0.00885832484359126
5585,0.00010174758163761577
5586,0.0006572029575800072
5587,8.109617860221574e-05
5588,0.001881784783475244
5589,0.0002737550616904276
5590,0.0016893999048419744
5591,8.103196137801722e-05
5592,0.07286958097782242
5593,9.256334420543844e-05
5594,0.0012028923936703614
5595,0.004326961115951135
5596,0.0034286115356255142
5597,0.00020191184929802455
5598,0.000773398326799639
5599,0.0036608371291628845
5600,0.0006073883680531474
5601,9.403084773446457e-05
5602,7.48216924731597e-05
5603,0.0010040576647262693
5604,0.00014204135201252664
5605,0.0010246521478416534
5606,0.0003110360356142285
5607,0.0002450256568590755
5608,0.0021224069360620997
5609,0.007694532695166104
5610,0.005976180629119258
5611,0.011854953693906059
5612,0.00014258796389705983
5613,0.00018089946749125452
5614,0.009576573582798311
5615,0.0026649326814334466
5616,0.0003895247534561803
5617,7.739062826446128e-05
5618,0.025823576283061055
5619,0.03389165533381885
5620,0.00421775040451155
5621,0.0004959654047951847
5622,0.0002715304347121984
5623,0.00022185283459369144
5624,0.0007655346419557906
5625,8.318016782538915e-05
5626,0.00012025581395355663
5627,0.0009113149713665324
5628,0.011911924485635472
5629,0.00019924081358947153
5630,0.0004286274458044248
5631,0.00013662421351348688
5632,0.0002323044561104971
5633,0.0011961305630511796
5634,9.021490129089812e-05
5635,0.00030517077811103015
5636,0.0002829063950288123
5637,0.0004759232802728913
5638,0.00022058463290854227
5639,0.0002852137770975723
5640,0.000844354192329386
5641,0.002979272322238737
5642,0.9826739072053154
5643,0.00042755256320194357
5644,0.0012741767171371246
5645,0.0002496299872961849
5646,0.009707198886620505
5647,7.353290440218627e-05
5648,0.00017953061462711546
5649,8.077582819191239e-05
5650,0.00015633144417358737
5651,0.00018539344330301661
5652,0.0007600234365794035
5653,0.002374240132405875
5654,0.012122971457094225
5655,0.0004846472251443737
5656,0.00029494806562112763
5657,0.00021590420691907017
5658,0.010540002882237737
5659,0.00431931230092461
5660,7.607930293502959e-05
5661,0.0001720011631856252
5662,0.0004752117364119308
5663,8.290897000475316e-05
5664,0.0016467294306989344
5665,0.00049495213567141
5666,0.05287385120176826
5667,7.606559226314366e-05
5668,7.898617804575646e-05
5669,0.033972166381860965
5670,0.0004356401728789694
5671,0.006252752808320413
5672,0.0668680871583583
5673,0.010794485931708415
5674,0.9983160692519147
5675,8.927328159578248e-05
5676,7.539989381156009e-05
5677,8.52505766501518e-05
5678,0.01193536047872807
5679,0.000116565600105419
5680,7.616879652646561e-05
5681,0.00023870178425688889
5682,0.00013856532775307706
5683,0.0001999016970934828
5684,0.0001310602185232434
5685,0.003059557906942249
5686,7.905295856571942e-05
5687,7.830533001166351e-05
5688,0.0019387208914209495
5689,0.0029678396162484636
5690,8.722626020500745e-05
5691,0.003085606520035095
5692,0.007681618601923126
5693,0.0005153206630048836
5694,0.8128688168987708
5695,0.006464654545502368
5696,7.94812002462833e-05
5697,7.428651263719284e-05
5698,0.0010979730777811265
5699,0.002331018171877616
5700,0.0009750452271739977
5701,0.00043730420209252334
5702,0.00399645625160684
5703,0.0015611057102141355
5704,0.003748640578855607
5705,0.0053979558178407355
5706,0.00011443736950304015
5707,7.524284272582037e-05
5708,0.00024239975435143553
5709,0.0002937867663025201
5710,0.0006475841701428653
5711,0.0016772394244231475
5712,0.03654971555409917
5713,0.004060100894364231
5714,0.0015799824455539502
5715,0.00015132178183286356
5716,7.374966222979515e-05
5717,0.0036738091011074905
5718,0.10845444658769621
5719,0.004394936886167983
5720,0.003100501523968295
5721,0.0003259058405840837
5722,0.0009832685607294115
5723,0.00013179265573735487
5724,0.0008003113664060445
5725,0.0004442333626785984
5726,0.0016404105384069557
5727,0.0021646396641150246
5728,0.0027860993072991473
5729,0.0015103395770621403
5730,0.00808904988213994
5731,0.006202766789935874
5732,0.9942963900532151
5733,0.00022183395148232045
5734,0.9327634535524629
5735,0.006539658329278981
5736,0.0009805243293655522
5737,8.020390624606032e-05
5738,0.00021585401211611467
5739,0.00024345503906304274
5740,0.0010974747264343616
5741,0.004691347313265116
5742,0.0007562133417997719
5743,7.628162358431706e-05
5744,0.0008251201180912698
5745,0.0016819144596705686
5746,0.007457840606683694
5747,0.00010017143053855121
5748,0.001950318230776387
5749,7.098751969609532e-05
5750,7.486007001406686e-05
5751,0.01654197260572505
5752,0.001582236777814865
5753,0.9984021994631705
5754,0.03796602471900804
5755,0.00021517583980045375
5756,0.00017632870653175298
5757,8.088648568873071e-05
5758,0.009247925402402152
5759,0.07427263350338713
5760,0.9978397788885666
5761,0.0032749443002743966
5762,0.0028174938039546337
5763,0.003432467900916606
5764,0.0021050559124592546
5765,0.0073667342056364365
5766,0.00036396096387308105
5767,0.0002663711146831805
5768,0.0019580227866138585
5769,0.0003135837390993439
5770,0.0018559710100680353
5771,0.0016429662010896493
5772,7.859840022867448e-05
5773,0.00526623019482045
5774,0.9446797574699044
5775,0.9979438612903959
5776,0.0002894571340692128
5777,0.10740106946807892
5778,0.0006003099772969709
5779,0.00023885181539042038
5780,0.021502552557919996
5781,0.000637351545399564
5782,0.001938881020224817
5783,0.008410416111255483
5784,0.0024011207669325726
5785,0.003825412188069964
5786,0.9986869057432463
5787,8.147154946694767e-05
5788,0.0006027222340124214
5789,0.0011257768720731771
5790,0.0001489937222726244
5791,0.0005847064146689967
5792,0.0027900411949791223
5793,0.000818709023377198
5794,0.0028273359232679194
5795,0.0460673390697407
5796,0.00048346488154432047
5797,0.0019148034259226583
5798,0.003766269285671666
5799,0.0001868365720300188
5800,0.007750910490429534
5801,0.0005727897737733207
5802,0.000218686021968772
5803,7.803361692286829e-05
5804,7.428651263719284e-05
5805,8.347343506682761e-05
5806,0.0002029281901997667
5807,0.0016122055548569957
5808,0.005054684559656367
5809,0.012510793644303703
5810,0.000140972722118696
5811,0.0034618813199434615
5812,0.0004712240664542196
5813,0.028676500457141617
5814,0.0017112947863067763
5815,0.019536938030874924
5816,7.875832778738905e-05
5817,0.0003032987201980329
5818,0.0029513158128626213
5819,0.00203098293438439
5820,0.001256737002533746
5821,0.20462085308107764
5822,7.640891358867891e-05
5823,0.00183014121700422
5824,0.0024662583299964068
5825,0.0002382894054248155
5826,0.0004951634552225843
5827,0.0003331905989628494
5828,7.837193932959466e-05
5829,0.00015482092509831085
5830,0.015685842982319433
5831,8.870210785267558e-05
5832,0.9983107305067405
5833,0.00015570703103572522
5834,0.051290448791635114
5835,0.0008008682246297555
5836,0.975311061219921
5837,0.0006476486066752461
5838,0.16039655481206544
5839,0.0002097285915726685
5840,0.9847279617084276
5841,0.002620858850140622
5842,0.11093956986315283
5843,0.01980927844103419
5844,0.6301644490317854
5845,0.00021771804016332846
5846,0.00023814886400010674
5847,0.0016727352324230344
5848,0.5087000880097069
5849,0.0003481860591375929
5850,0.00018443316711062199
5851,0.00014843676552721388
5852,0.00019742492577187274
5853,0.0020777526393320695
5854,0.00018780948889898894
5855,0.0001945993384920732
5856,8.141231609491953e-05
5857,0.004334733909400779
5858,0.008080244006830413
5859,0.00023397297426655875
5860,0.0014575236864759317
5861,0.0006059537603846897
5862,0.00041825235525537924
5863,0.00032864315592749503
5864,0.0004045364051555201
5865,0.0010670871985806421
5866,0.9961328931098983
5867,9.043169804822311e-05
5868,0.0018513208528355488
5869,0.9923469176636678
5870,0.0005423682135481569
5871,0.020958276276403277
5872,0.0004989623851224489
5873,0.002212564474876082
5874,0.008417272828571598
5875,0.9933357549610078
5876,0.005165207452465806
5877,0.00014649143549676406
5878,0.00023837473125031816
5879,0.0005083056935077014
5880,0.0034302605903416402
5881,0.0017026529900497588
5882,0.004979316933413768
5883,7.640021391434564e-05
5884,7.845896079763005e-05
5885,0.004589847750539946
5886,0.0016082826440339895
5887,0.011570534077485942
5888,0.0007811944471091286
5889,0.0010083375608237123
5890,0.10026625689646063
5891,8.024313589200847e-05
5892,0.00073577891724266
5893,0.0010465488851978426
5894,0.003790938907529423
5895,0.9407204780192991
5896,0.9967227963948829
5897,0.9976722676695615
5898,0.10058570140538774
5899,0.0004251585688975311
5900,0.18737995521576256
5901,0.010776236653694482
5902,0.005565654279690647
5903,0.002781801114809006
5904,0.0001430016125542522
5905,0.002791124697832776
5906,0.0038112439365766996
5907,0.0005744607665968918
5908,0.0029855869161236844
5909,0.025003663124486437
5910,0.00019182018614556493
5911,0.9940705742824507
5912,0.000656435276774115
5913,0.9963964630640445
5914,0.0026009406456136337
5915,0.0011224343702833923
5916,7.904228341761317e-05
5917,0.00019929917056659227
5918,0.00020173823606633466
5919,0.9967674861029032
5920,0.0012630538540651434
5921,0.0031773128040061605
5922,0.0002279154695579664
5923,8.311200468975356e-05
5924,0.00023735732815562396
5925,7.71952302511965e-05
5926,0.006276134346167315
5927,0.0003485892707087982
5928,0.016628702805154123
5929,0.00140560018409321
5930,0.010316859012918674
5931,0.9845911504872303
5932,0.9957920163391938
5933,0.00019947272927074694
5934,0.00020016588225186342
5935,0.0008547169548758779
5936,0.0002276963327064506
5937,0.00032662130264704407
5938,0.0009794346773811056
5939,0.5800800927177721
5940,0.0016101704405603542
5941,0.0021413308138401354
5942,0.022160564760099095
5943,0.00028036451303561916
5944,0.007196053329100685
5945,0.0008149190484784526
5946,0.008445927730458463
5947,0.000473190147271512
5948,0.00491134738665929
5949,0.0001726786425806709
5950,0.0002471955652848504
5951,0.0057291320420305835
5952,0.003143816193793858
5953,0.0011272117337752002
5954,0.9975654281096042
5955,0.0002787319510537857
5956,0.0002702293737103899
5957,0.008818515649725769
5958,0.0007825959612949952
5959,0.0009250345136151347
5960,0.00023662813865481903
5961,7.422229121903072e-05
5962,8.017370871342123e-05
5963,0.0005831049441620121
5964,0.0001358791536273235
5965,0.00015521275910178716
5966,7.786914247851093e-05
5967,8.353641379711584e-05
5968,0.00016037278583729876
5969,0.9941237342149127
5970,0.004898261295191719
5971,0.9810293233672475
5972,0.0045193153444961776
5973,7.843702167131548e-05
5974,0.012592995665110036
5975,0.0001957798255281769
5976,0.00023855509307733224
5977,0.03295901907373659
5978,0.0014008572343374881
5979,0.00037197635730781066
5980,0.0007762335854298475
5981,0.003788818266102918
5982,0.00560315836539013
5983,0.0013414130686521608
5984,0.9920178585857474
5985,0.0002816059145647691
5986,0.0003171100693871381
5987,0.00025645516847408483
5988,0.0010370018808507299
5989,0.00013458261000179466
5990,0.0027314309566192087
5991,0.00022182253398646935
5992,0.9722792972995581
5993,7.575937895252694e-05
5994,7.718164737046868e-05
5995,0.004504563969058935
5996,0.0002642211485468117
5997,0.04215153242176661
5998,0.000925183418142116
5999,0.0007097538356228849
6000,0.0006004347689273908
6001,0.005270621247515076
6002,0.00030765250791807343
6003,0.9755616081267684
6004,0.00023637403398232756
6005,0.003990643892453271
6006,0.009663938284714419
6007,0.9547517475344819
6008,0.00019905973918234879
6009,0.0003092438807551232
6010,8.00796123859135e-05
6011,0.0005319107836464991
6012,0.0221303440035086
6013,0.00026050459675720414
6014,0.0002327641018346394
6015,0.004085637432834001
6016,0.00015225891475768595
6017,0.0005911535313158889
6018,0.013521431290855862
6019,0.0006484921859271164
6020,0.9939607255366789
6021,0.00032796637700985325
6022,0.004719627295763392
6023,0.0009128804874853084
6024,0.9876472938043206
6025,0.00020763777134601624
6026,0.010634499176809616
6027,0.0002229918880047592
6028,8.361632041241257e-05
6029,0.0005466632286624838
6030,0.0001365689690203845
6031,0.0002114076029645062
6032,0.00931511028722107
6033,0.02154156576555825
6034,0.005274996254457728
6035,0.0916480994073646
6036,0.08220431491047062
6037,0.003331018259727811
6038,0.0001800533009417464
6039,0.00423339541812872
6040,0.00010544010076274195
6041,0.005590708377172973
6042,0.00699851398055674
6043,0.004684193679377792
6044,0.0034106649678621167
6045,0.00026069283057769926
6046,0.0009398801923558798
6047,0.0007164868129188289
6048,0.0006207274487726011
6049,0.004707324226421521
6050,0.00018711195234918856
6051,0.9891506581848301
6052,0.0005701454874181021
6053,0.004236179256672327
6054,0.9921846149514992
6055,0.0003780619544205434
6056,0.09008828723753239
6057,0.007062719532231703
6058,0.005843537349437258
6059,0.0002762956676835806
6060,0.007663941375256336
6061,0.007043751018200784
6062,0.002320515047588672
6063,0.00049587879465083
6064,8.406432202222609e-05
6065,9.910845256206336e-05
6066,0.0013857092919634362
6067,0.9878388579391253
6068,0.0005439985931413492
6069,0.0014578639866732114
6070,0.0005693359872356924
6071,0.0004827812461565108
6072,0.006744662859731662
6073,7.77489610213542e-05
6074,8.361009987027426e-05
6075,0.01522812681269875
6076,0.00019665500621123883
6077,0.005054105655951769
6078,0.0006578791183077091
6079,0.00014706558361499755
6080,0.005874785394052375
6081,0.0002899054511118457
6082,0.00030819079739647075
6083,0.000227721653942767
6084,0.01593192307268222
6085,0.006465117658278566
6086,0.00046470944721665325
6087,0.0010703378665551841
6088,0.0006131414503612292
6089,0.00014634917733426732
6090,0.987806574429673
6091,0.00037807268593682207
6092,0.0004828463638826156
6093,0.0001519921958235926
6094,0.0003053418861467406
6095,0.001247842394030738
6096,0.0006367426942176993
6097,0.00015859826908691218
6098,0.00027853949059305507
6099,0.057111979207857134
6100,0.0007405739240058204
6101,0.9984110349301965
6102,0.000848271480388642
6103,0.002296870706947102
6104,0.0011480550092335634
6105,0.11535327483823643
6106,0.9737129535670548
6107,0.9833180820459964
6108,0.012823136700682868
6109,0.0001928708589529101
6110,0.002986056214860577
6111,0.9985071662703522
6112,0.0038170168970208807
6113,0.011257424547500505
6114,0.0005752108944872247
6115,0.0005206437039811413
6116,0.005561060591247682
6117,0.00012562930125729473
6118,0.00022563152258862446
6119,0.00016927274978876744
6120,0.9981473987298098
6121,0.0003498106304803305
6122,0.005279501294417992
6123,0.00060252306913908
6124,0.006742638565650919
6125,0.0009724918140619134
6126,0.0009896106481374037
6127,0.008891320301498152
6128,0.2586085406106816
6129,0.000526650813378661
6130,0.004056779117209985
6131,0.00026328258867519983
6132,0.0014092860850143628
6133,0.998274623124264
6134,0.001555573204925318
6135,0.0019363876422861417
6136,0.0002198124112031503
6137,0.00015677324508492585
6138,0.05301725224115966
6139,7.261705688702642e-05
6140,0.00553983801034944
6141,0.008691424519418418
6142,0.0002496705026563084
6143,0.01540942892796344
6144,0.017024711465973418
6145,0.0006263040138119043
6146,0.9460455940037408
6147,0.004586530734363301
6148,0.027108442377776192
6149,0.00041051975262492086
6150,0.00043808235395553536
6151,0.0010476068842649733
6152,0.0006635345770328791
6153,0.026202236108204
6154,0.0008020874540861425
6155,0.0011275334753456942
6156,0.0002327283060812115
6157,0.9427257232085509
6158,0.000900080318820249
6159,0.995240368575692
6160,0.002108271076432025
6161,0.004631728275568211
6162,0.02042453547641701
6163,0.0010384258581285226
6164,0.0001304752110641054
6165,0.0007546151485835947
6166,0.0005025564638269301
6167,0.9934018177019258
6168,0.00014928700682155434
6169,0.8564478962427664
6170,0.003155700422439488
6171,0.0011287458931268813
6172,0.9987736992590233
6173,0.00043668763479069397
6174,0.0026749451648109324
6175,0.0068238234856989296
6176,0.01814827329133754
6177,0.001395734504094846
6178,0.00026410918174302477
6179,0.9184313191015001
6180,0.006310339544686301
6181,0.004431903060776073
6182,0.9981495089696963
6183,0.0006955967360416686
6184,0.00256798995028545
6185,0.0004538345190418116
6186,0.00013307531003538516
6187,0.0011169605416942285
6188,8.747954171985338e-05
6189,0.00015232103208270693
6190,0.0013610814035820006
6191,0.003874528976610459
6192,0.0002532725567994702
6193,0.002215548564479883
6194,0.004040760110274963
6195,0.01171151965584655
6196,0.007629779154705788
6197,0.08002227325283182
6198,0.020588336709489882
6199,0.9982165323955947
6200,0.0015765674489332116
6201,0.0031577538117724202
6202,0.008390611281416863
6203,0.9965127445638766
6204,0.003324580754629651
6205,0.00042175129390641125
6206,0.000672738268246856
6207,0.00015603756114083945
6208,0.010047773045057662
6209,0.0014903160496113374
6210,0.009048330701298336
6211,0.9802348089836446
6212,0.0014306187839546757
6213,0.04202512393153797
6214,0.00020295763383368576
6215,0.00036680982934475493
6216,0.9913043686357577
6217,0.0033207377573375983
6218,0.007566959515880918
6219,0.004871006138731914
6220,0.004326945926959614
6221,7.685165260221222e-05
6222,0.0002487518281477783
6223,0.00024201644117963038
6224,0.00567505166370464
6225,0.0024348101607600046
6226,0.0008331986617447853
6227,0.00021589532045465198
6228,0.0027989110075114843
6229,0.001173851170187145
6230,0.9175962066449437
6231,0.0024213384570291345
6232,0.06592372523373675
6233,0.0007221294224405463
6234,0.0021877277027231904
6235,0.0031692087670207084
6236,0.0029236767707300363
6237,0.010666683573098728
6238,0.3047349364032761
6239,0.003313832586429085
6240,0.00043543092433097325
6241,0.016265043980120207
6242,0.0801335993546102
6243,0.021060742444363723
6244,0.0015297480950146013
6245,0.0008947356114285075
6246,0.996339103842381
6247,0.0020509184903461752
6248,0.014385240439778693
6249,0.0004699776884361809
6250,0.0012245976022302089
6251,0.0001792256284220277
6252,8.075361041344381e-05
6253,0.00019853671953546457
6254,0.0012769269656362934
6255,0.00012241442756859478
6256,0.0004177441097327846
6257,0.0005015807628179304
6258,0.0005142997632194238
6259,0.057909068283161905
6260,7.795586515557554e-05
6261,0.004713506004364572
6262,0.000352415418848741
6263,0.0004559883628673468
6264,0.005676739311524891
6265,0.0003630963424689759
6266,0.00029598856947873426
6267,0.0001573628817000394
6268,8.36420377378942e-05
6269,0.001640649458794556
6270,0.9637739210167318
6271,0.00029019328392463587
6272,0.9890461024670625
6273,0.00011210651234439534
6274,0.0011716405741954764
6275,0.0001686206220592951
6276,8.154276672579868e-05
6277,7.974716203355914e-05
6278,0.000564230240892937
6279,0.008575011232904184
6280,0.04254996361209188
6281,0.9990130951706743
6282,0.0006013554358705053
6283,0.0006686462077939443
6284,0.008239734437001883
6285,0.0016405491730043299
6286,0.0008228456951112073
6287,0.0011558297979521398
6288,0.00041214363024189607
6289,0.00032178516198909135
6290,7.503958780128369e-05
6291,7.775674463855132e-05
6292,0.0004771474888187196
6293,0.004384541165926642
6294,0.004292672360275013
6295,0.0010196291156960538
6296,0.03182646639245197
6297,0.0001554485740517144
6298,0.015314572205455906
6299,0.0006100239984579911
6300,0.00022604837985136422
6301,8.424031806239609e-05
6302,0.010514722025884597
6303,0.0003928519919537887
6304,0.00012263567350482676
6305,0.0006737897306630939
6306,0.0009093500239650586
6307,0.01471999233322389
6308,0.0035206727162845814
6309,0.018158376637883576
6310,0.004472425790955097
6311,0.00013557717562033238
6312,0.01311210428599944
6313,0.016491992019769676
6314,0.0015026842155351338
6315,0.00748250548821755
6316,0.0014895509066744897
6317,0.00012367405322350738
6318,8.137252586438052e-05
6319,0.003395581987477842
6320,0.008205473537235854
6321,0.0006626039474878183
6322,0.0003996012123474414
6323,0.01357537883543335
6324,0.0021445517129844984
6325,0.009586307156194627
6326,0.9926028652765494
6327,0.0001713795099899127
6328,0.9804424146385881
6329,0.0003076777386079845
6330,0.0039431590834597945
6331,0.000205902799267666
6332,0.0009234232133994111
6333,0.00014503987555514669
6334,0.0010020270976460245
6335,0.00013368798056063945
6336,0.00019834222852834258
6337,0.00046361545043361663
6338,0.9948216334406139
6339,0.00048715195053157366
6340,0.9983382679131119
6341,0.9522483142674358
6342,0.0003877871129278691
6343,0.005300685556737861
6344,0.0012343829391233603
6345,0.001565637807744993
6346,0.000672705634445857
6347,0.00014047830202663122
6348,0.002221581198261603
6349,0.9731435707440035
6350,0.0003677366837304016
6351,0.0025399454837055405
6352,0.011058834403417886
6353,0.9980956323707671
6354,0.00022303771869729922
6355,0.9748924931030505
6356,0.014841074645494983
6357,0.0003701524885719737
6358,0.3113469720112293
6359,0.0040444901847046435
6360,0.002943602436671643
6361,0.9974255781595943
6362,0.00038420458414711547
6363,0.9624187367237503
6364,0.0048215471843790795
6365,0.004176970836237022
6366,0.0011710332061032292
6367,0.004516320900969916
6368,0.9047073195943505
6369,0.00058703341019788
6370,0.032232411250707374
6371,0.9983434136199547
6372,0.00015470120207337987
6373,0.0005618695131757749
6374,0.00016277271000195598
6375,0.0007260812014575428
6376,0.0017791940377977536
6377,7.491857556387551e-05
6378,0.000758473056450616
6379,0.0002449075860927984
6380,0.00026486597216894504
6381,0.0006301004112405754
6382,0.07181092455649232
6383,0.0007116345396188703
6384,0.005257727729962041
6385,0.007682617497824419
6386,0.003501290152585253
6387,0.007519235053963842
6388,0.06350967542567584
6389,0.001827038990848795
6390,0.00014218400089037366
6391,0.09962243998746718
6392,0.00020818278722688045
6393,0.011136317283550896
6394,0.9948718867023556
6395,0.00935086717495771
6396,0.00849900898511456
6397,0.0009750863764739143
6398,0.00569402160486309
6399,0.0025190548048904865
6400,0.0006648030100354079
6401,0.000276590522364778
6402,0.00014828031443278697
6403,0.0009537353968917938
6404,0.07844263470524239
6405,0.9729139022665982
6406,0.00479580319219015
6407,0.8978157398062802
6408,0.010604700509384925
6409,0.0002633647220592911
6410,0.00014992938420187356
6411,0.990971047430812
6412,0.000638229437774583
6413,0.9980391669437424
6414,0.0006205892023328166
6415,0.13372038577888415
6416,0.00012210079215583996
6417,0.03508512611963109
6418,0.0007651148419415052
6419,0.9825746548210554
6420,0.030830159921016405
6421,0.0001020410508455444
6422,0.004117617534419568
6423,0.998112580097621
6424,0.981301333977815
6425,0.023535975790908624
6426,0.0016604083470112899
6427,0.3603247539386251
6428,0.007194521958786742
6429,0.0015861231292222749
6430,0.9817561328477422
6431,0.9973664048151576
6432,0.000693380793395283
6433,0.00044981421621724207
6434,0.00015734715871794274
6435,0.9972021777646098
6436,0.01027276796972504
6437,0.042660910018446054
6438,0.0034430066192469326
6439,0.01770537955282863
6440,0.0007067666319486075
6441,0.0002889368137351956
6442,0.09175619596123638
6443,0.025054494032617093
6444,0.0038437632778505733
6445,0.8044146769130357
6446,0.9740118587063125
6447,0.002567854090636576
6448,0.0002128569685626724
6449,0.003928615254348725
6450,0.010566104719919119
6451,0.0067566637624178
6452,0.993458783389776
6453,0.002778258491705395
6454,0.00017537684961579523
6455,0.005665916064886248
6456,0.0010574678606353187
6457,0.9036463553837735
6458,0.00022529597457129235
6459,0.006981335712653478
6460,0.00016496670598129467
6461,0.24027429617270052
6462,0.001316238114153779
6463,0.0007923843997567794
6464,0.9978595719969547
6465,0.00016297500534750146
6466,0.0014658777621091323
6467,0.002587074856203375
6468,0.9946533288229336
6469,0.9984753154439554
6470,0.9880939761440803
6471,0.0005806189339655851
6472,0.001204824150656758
6473,0.0006562267405488854
6474,0.0039709354484831665
6475,0.9745567434499861
6476,0.0001788380626311224
6477,0.00372760192051923
6478,0.0005388324401660945
6479,0.0010650053659200208
6480,0.00012989503217240942
6481,0.00013724982308943132
6482,0.002435302949860324
6483,0.00013654964188288595
6484,0.00044477068493255776
6485,0.03432367681898275
6486,0.011125574538836249
6487,0.0001961647040705559
6488,0.00010407472571742667
6489,0.00034300099395631503
6490,0.017460654731686044
6491,0.00036350145833065453
6492,0.0003352061358392978
6493,0.9776187354474452
6494,0.0002735998285325124
6495,0.00026402205930555747
6496,0.0002482768180784698
6497,7.455245095840045e-05
6498,0.00041934697240570936
6499,8.648997199301699e-05
6500,0.00033179228413534315
6501,9.752202310086012e-05
6502,0.0005335441374871517
6503,0.0011105148512263244
6504,0.001868743257804915
6505,0.06892098855996295
6506,7.754570317073399e-05
6507,0.00021920821553918836
6508,0.0007639774156078859
6509,0.0004303287086939213
6510,0.00022227914257833968
6511,7.497138322298789e-05
6512,0.0005019770111413579
6513,0.0001309006632907107
6514,0.00015730321237215528
6515,0.037990360209600095
6516,0.0011461841332834136
6517,7.26691704985973e-05
6518,0.0024585942343928464
6519,0.011311878604156066
6520,0.0007803050697418443
6521,0.008921622786110207
6522,0.0013300041609959489
6523,0.0007558879390423556
6524,0.0002884722614469278
6525,0.0002097858588473985
6526,7.200898799157559e-05
6527,8.148922660019906e-05
6528,0.000772995204005103
6529,0.011517238904544034
6530,0.00020890684388958231
6531,0.0002529943843335202
6532,0.003954295464107608
6533,8.889435890353986e-05
6534,0.00010099542167721118
6535,6.35973199438966e-05
6536,0.008862347420125448
6537,8.673997429489513e-05
6538,9.764159164612353e-05
6539,0.0014502471541594144
6540,0.9960369155590542
6541,0.00094957895702278
6542,0.00040706520446967315
6543,0.0007071515043467505
6544,0.00013616961354463345
6545,0.0027183442167621856
6546,0.0018126755145161052
6547,0.0031844793884459473
6548,7.716280842262812e-05
6549,0.0002560644235802072
6550,8.055599257816604e-05
6551,0.00012193291318358505
6552,0.00022804682290354287
6553,0.00019660156426035076
6554,0.0002224660718222721
6555,0.0002296050252568291
6556,0.0006102372163114581
6557,0.001331786252224632
6558,0.004394249285731998
6559,0.01706542474912167
6560,8.027722421601558e-05
6561,0.01901257270723975
6562,0.09722097814232229
6563,0.0007095605769242555
6564,7.221111923015468e-05
6565,0.00045181440600057423
6566,0.0002930299505007279
6567,0.0033328885628515622
6568,0.0002913828490515419
6569,8.392222621877123e-05
6570,6.635885418937684e-05
6571,0.0002974898867416382
6572,0.0016947505798027736
6573,0.00028888858931792785
6574,0.0008358201995441381
6575,0.9988069612194703
6576,0.00019747195634221837
6577,0.00019847595298443874
6578,0.01992363798917435
6579,0.0001591707403059243
6580,0.0010727833624195383
6581,0.0012146056699819312
6582,0.0027158143673956525
6583,0.0003123193987132942
6584,0.0005948592631691352
6585,0.0003186434698094154
6586,0.02180752499494487
6587,0.010415278367581512
6588,0.03162941226141062
6589,0.0003208765310213514
6590,0.0016863008645853135
6591,0.002138322246778501
6592,0.0006308679313981672
6593,0.0002615372954868943
6594,0.0002807654089401108
6595,0.00021333181682797785
6596,0.0028945583497086078
6597,0.0007523647606653765
6598,0.03738295999356107
6599,0.00035919900312073375
6600,0.0002172451183857899
6601,0.9983692899606187
6602,0.0006791225740882486
6603,0.002971438453940673
6604,0.00020763100847958387
6605,0.004362464395964457
6606,0.01283115852489978
6607,0.0008206581733417989
6608,0.0002747298816846287
6609,7.482150822314641e-05
6610,0.9982785379347245
6611,0.00017892243533408774
6612,0.00023911934940900998
6613,0.00013472203065922078
6614,0.0001667624661822054
6615,0.005797239917147934
6616,0.00028725091003970973
6617,0.0003782992301050869
6618,0.009951210682462767
6619,0.00018332715876342672
6620,0.00034584271483041184
6621,0.0010240379195772416
6622,0.0002346264243994679
6623,0.00015512081282838063
6624,8.890166879148084e-05
6625,0.0003278671264162752
6626,0.0002571975882265504
6627,0.9981478285179597
6628,0.0001844683775676749
6629,0.00010656726235014145
6630,0.0002419150860835233
6631,0.0002497851499349849
6632,9.687388570787352e-05
6633,0.00013792484604742829
6634,0.00026580847473722243
6635,0.00038664852339487124
6636,0.04059897425667723
6637,0.00037485380800301126
6638,0.0002764990889741125
6639,0.0006771280590346918
6640,0.04052616718784679
6641,0.002932879727344078
6642,7.948792944748047e-05
6643,0.049067357796369185
6644,0.0030992486526906934
6645,0.0002490231986597806
6646,0.00030809228282440896
6647,0.0008842399460468565
6648,0.0011267942352198653
6649,0.00022760385753853936
6650,0.01520181096958718
6651,0.00021256176859566481
6652,0.00013961734768087059
6653,0.000153689359807544
6654,0.00022487601302709779
6655,9.71211025574667e-05
6656,0.0002424379002436525
6657,0.008143756170049317
6658,0.0010000900373932254
6659,0.0004963062059561628
6660,0.0002718532051870372
6661,0.9982563343340172
6662,7.737814940634276e-05
6663,0.0010184430919744883
6664,0.0017114191602029636
6665,0.00010174007486312838
6666,0.004569973901891371
6667,0.9457090027345476
6668,0.010555461689052078
6669,0.08487636608748181
6670,0.05014679933062445
6671,0.0007348374461379167
6672,0.0004794967292533569
6673,0.0010027104390771936
6674,8.251697262654663e-05
6675,8.216107753050304e-05
6676,0.00248781994825249
6677,0.0001263191093820738
6678,6.757722826737875e-05
6679,0.0005679001215457795
6680,0.0006933614127633671
6681,0.04880230315964883
6682,0.0313011669589915
6683,0.007457572011692082
6684,0.0011083790071157536
6685,0.00017428938202990874
6686,0.00014787961338253862
6687,0.0030698015395536635
6688,0.01197989857892153
6689,0.0002624921426967324
6690,0.9989860546870464
6691,0.0001648088533358646
6692,8.437932900610461e-05
6693,0.062177422316504846
6694,0.00024942902022657976
6695,0.006131551746937783
6696,0.0001114066969936472
6697,0.00045152743030383213
6698,0.0005074209658859239
6699,0.0001172067573629387
6700,0.001624891779146492
6701,0.00024177636082936037
6702,0.0021018002298080216
6703,0.00016259993832974578
6704,0.001438228339474535
6705,0.9983569231313906
6706,7.980412976501649e-05
6707,0.0002782468699931926
6708,0.00029473727790177976
6709,0.0006096705835152176
6710,0.000278210781678316
6711,0.0006884809687392021
6712,0.0002928988905631357
6713,0.00025672955753474117
6714,0.0028317767558236084
6715,0.00020618431786191947
6716,0.0002574937765833214
6717,0.0004134607962187303
6718,0.0004062633246187228
6719,0.017826558011905573
6720,0.020337134819336505
6721,0.000281544403082327
6722,0.0036079145051312197
6723,0.006224435099482617
6724,0.0001858777503551171
6725,0.00020442656784374065
6726,0.001044034512962012
6727,0.028773333777782524
6728,0.9983516593188387
6729,0.00375592542131281
6730,0.9968908981196021
6731,0.0003786668017261179
6732,0.00031341785386984226
6733,0.001513278906057303
6734,0.00014687589597518503
6735,0.005369483284500999
6736,0.013852149563300003
6737,0.00018512986393427424
6738,0.0012140804309567932
6739,0.005787314227074252
6740,7.352224393478507e-05
6741,0.024592346631679363
6742,7.530640462851068e-05
6743,0.0005431502661885472
6744,0.00129252277959317
6745,0.0031390090350883713
6746,0.00035313591842457416
6747,0.0007704344102359947
6748,6.859912043594729e-05
6749,0.9989639249587696
6750,0.02219755809055769
6751,8.221916335956641e-05
6752,8.731366425629469e-05
6753,0.0007241289041549358
6754,0.0004717508921615158
6755,0.00029247123439994627
6756,0.0002595121455326537
6757,0.008194018107751385
6758,0.006577674417915102
6759,7.649355442472708e-05
6760,0.0001334575290428645
6761,0.0012816105094715785
6762,0.0033066394862957616
6763,0.0005699850280001017
6764,0.00025946867167669734
6765,0.0011846279751183387
6766,0.01272122249126555
6767,0.00026093093673615553
6768,0.00042610567341356284
6769,0.00011769094256578369
6770,0.0006734498745078095
6771,0.0011180586706588589
6772,0.0005046820036745854
6773,0.001140744663177212
6774,0.00037526397449668975
6775,0.0002588037448369553
6776,0.0009720800406836982
6777,0.0021398572575457497
6778,0.005080498950602344
6779,0.9982413863770254
6780,0.023733083907558843
6781,0.0002155535933781153
6782,0.0001543228338144851
6783,0.0007121502956478998
6784,7.540636362801807e-05
6785,0.0008976977481596502
6786,0.00034779884617108656
6787,0.9975969167760045
6788,0.04235067482101631
6789,0.005826545865018832
6790,0.0017155471499971857
6791,0.0017417992040196918
6792,0.004709762543168805
6793,0.00027075168628647465
6794,0.9850535224270288
6795,0.0003819048800860634
6796,0.998278943474863
6797,0.00030168674509302136
6798,0.0057357979334198925
6799,0.004497776734941307
6800,0.05348851163674182
6801,0.0030453409979526763
6802,0.0009849189401727012
6803,0.0017023297500690898
6804,0.10342129034311029
6805,0.15201414606084557
6806,0.9929933295630413
6807,0.00025007112632542206
6808,0.018882572892772016
6809,7.707489242681464e-05
6810,0.004063382362608226
6811,0.00021228468633616585
6812,0.0010085451800450364
6813,8.097042245628071e-05
6814,0.9888711036407024
6815,0.0025799594430102116
6816,0.9975230954476008
6817,0.0001948042890298678
6818,0.0012713514213183205
6819,0.00018249645381768087
6820,0.0060731575186115105
6821,0.9987568340701622
6822,0.980968357357513
6823,0.9962918561951304
6824,0.06927122618897012
6825,0.00023156622645850456
6826,0.9990081629511749
6827,0.9987168544825874
6828,0.00028551261258767685
6829,0.0002011496001303583
6830,0.06369296740391275
6831,0.0012341392601386857
6832,0.001014962005335814
6833,0.009137820337983046
6834,0.004178532374908753
6835,0.012241043549067592
6836,0.013436795859098133
6837,0.0007785302178772496
6838,0.998364104344047
6839,0.049471427230470245
6840,0.014617461327095927
6841,0.023177532093693342
6842,0.0349203349965827
6843,0.0028613722031052597
6844,7.972588705046023e-05
6845,0.0075995266340807876
6846,0.0001558333548065431
6847,0.00037201391644134006
6848,0.0003154857302239001
6849,0.0024681347352505105
6850,0.9987948313653909
6851,0.00030656080253185205
6852,0.00019673133302771606
6853,7.745177047903363e-05
6854,7.769848627992553e-05
6855,0.0008425278288736119
6856,0.00042415716790687654
6857,0.00024137135726369887
6858,0.00021990328770983753
6859,0.0002397641322029281
6860,0.00036423666464133013
6861,0.00029225470094649793
6862,0.00022290109415890624
6863,0.003056656068950919
6864,0.002329160207453366
6865,0.0011610395554952032
6866,7.76597427790629e-05
6867,0.017643081467447704
6868,0.00010313537901085313
6869,0.07717884508299629
6870,9.044748171925903e-05
6871,0.0012088628924168871
6872,0.0006089636584502206
6873,0.00021467200860628475
6874,0.0001621764195118108
6875,0.00020056009729945578
6876,0.9941129050495192
6877,0.9984790031983716
6878,0.0020835763559619767
6879,0.00028399896701035844
6880,0.0004390405849719832
6881,0.9986944005716081
6882,0.0010461478074816127
6883,0.8976202814188483
6884,0.00024270825136557826
6885,0.01536901833821839
6886,0.0002684227614044404
6887,0.003579508996547373
6888,0.006889089439062366
6889,0.00035276716621811477
6890,0.0006356698525186225
6891,0.9986191970888572
6892,0.00024019471708257908
6893,0.0030240970086923987
6894,0.0033761788659501255
6895,0.00022968196203877433
6896,7.649935960372497e-05
6897,0.03697592400760843
6898,0.00029683013775290407
6899,0.04058336520846413
6900,0.047090828083044656
6901,0.9980807638809246
6902,0.00038349735208141676
6903,0.0016069937783536874
6904,0.00030910952276943675
6905,0.00020268646713202332
6906,0.00014075161671154175
6907,0.00021926482113019449
6908,0.0007735937543215613
6909,0.0007388825051172068
6910,0.001788318783983786
6911,0.0008548930552728648
6912,6.569228352079584e-05
6913,0.00031531840330947314
6914,0.0002491270604912859
6915,6.90732782814691e-05
6916,0.0060593312777300345
6917,0.9988321847628303
6918,0.0006132925782247454
6919,0.004537904910036242
6920,0.021484330675041272
6921,0.00031830105440945286
6922,0.00036719132334930106
6923,0.0083993844858134
6924,0.00033183311897115505
6925,0.00019390471576269107
6926,0.00019968776578206245
6927,0.00029589924047986223
6928,0.0002022067170386375
6929,0.0002220267577478422
6930,0.0002051464407416866
6931,0.000742795057136368
6932,0.01820405949888466
6933,0.00018021701402973968
6934,0.000554846279060458
6935,0.00027360978702333237
6936,0.000193783185875309
6937,0.0019228530637539227
6938,0.0004900956079760058
6939,0.0001812625347880209
6940,0.013513424954235376
6941,0.00019270892855742763
6942,0.00032570057520149565
6943,0.0003297964552707943
6944,0.9971283467710848
6945,0.00022019202768405822
6946,0.00035866210304287
6947,0.9985339359736933
6948,0.014732138128567778
6949,0.009220233752860917
6950,0.0002512775969302508
6951,0.002616435212959313
6952,0.008243835417169977
6953,0.0007399098669047825
6954,0.00031334140873941945
6955,0.0018157073145718561
6956,0.00037982707712610564
6957,0.00019816413147023454
6958,0.0005833678298974036
6959,0.997565980506933
6960,0.0006323527478052999
6961,0.9977253516725308
6962,0.00019459903123666744
6963,0.0720902845931788
6964,0.9958224125406543
6965,0.005619610199482139
6966,0.0002953894901801871
6967,0.00028042037704417824
6968,0.0014202816829767522
6969,0.0023454157629204534
6970,0.00041412331197483113
6971,0.0004978127064644304
6972,0.0006532490070606786
6973,0.0008910368941853845
6974,0.00021707120213041272
6975,0.0002494166756856216
6976,0.0001934143044063996
6977,0.000105239781702079
6978,0.037308232762959456
6979,8.280920793648667e-05
6980,0.012545209338698213
6981,0.0020768778206122205
6982,0.00470033621309431
6983,0.040106599299598054
6984,0.9985971247456306
6985,0.0016073636772789396
6986,7.80594927452651e-05
6987,0.07120229561946317
6988,0.02600276828235909
6989,0.00642526098752962
6990,0.00019503557723155865
6991,0.0002262589014223066
6992,0.0025835256650063444
6993,0.006497408914162057
6994,0.9496058305944783
6995,0.9978742228523594
6996,0.00023974716293712157
6997,0.06161675597744508
6998,0.08215114945662015
6999,0.007458509652981532
7000,0.001286612658076662
7001,0.9987578332527676
7002,0.0002964062058873297
7003,0.9982725481110875
7004,0.9374228478038977
7005,0.998793607874313
7006,0.0001488339320770112
7007,0.0048457706201148415
7008,0.0004615912636554994
7009,8.249669645081356e-05
7010,8.368907487847455e-05
7011,0.0004935050574282564
7012,0.0026863221614207367
7013,0.0008853439956657789
7014,0.9984053740689767
7015,0.0001718191180115905
7016,0.0016992216740443701
7017,0.0003092365109325456
7018,0.02690371983568556
7019,0.00015358157251602265
7020,0.00010435760339074975
7021,0.0008740743309613002
7022,0.012291466634001777
7023,0.0002526442493606102
7024,0.0083797646101745
7025,0.009390388931056957
7026,0.0005320286726861266
7027,0.00033975719475734496
7028,0.0003027793893613656
7029,0.9989252646667566
7030,0.9976768807316772
7031,0.032373040187183566
7032,0.00032949133244687304
7033,0.9987208602222374
7034,0.00029286361987834655
7035,0.00030922692120174445
7036,0.006315718329247355
7037,0.0002558110808299957
7038,0.0006250246392942452
7039,0.0012754936543295666
7040,0.0019889925148910033
7041,0.0012447011910269486
7042,7.859623577930053e-05
7043,0.002096445876118084
7044,0.0045980702897537055
7045,0.03538981443148333
7046,0.00020224529810491167
7047,0.0011465934154309052
7048,0.004061337810689004
7049,0.00017385099961271354
7050,0.0025930484375673267
7051,0.01413297702835945
7052,0.00014189865868602386
7053,8.078785788199573e-05
7054,0.01150951726387319
7055,0.000386223954184033
7056,0.0004029280419182152
7057,0.004145846327136428
7058,0.02346551829948965
7059,0.00043667879334803334
7060,0.9983362601248273
7061,0.0003326214518978917
7062,0.0018948510117887825
7063,0.004959042725220067
7064,0.9924789459334958
7065,0.0005586228551389003
7066,0.00022574878947223382
7067,0.06581383353873749
7068,0.0018624744782484944
7069,0.0006017271436784002
7070,0.00022937516050995166
7071,0.0016758981461092713
7072,0.01851383544909756
7073,0.0001936741854199021
7074,0.00022599606112812704
7075,0.4209922072094213
7076,0.0003704913401637275
7077,0.005636423352831047
7078,0.008445564080081073
7079,0.00030161290892408464
7080,0.9988057733039204
7081,0.0003254428837152908
7082,0.0001171999565388527
7083,0.00021293825951008917
7084,0.000152562523215284
7085,0.0010744849206352
7086,8.584220496474797e-05
7087,0.00030318638673491075
7088,0.0002309010592496255
7089,0.03623950419032641
7090,0.00022481984656079688
7091,0.005880566298650933
7092,0.013406208144761386
7093,0.0018106360271571743
7094,0.0017990064392153452
7095,0.00026801862861090277
7096,0.0039882979164424775
7097,0.002636643749664144
7098,0.21729680188311556
7099,0.00024289793228041717
7100,0.00019511236735644013
7101,0.000897320741541879
7102,0.0006105774856339814
7103,0.12977409740791498
7104,0.0003290558504892064
7105,0.8599536894388067
7106,0.00014750329283519628
7107,0.0007379513392757437
7108,0.00014231181985452918
7109,0.0010295346039752846
7110,0.00030941821811925985
7111,8.510254579949551e-05
7112,0.0006908352551633665
7113,0.00026108435024403416
7114,0.9972928052214491
7115,0.0002841991628037541
7116,0.0070247104493222304
7117,0.00024410378563254775
7118,0.0001627123693333763
7119,0.007446556224438482
7120,0.9953197361430235
7121,0.00010379974177567272
7122,0.000261046666501845
7123,0.00022766653348877826
7124,0.0007327287836543788
7125,0.004932526759366514
7126,0.0012951605795555985
7127,0.0022490876546607656
7128,0.002219008452720601
7129,0.001728483677627764
7130,0.00019771940723002488
7131,0.0003544426770158204
7132,0.0002206987022704625
7133,0.0002409366335249458
7134,0.0012589826537218348
7135,0.00035781306714589335
7136,0.0013677946359479305
7137,0.00030292071685579253
7138,0.00018883921882232422
7139,0.9942081763675714
7140,0.000646480767590553
7141,0.0001768351795089488
7142,0.0015135553271609138
7143,0.0002531626572986435
7144,0.0028498960054577733
7145,0.00032461242679957057
7146,0.004587333679364485
7147,0.010534587735958436
7148,0.00010088763989416047
7149,0.00021043078750799903
7150,0.0004930971104652246
7151,0.0001420024093927858
7152,0.9980332983229616
7153,0.9981769185796431
7154,0.02005754781674019
7155,0.0007573698785429194
7156,0.0014036867456434815
7157,0.00020525509479003807
7158,0.30649798144180906
7159,0.00014710849274247734
7160,0.00042187327635737174
7161,0.0002602567288109166
7162,0.00014257725014545775
7163,0.00019272154941933745
7164,0.00015756733259654726
7165,0.00031539707370012795
7166,0.00019658210352367644
7167,0.00023507511235917612
7168,0.9987519487282249
7169,0.002026410335915229
7170,0.00752138216467031
7171,0.00018736934020696937
7172,7.545722746455615e-05
7173,0.0018385498955139305
7174,0.0020851479541034363
7175,0.00014105303934616124
7176,0.00023642074877993488
7177,0.00027765539623922884
7178,0.0010679707700102276
7179,0.00024011807089829819
7180,0.9958738320533713
7181,0.0018311025572642866
7182,0.0003289040321402782
7183,0.0003771851470198084
7184,0.00789950898479262
7185,0.149923141894837
7186,0.00026218139738736716
7187,0.000565079258129541
7188,0.0011283195212343272
7189,0.00029527028500919456
7190,0.004393597921797959
7191,0.0008347365138713797
7192,0.0016856664554037455
7193,0.0004767353098623694
7194,0.001121668022798028
7195,0.0003482427733019381
7196,0.997470723044698
7197,0.0002702811089517061
7198,0.00023244790470145898
7199,0.994590125474647
7200,0.0003509311852596266
7201,0.0002476394793808096
7202,7.77714132697804e-05
7203,7.492813822036981e-05
7204,0.00014278033088890112
7205,0.010847795267549806
7206,0.9933934209019315
7207,0.00047683751268705777
7208,0.033326329477805824
7209,0.0036598225091823483
7210,0.03114326901115887
7211,0.08370678978672087
7212,0.9849595726843823
7213,0.007492133322326235
7214,0.00024868290284814034
7215,0.00033376695138634675
7216,0.00019747486300319002
7217,0.9986443735193813
7218,0.9989749695357425
7219,0.9988882119148734
7220,0.00022144601609889216
7221,0.9820206346288851
7222,0.9984005334236213
7223,7.496370787909794e-05
7224,0.00035373200273475166
7225,0.9971127051935638
7226,7.946727615648074e-05
7227,0.9988679054493369
7228,0.08708192612979843
7229,0.005333294364688979
7230,0.0004990414693725007
7231,0.0008165665004992665
7232,0.0002667891583626707
7233,0.0010034497191036599
7234,0.0021162974260806244
7235,0.9977167630958348
7236,0.0006772527529581043
7237,0.00028194051227236987
7238,0.00042855606493305814
7239,0.0005304924893834213
7240,0.0016854542153683344
7241,0.00016911731975413036
7242,0.002410170208961377
7243,0.0003418279540689293
7244,0.0018628868987472552
7245,0.00022506435619983072
7246,0.0008073475168945288
7247,0.02665369570007371
7248,0.0032205407727306156
7249,0.00024975819155846813
7250,0.009223074467363606
7251,0.00027157500411716557
7252,0.0003699495847837281
7253,0.008352041373055868
7254,0.00037869587384352507
7255,0.9987679146592374
7256,0.0008525159913332265
7257,0.0016045306531359926
7258,0.00869176357363007
7259,0.00023807399213434123
7260,0.00046961810215670734
7261,0.0001371603350368295
7262,0.0008972923081477103
7263,0.003943850191567153
7264,0.0020821667020926755
7265,0.0002327917147836712
7266,0.00027017344536022696
7267,0.0033668097482560935
7268,0.0014630213192883778
7269,0.00062058765357209
7270,0.00023781476321637845
7271,0.00020813021281863216
7272,0.010921443137759956
7273,0.00023761199414597565
7274,0.0015730330923422002
7275,0.0034316004709656124
7276,0.0014210766784508552
7277,0.00022703086728507034
7278,0.0011493476674753964
7279,0.0002908154263418514
7280,0.0005715440700882944
7281,0.0006703627886859815
7282,0.0006153857667487862
7283,0.0013018803323349409
7284,0.0016791615009835938
7285,0.00033346788953242986
7286,0.0002962694354570353
7287,0.000249623451572418
7288,0.0025379479790517473
7289,0.01061638101737514
7290,8.313729637836276e-05
7291,8.751426586861784e-05
7292,0.9990405264001057
7293,0.00017339441411292597
7294,0.00022865034236554659
7295,0.0005206299387840518
7296,0.9732814475014756
7297,0.997956084383482
7298,0.00010375068717751025
7299,0.0031063554244538318
7300,0.014610704730851711
7301,0.03568952693666743
7302,9.219804858730401e-05
7303,0.0003235623603536625
7304,7.927084293238983e-05
7305,0.00045129861670194997
7306,0.9957719577313103
7307,0.0031353093512879585
7308,0.0027218078935857767
7309,0.002586134335381836
7310,0.014769734396411608
7311,7.482331074180879e-05
7312,0.3955536862752365
7313,0.00023183854288935432
7314,0.024271769893630286
7315,0.0031769199445156647
7316,0.0004837436176961734
7317,0.0005037237315300141
7318,0.011065297546106665
7319,0.0005414182302476914
7320,0.9875701849813909
7321,0.0004993241542997791
7322,0.00025016205099914984
7323,0.011406034968533159
7324,0.00023461625943930814
7325,0.0002144180572569429
7326,0.00029230747005001454
7327,0.009285410107470944
7328,0.028730474970403864
7329,0.000319973316245431
7330,0.0009510014104214823
7331,0.0002128673368284175
7332,0.00029033037343874455
7333,7.833675284775822e-05
7334,0.00025916400435828217
7335,0.02080108841216417
7336,0.007079217506348841
7337,0.00015720364028876682
7338,0.0005793242948282844
7339,0.0006825048094400641
7340,0.000186289717258923
7341,0.0001438132576348628
7342,0.0002719325976034639
7343,0.0037494224508997655
7344,0.003576955936496002
7345,0.00023640506573171372
7346,0.0022804105045088063
7347,0.0006221890187905402
7348,0.009322460326864202
7349,0.0003131432015046635
7350,0.00038063159786986894
7351,0.0002469054813567745
7352,0.000671693640138955
7353,0.011141780231179899
7354,0.0038437528349272573
7355,0.0005619611491470666
7356,0.00024924790078824637
7357,0.01467552153489404
7358,0.005833011998390111
7359,0.00030559254643542435
7360,0.0025091579731858745
7361,0.00030476902500427023
7362,0.0016583318934248331
7363,0.003620140311063051
7364,0.0006444911353556105
7365,0.0002803247034992308
7366,0.0002225058883367418
7367,0.00017355119970105355
7368,0.0003121441886046996
7369,0.00018841517393505203
7370,0.0003712384654200591
7371,0.008998461252410448
7372,0.9989029055286807
7373,8.114730631365055e-05
7374,0.008395618116153789
7375,0.9832758117344806
7376,0.0013231837422626581
7377,0.006128491413391982
7378,0.0002918501917871315
7379,0.0027336421004556335
7380,0.0007118794520461298
7381,0.0004924545036253359
7382,0.0002241070149886892
7383,0.001225749064752583
7384,0.00025708210168094166
7385,0.00042742899868822423
7386,0.010797660335759853
7387,0.010069583004480603
7388,0.013752843672569135
7389,0.010496511727439754
7390,0.02646934344838442
7391,0.004666346457961734
7392,0.0003227847112180818
7393,0.0020169671115887362
7394,0.00021438456245629245
7395,0.0038958099297656144
7396,0.0004642238975645597
7397,0.0003960301107114253
7398,0.0003176837058346964
7399,0.0002866022716774794
7400,0.030231206186969117
7401,0.0002792356194700716
7402,0.00020852890284839615
7403,0.0023597366582138674
7404,0.00025843872192632026
7405,0.0031222227309221627
7406,0.9988665311690893
7407,0.00021834279563851577
7408,0.0002663374529503562
7409,0.008696192861649386
7410,0.009461394331986258
7411,0.0019123368593383812
7412,0.00343352963067666
7413,0.00015208919113017243
7414,0.0002904985141783441
7415,0.0012861114523958002
7416,7.146687170168608e-05
7417,0.023115579345863897
7418,0.010336042057212128
7419,0.00020126484922989852
7420,0.007649223861999535
7421,0.005300699423490399
7422,0.00021616618949652256
7423,0.0002687321088713056
7424,8.37645138794059e-05
7425,0.019315498282362994
7426,0.0002659413492629132
7427,0.0002510889128462293
7428,0.056791608501479705
7429,0.00038402350609008953
7430,9.566008507254755e-05
7431,0.9620566985512757
7432,0.9684980120504021
7433,0.001619327471384086
7434,0.00028166114367324404
7435,0.00026018539870808404
7436,6.79921635699211e-05
7437,0.004021360969051667
7438,0.00037861510270018284
7439,0.0007875024042882445
7440,0.0027759860225394705
7441,0.0001251996341479523
7442,0.0022306529384771524
7443,8.060471038351634e-05
7444,8.894607098826473e-05
7445,0.05836890982727609
7446,0.0002255782933638497
7447,0.0002226949225554888
7448,0.002047948058704613
7449,0.9967249750067607
7450,0.0003507172346096832
7451,0.0013128197114423512
7452,0.03900306516735258
7453,0.00020336385772620085
7454,0.006793381932244831
7455,0.06887140002176825
7456,0.037704024193476085
7457,0.18253260301128857
7458,0.9980158704508015
7459,0.00022980581772985594
7460,0.0002574246530759309
7461,7.699761907153768e-05
7462,8.488012489291441e-05
7463,0.0010001409010640908
7464,0.02016457855044563
7465,0.014480589153530996
7466,0.0065047658810878485
7467,0.00039891018204545774
7468,0.9986175303561515
7469,0.0054248113166545904
7470,0.9979380281098844
7471,0.0003222011519884597
7472,0.017762829514638624
7473,0.00037250948836823754
7474,0.046439920349625075
7475,0.0002222050933693317
7476,0.0007424932217795767
7477,0.0002604786311572375
7478,0.00020519009740919305
7479,0.00023080482598867723
7480,0.00022287481161104185
7481,0.00016537192529809047
7482,0.00034987410983281414
7483,0.006194940988660362
7484,0.001116922939207475
7485,0.0002947754643257539
7486,0.00020466182776565975
7487,0.00012563965407176833
7488,0.02087600554153754
7489,0.008208033092391884
7490,0.10960670307559861
7491,0.006034081397833772
7492,0.0031243968636197605
7493,0.02086729310465576
7494,0.998737459666063
7495,0.0011975542635126808
7496,0.0002589672434237203
7497,0.00658900674519772
7498,0.0003535030442398344
7499,0.001040563945955419
7500,0.0002604603689976536
7501,0.791349317158542
7502,9.791526965702668e-05
7503,0.0184899872722376
7504,0.00014802314096247173
7505,0.0002902776455856292
7506,0.0003885827567780353
7507,7.114769164405709e-05
7508,0.03332082501211707
7509,0.0002632982166801871
7510,0.0049668316171573934
7511,0.9684547579970552
7512,0.9990909035850366
7513,0.0006511105949137543
7514,0.0007080826297431037
7515,0.00029664319573440793
7516,0.003978029158542301
7517,0.05823249827863776
7518,0.005051094224673204
7519,0.0010862096662403275
7520,0.001984039336785328
7521,0.00010352781513700371
7522,0.00025169176257439606
7523,0.011369917308954005
7524,0.020201769297483744
7525,0.0005274675892833028
7526,0.0005090573836269242
7527,0.00013926615503354606
7528,0.002113943469048861
7529,0.008076877424886919
7530,0.004830731026544309
7531,0.00021641467157453094
7532,0.03525585831055221
7533,0.005133059277003439
7534,0.00025572969630637915
7535,0.007574176714978375
7536,0.0007004719634993389
7537,0.004425405813496696
7538,0.00022886706818073263
7539,0.00014555121480871308
7540,0.0002736460324152872
7541,0.001477837703901511
7542,0.0002171173790184705
7543,0.00024971053275617245
7544,0.00015767444241424425
7545,0.9691321989526284
7546,0.0002291504602722813
7547,0.00013981195898274808
7548,0.003610611736967284
7549,0.0014810648202020766
7550,0.00026006947241787243
7551,0.0003075603044834875
7552,0.002498801991640337
7553,0.0011512564915212567
7554,0.01728701158781737
7555,0.005333180745414326
7556,0.0008972006275158835
7557,0.00034473436343967795
7558,0.00025715078233551504
7559,0.00019614674591370555
7560,0.0002459516965083839
7561,0.00022258930846595455
7562,0.13074246551264773
7563,0.00028824923846857727
7564,0.00022850333107109856
7565,0.00046427936106502733
7566,0.99248966826187
7567,0.0012289187667842397
7568,0.0002719881832714102
7569,0.0014638158390521152
7570,0.004894647930417725
7571,0.00030930640926198993
7572,0.00536156069330229
7573,0.00010533055169019431
7574,9.357361032345962e-05
7575,0.00035094805054242074
7576,0.00312024822318269
7577,0.0039035646669105654
7578,0.0009413700965813282
7579,0.00023342847626452775
7580,0.0001979438948085409
7581,0.00022200693047321455
7582,0.9937117764887041
7583,0.00022336759506821216
7584,0.00014472125099680954
7585,0.0002769007746896136
7586,0.0001449863738137061
7587,0.0004519432748098023
7588,0.00017729101255910528
7589,0.000301538219124354
7590,0.003699671801271886
7591,0.0022822355060165577
7592,0.9980969377762337
7593,0.00033427484007205697
7594,0.013829235329963344
7595,0.00029000471833617034
7596,0.001718662424426206
7597,0.00024990048544116654
7598,0.0001493880566376551
7599,0.000143191863165547
7600,0.0003596173509779575
7601,0.0004031492958791579
7602,0.00431921830467135
7603,0.00010243187764340654
7604,0.00028018627086150757
7605,0.0002260836534151693
7606,0.016922448176536885
7607,0.00023862194699355487
7608,0.00027333769659527963
7609,0.00018683343598535033
7610,0.00010671024462116864
7611,0.0002896215507382792
7612,0.00028859341021694116
7613,0.0002472968678532941
7614,0.00025733497609154045
7615,0.0002552756315083737
7616,0.00027151906065054065
7617,0.9981200959649451
7618,8.537425421968277e-05
7619,8.370170823256757e-05
7620,0.002454394982645225
7621,0.0030657328469855098
7622,0.00022868695911792248
7623,0.00025303719231974385
7624,0.0002148589394409651
7625,0.01467271748141193
7626,0.0004446365200981042
7627,0.0005854047872005591
7628,0.9980691463152983
7629,0.17004039228319362
7630,0.00020084829617562317
7631,0.0002417381775354028
7632,0.005236049498269044
7633,0.002738812372012596
7634,0.022457447822632433
7635,0.00013812692422040588
7636,0.0010330025435481428
7637,0.00337889503083948
7638,0.006694366642194078
7639,0.0003432888639260257
7640,0.0005194348852628852
7641,9.00083134081249e-05
7642,0.008644871024575763
7643,0.00024208126641535208
7644,0.0039791361454032175
7645,0.08132374891942613
7646,0.004953246840504708
7647,0.0010634932464481184
7648,0.00020982304830807077
7649,0.030361625983307106
7650,0.012598502675057993
7651,0.0036913105172849472
7652,0.0004067777869160686
7653,0.00026538269957768104
7654,0.004005691766186459
7655,0.2036719255247849
7656,0.9733745734623156
7657,0.0008773153219448178
7658,0.9957202397621587
7659,0.9988558010568571
7660,0.9635681228880081
7661,0.9932249636457205
7662,0.0003022388547575565
7663,0.0012162614934264915
7664,0.0006728740377681949
7665,0.005819933997009312
7666,0.2566593636722919
7667,0.00019836405793087773
7668,0.0003040634415828456
7669,0.000220536816696361
7670,0.27258807207772395
7671,0.0008424471654244941
7672,0.0005352500149547201
7673,0.0016147092465466442
7674,0.058266201410277954
7675,0.00021927758053603042
7676,0.00023154905591022524
7677,0.00034688597281615864
7678,0.00043357631870183865
7679,0.9969155060553561
7680,0.0004359026848841036
7681,0.020280862477667663
7682,0.0002547968769743452
7683,0.00037764023224365014
7684,0.0018552512065958399
7685,0.0021119996666413175
7686,0.0009004051667919006
7687,0.00033089894244090645
7688,0.00028946928707978886
7689,0.00037170468080156507
7690,0.040247556537739634
7691,6.947842138861868e-05
7692,0.000727980628228883
7693,0.00044201913521003304
7694,0.0011048148949406825
7695,0.0016108270621964054
7696,8.971496019274106e-05
7697,0.004768010170103955
7698,0.006948671918782875
7699,0.9877485179669131
7700,0.00597326183371988
7701,0.00020395532217470135
7702,0.9537572126103298
7703,0.02887649617767745
7704,0.009786680135923565
7705,0.0032014222273777496
7706,0.00018932257855233214
7707,0.0005067676193412276
7708,0.004290691803793735
7709,0.004198637424058368
7710,0.007623835091727343
7711,0.00026497690222437257
7712,0.135533735874467
7713,0.004232755509170931
7714,0.01076995690816391
7715,0.23418086414744055
7716,0.005923151805923665
7717,0.0014428295206416072
7718,0.008781631474738488
7719,0.5176325133044721
7720,0.0002604068815349939
7721,0.0002348817567436717
7722,0.00024424696269119124
7723,0.032415567690891656
7724,0.024536269076655907
7725,0.004024856434987158
7726,0.0015366760259505256
7727,0.01517289021650189
7728,0.000165807495244012
7729,0.0005233256760313404
7730,0.00015062375605429397
7731,0.0008246061107925688
7732,0.0057151203535242895
7733,0.003212341904786071
7734,0.0019134731781484335
7735,0.00030588047721081174
7736,0.0002576192405268429
7737,0.05062342027711576
7738,0.006930456686926054
7739,0.00011875604206575083
7740,0.0002493102095652806
7741,0.0001764587946733218
7742,0.9927598094164839
7743,0.0070495864645617815
7744,0.016577859175359803
7745,0.9975833603100297
7746,0.004984660967229887
7747,0.010958529651800119
7748,0.0009481667194049398
7749,0.0015289536776074274
7750,0.006109263866536514
7751,0.004258870981443762
7752,0.011906483397092054
7753,0.9976350756226259
7754,0.0017102876966889132
7755,0.0005531165824712148
7756,0.002717306949451454
7757,0.0001477735777608724
7758,0.0002204582272195128
7759,0.0005438234576021589
7760,0.0003068935222672263
7761,0.01514395093766469
7762,0.006939275180805157
7763,0.0002178406004995582
7764,0.0006182268986210666
7765,0.00016887307436180544
7766,0.00012907046076008678
7767,0.0007455191224273177
7768,0.00019430654619785907
7769,0.0002892944971305751
7770,0.006024931401670978
7771,0.00015994135498123
7772,0.012675601122429481
7773,0.9970953070259189
7774,0.0015023629971465194
7775,0.018768653986724514
7776,0.005662234803339139
7777,0.00016603465357670116
7778,0.018739109196553465
7779,7.996131085154825e-05
7780,0.008404682019120582
7781,0.0008879472258252472
7782,0.19163168067206193
7783,0.002546039209847075
7784,0.012866834189869152
7785,0.00016296042567841138
7786,0.00019202971780050437
7787,0.021475129560658224
7788,0.00017981580212516672
7789,0.9986684982470821
7790,0.00020071678500867737
7791,0.0002163557385047748
7792,0.00030518784270816074
7793,0.00021698347677080883
7794,0.0003178176548184899
7795,0.00034185936794402146
7796,0.02785718459872861
7797,0.0002940373247602234
7798,0.09519165317835745
7799,0.9926528757864869
7800,0.02203617085919205
7801,0.00045012365522059466
7802,0.004324876163525044
7803,0.006709912130213169
7804,0.0024304469152829572
7805,0.9986108009258565
7806,0.0003082780872618432
7807,7.823666122176437e-05
7808,0.00034330203074340877
7809,0.00022977896624026993
7810,0.0006956395319043688
7811,0.003359995830502642
7812,0.06785320542839704
7813,0.012974792584047745
7814,0.00013834220527719445
7815,0.0003385681436888619
7816,0.9953751077671343
7817,0.00016585106624489418
7818,0.0003386862610015685
7819,0.998632556522461
7820,0.00045834415116410333
7821,0.0003365699257162966
7822,0.0037663563495042712
7823,0.21914016697626196
7824,0.00029794549271421327
7825,0.00024369553751669933
7826,0.00021902851269828714
7827,0.9980385515905106
7828,0.020567602906635837
7829,0.0029926450171786382
7830,0.00020892243935562312
7831,0.0002470472006156248
7832,0.012823053013288907
7833,8.480529817695765e-05
7834,0.560207666608739
7835,0.2101307079200161
7836,0.09673742712614969
7837,0.004536045980475572
7838,0.0005555337984745282
7839,0.003247532354566737
7840,0.0010548038852925333
7841,0.0013700284653633899
7842,0.004014754819747485
7843,0.00023614798887634393
7844,0.0003827052077191335
7845,0.013212377951837226
7846,0.0002589563180179906
7847,0.0002915134385540551
7848,0.00018119425286435665
7849,0.9965737320421113
7850,0.0002217888138653317
7851,0.001709154025046356
7852,0.00034918179981014894
7853,0.004995493416016473
7854,0.00025821617099523254
7855,0.00023745721705331098
7856,0.0002895871107207755
7857,0.0014249560948962113
7858,0.9987355605757404
7859,0.00017694646553198745
7860,0.00029103959632084886
7861,0.0015974808756486364
7862,0.9990074559002926
7863,0.0002604866615254952
7864,0.00025089921328277546
7865,0.025565729077273232
7866,0.0028566424307204198
7867,0.0002211215787617722
7868,0.0002838615933803075
7869,0.0002608408410361416
7870,0.000137734700002985
7871,0.00026725909218240586
7872,0.00014847295014643538
7873,0.0016159413345142523
7874,0.00017485886785710282
7875,0.9724746414678511
7876,0.0015732191203470386
7877,0.010598042664444987
7878,0.004846058968807467
7879,0.9979697642523787
7880,0.00016613396815886713
7881,0.00026011110372035223
7882,0.9180977733266434
7883,0.0002554365771963992
7884,0.9969468286427048
7885,0.005569785448460129
7886,0.0013484960309167197
7887,0.9976265638058134
7888,0.00043405699936936227
7889,0.0010381490281767566
7890,0.012878503330108329
7891,0.0002788301196145991
7892,0.008331248496934904
7893,9.913296706169513e-05
7894,0.00037071170487943024
7895,0.0024050097019179015
7896,0.9988079483073538
7897,0.00023499899150166044
7898,0.0003301435328778129
7899,0.00019232445461820122
7900,0.001285446280839368
7901,0.013980304339284082
7902,0.9949620467262881
7903,0.9951364017482209
7904,0.027957320521774482
7905,0.10851724939929261
7906,0.0001975838044751297
7907,0.010999924418848861
7908,0.00010397899003399475
7909,0.00023906531340764522
7910,0.0017376091695652505
7911,0.0033965714750181716
7912,0.0002485193721232972
7913,0.0002217565154093163
7914,0.0003078999768441698
7915,0.9966799382185332
7916,0.0005124728185483438
7917,0.0005117991833125265
7918,0.9984463732306226
7919,0.008729837028294916
7920,0.00024149265260523518
7921,0.022465260429167
7922,0.013430265998594098
7923,0.00047853897788111043
7924,0.0008024724669830529
7925,0.00026151742094183636
7926,0.0002617433647964419
7927,0.0008110926077579319
7928,0.0005441890886084291
7929,0.9433056106660663
7930,0.0002381367869221765
7931,0.00021990328770983753
7932,0.00012889068014626575
7933,0.0001646893602283576
7934,0.0004173600241781851
7935,0.06745632887104829
7936,0.0005504904637956667
7937,0.0005047293887815837
7938,0.0002506870678055857
7939,0.0029891519969130775
7940,0.0032323559644606313
7941,0.0002633075887558764
7942,0.00016078055425074994
7943,0.00019322596082626032
7944,0.00023089012562169765
7945,0.9987058419891822
7946,0.00016968259299236958
7947,0.0003335950406164681
7948,0.0014015668245974846
7949,0.040705090064184296
7950,0.0001938935910484791
7951,0.00021345695855183008
7952,0.0010075032898796052
7953,0.00045944868150540137
7954,0.0006502322950761692
7955,0.9809428105291296
7956,0.9981984762649854
7957,0.0003728521585345536
7958,0.00158416936321661
7959,0.24801573139206826
7960,0.0009064636256468736
7961,0.0009327498807901447
7962,0.997880705673268
7963,0.0063211171621540664
7964,0.003007686101836343
7965,0.000127455953313118
7966,0.000176725956562894
7967,0.00017400520572272312
7968,0.00031308055100897345
7969,0.00018991000737512265
7970,0.00033526335273418006
7971,0.000177477611052709
7972,0.00013625633409021647
7973,0.00031016503984380013
7974,0.004182790740826169
7975,0.00032804664083376666
7976,0.006416785911979766
7977,0.00011835985565575209
7978,0.00035337121744513026
7979,0.0001533294370594376
7980,0.00020354647430968748
7981,0.00025981697816753775
7982,0.00021029126911114405
7983,0.0001270556889115295
7984,0.0001424940200792969
7985,0.00637200519491748
7986,0.00028456920120149435
7987,8.267548235682885e-05
7988,0.0006510198050027848
7989,0.00015271406024173332
7990,0.0002691761139423453
7991,0.00012602771670933946
7992,0.00024139981294508616
7993,0.3630248822984733
7994,0.004193767816220351
7995,0.0002278971383043964
7996,0.00015370048603883247
7997,0.00025389046717176004
7998,0.0024278155805867252
7999,0.0001939775582797917
8000,0.0003118047084589149
8001,0.0001761637957905328
8002,0.012876310613599434
8003,0.004673151239130457
8004,0.9982806339696728
8005,0.0002831465020818371
8006,0.046789808926625445
8007,0.05826050710269184
8008,0.0002907170293862359
8009,0.004360707217854887
8010,0.0013022719530874191
8011,0.00022832456505645428
8012,0.00025614943907632315
8013,0.00021636305633383028
8014,0.00015457408005393921
8015,0.0004069142845246774
8016,0.0006960034162632308
8017,0.000741826511351127
8018,0.002562613350002542
8019,0.0018573726133825652
8020,0.0031333657474653734
8021,0.013801244043959698
8022,0.908618427377944
8023,0.0007917526635746383
8024,0.0004069098679675705
8025,0.013921918246786045
8026,0.00024086853046221228
8027,0.9990463591902902
8028,0.000250545727127467
8029,0.0016645690819906943
8030,0.2593156619433953
8031,0.0024456991129427974
8032,0.00024779518223194767
8033,0.0001588130238577221
8034,9.843626720716975e-05
8035,0.002147548077336698
8036,0.002969387027935402
8037,0.00028536036019699746
8038,0.9990599569707517
8039,0.0001647342756108623
8040,0.9937760168759435
8041,0.026508193274419334
8042,0.00026252740169552485
8043,0.003188947154702748
8044,0.0003218897519265336
8045,0.16137921694638413
8046,0.000256283296788874
8047,0.998084234933222
8048,0.9987010778504153
8049,0.0006472535631255002
8050,0.00038910608845437773
8051,0.0002492911399670059
8052,0.04419147344859804
8053,0.0002702649606927664
8054,0.041511854829168394
8055,0.0030455249200401035
8056,0.22917937584373288
8057,0.00029108435357263807
8058,0.003689736361941827
8059,0.0010812442588641392
8060,8.65956654819452e-05
8061,0.0004027931095231229
8062,0.9904703392516975
8063,0.013680672258942667
8064,0.9984734982899541
8065,0.003114404590270312
8066,0.9988933894383447
8067,0.035525759777066304
8068,0.0002176079188436481
8069,0.0012304289235484903
8070,0.0010587052054508309
8071,0.0008867602814200591
8072,0.994843274012271
8073,8.442933268999456e-05
8074,0.013221380252713341
8075,0.002693896695447003
8076,0.00015480546342380255
8077,0.0002951409034841959
8078,0.9407157514639506
8079,0.0003083652275726647
8080,0.0001965002428802457
8081,0.00014946666293582544
8082,0.00025060682190947565
8083,0.000565971290975947
8084,0.001647819907563086
8085,0.19183943526522115
8086,0.000410422247973963
8087,8.399793638645578e-05
8088,0.0002607815617971951
8089,0.00044125819299299017
8090,0.0010846048471901011
8091,0.00015158795977179357
8092,0.00021926281519665455
8093,0.00010158178216598446
8094,0.05165333437087814
8095,0.004303614596807652
8096,0.0019064790258291632
8097,0.0004983012279559669
8098,0.9938373935245123
8099,0.00014299492605609633
8100,0.00019674360744580225
8101,0.015394386226219279
8102,0.0006289947874794919
8103,0.0004725494459534876
8104,0.00024351256988162966
8105,0.037959381096087985
8106,0.00027659514874417803
8107,0.00021124927582675076
8108,0.00015291093373473192
8109,0.0017565045746399297
8110,0.00022047839685549074
8111,0.0003066956442028711
8112,0.0004603123221535322
8113,0.00033192517892451117
8114,0.00040238240904155183
8115,0.9986969864854703
8116,0.9991940321366645
8117,0.004166693283747512
8118,0.00022494650689977024
8119,0.00026232697616139944
8120,0.013348400618864848
8121,0.00023129972270253505
8122,0.0022175023746558607
8123,0.0003159881474268969
8124,0.00024763185207067075
8125,0.00023694263451337584
8126,0.023678675686782724
8127,0.004374277081052654
8128,0.00040769400944328914
8129,0.00034880674718266254
8130,0.008229505275711467
8131,0.00026162739890087143
8132,0.0006685218707902115
8133,0.9964352928741139
8134,0.020487333251025423
8135,0.9990606020810162
8136,0.0003845516674816983
8137,0.00011973059687932343
8138,0.00021982956515467154
8139,0.9988585864250265
8140,0.00026289609559260977
8141,0.00020357794856948932
8142,0.002840625712535824
8143,0.013919523259620998
8144,0.0003595077845626438
8145,0.00022268290193416487
8146,0.0002846953511503961
8147,0.0003370433705756814
8148,0.0013346106925260612
8149,0.00021857412845759146
8150,0.0004906683569892909
8151,0.0003792352173987431
8152,0.00023918486773149674
8153,0.00028027685307026925
8154,0.0010565976330713597
8155,0.004339015188222587
8156,0.005021575483771896
8157,0.0005079699710332749
8158,0.0002998920122394215
8159,0.010406081565148361
8160,0.00019019384340844268
8161,0.026046703711541302
8162,0.008328645138032716
8163,0.00026916452175516047
8164,0.0008563347699298646
8165,0.000186167129153231
8166,0.0005648475755801524
8167,0.00023326946020171894
8168,0.00017334502463688987
8169,0.006617356914557842
8170,0.0001542222500427567
8171,0.0014335400510306472
8172,0.00029582942450781795
8173,0.00017484575449895184
8174,0.023291811727797297
8175,0.004217216408889997
8176,0.004144273079148718
8177,0.011039329662795343
8178,0.0006155468876432081
8179,0.005949359267575248
8180,0.00032602934399170744
8181,0.0015536393543350052
8182,0.0002827983669946325
8183,0.02659629644474405
8184,0.01644755708598818
8185,0.9942319061620118
8186,0.9881261310777585
8187,0.028105317582116263
8188,0.0002636171718646395
8189,0.000581595623881178
8190,0.00034564428225468066
8191,0.9973990483030418
8192,0.00023993384565629158
8193,0.00022898334040541714
8194,0.00015838699090099906
8195,7.384624170388889e-05
8196,0.00038401656924068556
8197,0.0003772526411352004
8198,0.00015639116019058622
8199,0.998597905626406
8200,0.0006308675565707817
8201,0.00011106809007999582
8202,0.00013137501342196944
8203,0.0025577798961502396
8204,0.023623544077625347
8205,0.0032516094184763893
8206,0.0004019001945339743
8207,0.0001809352198611431
8208,0.00019675764695193597
8209,0.005665383514283774
8210,0.9969556393054846
8211,0.9987129419966996
8212,0.00014400336420612004
8213,0.9978578389192633
8214,0.0013298135579913133
8215,0.001254906750508983
8216,0.0004698154377768762
8217,0.004112561753083466
8218,0.00965808326187078
8219,0.0002185932242675964
8220,0.027104771465741823
8221,0.00032098336301931177
8222,0.00018736469145783373
8223,0.9988999816233475
8224,0.00012188199224465089
8225,0.00021614798287646685
8226,0.2706847328908143
8227,0.0016291999936425363
8228,0.005795544133596007
8229,0.12529762168113862
8230,0.0001534481060115885
8231,0.042361887596269424
8232,0.9621409583995246
8233,0.00018673209669069823
8234,0.00031762416166143014
8235,0.004399454421943419
8236,0.00041239891385410726
8237,0.0002942777061731543
8238,0.00025619085104553266
8239,0.0002231997112201991
8240,0.005008102761445631
8241,9.852002779216582e-05
8242,0.000764762603068706
8243,0.000213406340415109
8244,0.005664382544091799
8245,0.0008662523216994442
8246,0.000385671541331268
8247,0.000248294044680961
8248,0.0003026192047159049
8249,0.00020949550498820243
8250,0.0039557083768321285
8251,0.9977844764841285
8252,0.0052694531007021084
8253,0.017523714765352878
8254,0.002869197994218659
8255,0.01125681213912563
8256,0.00027496525166449866
8257,0.0002992782783896264
8258,0.00020569718061063449
8259,0.01479872634280963
8260,0.0029135409161518792
8261,0.06660075527672252
8262,0.0003256434387343388
8263,0.0013613409931622195
8264,0.00038016822855253775
8265,0.00016385774960953327
8266,0.00031392515834902926
8267,0.00015030143740098434
8268,0.0003008383718619954
8269,0.9985236881439107
8270,0.0009395748988848052
8271,0.009817633122098022
8272,0.0002638980563692636
8273,0.00028541404390064793
8274,9.672463071473943e-05
8275,0.00018552978795238813
8276,0.007602045987186387
8277,0.0009393403149131092
8278,0.00022155781510020713
8279,0.0002907625052750112
8280,0.00037746304068060117
8281,0.00016817570665236993
8282,0.0003274130855790311
8283,0.0004298332494103172
8284,0.006794585394141496
8285,0.9990360819219312
8286,0.9968455324114105
8287,0.9969454670389839
8288,0.0004744482194623225
8289,0.00020902672023094185
8290,0.01576845947444631
8291,0.00028869235620082123
8292,0.9982672575932551
8293,0.00017767348905435047
8294,0.0002022954984124557
8295,0.9963481453187644
8296,0.0010190632222875492
8297,0.00642463907444311
8298,0.0004981388162511759
8299,0.00035886773401000286
8300,0.00022189941280767586
8301,0.00025142427064884105
8302,0.998420901204925
8303,0.001000741910068835
8304,0.00021911833444095857
8305,0.000277732584055014
8306,0.0002471028037034108
8307,0.013435173280458856
8308,0.018619840026022044
8309,0.001596337934288356
8310,0.061099662469694546
8311,0.00036465864781719693
8312,0.0002933311012519887
8313,0.0006248240535826428
8314,0.00021438046599134357
8315,0.0003898472541951197
8316,0.0014876657795641428
8317,0.0004604657965628649
8318,0.9982323447069893
8319,0.00023949277887015018
8320,0.00687813863431784
8321,0.0003408947786400459
8322,0.0002047820931241483
8323,0.00025899479966988144
8324,0.0036783001481960295
8325,0.00021731718581311418
8326,0.00022708317520282896
8327,0.0002673841550174262
8328,0.9977260826226676
8329,0.0002320482308848679
8330,0.0007229802627657496
8331,0.01678961593061396
8332,0.04121825543405671
8333,0.0002814368863052067
8334,0.18940142215253325
8335,0.00033690200167441466
8336,0.0002546919602233275
8337,0.02197854616212589
8338,0.0011083760818773425
8339,0.00020373383504862567
8340,0.00014282528683870298
8341,0.0009573366347832776
8342,8.503699905204091e-05
8343,0.9987818950291031
8344,0.001194621693917772
8345,0.036039700817784355
8346,0.3669863573770241
8347,0.011918017340628126
8348,0.00020878563613490074
8349,0.00030196281357599305
8350,0.00032691852404089574
8351,0.0002114909204923522
8352,0.0005995169368919703
8353,0.00016865849467319043
8354,0.0005370509808079836
8355,0.9433751140237335
8356,0.001062828278279047
8357,0.006723286203022097
8358,0.0024773812001563375
8359,0.00023763783736636054
8360,0.9753415690666184
8361,0.00023651178375699676
8362,0.00020428685031394076
8363,0.007277281337451505
8364,0.0062167843801339065
8365,0.0070560299128089865
8366,0.022526111128287802
8367,0.0009469431693702787
8368,0.0001467178051783632
8369,0.0003821933351839026
8370,0.0012216335205660778
8371,0.00021047884239525308
8372,0.008213080937904677
8373,0.009518995943977888
8374,7.969013940691976e-05
8375,0.00011563246690137125
8376,8.249620667804395e-05
8377,8.35346171788643e-05
8378,8.398609175081161e-05
8379,0.03344121436771826
8380,0.07048015023932948
8381,0.0001895183223617444
8382,0.00022698678643935812
8383,0.9818964489959455
8384,0.00032323732253591056
8385,0.00035838328200578595
8386,0.000330414877765421
8387,0.00026156410080759105
8388,0.00029467670282384774
8389,9.464706240803023e-05
8390,0.9990796423010609
8391,0.00022593524674891272
8392,0.00024266352973562194
8393,0.0002204670614249017
8394,0.0006709774558098241
8395,0.0002997414400855843
8396,0.00034904892654674273
8397,0.00036740655119605557
8398,0.00022662527023119158
8399,8.805933544736222e-05
8400,0.07730100236439996
8401,0.00027255296299294067
8402,0.9863389950061787
8403,0.11253268017640554
8404,0.0005736623861958116
8405,0.001046797904081101
8406,0.0002730250727592383
8407,0.0004513079647218957
8408,0.011339020113357317
8409,0.00028917566999020933
8410,0.0005054564605764444
8411,0.0005319404020291239
8412,0.0003538085085617441
8413,0.0018645182224371615
8414,0.00026757800620323235
8415,0.00021771099632289262
8416,0.001199629009072456
8417,0.0558019877891565
8418,0.02515981327046138
8419,0.005500731867271146
8420,0.002799305384661456
8421,0.00026205111076570077
8422,0.002255198375744563
8423,0.0004244291253930997
8424,0.00024729853088717327
8425,0.9985665112267798
8426,0.000181456190826252
8427,0.000266527940985485
8428,0.0002612986664816429
8429,0.00018758510162056755
8430,0.00013268413864919666
8431,0.0001490714721669065
8432,9.598046640469263e-05
8433,0.0015013859248331773
8434,0.0002597284696452287
8435,0.00028209381919687426
8436,0.08950243151749264
8437,0.00032064125893380076
8438,0.0002564648527083419
8439,0.0008199467043001226
8440,0.12026597007255138
8441,0.0003540256958978933
8442,0.0002617166006670851
8443,0.0046309671820547555
8444,0.0003727122985348622
8445,0.00026995775297635323
8446,0.000353831338735523
8447,0.00027939399534981316
8448,0.007441576751586172
8449,0.0005498351910286143
8450,0.00029888535869221865
8451,0.0031852939893102393
8452,0.00028355788355735687
8453,0.0005246447388175759
8454,0.0035678019655543576
8455,0.00031633297726334957
8456,0.9880529128498265
8457,0.00026927351537856415
8458,9.997700417626644e-05
8459,0.002434411298353539
8460,0.00028224719142091564
8461,0.0006031502557879049
8462,0.994964594515511
8463,0.0003237409022085874
8464,0.0002506362963239575
8465,0.0003348757679032642
8466,0.008017978018535123
8467,0.00037990630159497843
8468,0.13777602827323593
8469,0.0029437493729523637
8470,0.00023250983951613908
8471,0.00016989814362834845
8472,0.00016887216220985534
8473,0.00032484218309442937
8474,0.000973364617861272
8475,0.9918982327
8476,0.07320100376328931
8477,0.014062758331069288
8478,0.00021079297420709426
8479,0.006617326473533131
8480,0.10347101685716051
8481,0.009135538875050721
8482,0.00024255247721232325
8483,0.00016311202147753495
8484,0.000639080805017619
8485,0.000266793425711362
8486,0.000977104266609621
8487,0.00015898209507598165
8488,0.001421004099144457
8489,0.0007105433897079978
8490,0.0002718293710718497
8491,0.005619834178108093
8492,0.0001586480156639797
8493,7.72368094223316e-05
8494,0.00021952957387929377
8495,0.0002571577845337067
8496,0.00022316915769139705
8497,0.0002403519800283179
8498,0.00043322826640127145
8499,0.0002693305826519768
8500,0.00016354397122690022
8501,0.000214928270981986
8502,0.01674650332996758
8503,0.0002558632616871858
8504,0.0001898155044588421
8505,0.00030098021592757574
8506,0.00017338818887764715
8507,0.016090335878492328
8508,0.00024212323451533766
8509,0.01544864412019307
8510,0.00028530680449933605
8511,0.000279230575502481
8512,0.00011216379522970823
8513,0.001405835611423816
8514,9.191472681702581e-05
8515,0.0002738075957142394
8516,0.008323946746204944
8517,0.00022312650551784105
8518,0.0007392508434220221
8519,0.00019427870559337592
8520,0.00019541185063267637
8521,0.0001797230824411945
8522,0.00038088868237801164
8523,0.9955045466536705
8524,0.006165255994586264
8525,0.0015520927900683971
8526,0.011126904245459705
8527,0.0002861302973086821
8528,0.9963542944636087
8529,0.00014007238847176605
8530,0.003814817965660554
8531,0.0015176367801399224
8532,0.00024364837009397446
8533,0.0010495456092646303
8534,0.0001766663892885939
8535,0.00014579889015074932
8536,0.025041163652436582
8537,0.008620933791001368
8538,0.00015804066460463337
8539,0.18967972982109577
8540,0.00033690974274071153
8541,0.00016741342829463307
8542,0.00032584055163490685
8543,0.00047446988494080926
8544,0.000919471219799744
8545,0.0003408662411887023
8546,0.00027840514984722026
8547,0.9989085988767161
8548,0.0011478545884779305
8549,0.00032471768125642706
8550,0.00022096485540737946
8551,0.00043141282504472676
8552,0.00028397656650572505
8553,0.9972629881640694
8554,0.02220923004905938
8555,0.037573225908162824
8556,0.00016132516354045186
8557,0.007224149751928695
8558,0.0008440695984057875
8559,0.00023547481025624678
8560,0.00030065402080850127
8561,0.001520255306536286
8562,0.00023899760727915924
8563,0.21170413992452777
8564,0.00046237209933512976
8565,0.007462996951103315
8566,0.00040617673115357443
8567,0.005773561108143934
8568,0.002170039134769875
8569,0.04025633414869799
8570,0.0003171443346101057
8571,0.00016466080581234362
8572,0.00024735837665721034
8573,0.00022392125914924018
8574,0.007484551876916419
8575,0.604256032032359
8576,9.001578016016283e-05
8577,0.00031519793060250177
8578,0.00020640166315979213
8579,0.00019956293881247234
8580,0.0031376777948365227
8581,0.9968791902997605
8582,0.04375260465552295
8583,0.9981226784930712
8584,0.0002556868570871954
8585,0.000240954458567126
8586,0.0001844272367476988
8587,0.00039192833501841014
8588,0.010551626598732334
8589,0.0013068684651964847
8590,0.0001535974536692831
8591,0.0005413200652525959
8592,0.00023693086729751652
8593,0.001445563942586802
8594,0.00013146199388632652
8595,0.0023947185240608664
8596,0.000967751685897276
8597,0.0007860067299610276
8598,0.00030161143237903044
8599,0.000232048629884702
8600,0.00044334589161019674
8601,0.00019968665272630386
8602,0.021359683257183928
8603,0.000312339281031582
8604,0.00023199260826620226
8605,0.0044088420972407125
8606,0.0004146035451306561
8607,0.9967825233415499
8608,0.00028435158510577597
8609,0.0005546555498344911
8610,0.001322758371917778
8611,0.00017794608118467146
8612,0.00027067644044104135
8613,0.023338989690743772
8614,0.00028217741394830846
8615,0.0002968804023854747
8616,0.00021345947317783303
8617,0.00022430995080914584
8618,0.02052804695245481
8619,0.0002909988334962407
8620,0.00023753226696555956
8621,0.0015886081272841485
8622,0.0023904573164337676
8623,0.004200116364761792
8624,0.0003479362278991461
8625,0.06314185821380938
8626,0.5514734520980391
8627,0.00029853652682392516
8628,0.0002449661080200858
8629,0.0004960588949459525
8630,0.000447112374148508
8631,0.008047617013179959
8632,0.0005161470699997409
8633,0.00025982518854670997
8634,0.00030973940593589076
8635,0.5999071780139624
8636,0.00023345073481117435
8637,0.00030273226420110685
8638,0.0002298593660334857
8639,0.002913491446623497
8640,0.00020415778848087212
8641,0.0002553168594815013
8642,8.246315616959135e-05
8643,0.0016441043326010582
8644,0.00023140101821000303
8645,8.051920811127027e-05
8646,0.001928872453139965
8647,0.008302833328787987
8648,0.0029931954006192914
8649,0.00010446180669786288
8650,0.0007678600242766301
8651,0.0788660996904149
8652,0.00015920045132648174
8653,7.709708878504064e-05
8654,0.0004806887534700887
8655,0.0004898248515718855
8656,0.0004051071897959514
8657,0.0014009987367569932
8658,0.0007932625143746462
8659,0.00039308953541808357
8660,0.0012008488586476756
8661,0.0033288982520601647
8662,0.00026481661526280996
8663,0.0007918695204202627
8664,0.000624349206328421
8665,0.0007139812677189382
8666,0.00015530257431874923
8667,0.000737423561627311
8668,0.0012997323885890334
8669,0.00025764587132367817
8670,0.0003237556795288051
8671,0.00024929830541973725
8672,0.0006568245286149347
8673,0.0005311919596294178
8674,0.0009451855694394721
8675,0.0010581940317395857
8676,9.638711410963134e-05
8677,0.0003342923305862266
8678,0.0008953326721160796
8679,0.0007714530728693592
8680,0.00027537739132845894
8681,7.610119134414948e-05
8682,0.005185343144620359
8683,7.349791178370846e-05
8684,0.0010634211874498431
8685,9.725710990675055e-05
8686,0.00021608720474419825
8687,0.0002927230536346839
8688,0.0016520321153292272
8689,0.0006935158687144386
8690,0.0009081202025778993
8691,0.0015624326333428743
8692,0.0005799937064462829
8693,0.0006921151702218202
8694,0.0007206245997412182
8695,0.0004342916307855482
8696,0.00028206373662860196
8697,0.006586533577940449
8698,0.006616468351989774
8699,0.0022951044649083528
8700,0.01411393228282066
8701,0.00011183826151839275
8702,0.001241238739347639
8703,0.0007906816072953557
8704,0.00013770673262255344
8705,9.117837527004788e-05
8706,0.0004882298962970261
8707,0.011986393784299174
8708,0.10407007396457157
8709,0.0006439071650547243
8710,0.0006678360840633865
8711,0.0010701106031136107
8712,0.0006228355564595878
8713,0.000786729399774695
8714,7.506596896707785e-05
8715,9.543830724536896e-05
8716,0.0004364626418189829
8717,0.0019651230204711873
8718,0.050004451860658175
8719,0.008192427929183104
8720,0.021601735674259458
8721,0.003698317541545824
8722,0.0006382439650464133
8723,0.015736986323266373
8724,0.04278278604570657
8725,0.0011882624025338778
8726,0.02729248599197446
8727,0.0028576630028411413
8728,0.00017100248829870972
8729,0.002351374466404601
8730,0.00017590844565724812
8731,8.009186070529034e-05
8732,0.0010515012886420253
8733,0.0005215553585550374
8734,0.002257683720132522
8735,0.0002525279667834426
8736,0.0010085476358763332
8737,0.01059168124162026
8738,7.568016681995109e-05
8739,0.0010442325096908693
8740,6.502139032036814e-05
8741,0.0034266962855470004
8742,0.0008947279801265702
8743,0.05486033147070446
8744,0.0027965527731661248
8745,0.00292952682272523
8746,9.100124004234527e-05
8747,8.278349045269728e-05
8748,0.0018068273613829119
8749,0.006855581724628722
8750,0.002881763485514901
8751,0.0002591552810284818
8752,0.042132025671933505
8753,0.0010717816423724796
8754,0.0004933316511750126
8755,0.0003186450062673499
8756,0.03897953937395656
8757,0.0014499399624315079
8758,0.0003043560536368931
8759,0.00033599036706062586
8760,0.0007569133086895083
8761,0.0008081656786431705
8762,8.069742004037805e-05
8763,0.02347800652589203
8764,0.00025539739847746303
8765,0.07390437895919724
8766,7.637920156236486e-05
8767,0.0009614469629659114
8768,0.000259535791033858
8769,8.1980116247991e-05
8770,0.0020237639304733768
8771,0.0002405939246397525
8772,0.0030274385122743266
8773,0.0004411823405588932
8774,8.815208389338569e-05
8775,0.0009728016449313947
8776,0.00020366828036346107
8777,0.0008460421794332254
8778,0.003599770478755129
8779,0.0002197648545586289
8780,0.000916672139655866
8781,0.0005836535559218125
8782,0.048693069688262
8783,0.006299155049373941
8784,0.007133412940311457
8785,0.0019890456658535477
8786,0.0008391504010067941
8787,0.0008756728168883589
8788,0.002038517541420637
8789,0.05593121170809543
8790,0.0003643538354474249
8791,0.0004578135668041031
8792,0.0039728185087302545
8793,0.0011632855231269153
8794,0.005343456734653171
8795,0.002708100835277072
8796,0.002342616580632424
8797,0.0005493728579985382
8798,0.000283187798422632
8799,0.00012297511775485716
8800,0.0003113332329177943
8801,0.00017746517867784693
8802,0.0022225459560559512
8803,0.0014250288339773998
8804,0.00024785746411522274
8805,0.0004957868357934589
8806,0.0005958031584438738
8807,0.0013756577415193426
8808,0.0008570854916386825
8809,0.0010996675562222427
8810,0.0005299899542396821
8811,0.001723115012282978
8812,0.00263146139795265
8813,0.0014384163996776953
8814,0.0030352060882372265
8815,0.001547582709103057
8816,0.004914600544469289
8817,0.10839774333497605
8818,0.014235376168983429
8819,0.01296258835930023
8820,0.001054850682468454
8821,0.0012184783091871811
8822,0.002482308688197926
8823,0.0006473098160744714
8824,0.0001245157895012796
8825,0.0009835265307727924
8826,0.000744440750814929
8827,0.0007686385173571034
8828,0.0002638695543181294
8829,0.0019301146931431235
8830,0.07159045616512871
8831,0.0012608311580681521
8832,0.0020892910089609124
8833,0.0003444521154948064
8834,0.0069733467567278645
8835,0.006923178095016325
8836,0.0026410877838726797
8837,0.00030173765258988404
8838,0.0004315137923998961
8839,0.0011245749921917857
8840,0.0007432072592938931
8841,0.0075270940077202825
8842,0.0008567472622087102
8843,0.00047629523003266057
8844,0.0003499645732972367
8845,0.010515789101423912
8846,0.012975669102076762
8847,0.006617881300478734
8848,0.0005659418832927233
8849,0.0010945632204839317
8850,0.00015735593441936347
8851,0.0012362217672265492
8852,0.00024116499812255792
8853,0.0002902942397035143
8854,0.0005431185771062194
8855,0.00011768824194456212
8856,0.002172667977401927
8857,0.001012897897855574
8858,0.14146634686069776
8859,0.0004272318308593291
8860,0.0003695192499882166
8861,7.679889936691793e-05
8862,0.003330979730427279
8863,0.00036501492930762205
8864,0.0002933980631531854
8865,0.0005996336323049018
8866,0.0011187629520962553
8867,0.00014796895405123697
8868,0.000592425745390596
8869,0.0002172066432535813
8870,0.00040509163364935787
8871,7.764591179510957e-05
8872,0.0027944515673075728
8873,0.0019185364353005885
8874,0.0003731528025322824
8875,0.0005705002350159079
8876,0.0006313917309700853
8877,0.00846236643307911
8878,0.0002450889744987519
8879,0.0006543436340680564
8880,0.0009154792652838102
8881,0.0005879188745484419
8882,0.0006892017522494605
8883,0.000612200973877902
8884,0.006662618610526173
8885,0.0010780742244364194
8886,0.0008026990575964501
8887,0.007847717440074014
8888,0.00134030408286965
8889,0.0006194075348176277
8890,0.00024659132360986297
8891,0.003625413197109853
8892,0.00022047544925760977
8893,0.00025514035150176725
8894,0.00026281334478909303
8895,0.0007493125032550102
8896,8.172258961159964e-05
8897,0.00023279816788614234
8898,0.0019751057345180883
8899,0.00030053070956112456
8900,0.002865788472625133
8901,0.00017068472841962238
8902,0.008772069563250603
8903,0.00022659564006200514
8904,0.0015403761728754605
8905,0.0012354508421290919
8906,0.00031405273205838195
8907,0.0005373537045011988
8908,0.0017216521408326164
8909,0.0027977426144812577
8910,0.004261419634434461
8911,0.0022340560292616087
8912,0.002995558670553984
8913,8.017009133049427e-05
8914,0.0005492647772373147
8915,0.00011986881747874024
8916,0.011995612900461007
8917,9.255001150025482e-05
8918,0.007690504294176809
8919,0.0007419370329266458
8920,0.11408980644402264
8921,0.0013739740112023735
8922,0.00477965921469185
8923,0.00023516615206877994
8924,0.0009862027685738693
8925,0.0015412538532356655
8926,0.003389535669338144
8927,0.00029173770291054306
8928,0.0005415392669574873
8929,0.0014960640957759445
8930,9.080152984901143e-05
8931,0.0016177823573018135
8932,0.0006021764516658796
8933,0.0010106935047025283
8934,0.03686615418017362
8935,0.0002309553210977021
8936,7.770058524553277e-05
8937,0.003979642296445447
8938,0.0030532904789857527
8939,0.000652304644464853
8940,0.009942163018023989
8941,0.00028837391472240055
8942,0.0002636671967085823
8943,0.00039612838608893376
8944,0.0007981427467695813
8945,0.0003391628181886488
8946,0.0005096120249073481
8947,0.0001570282070113192
8948,0.002831089344678275
8949,0.0055015404905769585
8950,7.951045868091237e-05
8951,0.0004036685099671756
8952,0.00693263495491399
8953,0.0003296420994243048
8954,0.015524093244070369
8955,0.009778266387040999
8956,0.0014362906169614988
8957,0.0004554335742350429
8958,0.000680357355579768
8959,0.0009572130768307338
8960,0.0002690097200268193
8961,0.0025614708666298162
8962,0.0004131329742288742
8963,0.0013248973634635937
8964,0.001403783136258552
8965,0.0016328099133272537
8966,0.007454946824732081
8967,0.0006795361743639067
8968,0.00013799525942033214
8969,0.0006301271839921719
8970,0.0005808993257267843
8971,0.0011470572034530818
8972,0.007436404144428223
8973,0.05678645887466464
8974,0.0006939958133291053
8975,0.0028196252661234584
8976,0.0030345320506016266
8977,7.401301580646319e-05
8978,0.0006138049553575009
8979,0.004829782478304542
8980,0.002453603461402754
8981,0.0010699078846167756
8982,0.04040347539965934
8983,0.0005354612647082916
8984,0.0005136801509343298
8985,0.0011267739225584933
8986,0.08605711596494191
8987,0.0017082418964674937
8988,0.0002782612051150226
8989,0.0025238188016648484
8990,0.0003042857967002194
8991,0.00010361268847748047
8992,0.0013177488394823342
8993,0.0019673729100148163
8994,0.007576391785033406
8995,0.0010164373327470058
8996,0.0006418100238558746
8997,0.0014842983375093228
8998,0.000577259920819809
8999,0.0007218368626988947
9000,0.0004366769229720806
9001,0.02053378883328707
9002,0.0017292089096978818
9003,0.0004573411895003205
9004,0.003897635986700372
9005,0.002428786541630506
9006,9.153454447890721e-05
9007,0.028224420185687455
9008,0.003831598546194269
9009,9.93526072348427e-05
9010,0.000250172935617493
9011,0.03030541022922021
9012,0.13450413766484146
9013,0.013164718594668065
9014,0.0008616241793533584
9015,0.006550376777851495
9016,0.00474527987790695
9017,0.0013263228538607712
9018,0.00016378635794379504
9019,0.00503908226985098
9020,0.0005326484416182245
9021,0.0003050852933623736
9022,0.0004570168969603744
9023,0.007638668980450257
9024,0.0007641298834132272
9025,0.0016898648596208956
9026,0.000821872663176253
9027,0.0028225538939137896
9028,0.001876049162776713
9029,0.0006078717111358356
9030,0.00047724417541479867
9031,0.0003351797736702948
9032,0.0006092821346443541
9033,0.00021082729165963665
9034,7.714022235126098e-05
9035,8.594014428083106e-05
9036,0.0002881795471582591
9037,0.0009462876578521165
9038,0.0011904084658952642
9039,0.0053094565615925205
9040,0.00022037732677287304
9041,0.0011895856523964105
9042,0.0028270182027184815
9043,0.0007983859439293797
9044,0.0006232903325505234
9045,0.0003320302720241345
9046,0.02211717844958226
9047,0.005996678221008596
9048,0.0010323342086025608
9049,0.001739391401567636
9050,0.0007195490949472294
9051,0.019713527803865444
9052,0.007652313597873016
9053,0.002846300052950193
9054,0.0033369842424719695
9055,0.0012720807001423107
9056,0.001339554579872876
9057,0.001649150969514564
9058,0.000510596209514901
9059,0.002788765904010503
9060,0.005223975331085558
9061,0.0026351507422658176
9062,0.0002563033235253335
9063,0.000576818817103269
9064,0.12852155660585102
9065,0.001413507065002189
9066,0.00040652103685069087
9067,0.0008274022941892054
9068,0.009694017039181338
9069,0.00152212427985282
9070,0.0009393900059234281
9071,0.0007495160988783459
9072,0.0014419906161233286
9073,0.0001475447106406255
9074,0.0002123454591969009
9075,8.983093323887404e-05
9076,0.0005296549941404424
9077,0.0014646761739016876
9078,0.009060323516546726
9079,0.0007072633447181889
9080,0.00034953039265907406
9081,0.00034672538274473276
9082,0.0007591180000827427
9083,0.0020609824479713174
9084,0.039076286523112284
9085,0.004683302522972983
9086,0.0006926579292290977
9087,0.0014251025401180223
9088,0.01344184998872271
9089,0.015255748173042882
9090,0.019576726769176316
9091,0.0007044089128537374
9092,0.0014828202590686092
9093,0.0003299076249329672
9094,0.0009185843982771954
9095,0.0002835960906283236
9096,0.17092217036280463
9097,0.02689093166480091
9098,0.0009773907988478814
9099,0.00025249981438805823
9100,0.002074243538832937
9101,0.0016265788034925822
9102,0.00030407092102881624
9103,0.0043402470479355065
9104,0.00508914286417227
9105,0.004696489909609859
9106,0.016324717910691556
9107,0.0005536227201076161
9108,0.0016150189517453856
9109,0.0009958584860899056
9110,0.0027755914407700823
9111,0.0011109012632669047
9112,0.00281998432315372
9113,0.0010400402029729883
9114,0.017795296174743756
9115,0.038143705315995924
9116,0.00011300945754190682
9117,0.010983479413661287
9118,0.0008413574568845844
9119,0.0005602376317352865
9120,0.0012176846979515563
9121,0.01756210339668756
9122,0.00011555654363221912
9123,0.0009631183531972726
9124,0.004159735494372154
9125,0.005645274268199536
9126,0.031007635560438108
9127,0.0015085769390886883
9128,0.005281847213880695
9129,0.0009140453480784237
9130,0.00048641313920363825
9131,0.0036019768526818637
9132,0.0002840793549492075
9133,0.0009941438875508855
9134,0.0427419832632711
9135,0.0008676591209606212
9136,0.0003880796749909268
9137,0.0006344922284822835
9138,0.00036808776711698594
9139,0.00047080459183439715
9140,0.0008206787636586901
9141,0.00016507674908595576
9142,0.0009334287732590107
9143,8.17485624795168e-05
9144,0.000641144790531044
9145,0.00036360147347971433
9146,0.0005755043553035421
9147,0.00046930447766909436
9148,0.0006818241429627507
9149,8.072466446223128e-05
9150,0.001095600716065194
9151,0.055371223827269944
9152,0.03515988883000206
9153,0.00011319222255870437
9154,0.014681438242985904
9155,0.004862860346424991
9156,0.006123394279418486
9157,0.0010811383922772126
9158,0.0007724573256017553
9159,8.553068241357572e-05
9160,8.359303902495769e-05
9161,0.0030651169521449797
9162,0.0019276233476092654
9163,7.382362914824411e-05
9164,0.0034402119514872027
9165,0.00036041917330612613
9166,0.0005066391177068827
9167,0.00885940411689146
9168,0.0013506200810523613
9169,0.001445041213100969
9170,0.0009337659028506205
9171,0.0009073523794215808
9172,0.0015286861720152848
9173,0.005665522708165069
9174,0.03389012820028282
9175,0.023067119286048203
9176,0.0019967917142476137
9177,0.01186683674924832
9178,0.0029716876530232203
9179,0.0016742036871377846
9180,0.0010500344800942172
9181,0.00037941003731425444
9182,0.0009038166783796253
9183,0.06442954482942335
9184,0.00028868581746057916
9185,0.0012978901292158098
9186,0.010555046970113186
9187,0.0028828926602617604
9188,0.001032390131918915
9189,7.924385253665263e-05
9190,7.980046388498078e-05
9191,0.0003594627692595
9192,0.0019136069503893345
9193,0.0006364381443555605
9194,0.0014719169880634234
9195,0.001771859136122017
9196,0.0009997767737163073
9197,0.00012273465270153827
9198,0.002383862230970626
9199,0.0007117422601104686
9200,0.0019476214803215998
9201,0.0004856451581324138
9202,0.005231308080703483
9203,0.001331375387229652
9204,0.0009680978970635107
9205,0.0001691049548735799
9206,8.366349715627641e-05
9207,0.00018420155006781695
9208,0.0011780634134999528
9209,0.001076604204992765
9210,0.0009178660965697479
9211,0.005102824831985087
9212,0.0014403851786534351
9213,0.0008766695662880061
9214,0.0005702526248131613
9215,0.00024335330127286259
9216,0.00014427687624788652
9217,0.001203978600747907
9218,0.0012706420731741221
9219,0.0014346051227236139
9220,0.0006569624651733373
9221,0.02090397905444477
9222,0.0016266990338056112
9223,0.0013052991157002937
9224,0.0040607200797755285
9225,0.002776056194611749
9226,0.04364536053327473
9227,0.023444339415980918
9228,0.00022312219338503216
9229,0.0006972923529438517
9230,0.005977635070421173
9231,0.0008152156082148401
9232,0.00014205625781454166
9233,0.0008222457005012601
9234,0.003637569148727918
9235,0.004269106150891902
9236,0.004782722106091266
9237,0.035201794911470276
9238,0.00020582590724176945
9239,0.001188960361054386
9240,0.004853064149909121
9241,0.00015360766093166638
9242,0.028161716609006338
9243,0.0009617342827428023
9244,0.0007382814132040815
9245,0.0008055157097761536
9246,0.0009503827500834304
9247,0.0006626346771186305
9248,0.0008309167966251117
9249,0.0010849360924970373
9250,0.0005023051710203385
9251,0.0028190924259433774
9252,0.0011362898639026887
9253,0.003982018932638051
9254,0.0005344488078812709
9255,0.015731857335687303
9256,0.007252353201605008
9257,0.0010564309648465379
9258,0.0005507139090774992
9259,0.0007569606747528203
9260,0.00017704070063260684
9261,0.0006095538955914421
9262,0.001518722949759375
9263,0.0009904678423603174
9264,0.0011316508463863327
9265,0.0003016812523399692
9266,0.00023006931726431544
9267,0.00236512042064199
9268,0.001312420125679565
9269,0.000853681727140518
9270,8.236740996449251e-05
9271,0.0003915104239672412
9272,0.002079169476158504
9273,0.0013430263923325761
9274,0.0010070449941971698
9275,0.0004557485088667328
9276,0.0012302880816672471
9277,0.0007665028305842901
9278,0.0021361895025660683
9279,0.004736431252296346
9280,0.0011821194819714369
9281,0.0040296066848396535
9282,0.00013533485464887243
9283,0.0037061065272419556
9284,8.62108095935837e-05
9285,0.00023899304677037192
9286,0.004322381077406123
9287,0.0004927473952921361
9288,0.0003144323221814751
9289,0.0016799091715161516
9290,0.0010920495191211392
9291,0.006675324470611967
9292,0.0008778963037667897
9293,0.000873576212770991
9294,0.0025988723306054175
9295,0.0009531008320004884
9296,0.0001970745702059034
9297,0.0009639158602353225
9298,0.00027797161541538517
9299,0.0012469898641159184
9300,0.0017500389693987047
9301,0.007741077365215845
9302,0.015360279412800257
9303,0.006957879799254446
9304,0.0005394461932483795
9305,0.0038079712064073715
9306,0.01736188299952605
9307,0.006564681099118383
9308,0.00022971125905801547
9309,0.00133708544163461
9310,0.00046004412709236485
9311,0.0037941323800712136
9312,0.00036042911432578674
9313,0.016699961924749856
9314,0.01789499666454126
9315,9.25089021448836e-05
9316,9.118617413724723e-05
9317,0.0010868790355484242
9318,0.004178953269057048
9319,0.004736759450702313
9320,0.0012337050353831817
9321,0.007481686555969339
9322,0.038633459677269624
9323,0.0019055110748272808
9324,0.0006745427924770706
9325,0.001043163974894255
9326,0.0003063692662565455
9327,0.0007827623850378661
9328,0.001401451334717943
9329,0.006560268785858239
9330,0.00013692605494052324
9331,0.005181963285896435
9332,0.009105171303769026
9333,0.0008359199514295576
9334,0.0033986771533592876
9335,0.00024858768509367703
9336,0.00026099181750973804
9337,0.002944968639593809
9338,0.0006535796247416552
9339,0.000883465006270567
9340,0.001439576833505855
9341,0.000991470822032364
9342,0.00399321147815606
9343,0.0054561294257796395
9344,0.0003115579282608273
9345,0.00017944417810017676
9346,8.478925631588317e-05
9347,0.0014104017799379813
9348,0.0004498582854514011
9349,7.906024620934931e-05
9350,0.0032621883210285363
9351,0.0006180920935618233
9352,0.00022427751683342487
9353,0.0009369261011888636
9354,0.0011177111566032408
9355,0.0010755169827408643
9356,0.0004915018005045749
9357,0.0007895329662402457
9358,0.000301554957211009
9359,8.626182581567776e-05
9360,9.211049057851866e-05
9361,0.0008792160438969102
9362,0.0008174198697748269
9363,0.0007519261833044742
9364,0.0009917733513991893
9365,9.587734772957821e-05
9366,0.0016959713679580604
9367,0.0019783409166185435
9368,0.0012827607146923025
9369,0.0008072526838395495
9370,0.0010620479787032087
9371,0.00015444371283732943
9372,0.0008035245187169553
9373,0.034923607951466415
9374,0.015946899875048513
9375,0.0007031244529790178
9376,0.001182625128866837
9377,0.0007830421062398641
9378,0.0006492949694201569
9379,0.0019475749138350266
9380,0.0006143215552917734
9381,0.0011159868904337675
9382,0.0007247012369205283
9383,0.0024141447222920352
9384,0.0003330923863301695
9385,0.08791989947386217
9386,0.0006844621424409588
9387,0.0015606028186265256
9388,0.0008408384867438345
9389,0.01478641678434309
9390,0.05779875688754299
9391,0.00040767891163596493
9392,0.006368452991876619
9393,0.0009000338288778293
9394,0.0008959187036628556
9395,0.002201467530176509
9396,0.0012266907759543911
9397,7.935638544061041e-05
9398,0.0008695930369800852
9399,0.002906857798670525
9400,0.0016822222108771937
9401,0.0006724716903480419
9402,0.0006621058354529799
9403,0.009748899978270897
9404,0.01608136956619886
9405,0.0007008863912423324
9406,0.000501757851140416
9407,0.0035766584471502508
9408,0.0005712630719737495
9409,0.0008240834926889245
9410,0.039398896056640834
9411,0.0012572356058645979
9412,0.0008796458698551165
9413,0.04504688861009916
9414,0.003662710655161064
9415,0.023369057898777357
9416,0.0005505821522754723
9417,0.0011126695039435554
9418,0.0009102535876729274
9419,0.005407785330385056
9420,0.0005416931299064084
9421,0.002411729418634065
9422,0.0009169971912985454
9423,0.0007217845014405129
9424,0.010660152310437623
9425,0.00015286672843995165
9426,0.00015238577910906402
9427,0.15314025605955858
9428,0.008650389079118812
9429,0.015128401303946406
9430,0.030204768356707774
9431,0.014052374090368797
9432,0.022218344436584044
9433,0.0009098406683961519
9434,0.002379676841306622
9435,0.0005598437280450863
9436,0.0006808268755117884
9437,0.0007038555173455897
9438,0.00014931036962496054
9439,0.009323850887976626
9440,0.006263218656102257
9441,0.003752233842703296
9442,0.00015950400934824568
9443,0.0011842839382698125
9444,0.012977798342463815
9445,0.00011693560416066546
9446,0.00033671620081135217
9447,0.00021426235851140533
9448,0.0008654579210547926
9449,0.0004173385306034014
9450,0.0007562657816410007
9451,0.001462185879706352
9452,0.007725705591869812
9453,0.0002815431480889598
9454,0.0011883978476386926
9455,0.0013291929610532462
9456,0.0012246731169308217
9457,0.0006077096920358091
9458,0.011263375143988152
9459,0.0005857640023828198
9460,0.0004074070316436256
9461,0.002841241146334754
9462,0.00021139405028468665
9463,0.0006244074603994815
9464,0.00023901665955003518
9465,0.00018235752306018326
9466,0.0015363797624584684
9467,0.00022374822260969192
9468,0.0006623159618053284
9469,0.0011216422251932006
9470,0.00031994414993478644
9471,0.0007331002483467149
9472,0.000762021949777666
9473,0.00022123680957239662
9474,0.0010160399804886211
9475,0.000348828433524825
9476,0.0018597083185902825
9477,0.0021242166953708208
9478,0.0010787381526424224
9479,0.02080721128495957
9480,0.00020262674395695653
9481,0.0001939643203013698
9482,7.910615931535312e-05
9483,0.008189677952963314
9484,0.0006665622897372716
9485,0.0007645919354610156
9486,0.0002768220431584874
9487,0.0002910888592260505
9488,0.000734253653807104
9489,0.0015782132436682847
9490,0.0006158375545765595
9491,0.0007133384847077247
9492,0.285674829349822
9493,0.0066267090777834894
9494,0.0020196931247987867
9495,0.0020030588222113396
9496,0.000560092002976374
9497,0.00041188981999799277
9498,0.0012224707792378644
9499,0.0006919779954696019
9500,0.001843333738645476
9501,0.0014889162068629541
9502,0.02830924422164367
9503,0.0011117486180378974
9504,0.001612214139207826
9505,0.00860393141364973
9506,0.004113759681826109
9507,0.0022835621494190087
9508,8.006214065682438e-05
9509,0.010174146538321459
9510,0.00013109887126550152
9511,0.001997537102250682
9512,0.004302978882582599
9513,0.0008381151466594162
9514,0.0186380745420655
9515,0.004056200377667208
9516,0.0011721021779027784
9517,0.0019959067927723243
9518,0.0003126505005270826
9519,0.0619380491544278
9520,0.0038159676904683166
9521,0.0002071501502304076
9522,0.21863318924071268
9523,0.0009723602062313704
9524,0.0010201022599321923
9525,0.0029416648452353237
9526,0.0005387669628271795
9527,0.00020767239144986647
9528,0.00807110556901142
9529,0.008024253665646746
9530,0.0017221694724636177
9531,0.0001117728041054732
9532,0.07436022419932817
9533,0.0013889164750106517
9534,0.0015117541346834967
9535,0.0012028160308759851
9536,0.006159777874039516
9537,0.00016750902790359134
9538,0.0013575645044962537
9539,0.0009429117551775898
9540,0.0016664144792605206
9541,0.00040360700336709827
9542,0.0024697473027267755
9543,0.0007675410420807743
9544,0.0006988045821422674
9545,0.0010108442489218657
9546,0.004482302564188667
9547,0.004299522557655667
9548,0.016172358702599605
9549,0.0018111542877697426
9550,0.010565645002090188
9551,0.03680724314185854
9552,0.013973800734625511
9553,0.00023419359180789221
9554,0.0007701206199945528
9555,0.000338369991252582
9556,0.005480258296474351
9557,0.0019901142841494994
9558,0.0006569653452632769
9559,0.0031675684493696703
9560,0.0008964320248728414
9561,0.00041882142449148503
9562,0.0007979433824486355
9563,0.0031880409967386244
9564,0.0006395463129942469
9565,0.00077483187249826
9566,0.0005461021792995071
9567,0.009763407962081454
9568,0.0018242998047655148
9569,0.0066927813049288964
9570,0.010041590413812513
9571,0.01899822777156655
9572,0.0027305200202587744
9573,0.002043988172523049
9574,0.002436681357893435
9575,0.0009343913897280093
9576,0.0011862801324346887
9577,0.0003300336055957592
9578,0.023386116278809464
9579,0.0010423002193352036
9580,8.661767239962948e-05
9581,0.0011538894924575092
9582,0.000574275003820971
9583,0.001350603840722406
9584,0.009316706757503663
9585,0.0011247358485895718
9586,0.0008644167619863517
9587,0.03303035703385424
9588,0.0014989536006687104
9589,0.15530833431022778
9590,0.00030457079566819755
9591,0.02339231150831488
9592,0.0015549119624993135
9593,0.00229000772390997
9594,0.015744542851758987
9595,0.002163108041510435
9596,0.0006424451969171779
9597,0.0076771431049147895
9598,0.002026676821039887
9599,0.015697290500245206
9600,0.0008272059507850715
9601,0.00012607141965289875
9602,0.0001346711069964646
9603,0.000891952043243547
9604,0.00205840224749168
9605,0.010644138418013066
9606,0.003922303322478131
9607,0.0015827484518483553
9608,0.0020193040310302708
9609,0.004534886424502794
9610,0.0007137606777396581
9611,0.007566396271893006
9612,0.0010124162442018217
9613,0.0001972779856324257
9614,0.009645767697587853
9615,0.0009621480174094197
9616,0.0010321464906559517
9617,0.0008085593302333502
9618,0.0012592739034396928
9619,0.0019357938417202847
9620,0.006481875905160683
9621,0.00029783353622955604
9622,0.006226410079565009
9623,0.0002565741549617942
9624,0.01982225823874335
9625,0.0003247719646317068
9626,0.014420908929708607
9627,0.0015459307748557818
9628,0.001951177656036285
9629,0.0006909653961999758
9630,0.0005445697422556137
9631,0.001230725635421983
9632,0.0002020049466417518
9633,0.08551673476402302
9634,0.010810478106030266
9635,0.00020092958513685694
9636,0.002160752188300894
9637,0.0009234343464982004
9638,0.0023699206467762204
9639,0.0004881617233523823
9640,0.001066996152842288
9641,0.004292603347848814
9642,0.0036317241868499953
9643,0.004393510971444621
9644,0.0016697238837861052
9645,0.000272529794751372
9646,0.0006382773856806488
9647,0.0010032087440459217
9648,0.0003185890645833681
9649,0.001637573625185793
9650,0.0014194419903517034
9651,0.0010309612195302004
9652,0.006703162415778191
9653,0.00025930293915897877
9654,0.0013214831428788258
9655,0.0007230022827882163
9656,0.003369210698979182
9657,0.0302666331243363
9658,7.490100721718556e-05
9659,0.00018957931853612865
9660,0.00015432896043647985
9661,0.0005842184692522425
9662,0.01101243321463369
9663,0.0018396109321940045
9664,0.0008150575094937204
9665,0.002715605921181359
9666,7.284900932174565e-05
9667,0.001274493134617596
9668,0.0017770721612816482
9669,0.0024058000193625277
9670,0.005791964599909707
9671,0.005538562206270635
9672,0.00019055279774529514
9673,0.0014664799085303843
9674,0.000946892365648116
9675,0.0014157318986116581
9676,0.0018115551468466443
9677,0.015423678976344113
9678,0.0007375379160152379
9679,0.0006262774560239071
9680,0.0067818787725278055
9681,0.006201992310933725
9682,0.001882541808155843
9683,0.0005640244197149107
9684,0.0007156978667186512
9685,0.00015296073563681134
9686,0.004611021892343135
9687,0.0006082508242800344
9688,0.01107593611613399
9689,0.0004999081000810916
9690,0.0009220765832834826
9691,0.020332544467090312
9692,7.379105936556292e-05
9693,0.0033131171278421093
9694,0.008609172138457338
9695,0.0007849445661821679
9696,0.0002846759058917473
9697,0.000685981476363272
9698,0.00015253532759647924
9699,0.0008412600968982969
9700,0.0008844426496292457
9701,0.001290882285944705
9702,0.0011913981320507527
9703,0.0008031913418225613
9704,0.00035240078532734336
9705,0.0003026677265034484
9706,0.000500185427440503
9707,0.00041035853943591606
9708,0.003017654255631298
9709,0.010770450872942058
9710,0.000674791235271497
9711,0.00014891918657888842
9712,0.001365170741523984
9713,0.00023602347973376744
9714,0.009183529763179677
9715,0.0012216066616613044
9716,0.025447943947390937
9717,0.0020091028226759213
9718,0.00012036719104104756
9719,0.0007996187786867805
9720,0.0008367673074364552
9721,0.0007953585428269398
9722,0.0020996051289629016
9723,0.0002220964864674538
9724,0.0015067070637827136
9725,0.001051482243690176
9726,0.0015464224571708628
9727,0.0014090963250844185
9728,0.0024452333658918192
9729,0.0007702521272582887
9730,0.010170335441968851
9731,0.0015220500242732354
9732,0.00818421745078652
9733,0.0008738852826830991
9734,0.0003007196233787947
9735,0.017708387301123556
9736,0.007429803742371985
9737,8.385605757169053e-05
9738,0.01725670982850272
9739,0.0002962565145298593
9740,0.004960715176129346
9741,0.00022898845227461726
9742,0.0005970001879999417
9743,0.0006217408677956553
9744,0.0026489395106985636
9745,0.0011160385788748762
9746,0.0007799755568905602
9747,0.0020289213535438196
9748,0.0005080342462828759
9749,0.0001129132617794078
9750,0.00030934326492898333
9751,0.001550285168885011
9752,0.0017924210351746184
9753,0.0006082317939672859
9754,0.005408899980653933
9755,0.005321345196817439
9756,0.0012315143884459095
9757,0.017718728548091544
9758,0.00017055558121690145
9759,0.0004947397939698675
9760,0.0021335147039398977
9761,0.005516634248778537
9762,0.01406263064057322
9763,0.0022833791079296993
9764,0.008666268178721152
9765,0.0006498393844756303
9766,0.00016738614833963411
9767,0.0027908258897794834
9768,0.03683845774192222
9769,0.001234684149072689
9770,0.0057304407569038745
9771,0.0020864578190320287
9772,0.01112630884144596
9773,0.0007651393097369869
9774,0.00022965645230947274
9775,0.0006432101771900381
9776,0.0014412471483262496
9777,0.0006311355933635058
9778,0.03269756925325158
9779,0.0015371375370889894
9780,0.0014307835040732438
9781,0.0006813728675740199
9782,0.0033468065730652636
9783,0.0017323474904183875
9784,0.01099898123692561
9785,0.004275057587537515
9786,0.00018740818042136697
9787,0.0029508334913617247
9788,0.0007553808876515142
9789,0.001442279453751234
9790,0.0006222691309714566
9791,0.00010412958729131088
9792,0.0012246208522498818
9793,0.0009263689279792855
9794,0.00015655777913390704
9795,0.0017877371826127888
9796,0.01833810940027597
9797,0.002874147696070348
9798,0.0018497816251997097
9799,0.001343906170313791
9800,0.001027817560726753
9801,7.246626569012757e-05
9802,0.0014233714261617462
9803,0.0009397977210955586
9804,0.0009030672069740356
9805,0.0028067092260135864
9806,0.005322808082082931
9807,0.00021734321530831317
9808,0.0005813659179330537
9809,0.00015196821640392505
9810,0.0014878776858836674
9811,0.0009753664214775775
9812,0.004650653315131322
9813,0.00016967019492820275
9814,0.10003402626647007
9815,0.003094522175433823
9816,0.00014383709170640501
9817,0.014998692933674776
9818,0.0007556624371986492
9819,0.004304879580992574
9820,0.029927344714548
9821,0.034894263159291936
9822,0.0014048800835783995
9823,0.0016070440109974293
9824,0.0016284038720389984
9825,0.06740980538742655
9826,0.0017684723677588569
9827,0.00029850207944029676
9828,0.009017093963396807
9829,0.0007349663761192979
9830,0.004196970407817855
9831,0.0003173399748093044
9832,0.0009017068205407067
9833,0.000175333397459663
9834,0.014661330000860692
9835,0.0035866409906158427
9836,0.0008363268401159671
9837,0.000742310668487162
9838,0.00016544744087193959
9839,0.04232697675066296
9840,0.0007220615838782575
9841,0.0027713348164314774
9842,0.001566059954124948
9843,0.002391488500686192
9844,0.0014124199771281807
9845,0.002365534507692954
9846,0.002078458875957959
9847,0.0006173429167047603
9848,0.0011968074857050459
9849,0.003088185313343811
9850,0.0009818688725488276
9851,0.001539277101578449
9852,0.028142322516363345
9853,0.001165396160978334
9854,0.0006105110196083142
9855,9.165466628620125e-05
9856,0.00591389665731277
9857,0.0007867679505689434
9858,0.0016206353351748575
9859,0.0004127586392028721
9860,0.00012066738349379839
9861,0.0005706616181403515
9862,0.0010126434358072932
9863,0.01391319198892511
9864,0.003227632657839876
9865,0.001239932156542768
9866,0.004368420311810096
9867,0.003752411030387654
9868,0.0011276485742476431
9869,0.001370673100655139
9870,0.0006592193234455946
9871,8.695690719751508e-05
9872,0.0018699408025182787
9873,0.00021921606297290564
9874,0.12145450097052277
9875,9.170992618313383e-05
9876,0.000770910825603313
9877,0.005864658657347222
9878,0.0013034128545596202
9879,0.0024473823985755277
9880,0.02991516988433434
9881,0.0017900795591973405
9882,0.004320566732711152
9883,0.00082890138738418
9884,0.015337554249991642
9885,0.002627803854774876
9886,0.0010465420547648215
9887,0.00040246734757515095
9888,0.0010246300001662354
9889,0.005687623982228648
9890,0.02964578248220019
9891,0.0040846700866161885
9892,0.0007203087251934938
9893,0.0010730083538735234
9894,0.0005130957050587938
9895,0.0007298330421223735
9896,0.006956946874626902
9897,0.00031831960788509676
9898,8.830288118778857e-05
9899,0.004662786963897096
9900,0.0008628056171561691
9901,0.0006019747246120893
9902,0.001973507969506723
9903,0.0009633544816475279
9904,0.028185930708708014
9905,0.003887699421697086
9906,0.0024945853682137157
9907,0.0006291373348448926
9908,0.014388601079302604
9909,0.00144752018607173
9910,0.0009640360451433703
9911,0.0002402905080484149
9912,0.002265932827453796
9913,0.0184344054722178
9914,0.0003645952449889414
9915,0.0006336017120584733
9916,0.0005423761191441391
9917,0.00016486454644323634
9918,0.021763969162044927
9919,0.00042321034026473185
9920,0.0007540025736682808
9921,0.000695700392680954
9922,0.006587467023619157
9923,0.0007092565654308369
9924,0.0006171253033111226
9925,8.62357680319845e-05
9926,0.0003798380007299975
9927,0.006481730090919782
9928,0.0021609430413840657
9929,0.00012380034939426295
9930,0.0012927959833870547
9931,0.0006642661928091106
9932,9.829176728823501e-05
9933,0.00015177760611774727
9934,0.003097328817810337
9935,0.0008285089240526481
9936,0.0033234337757160684
9937,0.010467170231220985
9938,0.0009174907232564084
9939,0.00045633157798034043
9940,0.0026464717115920393
9941,0.0006937223539821679
9942,0.00032668871212423393
9943,0.00026520576514374434
9944,0.00040727378214392947
9945,0.0030293645546324846
9946,0.0006199453716466242
9947,0.00022468457324478606
9948,0.001488443592683171
9949,0.0018976608143349935
9950,0.0010557054460727168
9951,0.013248126805957133
9952,0.04888459892773585
9953,0.0016540751309179272
9954,0.0007441068986036685
9955,0.0014006259260846536
9956,0.00014677635963112432
9957,0.029082178657825315
9958,0.008802232921684193
9959,0.0002314365967809524
9960,0.0003994674358816206
9961,0.0007932186985743949
9962,0.0014751575242240443
9963,0.0007281643111722004
9964,0.0008932076033887013
9965,0.0008695360303361824
9966,0.0028285992664519423
9967,0.0006758562965038553
9968,0.0010759454476473285
9969,0.00022567517147408233
9970,0.010077024305847896
9971,0.0020745935459084513
9972,0.0010141011116374277
9973,0.0018447166916054866
9974,0.0019337066973939394
9975,9.374934296487049e-05
9976,0.000205414053788939
9977,0.00010228973431226423
9978,0.015291223864721943
9979,0.0008744134718650379
9980,0.036209606926708014
9981,0.0007614027765604663
9982,0.001489644885978681
9983,0.0010230112595499582
9984,0.0016911921009974368
9985,0.009419200621460512
9986,0.0009672815121048218
9987,0.0009823343429505552
9988,0.0018702372823160875
9989,0.0003196682137715654
9990,0.00038937305548193034
9991,0.002538146148704123
9992,0.0010526947436550944
9993,0.0013968654735586358
9994,0.0007006388426048276
9995,0.0013338216339790084
9996,0.0030806698592660254
9997,8.251039770628648e-05
9998,0.0014907568574846642
9999,0.0010237390282948338
10000,0.00015586367240575684
10001,0.022596339997510324
10002,0.0004276359278461093
10003,0.0002287297812468583
10004,0.0006316260350394457
10005,0.001309060157045302
10006,0.0002108128470650963
10007,0.001437802409020784
10008,0.0009322314774833099
10009,0.00030999423840002147
10010,0.0030931358141116617
10011,0.0009939682561581117
10012,0.008809212751651394
10013,0.009265885637852411
10014,0.00022030348885705464
10015,0.012881864105889651
10016,8.361676318504228e-05
10017,0.00019336382776216236
10018,0.04217778725590285
10019,0.005205737916992949
10020,0.004153105386158537
10021,8.058370554659059e-05
10022,0.006765655194769002
10023,7.611166218581839e-05
10024,7.819005118311609e-05
10025,8.310160219794657e-05
10026,0.0036422852254522006
10027,0.015006630329332468
10028,0.00037668874085954366
10029,0.7919938834636578
10030,8.640065174379993e-05
10031,0.0015513141160818436
10032,0.0031759805961971447
10033,0.00023759536362555006
10034,0.00047091777193119643
10035,0.004295725902644154
10036,0.005080690699346029
10037,0.00020423880779840887
10038,0.000251907681378236
10039,0.03327252514020177
10040,0.0003073272805605595
10041,0.0016854035369765219
10042,0.030157742832820172
10043,0.01265660508399119
10044,0.00033412294595153234
10045,0.00028060204464021906
10046,0.00019627287261314786
10047,0.00026404934936806847
10048,0.0001897440244325709
10049,0.0025117667861575903
10050,0.0014954581615880926
10051,0.00021256509250697705
10052,0.002131339265488749
10053,0.0001816176400425247
10054,0.017098175909866148
10055,0.0003722178981640898
10056,0.0001049998380527736
10057,8.18576441660243e-05
10058,0.0025571011166774025
10059,0.003920148942539491
10060,0.08393297421119675
10061,0.013410609963131115
10062,0.0021884575220084946
10063,7.494690668754641e-05
10064,0.00018891498318715662
10065,0.011365664360331752
10066,0.0017975768527486197
10067,0.004268738894660335
10068,0.00674857299020176
10069,0.04265707094246462
10070,0.004339052804061348
10071,0.0005840444839197979
10072,0.005649981440161068
10073,0.0045423870650052765
10074,8.588849861195346e-05
10075,0.0002660309371251816
10076,0.02294907913939373
10077,0.008145922029818443
10078,0.00030475112915867347
10079,0.012403539054340473
10080,8.104798662363584e-05
10081,0.015604841547603127
10082,0.0005365314869732491
10083,0.0009188670178820422
10084,0.00477745221216039
10085,0.0011863637612292792
10086,0.038644381077372454
10087,0.0038832154375433893
10088,0.008833282665829667
10089,0.0006563956273172884
10090,0.06118067674022396
10091,0.005608464213415409
10092,0.06849307081542147
10093,0.00015748912075935474
10094,0.006842791760019758
10095,0.0003612662796330547
10096,0.002138175493205355
10097,0.0012806783530928377
10098,0.0007751945338878008
10099,0.0004973215969744695
10100,0.003696683460992867
10101,0.0017181651848985253
10102,0.0016018773533457765
10103,0.0004625568155159799
10104,0.035119330136221046
10105,0.035270736963636154
10106,0.005514931151747315
10107,0.006597143307206706
10108,0.013874632946595699
10109,0.0580812389226802
10110,0.0010486126526117342
10111,0.034421757123356
10112,0.0022394721577609577
10113,0.00032767741631850025
10114,0.0033635572220082435
10115,0.02992860437399873
10116,0.003410957932650028
10117,0.010333264496246735
10118,0.009135042944534561
10119,0.0002222600541646145
10120,8.516249921589018e-05
10121,7.95744438416472e-05
10122,8.134408853105313e-05
10123,0.015429592909738044
10124,0.008322157310122046
10125,7.97814492356482e-05
10126,8.14069876204308e-05
10127,0.00020783352277390065
10128,0.0003404752925662294
10129,0.014778439885887038
10130,0.0003608740130501166
10131,0.00024959411801330855
10132,0.052147749457412684
10133,8.748114773307692e-05
10134,0.013258656245672382
10135,0.01889955429113921
10136,0.05691101559517362
10137,9.177868032827252e-05
10138,0.0001374687031945331
10139,0.0012185085183604285
10140,0.0007630364509094675
10141,7.433122431949869e-05
10142,7.824836667127796e-05
10143,8.646543860908313e-05
10144,0.00020233613496476225
10145,0.010988684982096335
10146,0.0477381391685298
10147,0.008923846327763454
10148,0.001197482353001951
10149,0.00040990602423313343
10150,7.90921676072461e-05
10151,0.03321049378449668
10152,0.006521670528969974
10153,0.06100714534637679
10154,0.00014281081470868574
10155,0.0002374573991512613
10156,8.748238833919945e-05
10157,8.245995359276484e-05
10158,0.0014599989528010578
10159,0.0001382750510203104
10160,0.00551388635017534
10161,0.030348577631134244
10162,0.0009394134262810095
10163,0.20777007012374438
10164,0.006110202629252049
10165,0.007021866583787113
10166,0.01856349980503642
10167,0.06737623502270518
10168,0.0011890936942810597
10169,0.00022690439671252502
10170,0.32799038385742896
10171,0.008256643929517247
10172,0.0008202408385378512
10173,0.0003723567280445131
10174,0.007152943152619521
10175,0.00010937875316907307
10176,0.03215032393700925
10177,0.035857792222366645
10178,0.0010552997561238502
10179,0.0018476551640077398
10180,0.0002702522980362205
10181,0.001472634053514652
10182,0.00023074052220045782
10183,0.001509645927559314
10184,0.002487985630806775
10185,0.03648763740188858
10186,0.0013066073693784618
10187,0.00021663237914023334
10188,0.007442860007223694
10189,0.0061290062128923645
10190,0.03207547715870082
10191,0.008675137790915577
10192,0.1878356449695981
10193,0.0037947492497407828
10194,0.10749191013652523
10195,0.015521332700228105
10196,0.004999531165853031
10197,0.0015382664807684586
10198,0.003321708144723801
10199,0.010622910490719239
10200,0.0354980795503828
10201,0.010233863340488297
10202,0.001119659896271095
10203,0.0034353073613571394
10204,0.0011390373538452767
10205,0.00178925854336191
10206,0.0720719711885119
10207,0.014901417878024917
10208,0.0075684940658979185
10209,0.05340806606484544
10210,0.0017207083294533132
10211,0.00024095996089193677
10212,0.000975367782670394
10213,0.003956710677397895
10214,0.16351562269433886
10215,0.021641262298813184
10216,0.005285066839004484
10217,0.001489766199248858
10218,0.004679786472746953
10219,8.112687130812212e-05
10220,0.0015769242495017467
10221,0.004898103178776342
10222,0.024086525631218235
10223,0.02339602289568582
10224,0.0490647915589685
10225,0.07414493733956776
10226,0.003091958836302067
10227,0.022805687685977433
10228,0.008957187028092834
10229,0.0009116112659575098
10230,0.014883403239893043
10231,0.0014275652134758529
10232,0.0004043043689789893
10233,0.00010444362750757065
10234,0.00015120907803803588
10235,0.0003491362627121696
10236,0.0004959810502252741
10237,0.00035888686212430775
10238,0.021291153953199107
10239,7.498497357449558e-05
10240,0.00015426499167786172
10241,0.005189953595950692
10242,7.581751566973339e-05
10243,0.030271860018630324
10244,0.06908350956920477
10245,0.00115688372559752
10246,0.0004455514782162752
10247,0.012863643921544867
10248,0.0012325320810332575
10249,0.06354614027240998
10250,0.07883085211204607
10251,8.701378359192056e-05
10252,0.044641895988718726
10253,0.000670205639203545
10254,0.006371878734980347
10255,0.01120456773981382
10256,0.0016407881885890214
10257,0.0006401824000728601
10258,0.02710954482264344
10259,0.04584248020940546
10260,0.008552083722676771
10261,0.1139098719983342
10262,0.12293849493566811
10263,0.014885254783969923
10264,0.0003670425156603352
10265,0.020857253692814423
10266,0.07527436264081509
10267,0.00016666741487574564
10268,0.000122931856010084
10269,0.0023329271753736265
10270,0.004758713007125158
10271,0.01485664404468635
10272,0.0006714198985221868
10273,0.0025475226072502076
10274,0.016748244656036602
10275,8.481561572673054e-05
10276,0.021419787953742275
10277,0.0018883906140956086
10278,0.00010982489888778185
10279,0.0011646105753496984
10280,0.00015438430486021287
10281,0.0016928616317681638
10282,0.007478570520673547
10283,8.069252485180677e-05
10284,0.0003194511665522698
10285,0.007671107502843777
10286,0.009040753908718568
10287,0.04859538312510096
10288,0.04523327907361809
10289,0.003514845938372197
10290,0.00033617580907642795
10291,0.00041235293622748914
10292,0.013372840611602651
10293,0.006906801551349961
10294,7.467757597828331e-05
10295,0.0003922812363615283
10296,0.0010391559663586046
10297,7.44902037702941e-05
10298,0.005257434322578409
10299,0.10228429592815262
10300,8.809381775371693e-05
10301,8.173992684939537e-05
10302,0.0021037735749682377
10303,0.00015135676839565128
10304,0.001771416957882251
10305,0.02747466385299151
10306,0.003684649927351675
10307,0.09682746323299363
10308,0.004471882706849649
10309,0.025233993343480976
10310,0.03471180242489837
10311,0.03604866167441452
10312,0.004111339539782693
10313,0.00022433952633790945
10314,0.022260464131733083
10315,8.296496767085654e-05
10316,0.004244459536641215
10317,0.01800248628408889
10318,7.806928051235794e-05
10319,8.15233355092383e-05
10320,0.01058166924542632
10321,0.00506494303934892
10322,0.059049758374730296
10323,0.007151479745657348
10324,7.657853382523011e-05
10325,0.09487036533711293
10326,0.015061709868376766
10327,0.00010316520915726625
10328,0.04130385959583746
10329,0.003900647784794465
10330,0.1186016302160596
10331,0.006002229880895854
10332,0.14591633427884815
10333,0.003653500448170316
10334,0.0003325457558792864
10335,0.002402873646313184
10336,0.09898311459255911
10337,0.005543922288777047
10338,0.009212169698360227
10339,0.0002959154865744942
10340,0.004936476326835451
10341,0.005674444155954776
10342,0.006212480308996435
10343,0.02481211909680726
10344,0.00014283953677732888
10345,8.09111881139032e-05
10346,0.000914984202996915
10347,0.0018237504910709776
10348,0.05068251961097793
10349,0.0010079636876466425
10350,0.00040429315701551464
10351,0.012786855751891984
10352,0.0002778275788052757
10353,0.04084137620184307
10354,0.006239122391143828
10355,0.014098408525807215
10356,0.007344503735430862
10357,0.3585697025132243
10358,8.734783291983067e-05
10359,0.004175987844617873
10360,0.08297567706166593
10361,0.08400714796847263
10362,0.008590589759167797
10363,0.0015711959311159335
10364,0.002887378180892926
10365,0.007041901295472839
10366,0.04109324285360994
10367,0.012281086403634837
10368,0.003946887382955932
10369,0.0025057695688902658
10370,0.0002049617634801138
10371,0.11249511292446006
10372,0.038940491920080936
10373,0.00021770387192129558
10374,8.860269178154031e-05
10375,7.501685330864162e-05
10376,0.021853003632537588
10377,0.018509246909830482
10378,0.00016517345328337588
10379,0.0001288934194887605
10380,0.0005309273357817006
10381,0.01529811343087406
10382,0.0001457613245653493
10383,0.0017523552942418235
10384,8.078710692756858e-05
10385,0.00020611541545600395
10386,0.0008858998910206565
10387,0.007651705661361088
10388,0.00010168125480488955
10389,8.783213387732806e-05
10390,0.004445483441094551
10391,0.002885870204927179
10392,0.0029449064614526267
10393,0.06598570945220672
10394,0.0027943620484844832
10395,0.06980037038560608
10396,0.015025330193763387
10397,7.544395031096603e-05
10398,0.00028869468384207166
10399,7.64531254032631e-05
10400,0.009053107512241454
10401,0.046056778266514074
10402,0.044956838513509
10403,0.007657273119490321
10404,0.033651649589981236
10405,0.01292575527556337
10406,0.03207172565702291
10407,0.013192073824927144
10408,7.651289284409337e-05
10409,7.55737574521429e-05
10410,0.00040691492343911795
10411,0.0023559829550231265
10412,0.002307766174040677
10413,0.00021966258555903415
10414,0.007645950357408561
10415,0.0014582078605962264
10416,0.0067953156111165685
10417,0.03128487592471284
10418,0.00023419292305582024
10419,7.713911159822645e-05
10420,7.687329470382983e-05
10421,0.0018299134883150517
10422,0.000512079452894649
10423,7.553614616516968e-05
10424,0.010894536458382646
10425,0.0030898460257766406
10426,0.004202565243419815
10427,0.00034172450124294554
10428,0.016188520025390847
10429,0.00012677403464896763
10430,0.027691204876826542
10431,0.006298009914347515
10432,9.80856614195155e-05
10433,0.0027258533760748656
10434,0.003478072542899339
10435,0.0010214378493366586
10436,0.00817649319330854
10437,0.004746322779679173
10438,0.00013685378322053017
10439,0.00014674738755600397
10440,0.0022088631911283472
10441,0.0012445311786876598
10442,0.012178696217987391
10443,7.283796714939373e-05
10444,0.00023404308732425332
10445,0.03834802515653672
10446,7.942932124166291e-05
10447,0.00014429445952639843
10448,0.133462150028914
10449,0.0004386921704188659
10450,0.0010001351536054735
10451,0.004621677536793158
10452,0.002257187912540624
10453,0.010715150641916124
10454,0.007634519620023329
10455,0.003971581004317633
10456,0.03885802917893312
10457,0.1690930753046038
10458,0.004336403360399162
10459,0.0022726575144933567
10460,8.65055793117816e-05
10461,0.14319531841610433
10462,0.036064508618093544
10463,0.000799489831012202
10464,0.0030909301262284686
10465,0.005760885828137297
10466,0.03746055211224726
10467,0.041720773708365126
10468,0.003578774534422238
10469,0.001436431553066227
10470,7.624250370169482e-05
10471,0.004054014925014853
10472,0.013782687641703189
10473,0.004585399402621102
10474,0.0027993049600448074
10475,0.0011292809152498638
10476,0.011782175303455511
10477,7.66624965853563e-05
10478,0.0008257941406306901
10479,0.006082145164012734
10480,0.004039565670808222
10481,0.0014131758847795927
10482,0.008395724921597004
10483,0.00027372498137256864
10484,0.015830040684659777
10485,0.006827945308512174
10486,8.829599138080985e-05
10487,8.412541948007581e-05
10488,0.0012594042610605941
10489,8.561808765278226e-05
10490,0.0007990057569374308
10491,0.003146423046141807
10492,0.014911999250513045
10493,7.713586874473366e-05
10494,7.369854397988594e-05
10495,0.00020321824244180653
10496,0.004615317830454106
10497,0.00459050241118583
10498,0.008264208482121116
10499,0.010369051923896484
10500,0.06838979515426885
10501,0.0199228619056211
10502,0.09501059249032315
10503,0.0001250821920005917
10504,0.0007758132178082341
10505,0.00920146734498423
10506,0.0022924053894304553
10507,0.022726770463784504
10508,0.018805401732700996
10509,0.0017103013960692846
10510,0.0044024455784680335
10511,7.824987750072608e-05
10512,0.004580425372275019
10513,0.002691340532594481
10514,0.01611264187296449
10515,0.0022268572019380492
10516,0.18244725365333425
10517,0.005593498545669849
10518,0.014984941475041078
10519,0.048917003201884544
10520,0.09318569880180645
10521,7.005938049981204e-05
10522,0.00015573474487280827
10523,0.0001044603302029045
10524,0.00538822280732709
10525,0.017183510728686565
10526,0.012935263813815429
10527,0.0003284791338123783
10528,0.0003133777988891899
10529,0.004535112109136437
10530,0.05420442832114273
10531,0.01988940719905103
10532,7.957180393099687e-05
10533,0.0006763979859745541
10534,0.00013108150025747207
10535,0.005029031077238301
10536,0.007226635305502836
10537,0.00019390835243104356
10538,0.008212646582793661
10539,0.00021126200606929975
10540,0.0009424271671929364
10541,0.0018014546364929027
10542,0.016923327466306447
10543,0.012224884746560312
10544,0.00415517365754166
10545,0.002067347812318594
10546,0.00017725447897401107
10547,0.000300342718246897
10548,0.001124820359992798
10549,0.0009771712362194446
10550,0.0002466953809218484
10551,0.0007078770606735937
10552,0.0001513689633082103
10553,0.00029167055091199246
10554,0.00016697741782495542
10555,0.029679967824267083
10556,0.014298680011347431
10557,0.013904600280418766
10558,0.00016717078331921403
10559,0.0005034607746446399
10560,0.1015439090939999
10561,0.0070634668631407715
10562,0.002281250200699406
10563,0.004717027513662096
10564,0.000559716137723428
10565,0.003990552743457669
10566,0.00016142534255787067
10567,0.0023080289754234973
10568,0.004137425564280747
10569,0.0001382927389451495
10570,0.0001275826738523919
10571,0.012049049154156668
10572,0.08090216311394997
10573,0.0011756902355733545
10574,0.001763318540857468
10575,0.0001350210452056036
10576,0.008689090251716122
10577,0.0012606948757690863
10578,0.00032652700424754954
10579,8.119708226485681e-05
10580,0.0028784345848974187
10581,0.00013244345171204135
10582,0.046305851102219894
10583,0.0033116653905003236
10584,0.0005679175024239857
10585,0.02434821835580362
10586,0.01042400955520659
10587,0.00308648150262873
10588,0.004345837004951694
10589,0.0048390628294803445
10590,0.0040155178382876916
10591,0.00016255836032452614
10592,0.4151219967275813
10593,0.009851279103033458
10594,0.0019292481576093194
10595,0.004110649382803299
10596,0.0004017736758824593
10597,0.0017792290061051977
10598,0.0003718972983175016
10599,0.0051560718719379705
10600,0.0006860376803704434
10601,0.0014909327716923497
10602,0.08432976578461168
10603,0.001045671779458467
10604,0.09278030286427907
10605,0.0017219506902673056
10606,0.0019015379246086102
10607,0.6285973889181533
10608,0.06895193305694745
10609,0.0005070413390209635
10610,7.927157601727704e-05
10611,8.127371310702581e-05
10612,0.0006819720433117743
10613,0.0003231957366089724
10614,0.25741489296843084
10615,0.015033617037055854
10616,0.0062556992954962785
10617,0.00029213518739713775
10618,0.04806639975758017
10619,0.00010692215433796984
10620,0.15133200920342832
10621,0.004307577245204226
10622,0.0015589252203091247
10623,0.036009588498636655
10624,0.00027780680406730565
10625,0.0017798199548189606
10626,0.005370757055092302
10627,0.020530065163387946
10628,0.5589051813533537
10629,0.02672834981220982
10630,0.001552427986166114
10631,0.0003270130090741004
10632,0.0005092735782705364
10633,7.588774481715394e-05
10634,0.0005656417214916414
10635,0.0006465211088200031
10636,0.0059026968775535696
10637,0.005135111706463566
10638,0.007584497498296991
10639,0.009823672714248614
10640,0.04587745670093067
10641,0.006085956457924575
10642,0.004530829503060789
10643,7.208069634255588e-05
10644,0.017538549373890662
10645,0.07899565024881541
10646,0.00038312408199682555
10647,0.00011002964198647811
10648,0.0017550051575006703
10649,0.014967494887773857
10650,0.0004642415143548759
10651,0.03326162263288243
10652,0.003187284549547102
10653,8.636992301554472e-05
10654,0.005025118547203528
10655,0.024726846836379095
10656,0.016744310657738605
10657,0.0027289900764573766
10658,0.0004594943192940648
10659,0.030257301003002324
10660,0.0006955288293476605
10661,0.0006288097904977248
10662,0.01385978169631174
10663,0.00015973488108500053
10664,0.006476557774766527
10665,0.04525817438921236
10666,0.0005678127848614746
10667,0.016451974163531353
10668,0.0009147405976514164
10669,0.028345031677315658
10670,0.00979020715869186
10671,0.00018714460390030523
10672,0.0001383520576897155
10673,0.013281012907670003
10674,0.013209756344067711
10675,8.425426233208942e-05
10676,0.008572537408811691
10677,0.0008240473481016003
10678,0.006915120812612624
10679,0.005176222213488556
10680,0.0011562400628636932
10681,0.01314189122610201
10682,0.30072091482546115
10683,0.42806613880061584
10684,8.352829450524439e-05
10685,0.0013845222826534397
10686,0.008143371989809139
10687,0.006144099534154954
10688,0.00034653097733444683
10689,0.021327176918126658
10690,0.0028445876070265002
10691,0.002316869476238884
10692,0.0025701943883858127
10693,0.005457759596704523
10694,0.007379428754861207
10695,0.2746308460506902
10696,0.003362670693303523
10697,0.0045974693238352345
10698,0.014714083542252763
10699,7.534113913049143e-05
10700,0.004185780393098535
10701,0.004986168176419838
10702,0.005412352093782739
10703,0.0003211780419692811
10704,0.0008550550225176919
10705,0.1149345664730328
10706,7.604934143545545e-05
10707,0.002154329701142468
10708,0.0007919346195779392
10709,0.012087720910483045
10710,0.002034745104612443
10711,0.00489338928780315
10712,0.016528208522293513
10713,0.0014899346486610227
10714,0.0335261418731803
10715,0.03867603117925873
10716,0.008323723441864276
10717,0.0006355791771479099
10718,0.046414842807939324
10719,0.04485674530970644
10720,0.00756724610461079
10721,0.006999181968872737
10722,7.194644505707353e-05
10723,0.0027361271806323945
10724,0.00048736628374247486
10725,0.0005438642480075659
10726,0.007053231575746589
10727,0.00014914494140864622
10728,0.00010627670470864992
10729,0.014088049342400221
10730,0.009144666353233985
10731,0.06005373314006655
10732,0.007719106960624703
10733,7.356971349627035e-05
10734,0.002672311887984941
10735,0.0047579903145251925
10736,0.006319789545844537
10737,0.0038068848080093374
10738,0.018320965155001694
10739,0.00012864608541369999
10740,0.0024203640175985684
10741,0.0553816798576169
10742,0.0034792612444747933
10743,0.006529293561021436
10744,0.0031103717717580496
10745,0.013197279636045656
10746,0.00037381308801262835
10747,0.0009105533607647535
10748,0.013439353401757245
10749,0.00017305141370622333
10750,0.002649752291068978
10751,0.005054750662851445
10752,0.004036178899990247
10753,0.0009367917728643326
10754,0.0002969428323265547
10755,0.0002017698936016594
10756,0.06811812086719853
10757,0.007790895819827065
10758,0.01053940066539293
10759,0.0023276739167770225
10760,0.00037232496052766326
10761,0.006610746947632426
10762,0.00044359982342813436
10763,0.0021895531460385934
10764,0.0016721985191335078
10765,0.0001892037078565995
10766,0.0003714046576048575
10767,0.0040071455369803345
10768,0.0021687437097537027
10769,0.17288655807728737
10770,0.0004995354690708371
10771,0.00035117361449204826
10772,0.13155834912027672
10773,0.10883338178753595
10774,0.011503109903568853
10775,0.004256846939661897
10776,0.00029624555046728373
10777,0.003676076993295029
10778,0.016404999581413497
10779,0.12882403286289548
10780,0.045984035014358354
10781,0.002556561733059696
10782,0.00020172199705374545
10783,7.071845157927629e-05
10784,0.0006037019648405483
10785,0.010447039203008166
10786,0.012376818592726189
10787,0.007732722848431695
10788,0.05048403083489615
10789,0.016881148483993618
10790,0.0006280290711450763
10791,8.233869749514633e-05
10792,8.855565637165689e-05
10793,0.003761039411700878
10794,0.19773641165344844
10795,0.00622535379754386
10796,0.00018311610810214577
10797,0.00021326550726054344
10798,0.012196817509684427
10799,0.024620632942015764
10800,0.010592335414108263
10801,0.0015428169813054304
10802,0.001931318901916481
10803,0.11118154989522386
10804,0.011415418238350173
10805,0.0008752737487036141
10806,0.0042727011840869
10807,0.013039212761512787
10808,0.007008025885058028
10809,0.13248635157818953
10810,0.007822846663188828
10811,0.011542326114401898
10812,0.002237848090351773
10813,0.006841380291339535
10814,0.036756438474096
10815,0.008784143287409998
10816,0.00026928955213388
10817,7.772480723890725e-05
10818,0.027939816809454076
10819,0.0004366337293401611
10820,0.00044075259166854845
10821,0.00030133538635867234
10822,0.000389070339402204
10823,0.047951142391821966
10824,0.1490091649830705
10825,0.0051020142794007935
10826,0.0016620361901251099
10827,0.004765324119907195
10828,0.00718678759377228
10829,0.0029094988759939054
10830,0.007108653880294849
10831,0.006454056312881979
10832,0.01954599916188291
10833,0.004978345953922909
10834,0.0016075474833261347
10835,0.0013031776823669416
10836,0.00781586090136167
10837,0.05008135604485112
10838,0.02480055216403825
10839,0.0009270567524643772
10840,0.15434552556206782
10841,0.0561593643706277
10842,0.23659340947411822
10843,0.00995988595240518
10844,0.007423028832496738
10845,0.058946777585478824
10846,0.0036841604164412267
10847,0.027030339347385614
10848,0.1307638428751751
10849,0.03430269616167424
10850,0.015134447015370922
10851,0.021754488608215286
10852,0.00016598727083556207
10853,0.006214199726771173
10854,0.0010421844722320521
10855,0.000977953449835128
10856,0.00043719242719044056
10857,0.000668282538628307
10858,0.009463218464986017
10859,0.0034933414906785226
10860,8.772839356139307e-05
10861,0.05549353405143844
10862,0.00843443215482868
10863,0.016954441018948135
10864,0.008413143440285185
10865,0.005793323543050791
10866,0.0005402901979421731
10867,0.0024382721213359352
10868,0.00022168997544101923
10869,0.0005632688214114988
10870,0.006766081056154054
10871,0.3125122342546381
10872,0.0004809787847549476
10873,0.03758752862803524
10874,0.004959585572886524
10875,0.022364784975878845
10876,0.006927625271848198
10877,0.00039478124086521793
10878,0.00015134517771803283
10879,0.002026187551817346
10880,0.01847831010773593
10881,0.0035397876745557693
10882,0.03952399660306283
10883,0.0021979276445053776
10884,0.00010575219133121086
10885,0.0725835903381669
10886,0.0005347870019835022
10887,0.13342011819792857
10888,0.0058490465753880385
10889,0.01875751519991007
10890,0.00022219242596841336
10891,0.0472344094564075
10892,0.0020677111977224143
10893,0.07166540969722235
10894,0.00014520767271056543
10895,0.00019997210569144998
10896,0.0002544039246362551
10897,0.0002287792027110381
10898,0.06644741560024002
10899,0.13255216861162641
10900,0.0018202928204821545
10901,0.013485212597465813
10902,0.018093716696893004
10903,0.0020047143779391517
10904,0.012765763882799175
10905,0.009651592216552679
10906,0.018480406569668633
10907,0.0009970742175491668
10908,0.0016331839149341068
10909,0.14139397967883255
10910,7.529551844298108e-05
10911,0.005781500375529296
10912,0.006323435642935492
10913,0.000951893177528558
10914,0.004129571163981533
10915,0.042424406448086115
10916,0.000228152668803498
10917,0.04911543174482831
10918,0.0007033542841375186
10919,0.011764766948273931
10920,0.004426797700314776
10921,0.020211458262411556
10922,0.032790361517059295
10923,0.00033774110936178966
10924,0.19940006893428247
10925,0.004825385759860077
10926,0.005718771306365268
10927,8.714646824594286e-05
10928,0.0026581613334393226
10929,0.033916149080084355
10930,0.011640720845485961
10931,0.0016660075047938536
10932,0.0007698174991010059
10933,0.001460851159477031
10934,0.010661080258166242
10935,0.0066264874693385475
10936,0.000287633613258239
10937,0.0019317164592405755
10938,0.0072675611356462205
10939,0.0006061208767601539
10940,0.00610051202974756
10941,0.01142936876962869
10942,0.010370268202590556
10943,0.011287988162609397
10944,0.038788194151701545
10945,0.00373713496549059
10946,0.004508848654986035
10947,8.152152157965488e-05
10948,0.037649512509989005
10949,0.08794415600122621
10950,0.0016380017116348344
10951,0.04491931822184993
10952,0.04683520710981108
10953,0.04654229878584195
10954,0.000201458902967867
10955,0.00042197795305428266
10956,0.012562896955310598
10957,0.03764843443612201
10958,0.0027732397883766012
10959,0.0013693485875506412
10960,0.00048197219864221064
10961,7.788713706058019e-05
10962,0.00021863934443379124
10963,0.005911877255957961
10964,0.0020767414114414356
10965,0.013637236188179825
10966,8.069761949485836e-05
10967,0.2778008754888165
10968,0.0021464362804079515
10969,0.03054944720270885
10970,0.004045203737629633
10971,0.009861785300059277
10972,0.010510604255782062
10973,0.0018586323289576743
10974,0.00019267670279753108
10975,0.008103121062272857
10976,0.02626757018112343
10977,0.05326112346736146
10978,0.0038679473819848514
10979,0.9961237145660601
10980,0.009323898544731524
10981,0.03215811342333832
10982,0.0015117877650325118
10983,0.003216917711117564
10984,0.022038756042646532
10985,0.010003796176180114
10986,0.0008455476682965154
10987,0.015527980042106357
10988,0.004140148767198542
10989,0.002391659015497454
10990,0.0025797620402916084
10991,0.13459391300576148
10992,0.01485868753457537
10993,9.01212566396457e-05
10994,0.10022132971833528
10995,0.0006751425106928345
10996,0.06900863956110898
10997,0.03451984027721611
10998,0.013635046671556201
10999,0.00027112774894991963
11000,0.0004085562478511139
11001,0.9945270267828195
11002,0.033113460667810665
11003,0.002769539135016203
11004,0.0003281392654407863
11005,0.0010488466321908478
11006,0.009774345160040002
11007,0.07582536459979072
11008,0.0027743727133480297
11009,0.010967690397538142
11010,0.023405353834402006
11011,0.01004474099048111
11012,0.002970201873328726
11013,0.009876593734019648
11014,0.00034556954427184477
11015,7.923339129886694e-05
11016,0.03102877568115934
11017,0.0010702456030752432
11018,0.005202655985337677
11019,7.878494837502536e-05
11020,0.007119964786098533
11021,0.00043923153319625223
11022,0.00014926448160744015
11023,0.0001507643449836386
11024,0.010605317346019782
11025,0.024662270365055316
11026,8.018162320243972e-05
11027,0.004727129153802562
11028,0.0007858931925483207
11029,0.0029993922675945204
11030,0.00927240480983691
11031,0.0029273346304110365
11032,0.004965672294825183
11033,0.6265429104501903
11034,7.839386720222567e-05
11035,0.006277081129702958
11036,0.007374140915417331
11037,0.00021557095472346722
11038,0.004241345995112546
11039,0.005381919817590421
11040,0.000291011256624084
11041,6.1010102312012066e-05
11042,6.536744390146025e-05
11043,0.005388604269654706
11044,0.0013672312317763082
11045,0.00016517896930261927
11046,0.040838628425095155
11047,0.0041786698096455185
11048,0.006248582235746755
11049,0.005424483786126371
11050,0.0003960195520402606
11051,0.0009326025072301892
11052,0.2357969065479042
11053,0.008763664691383646
11054,0.006452356249277725
11055,0.05219181681043152
11056,0.06702315581512187
11057,0.007601424474157721
11058,0.00010539442311572071
11059,0.005535515670622207
11060,0.007063762993584767
11061,0.06938532840466774
11062,0.0002054479074005897
11063,8.00870084194581e-05
11064,0.006148195285683487
11065,0.014957261763816912
11066,0.006839639856551162
11067,0.003791627723471356
11068,0.010395325486325702
11069,0.0204380115249989
11070,0.012790383030541894
11071,0.07319625345842537
11072,0.0017690916618624513
11073,0.040272765147933307
11074,0.011912821794568469
11075,0.0027081182398944895
11076,0.12801764543908295
11077,0.0002778127964750334
11078,0.0003805509470128085
11079,0.008017490670230118
11080,0.00039273213293923614
11081,0.0003485297963689567
11082,0.004744759354257426
11083,0.003806540172398913
11084,0.00032528759662132873
11085,8.111927950559285e-05
11086,0.006540716724439431
11087,0.014010716735438817
11088,0.07433143071279705
11089,0.0032538722005387767
11090,0.007641097325687381
11091,0.008377354952483412
11092,0.002867560851387411
11093,0.013646621066013314
11094,0.002106868867644958
11095,0.00024674319822557816
11096,0.011749480011463689
11097,0.003335835171624936
11098,0.006337264106501529
11099,0.0029022788595404535
11100,0.0018410628395635151
11101,0.19948228366268367
11102,0.002088719499532138
11103,0.0016434541329638972
11104,0.07375105357294605
11105,0.00279999124626363
11106,0.01407164565575746
11107,0.010118100019699282
11108,0.1331571507724273
11109,9.414196278637288e-05
11110,0.019363066838975308
11111,0.009405467237044138
11112,0.04013386059565398
11113,0.0005077122364280861
11114,0.0009633703696465979
11115,0.018863354792308402
11116,0.006438432341903928
11117,0.20510930517793224
11118,0.0033996064005651825
11119,0.06969817707653496
11120,0.07083223278684302
11121,0.00016512472468225594
11122,0.006307756405676597
11123,0.002229784550541831
11124,0.043074864214245626
11125,0.7078566259596222
11126,0.03568337675803714
11127,0.12291874668899701
11128,0.17413703472989994
11129,0.0006565458472590435
11130,0.0006336394102022528
11131,0.006780703737369481
11132,0.012082767900741285
11133,0.14686660300209978
11134,0.0030748462007988394
11135,0.012577197405831016
11136,0.11287426961563943
11137,0.0020036985710359424
11138,0.00021796032950151235
11139,0.000595919731368282
11140,0.0033095943911379544
11141,0.014799537441837412
11142,0.007772351087808732
11143,0.01151329073297807
11144,0.026843571283667562
11145,0.0032740837204138116
11146,0.004300917283406304
11147,0.052204844310196875
11148,0.0005493836958732191
11149,0.001685403163943062
11150,0.0009588429602382459
11151,0.006550738585958985
11152,0.12296758076979908
11153,0.005243661576103864
11154,0.15723421578535354
11155,0.00010243651314934411
11156,0.05301305869078553
11157,0.00036291228037013397
11158,0.004187513224543636
11159,0.017526029774616057
11160,0.00044980144052022484
11161,8.226500099941617e-05
11162,8.941727076740108e-05
11163,0.0005536478578564202
11164,0.002788299425951418
11165,0.00011543648417332293
11166,0.004336025517674666
11167,0.0036388947888200936
11168,0.0008641280278546855
11169,0.0006481091456843411
11170,9.77911949659389e-05
11171,0.1869526084665083
11172,0.00019004304277128397
11173,0.000578277092096216
11174,0.048939038158372646
11175,0.0005815174032005347
11176,0.00099076186384178
11177,0.00013295079316033104
11178,0.0038640940875793277
11179,0.00023027397223936751
11180,0.00033430882079363766
11181,0.0009362745015701636
11182,0.0223377852427534
11183,0.15442835404780691
11184,0.0006432559741108287
11185,0.00019659547685480053
11186,0.02762369970030778
11187,0.3154691039050298
11188,0.0009646198456983556
11189,0.0007955506248245408
11190,0.00026125036769146233
11191,0.13259901585714934
11192,0.00034255299073636
11193,0.00045886838966930873
11194,0.0016438939193976407
11195,0.03395157781706951
11196,0.0013116263321711092
11197,0.00013044721125163829
11198,0.0013946375845920532
11199,0.030646591460716032
11200,0.0016573764474309214
11201,0.0008764230846247175
11202,0.04587695693923087
11203,0.0020139705712963448
11204,0.0004323969060012254
11205,0.006637118142182161
11206,0.16354765869955493
11207,0.0001980767887599277
11208,0.00027955901058840653
11209,0.052640787759998066
11210,0.0005560980142954071
11211,9.455961022898526e-05
11212,0.0030101349048443624
11213,0.00022779851805560742
11214,0.004817532151740503
11215,0.006064077295576733
11216,0.0005033529305914639
11217,0.00031377452272077433
11218,0.007492855107254183
11219,0.0028834399350387008
11220,0.004183201331297691
11221,0.12632680288365505
11222,0.006359673891536033
11223,0.006052633496806278
11224,0.0011296904047778259
11225,0.10258034779630157
11226,0.029148652487560277
11227,0.0014120001586708547
11228,0.00027663959561516295
11229,0.12638134864678116
11230,0.0002250865298234091
11231,0.03999479248090473
11232,0.058352994186072996
11233,0.00421169757077097
11234,0.006317034183524183
11235,6.737078992617639e-05
11236,0.0005769636000776329
11237,0.009223739819318972
11238,0.003204125834402859
11239,0.010259022308967372
11240,0.0028845495859979916
11241,0.0016898718621536867
11242,0.004124822624264128
11243,0.011149229370344012
11244,0.00021782896633362124
11245,0.0004303458654611415
11246,0.03474936321385538
11247,0.0134655032853392
11248,0.015729881932039835
11249,0.10390498491502112
11250,7.560192281171166e-05
11251,0.002326655469419194
11252,0.006380307660380305
11253,0.052746876144017
11254,0.03216223771827459
11255,8.629044589460865e-05
11256,0.0014792943925781919
11257,0.03561115249376376
11258,0.00799625791917829
11259,0.6825014535775908
11260,0.0060013601648050705
11261,0.04957618082335654
11262,0.01379031611555652
11263,0.00028777035147370096
11264,0.0005415482192624649
11265,0.009532104507461503
11266,0.012219516888932615
11267,0.036150777090921626
11268,0.04249535535263151
11269,0.0009226827007062692
11270,0.0009352265326971797
11271,0.13649707699220595
11272,0.17834290739716877
11273,0.001049423171057338
11274,0.01678393401069559
11275,0.008597346624864981
11276,0.010885200507702681
11277,0.011078462920538457
11278,0.026908791846185935
11279,7.77730221001686e-05
11280,0.028528300047579825
11281,0.39547766341320384
11282,0.00032464303210933776
11283,0.005752556873841071
11284,0.0022594617953744325
11285,0.002775072623794831
11286,0.00025493145124863765
11287,0.006134338848107556
11288,0.001749666111988029
11289,0.002898598297414388
11290,0.0003039893335782283
11291,0.006396798817802062
11292,0.00023044486920963982
11293,0.005767759043146753
11294,0.006275346026973036
11295,0.00015149858559224962
11296,0.0001236656049958944
11297,0.0027648698251525913
11298,0.16346346464704192
11299,0.007269254332984548
11300,0.026645088669075133
11301,0.3992005414013037
11302,0.0100566536074463
11303,0.06435340811191625
11304,0.008048521383802808
11305,0.00027325114648522165
11306,0.02046026754341126
11307,0.02890154805031578
11308,0.00044183023255151883
11309,9.029266788522e-05
11310,0.001918728701059029
11311,0.1516031377986861
11312,0.0065958921302103875
11313,0.00014548708014517497
11314,8.006639516743673e-05
11315,0.00035160412965242935
11316,0.003946225422631753
11317,0.0029373429497423138
11318,0.0002040589101587415
11319,0.004473351324625576
11320,0.0070782835881514836
11321,0.0010907516451770121
11322,0.020232150266586372
11323,0.0015659477882859567
11324,0.10603609109989318
11325,9.918160601506338e-05
11326,0.005133614207097289
11327,0.0017949363725462083
11328,0.0050148370241266714
11329,0.009407063773812153
11330,0.000285950649163245
11331,0.004022122076526253
11332,0.004865318827285749
11333,0.00425247674818636
11334,0.011487435091601857
11335,0.004130988703773187
11336,0.008087992361705477
11337,0.058424557185035406
11338,0.03352909402083443
11339,0.006407701466948444
11340,0.0016764435357735663
11341,0.01440218613531275
11342,0.00019839185875402304
11343,8.041551322943896e-05
11344,8.949047186250218e-05
11345,0.004751436733053036
11346,0.011140376595611541
11347,0.005084942864204885
11348,0.001507625319899301
11349,0.0015852863514672602
11350,0.026859858767920054
11351,0.2841805857787303
11352,0.008494473458920432
11353,0.005875493822847614
11354,0.004490050532261701
11355,0.06378094726631672
11356,0.005127642912587104
11357,0.0052609385810885295
11358,0.004199760044588474
11359,0.005306095982568058
11360,0.1889626319764636
11361,0.0003966511774866455
11362,0.01437279798300759
11363,0.004420815968864857
11364,0.009942259786395582
11365,0.005432395444632751
11366,0.00032867624523435097
11367,0.16492518477882517
11368,0.0047023206259282895
11369,0.0034724710037582125
11370,0.00011424125960895089
11371,0.006401168490082806
11372,8.921639878296963e-05
11373,0.0023697529999008654
11374,0.012855836589718863
11375,0.0015744723778611486
11376,0.0002963919979689344
11377,0.003021854586311653
11378,0.00034799962543297753
11379,0.0025560387034429892
11380,0.00022427329425934057
11381,0.0005072911558157638
11382,0.0008306186924415335
11383,0.007964204229745232
11384,0.038820199934584375
11385,0.012249465254542947
11386,0.0001953248962110487
11387,0.003275472197681957
11388,0.026367061538827525
11389,0.04070366133025923
11390,0.0423895181689175
11391,0.0009029294137734747
11392,9.122471769938022e-05
11393,0.25430527208582027
11394,0.188979660498274
11395,0.0002914705015856902
11396,0.0027298610461094514
11397,0.00667975124512316
11398,0.038626101568525285
11399,0.0004406987684860168
11400,0.00045394780520256213
11401,0.0006807519838786027
11402,0.0004544015198357982
11403,0.005893285010723693
11404,0.09233109633055514
11405,0.013405910934964049
11406,0.0012216447464108997
11407,0.04272023720590355
11408,0.5542916709724713
11409,0.00034490745366851214
11410,0.0021876481325744787
11411,0.0019685023429667336
11412,0.05975772107638896
11413,0.013308425823449155
11414,0.00026028464876170257
11415,0.009704275186488087
11416,0.024210697620966427
11417,0.0001710790996474326
11418,0.0003221522020280609
11419,0.001833996527273551
11420,0.001054766666796029
11421,0.0001816194369309923
11422,0.01610655652150954
11423,0.00748953038366727
11424,0.01470862294008195
11425,0.0002428300977121412
11426,0.1396919255096714
11427,0.0001507949893310337
11428,0.0020599229018020025
11429,0.0011341759204003897
11430,0.04330491477939285
11431,0.0004598585132570991
11432,0.347535042808229
11433,0.001355330189605122
11434,0.04164970967327788
11435,0.00507823606856029
11436,0.007634413449495401
11437,0.0010354096767459914
11438,0.06061097194790958
11439,0.0306388045065508
11440,0.0014433216113447678
11441,0.013295834522533963
11442,0.0023475014762004997
11443,0.13840180828183984
11444,0.1243051723627601
11445,0.19745450878116827
11446,0.005166605987878985
11447,0.0006314272439559294
11448,0.007652550329173754
11449,0.0027961989610696012
11450,0.07938105495022661
11451,0.00023206049254161616
11452,0.0014377085349957096
11453,0.13190051114474646
11454,0.0010723383174216076
11455,0.00010300697311881542
11456,0.03085787838866124
11457,0.004492734828767204
11458,0.0005385674100448027
11459,0.000379912880325981
11460,0.010784054702767545
11461,0.004906917819946238
11462,0.0004255217831414964
11463,0.0006739677660146428
11464,0.024393948866165045
11465,7.52369734064642e-05
11466,0.0005408785785890876
11467,0.00028920167542595475
11468,0.16013256956497302
11469,0.013570146813973403
11470,0.002432787194994243
11471,0.004353413068879928
11472,0.026081959219538785
11473,0.006277128047294034
11474,0.43996142945215466
11475,0.006621887226007389
11476,0.004377731163490622
11477,0.0025382919281242955
11478,0.003532151539917359
11479,0.0030272725494228177
11480,0.0003376161776744148
11481,0.003328780366978567
11482,0.04793730116470552
11483,0.00020770500148457847
11484,0.0037533856533294727
11485,0.0003220239754566607
11486,0.3382233921428049
11487,0.00024786791279517357
11488,0.006159071456047777
11489,0.0020178229130266238
11490,0.0013242191935133537
11491,0.006382000359308672
11492,0.00958265563234699
11493,0.0011628336170486438
11494,0.003474559310341909
11495,0.016039825445312534
11496,0.004124652945213121
11497,0.00369694453364989
11498,0.021597009557934067
11499,0.2743341255536846
11500,0.004710336240075647
11501,0.004969706026871613
11502,0.0003153455971571307
11503,0.002013418871185669
11504,0.005823897668696595
11505,0.004698582956010921
11506,0.07485322783255889
11507,0.005804667775134514
11508,0.0009644960120149173
11509,0.0005892723822366605
11510,0.00023819508480652142
11511,0.00737107441903051
11512,0.005442669983271015
11513,0.0004703633904481985
11514,0.10645740277129608
11515,0.0012388648159546486
11516,0.010884773318458241
11517,0.009538037958029674
11518,0.00021701295626633073
11519,0.03888882756775276
11520,0.00012010494906230024
11521,0.00019589668463990579
11522,0.00014318107475067715
11523,0.001001205506326872
11524,0.007012155377124425
11525,0.00021918239938574155
11526,0.03676532250655596
11527,0.00017547206363617167
11528,0.0312518621218629
11529,0.20114663228317647
11530,0.0007512226558354167
11531,0.0003299595249489047
11532,0.00015207226428937484
11533,0.0003067994571920668
11534,0.0074698855061466184
11535,0.0002705898458233759
11536,7.747700755689069e-05
11537,0.06534300600976592
11538,0.011782998615117269
11539,0.009679215735582726
11540,0.0026004011354826316
11541,0.00013346354458525946
11542,0.0005497534541307313
11543,0.000512778681932819
11544,0.0006499530547447722
11545,0.004540727339723817
11546,8.911025351211312e-05
11547,0.019831332254796868
11548,0.0005113469761572807
11549,0.0022791065572147287
11550,0.000446489293566857
11551,0.008886630544296404
11552,9.187566300659046e-05
11553,0.04520336459685988
11554,0.0009088222813678527
11555,0.02007585153588757
11556,0.00701517200409388
11557,0.018037636139524978
11558,0.0072671439384610435
11559,0.00039581146362817343
11560,0.0002943156694789447
11561,0.026245981491454747
11562,0.001536321354715302
11563,0.677573066418311
11564,0.0022506480190146146
11565,0.9964690384809002
11566,0.0006460352820451424
11567,0.00021823803484001796
11568,0.0001808722314948213
11569,0.00040175379990286825
11570,0.003183558889469914
11571,9.623401634266182e-05
11572,0.0043012720745439405
11573,0.0005152681365436408
11574,0.00012988302783297647
11575,0.2089999476465602
11576,0.04405718863305267
11577,0.0005858946129131324
11578,0.10824278812917938
11579,0.00042745192647636755
11580,0.0006518480376302997
11581,0.0002888713944736735
11582,0.0007357473107816122
11583,0.00011012425576832417
11584,0.004090646691345203
11585,0.0003721073437650805
11586,0.039958333458590074
11587,0.00019175280964607572
11588,0.02816447695822999
11589,0.007572466450551446
11590,0.00022719433378705326
11591,0.004924783094097621
11592,0.00020863866688646676
11593,0.0002791644454561813
11594,0.02223114394014679
11595,0.21114602629433782
11596,0.00043513303915686816
11597,0.0002555893703752044
11598,0.009573696498627144
11599,0.0006595160297952353
11600,0.008959951072288367
11601,0.00012280282105744825
11602,0.23998078223407013
11603,0.05831613499960343
11604,0.07048057705471164
11605,7.299006174146725e-05
11606,8.923466536744829e-05
11607,0.004550376656852196
11608,0.03268333052531137
11609,0.0029372865193023137
11610,7.384798836404292e-05
11611,7.259922859565778e-05
11612,0.00014804693602743518
11613,7.900512216823491e-05
11614,6.926307741735008e-05
11615,0.00010236285893248083
11616,7.061565166624954e-05
11617,0.28344452986621926
11618,0.006447526533814005
11619,8.164334198895776e-05
11620,0.029838107655874045
11621,0.045336046009509544
11622,7.241841791311432e-05
11623,0.0001492777819244058
11624,0.00015196724937168314
11625,0.0005712042700883414
11626,0.00046553523171060485
11627,0.00014278129026107112
11628,0.0001377275382962561
11629,0.0003897489554159396
11630,0.020209202001442297
11631,0.0007161186820712742
11632,0.004610350041402381
11633,0.12408533829622541
11634,0.022033174843679993
11635,0.0050444538724384565
11636,0.00017384554591100073
11637,8.662512071994052e-05
11638,7.792467021645756e-05
11639,7.219083776779253e-05
11640,0.0003966939405188625
11641,0.0061167303240537456
11642,0.022768144489734122
11643,7.320024519050454e-05
11644,0.19477585481085308
11645,0.04155020962670154
11646,7.110086874534515e-05
11647,7.16351144470013e-05
11648,7.55391093761539e-05
11649,7.046129530685684e-05
11650,7.647697695477156e-05
11651,0.0018365529920622713
11652,0.00019296187656446404
11653,0.001770144470444085
11654,8.289437840421283e-05
11655,7.895971646779327e-05
11656,0.00014578410988477157
11657,0.014989996711970186
11658,0.00012226528161179823
11659,0.00020720023632146066
11660,0.0002865852631451441
11661,8.410520672823353e-05
11662,0.018067380134334496
11663,0.00011952768792892273
11664,9.908254293490378e-05
11665,6.673762157250563e-05
11666,0.0013551624660683883
11667,6.812864671988664e-05
11668,0.00020321134893424683
11669,8.339240292244342e-05
11670,0.0010300192480789771
11671,0.00019418409100157056
11672,0.0004462760446248144
11673,0.00015215487633086133
11674,0.00022825101506615298
11675,0.00024442909073257835
11676,0.00044362015679972445
11677,7.893612239237445e-05
11678,8.370022578346023e-05
11679,0.0001886078994179534
11680,0.0002481030619084715
11681,0.0002811672772176422
11682,0.00041401652869908084
11683,0.0002137104026563598
11684,0.00044670913673290174
11685,0.00018948602091341965
11686,8.05506739738668e-05
11687,0.0004257359622778979
11688,0.00032015488440621375
11689,0.0007071349987917942
11690,0.000154941536217831
11691,0.00013488619614390615
11692,0.0002733027343701117
11693,0.11820978041191661
11694,0.007975999883619422
11695,7.846636591148296e-05
11696,7.574062433520267e-05
11697,0.05720333083943539
11698,9.811494512257935e-05
11699,0.022519266829186788
11700,0.0003406734992205552
11701,8.80698969320958e-05
11702,0.0005140057516094928
11703,7.128300912946299e-05
11704,0.00967781998467657
11705,0.32221987797919327
11706,0.006295803266103293
11707,8.041115340875585e-05
11708,0.00017946301885255714
11709,0.0007944500248503374
11710,0.000358998809744886
11711,0.0003476762096434431
11712,0.0001423189834029814
11713,0.0007842404119647768
11714,0.00044395523327804277
11715,0.00011303539819535798
11716,0.0006794975624685495
11717,7.88479676103331e-05
11718,0.00010744345016137704
11719,7.692754646839283e-05
11720,8.849676574049346e-05
11721,7.497695729344235e-05
11722,0.04367608012503519
11723,0.00042410085328847943
11724,0.000664397653648211
11725,0.0010716805199861086
11726,0.0002965237596167404
11727,0.000448729786680926
11728,0.00012474965713657628
11729,0.013718009857734605
11730,0.0002358152555210131
11731,0.0008433305455954337
11732,0.005897027532495123
11733,0.012274619908249945
11734,0.0058660460313681665
11735,0.029247487495764345
11736,0.0005723376582589719
11737,0.0003079124424375412
11738,0.00045592869776316233
11739,0.00016397945284309332
11740,0.03290493312057199
11741,0.0006636161408701833
11742,0.00013761665810368333
11743,0.0001371407577135491
11744,0.00030415257155273914
11745,0.00043652820163068897
11746,0.0002282829806835758
11747,0.005446893342299796
11748,0.0001033805959238417
11749,8.022347215374538e-05
11750,0.00015968964077827733
11751,0.00015486600912072705
11752,0.00024548692231977345
11753,0.0011538257229080078
11754,0.00668936440925397
11755,0.0001140977030093746
11756,7.688069089220234e-05
11757,7.942182987285563e-05
11758,0.000104414503295714
11759,0.07296125505888404
11760,7.655749787405414e-05
11761,7.51473726216121e-05
11762,0.014640216632254432
11763,0.0002850117245364035
11764,0.00022869209863920137
11765,7.833650430743783e-05
11766,0.00040303610615851184
11767,7.326659768676423e-05
11768,0.0008809250638661104
11769,0.00041871523703231473
11770,0.00019554069420299412
11771,7.064722179422597e-05
11772,0.00032991856389518115
11773,0.00015139336510490526
11774,0.00012347592149578198
11775,7.786005899622673e-05
11776,0.00024889363217723155
11777,0.00010544220358164492
11778,0.00476014935746877
11779,0.09452211478023058
11780,0.03289122517673052
11781,0.02019570651075584
11782,0.0059547709671751575
11783,0.0018146734728508695
11784,0.1663226508951417
11785,0.011865633234041403
11786,8.16667895558057e-05
11787,0.00024399396511843061
11788,0.0017064503968841499
11789,0.0006180433390333008
11790,7.256308881253623e-05
11791,0.0002263814650205597
11792,0.00026228129604675987
11793,0.0007630415861624451
11794,0.004351254556435344
11795,0.0008855167795419668
11796,0.00046348511794970526
11797,0.4077529642495909
11798,0.0003829802415678956
11799,0.0016402502207141976
11800,0.00016686010712027235
11801,7.979748502557491e-05
11802,0.0004387325564275387
11803,0.0019429467851579062
11804,0.008520281098229613
11805,0.032888892711708806
11806,7.667316127276351e-05
11807,0.0005789938081527961
11808,0.006578444585964782
11809,0.03199164776419631
11810,0.000520093947501943
11811,0.00016457298255427376
11812,0.00018207851514934697
11813,9.575434544704563e-05
11814,0.00011921138491029353
11815,7.240579919373373e-05
11816,0.1424868010555966
11817,0.028350526357579092
11818,7.820998667790919e-05
11819,0.00019411592449113823
11820,0.000365000964238682
11821,0.00019370848415754832
11822,7.336155094561227e-05
11823,7.240330704246146e-05
11824,0.004086372627999703
11825,0.0001615701328591331
11826,0.00021016466469737168
11827,0.006273518627316147
11828,0.0005334662253053242
11829,0.0002503479168778968
11830,0.0015931931956277429
11831,0.0002458554023820404
11832,0.006319537927730308
11833,0.00011174435046057577
11834,0.0009082004600204415
11835,0.0001629863725515598
11836,0.0003854001584714321
11837,0.00021045865125552906
11838,0.00011574617576959564
11839,8.691722130435355e-05
11840,0.00022987658549626197
11841,0.0016920280436701842
11842,7.35485050933153e-05
11843,0.0020024926480247413
11844,0.00025875149318520355
11845,7.576965148626286e-05
11846,0.00048217947708169035
11847,0.00016979345447153002
11848,8.070939613807857e-05
11849,0.00013576560354383038
11850,0.00012987046431669694
11851,0.014931249494112198
11852,0.00022953781468636436
11853,0.002760866593594586
11854,0.0008089415352481363
11855,0.00031231533987296134
11856,0.00028877609379553685
11857,0.0002768422946418079
11858,8.239385964286868e-05
11859,0.0003124889267993525
11860,0.00016490397321646737
11861,0.00014576224943394525
11862,0.00014242642879237568
11863,7.905321832192701e-05
11864,0.0003710773378878864
11865,0.00031386535796811867
11866,0.00020249181776170084
11867,0.0005249638238734435
11868,0.025260784966209742
11869,0.009339422762580988
11870,0.023752169824901657
11871,0.00045062790821571964
11872,0.00032561674315476606
11873,0.0001932059382526235
11874,0.0023480541466074597
11875,0.0004000414293542019
11876,0.0035827143106079693
11877,0.00023912239270141618
11878,0.002715419640776688
11879,0.00021007364227744246
11880,0.00016947611780550683
11881,0.00021712987880180725
11882,7.730481626796649e-05
11883,0.015418794770285519
11884,0.027793351947727585
11885,0.00018670528744672626
11886,0.0002977622859966833
11887,0.0009068597107918153
11888,0.012894899579901952
11889,0.026094625571247854
11890,0.0205546231593254
11891,0.007735177750549775
11892,0.0004910176607938234
11893,7.689800179040468e-05
11894,0.00022269135112069595
11895,0.0007004593597931105
11896,0.0014486541493121108
11897,0.0001781557223913128
11898,0.0009982383534094038
11899,8.756331513959664e-05
11900,0.00020453157223383284
11901,0.002706966323612569
11902,0.00039108358889167096
11903,0.017461533084342055
11904,0.0002469903467062108
11905,0.00010865276091399105
11906,0.00036991355636195486
11907,0.0006980350214558629
11908,0.0015831704600546659
11909,0.0011361111560843212
11910,0.00032961677085709113
11911,0.00023085675291491334
11912,0.1542893447106685
11913,0.00011244478739822687
11914,0.00015257921518695651
11915,0.06548968657442758
11916,0.0003185788589197237
11917,0.0002607889872080352
11918,0.0001266993414961039
11919,0.00028568660226485875
11920,0.00011959099720650292
11921,0.00015663536312832466
11922,0.00045074251564868024
11923,0.00016026396997574817
11924,0.0004328114211959489
11925,0.000337132816239342
11926,0.0002866300028650664
11927,0.0006459852232455898
11928,7.577595003682468e-05
11929,0.0003890491018025939
11930,0.00016840099490351024
11931,0.00959040765246379
11932,0.006250974609871824
11933,9.05727343316945e-05
11934,0.0001056065456482807
11935,0.0004957352176317878
11936,0.003501256453100526
11937,0.014534310414603426
11938,0.0003733584791443667
11939,0.371280937233969
11940,0.0004064163321985015
11941,0.0002982866153254067
11942,0.00180895358000072
11943,0.0007204687511218963
11944,0.002455126738584351
11945,0.0004212445145578005
11946,0.0003027065310671959
11947,0.0008662048379502345
11948,0.0038987964776083504
11949,0.002579072218293555
11950,0.00018768975928902678
11951,0.0003799688313938764
11952,0.000107243928039346
11953,0.01126139211231616
11954,0.00026334313593925256
11955,7.563442983183584e-05
11956,0.00013517049759511745
11957,0.0008287082202380894
11958,0.0013521790698051881
11959,7.873446981734682e-05
11960,7.370352788459852e-05
11961,0.00024790126877525365
11962,0.0001072515414107051
11963,0.00037745294422152856
11964,0.014130647130601451
11965,0.002214999909764071
11966,0.00017391259485738275
11967,7.400421168715986e-05
11968,0.15575810884719013
11969,0.0042572038199746
11970,0.00018252299632616546
11971,0.009016714375843954
11972,0.13254155952324814
11973,0.0009747096332346746
11974,0.008900161618469234
11975,0.001136535857101413
11976,7.927058913707161e-05
11977,0.004470422995817873
11978,7.934263301025528e-05
11979,0.00022642053852237894
11980,0.0002776833291545214
11981,0.00020314231177689623
11982,0.00011333155441687321
11983,0.0012012535030290444
11984,0.01775566580745891
11985,0.0001846485225286672
11986,0.009563586147774883
11987,0.0005092005698408128
11988,0.00033093501289454576
11989,0.0003350434556779212
11990,0.0006803333930333336
11991,0.008632389965333226
11992,0.0015969913514510211
11993,0.0021070259557153725
11994,0.0001551668218637247
11995,0.0006194384775714798
11996,0.00013561634003398895
11997,7.929390587038801e-05
11998,0.009949695048571664
11999,0.002922060773040129
12000,0.0038831347198488137
12001,0.00020900301876602246
12002,0.00037203237702104666
12003,0.00038632257477957255
12004,7.797489195545491e-05
12005,0.0001886112850290885
12006,0.018590712259285696
12007,0.16356834024098804
12008,0.023000976390616518
12009,0.016052795413798473
12010,0.002687634300910799
12011,0.0018930129202427478
12012,0.0013853007055492155
12013,0.0009799295741661038
12014,0.00025662407054185567
12015,0.00015084762775707046
12016,0.0001863754328976786
12017,0.008061049439822155
12018,0.020033863340194736
12019,0.00022600009001125373
12020,0.0018862439898801775
12021,0.015648266131601436
12022,0.006440793601942965
12023,0.00019938541474974754
12024,0.0018389485151826819
12025,0.00011742097959029215
12026,7.195658979607034e-05
12027,0.0009173113384208798
12028,7.539079442624115e-05
12029,0.00039294867299928597
12030,8.944207658431631e-05
12031,0.9376234952959756
12032,7.555987198913179e-05
12033,0.00030916202669446595
12034,0.021016371990174965
12035,0.0027139659452182587
12036,7.911618416056954e-05
12037,0.0001525370721890896
12038,8.002782201894258e-05
12039,7.860983200091019e-05
12040,0.0012021454081521516
12041,0.0006337974389928504
12042,0.00012550512595689583
12043,0.00015918418311246832
12044,0.029707831757804764
12045,0.0002760649166017718
12046,0.00010663125021292039
12047,0.00021921270312734008
12048,0.00012934523136533786
12049,0.05998969362659741
12050,0.010022820151623915
12051,0.0007552457064489812
12052,0.020593326779887067
12053,0.0002553241188194577
12054,0.0003046811178616573
12055,7.733329126145575e-05
12056,0.0002055237691197182
12057,0.0012452458688230355
12058,7.606267229612191e-05
12059,0.00014053740156059455
12060,9.7892290166701e-05
12061,0.00022995702010321405
12062,7.388883586863777e-05
12063,0.008662613690950088
12064,0.04124803888790225
12065,0.006879798364736933
12066,0.00013188628344162965
12067,0.0004762278458928729
12068,0.004437796449037504
12069,0.0003910381050716453
12070,0.0003242792043757421
12071,0.005716489653758349
12072,0.0036828801095835973
12073,0.0003286742284197436
12074,0.0003353231090783257
12075,0.010986981671232837
12076,0.052720991742468734
12077,0.04121782604841528
12078,8.028860041881813e-05
12079,0.0002001081970851471
12080,0.0003447490471020821
12081,0.0036186585643001633
12082,0.003432533189390691
12083,0.0003080868589689118
12084,0.00028195239267014805
12085,0.0013772193572787082
12086,0.0001880696665371551
12087,0.0004887867621276695
12088,0.0004678697905592524
12089,0.0001773725369803581
12090,0.00022996569578317603
12091,0.3101880007994482
12092,0.0005819373900448753
12093,0.0037765979882041873
12094,0.00018476628037947517
12095,0.0001879687028101104
12096,0.0004052799464329002
12097,0.023860603602746926
12098,0.012457149054840475
12099,0.00033467050641465426
12100,0.0002348308509122956
12101,0.00034796603579835664
12102,0.0004301873590496556
12103,0.0004451250006201488
12104,0.0008109298198722269
12105,0.0017005386524303902
12106,0.01472667650078365
12107,0.0002264564478438382
12108,0.010239020116474198
12109,0.022980173773951496
12110,0.01584676930926951
12111,0.0005949552488218135
12112,0.002713950669507472
12113,0.0018880581845208064
12114,0.006751648304162574
12115,0.004033299922436649
12116,0.004482125922129733
12117,0.012622524592953191
12118,0.0005293540202602614
12119,0.0015140591393983916
12120,0.0009932872527072887
12121,0.0001328523411967973
12122,0.004484743460188638
12123,0.0003977026542650914
12124,0.00020389804003343747
12125,0.01916617394081501
12126,0.014350835203857559
12127,0.0009853254129385811
12128,0.0002702996805108359
12129,0.001519672841511828
12130,0.00014648166384304164
12131,0.016394695592400334
12132,0.004867610350449142
12133,0.00023045776960242594
12134,0.005230455167738647
12135,0.0022954788703219834
12136,0.0013509599875348526
12137,0.004791163815513004
12138,0.0002998558844164014
12139,0.0005820270006293316
12140,0.000603508773076703
12141,7.992418554016902e-05
12142,7.37854515494063e-05
12143,9.89092913215941e-05
12144,0.0004014952553828317
12145,0.00023621561486039585
12146,0.004846707856845324
12147,0.009012185098514943
12148,0.0009785207689972388
12149,0.0003573297858248657
12150,0.03175441623133594
12151,0.006577562276904742
12152,0.00028595758239611103
12153,0.0030646096117628316
12154,0.0003616532256869218
12155,0.008512209578933243
12156,0.00013018754972327415
12157,0.00015584566202559352
12158,0.0002259398925459643
12159,0.00013013116456485124
12160,0.00010117962743234847
12161,0.000947603615507642
12162,0.0004889864768692991
12163,0.00012504551791197926
12164,0.008125594099859848
12165,0.0003367287167866368
12166,0.03257373000727889
12167,0.06883185867010241
12168,0.00019310579933468473
12169,0.00011932548171920507
12170,0.00012818640334044093
12171,0.004735172221668455
12172,0.09284744487749186
12173,0.005082742757129745
12174,0.00021196233045772916
12175,0.00038450309113207244
12176,0.006341730993951795
12177,0.004846637879931036
12178,0.0003668117246255136
12179,0.05995898243898259
12180,0.00019245384157964458
12181,0.0004374650704743655
12182,0.009723803701363628
12183,0.0016530884164361668
12184,0.0004006572672204499
12185,0.00012142390810521562
12186,0.0007715600727634348
12187,0.002062866306503651
12188,0.003607741651865637
12189,0.00017921088471833756
12190,0.024175699661406008
12191,0.007734523957054462
12192,0.0016975722161793473
12193,0.0003786762059493641
12194,0.0001901473900688688
12195,0.00014942961288013469
12196,0.0003179420616094625
12197,0.006124166714438731
12198,0.00020938739533287514
12199,0.007660549473782882
12200,0.000189534616934596
12201,0.00017141398167020707
12202,8.64594097087034e-05
12203,0.04996082727751882
12204,0.00012849639204665718
12205,0.07182981188091504
12206,0.000483267163919383
12207,0.03327419441157896
12208,0.025573993409457225
12209,6.907053833345433e-05
12210,7.835228077829768e-05
12211,9.097111395596114e-05
12212,0.0005550168264506123
12213,0.00020488303981757304
12214,0.0007586076300749002
12215,0.00020335973856611556
12216,0.00013280326870368408
12217,0.00032905850429772274
12218,0.5391970037640619
12219,0.000456812471980236
12220,0.00205514531135425
12221,0.00012573184138501016
12222,0.008340455285921144
12223,8.049832749608894e-05
12224,0.00014836948680874655
12225,0.0002081774710033086
12226,0.0003833393487312596
12227,8.570967367121712e-05
12228,7.263848869924698e-05
12229,0.0002034903585214014
12230,0.002882128534851374
12231,0.003378830052555252
12232,0.004643043484564345
12233,0.0007958405431546997
12234,0.03632496531950783
12235,8.141312243850771e-05
12236,0.012152898108925276
12237,0.19534601090127052
12238,0.00019235076403047467
12239,0.007741494173623778
12240,0.0011745197911868224
12241,0.0039633762625794905
12242,0.0005105575305185718
12243,0.0006121699736968104
12244,0.00014228080292978305
12245,0.0005820791223105563
12246,0.003432182711944007
12247,0.002307916991374652
12248,0.00012332909501508335
12249,0.00732588444245994
12250,8.645242270455025e-05
12251,0.06168465361842459
12252,0.005965459379264394
12253,0.00026328931294482277
12254,0.0002923633244435874
12255,0.00034643806324625726
12256,0.0006456309888081501
12257,8.027690348888237e-05
12258,0.00019378835796158628
12259,0.0008565014816882789
12260,0.03377976011430535
12261,0.012175362907015605
12262,0.134507429748682
12263,0.0004069374273566728
12264,0.000561347453349535
12265,0.013793775063650263
12266,0.0023711774621131285
12267,8.020082911553895e-05
12268,0.00032869915933947104
12269,0.003641874531926933
12270,0.0003743858635972375
12271,0.03447424171078934
12272,0.013070513850819903
12273,0.0005928148494969716
12274,0.4389842660982003
12275,0.00019710422268657052
12276,0.00035040750049028675
12277,0.00023586472812212538
12278,0.06878076321691141
12279,7.450742360886066e-05
12280,0.013244929162165922
12281,0.004410854925599348
12282,0.00012504307523378752
12283,0.0002977603873929622
12284,0.03341032580915008
12285,0.01309584278710017
12286,0.057648561324910516
12287,0.008059508340765001
12288,0.00023687048043966163
12289,0.0002680991743319706
12290,0.0021631189003946424
12291,0.010794973514317819
12292,0.1618073876596349
12293,0.28719844809684136
12294,0.0003884398252892658
12295,0.0018175601714308133
12296,9.482090117340093e-05
12297,9.190987073599804e-05
12298,0.0015963297343156244
12299,0.00018719877573013382
12300,0.00017215333068753484
12301,0.002143499783987598
12302,0.0002624172319471013
12303,0.0004987878178587036
12304,0.000408964852767805
12305,9.694539612643672e-05
12306,0.0022778918877239033
12307,0.00043064094203696816
12308,0.00022639556899683462
12309,0.0004033468290663784
12310,0.00022408966627899366
12311,0.0003764161120318792
12312,0.0008333795834507228
12313,0.0005712403883735568
12314,0.0005152072976776468
12315,0.00015137629042106512
12316,0.1819454398769281
12317,0.0003880744910850165
12318,0.003633212352303572
12319,8.726547947486229e-05
12320,0.00010123867556462289
12321,0.0002223391615049486
12322,0.00031043681011027534
12323,0.00019565195658513405
12324,0.000709187439028753
12325,0.0004168442450801833
12326,0.007418105841285024
12327,0.0006218244245387631
12328,8.099108987714723e-05
12329,0.00016741214078126596
12330,0.0002871532892316089
12331,8.763789905526937e-05
12332,0.02003518018895669
12333,0.0005032494157975471
12334,0.01692239911860569
12335,0.0002926424189728362
12336,0.0005863500118383992
12337,0.002545640773885164
12338,0.007677359397068539
12339,0.0002246991002602364
12340,0.0004848219655844693
12341,0.0003998899932054059
12342,0.0001971850662211817
12343,0.005594599515014061
12344,0.00034679562284497005
12345,0.0020950383749428485
12346,0.01777872102624598
12347,0.0002699934048381496
12348,0.00030152043244414706
12349,0.00015531803309643113
12350,0.015609101085893935
12351,0.0001629940475442172
12352,0.0002081875423097707
12353,9.126270527059626e-05
12354,0.0002873486925908975
12355,0.0022839622195058697
12356,0.008536606591577824
12357,0.017869250400664755
12358,0.0013371243169409078
12359,8.818910065732989e-05
12360,0.005152562363889005
12361,0.00040987901287738117
12362,0.0003292687632470158
12363,0.0003224148398343647
12364,0.0005689751314626901
12365,0.016651467670398313
12366,0.008899805366109686
12367,8.0616831332456e-05
12368,0.00031207722507191
12369,0.0010585972633034993
12370,0.0004685660697672755
12371,0.0012987425951347014
12372,0.00018772542279061737
12373,0.004746534543112138
12374,0.0004930810665795908
12375,0.007094692837882349
12376,0.00021392374800855923
12377,0.0004647553954207944
12378,0.0003038123224767018
12379,0.00014117463136745792
12380,0.02998346459868053
12381,0.04383241664740524
12382,0.00027138200761660095
12383,0.0018139346771536033
12384,7.694187249463894e-05
12385,0.00015520411983220697
12386,0.00015506334015137881
12387,7.990694697435993e-05
12388,0.009876491448210024
12389,0.012934528474565471
12390,0.004633957827672297
12391,0.018840770710205502
12392,0.04549761231803688
12393,0.040035438480056286
12394,0.002980958712642707
12395,0.028976842802449963
12396,0.0014276547760687106
12397,0.025158409511330075
12398,0.00675697288378635
12399,0.00048088158505722907
12400,0.0979380112329834
12401,0.000450174913478784
12402,0.00046443291994989076
12403,0.13222753181555666
12404,0.0005496014414328074
12405,0.0001364631746167789
12406,0.0046052833098219
12407,0.00025887510088812266
12408,0.004545369387700799
12409,0.0002811323473555592
12410,0.00021903952055922596
12411,0.00019904742634973708
12412,0.001136418727646848
12413,6.666595674550361e-05
12414,0.09413829599927497
12415,0.023733113073902728
12416,0.005698733515263487
12417,0.0023365777381587904
12418,7.591405227510106e-05
12419,0.00017417923311677686
12420,0.00021964386535081073
12421,0.0029375252134219007
12422,0.0009902641181630692
12423,0.000397626205551072
12424,0.007133505674259256
12425,0.0006873252603853865
12426,0.13046508277072258
12427,0.0006109137876573335
12428,0.027822658873118543
12429,0.00022995605261753364
12430,0.01982755761038539
12431,0.00041802455795810227
12432,8.240709160553926e-05
12433,0.00011927039932902532
12434,0.36236715045364787
12435,0.0004735232282351218
12436,0.012305850648688079
12437,0.0005924828460482923
12438,0.001968690262908584
12439,7.847200761753543e-05
12440,0.00013701044999719897
12441,0.0003341859655726577
12442,0.18113772563443073
12443,0.000138067209997203
12444,0.00013704968131903337
12445,0.009233525049901012
12446,0.013078501492144934
12447,0.0004251517498414522
12448,0.00047078885659264174
12449,0.03383010361671981
12450,0.00038460515003630645
12451,0.01045898186791842
12452,0.01382042360895768
12453,0.024689066720425895
12454,0.0009607369641887033
12455,0.012556787291369312
12456,0.0038223320644803645
12457,0.0030330871268505347
12458,0.0008683239122156074
12459,0.0024776745751854726
12460,0.013293644312544378
12461,0.005977169326527964
12462,0.0014904017719997377
12463,0.004185902198391654
12464,0.00012978440394437592
12465,0.00021068947965228075
12466,0.00023094405520494946
12467,0.00022677426687043356
12468,0.0002228869467124222
12469,0.0012551319859465035
12470,0.003350982533907406
12471,0.00010475253018231052
12472,0.06124295409963785
12473,0.00017033484757453954
12474,0.022374678288444926
12475,0.0038495704031547293
12476,0.007721005569101003
12477,0.0003192086603005731
12478,0.029760316105388457
12479,0.0007571375440295974
12480,0.041922550754884505
12481,0.00033411417748703456
12482,0.0029441329973113866
12483,0.00027381392405829985
12484,0.00028814489998587966
12485,0.00023401754024583303
12486,0.008220655940521165
12487,0.008674855739131525
12488,0.0004445304619398123
12489,0.012201250622010417
12490,0.09636090665356813
12491,0.0002076203723449745
12492,0.0002999586413840145
12493,0.00026629406151009344
12494,0.000319545008413617
12495,0.0002895841926082525
12496,0.0002761309389459686
12497,0.027393002527440556
12498,0.12045760228819016
12499,0.012844469814093585
12500,0.00010552102416890076
12501,0.09557573381874387
12502,0.003170089782989429
12503,0.0012942585337337772
12504,0.00038005277851904965
12505,0.0005457407270023325
12506,0.00023273184225042356
12507,0.0013094213755936875
12508,0.00022065497287921928
12509,0.020445375453496995
12510,0.005627655782630731
12511,0.0005383803891935305
12512,0.00020507306135267422
12513,0.0003658064159011576
12514,0.000368018107816523
12515,0.0707981325475783
12516,0.0003863840445314239
12517,0.0004915933529109039
12518,0.0002847665817745004
12519,0.001924940595442247
12520,0.0020351696031237747
12521,0.07053654153554043
12522,8.545382528134643e-05
12523,0.0003154160794272551
12524,0.027298179447998845
12525,0.22038469452135662
12526,0.0002069820456367881
12527,0.0002949570949975368
12528,0.00034986045549485225
12529,0.008423572622067695
12530,0.009529132795074533
12531,0.030101162006578107
12532,0.00021721020369903712
12533,0.00023561124655084427
12534,0.22562508419033706
12535,0.0002394401916406503
12536,0.0001933892107148526
12537,0.0001749478897388256
12538,0.0001024872545026965
12539,0.032026769147380695
12540,0.0005490032153749622
12541,0.0003654178993110116
12542,0.0003458604799829269
12543,0.00027665344069282026
12544,0.001120060865649028
12545,0.12354948125607687
12546,8.481456565437835e-05
12547,0.0006412951861172276
12548,0.0002048091922541131
12549,0.15612669299646986
12550,0.05234986603901829
12551,0.002642457665841899
12552,0.0004155432216134688
12553,0.002466524552395335
12554,0.00014611222633051157
12555,0.0005795243178877915
12556,0.0038319435216600597
12557,0.00030711129144280565
12558,9.901874063989102e-05
12559,0.0001990885965606082
12560,0.0002962474366482503
12561,0.000362674563293966
12562,0.0001211200617574611
12563,0.0003460901127506662
12564,0.02160035766397535
12565,0.000790733149771837
12566,0.00030560639314836086
12567,0.007406861351979853
12568,0.00020412742374764143
12569,0.08326388466195253
12570,0.14503714606104567
12571,0.0005285704218509797
12572,0.005766023530865812
12573,0.00027193678524147934
12574,0.01075723842388382
12575,0.00013669947364477306
12576,0.0002818267763071404
12577,0.0037629910566853012
12578,0.0015777527529629138
12579,0.031206509255675717
12580,0.000276307000103887
12581,0.0002702285861520043
12582,0.0003814704883441344
12583,0.0002417726699135225
12584,0.00044736277502096974
12585,0.00033687739275054375
12586,0.0006450084851806296
12587,0.014951693945781174
12588,0.018665766104314866
12589,0.0003716836788136964
12590,0.0024176080263239156
12591,0.00018594218854177554
12592,0.0005101426237894226
12593,0.00025524188697037054
12594,0.00016006916128990392
12595,0.0053555895174920015
12596,0.00021273377102101138
12597,0.020681965443329547
12598,0.0007957440359230846
12599,7.972351570211865e-05
12600,0.0014852150887195196
12601,0.0016282301309327014
12602,0.2594849626979108
12603,0.012535602931423234
12604,0.0002958561836325769
12605,0.0017776429033986778
12606,0.00010599963555741687
12607,0.0015942291237522437
12608,0.0011722625782515622
12609,0.005293497971512106
12610,0.00034766868977118996
12611,0.0003573231768470721
12612,0.00023227768213236586
12613,0.00023323664764097023
12614,0.013444959254099628
12615,0.0035215981769377417
12616,0.0010133747686987631
12617,0.000133642810153483
12618,0.004843121497659302
12619,0.0003971337515573245
12620,0.00035983661287481106
12621,0.0033397908275326583
12622,0.0329178542041277
12623,0.0034873463034530983
12624,0.17865911621180824
12625,0.00016821683127461536
12626,0.00034375125227902335
12627,0.12493765241613305
12628,8.483161835465387e-05
12629,0.02292447750121359
12630,0.0002018108981094758
12631,0.009159058223911066
12632,0.007557661081854137
12633,0.01663297594204908
12634,0.0014947722115860656
12635,0.09173169723025797
12636,0.0005417405961167094
12637,0.0002067201864358356
12638,0.00024074509705756205
12639,0.00021179872429246153
12640,0.05085585083092632
12641,0.00046373110828363704
12642,0.00011457769858534637
12643,0.0007160507206982257
12644,0.0002017695677077078
12645,0.00028879378284724734
12646,0.00019249484264302892
12647,0.0009724150534028312
12648,0.000234884291368771
12649,0.00123183430663079
12650,0.00023295013880147907
12651,0.0013902996297568261
12652,0.0059763802674052974
12653,0.0213054052564659
12654,0.0002480206191116191
12655,0.0011802893179285944
12656,0.29257038795456136
12657,0.013842455976477788
12658,0.0011506704179694812
12659,0.009365728159873016
12660,0.004804917513646764
12661,0.0002540338778071099
12662,0.009482138929969488
12663,0.00023686232295117457
12664,0.03504354337596776
12665,0.00019437974234775757
12666,0.00021751170937578997
12667,0.002159592103499655
12668,0.00026788672422411265
12669,0.011136644368078829
12670,7.873639904651188e-05
12671,0.0001409953601551902
12672,0.024831747594585205
12673,0.0010149656826720192
12674,0.012482850596312964
12675,0.0001917658252504117
12676,0.00038956840038725804
12677,0.00026152520099877207
12678,0.0029512809981322415
12679,0.003142362437127915
12680,0.00022731665701967372
12681,0.013061619214923836
12682,0.0006260175796080646
12683,0.0002001917871696167
12684,0.0007075365676382347
12685,0.007488105956122396
12686,0.00023531383186591737
12687,0.001663290844618074
12688,0.0009480601566412948
12689,0.0002968074089938737
12690,0.01685872212112129
12691,0.0001854728324150933
12692,0.00021737913549213996
12693,0.0007546350741199525
12694,0.0001581372445250833
12695,0.019871477450438265
12696,0.0001906952247119838
12697,0.0003769721517688979
12698,0.00011313145714381581
12699,0.00030601314885065093
12700,0.00038620024457274607
12701,0.0004033928644986285
12702,0.0016141109333664843
12703,0.0032020653136987888
12704,0.00899770193288964
12705,0.00025626269741683744
12706,0.00045611211655094245
12707,0.0003545265241790321
12708,0.00028088431635371456
12709,0.00011808832271553089
12710,0.0002762484592198497
12711,0.00039867299721346294
12712,0.017541032149320353
12713,0.000121406888273348
12714,0.00013566362076318687
12715,0.005501535727526803
12716,0.00034393804630541915
12717,0.08729190880700907
12718,0.0007637674673284412
12719,0.00018775303355785173
12720,0.0750754454554863
12721,0.002078975611354846
12722,0.021194545181838748
12723,0.0007897871392968592
12724,0.013247139931241802
12725,0.047861665416042365
12726,0.020796460626190054
12727,0.02807423414522774
12728,0.011092967994940263
12729,0.020250176288048212
12730,0.039926847782295764
12731,0.0005313178554231422
12732,0.0003408637201300146
12733,0.00017875499131156822
12734,0.031285335538547135
12735,0.00015362480832589728
12736,0.00024070729825341721
12737,0.00031355323209516725
12738,0.0005901892413684821
12739,0.00019775921271724916
12740,0.0002001501412347811
12741,0.014138368170953375
12742,0.00016522499107402935
12743,0.0009319437022905811
12744,0.004069095875967988
12745,0.00026986587645043013
12746,0.010857815166052031
12747,0.13174729819967787
12748,0.00013087889178766188
12749,8.433177047020425e-05
12750,0.000118583673680473
12751,0.00010939041600276386
12752,0.03943159268703543
12753,0.00038222678700398997
12754,0.013652929650702564
12755,0.001420020443512739
12756,0.17938455495185235
12757,0.02830161629948432
12758,0.00024216230778059236
12759,0.030829214072958
12760,0.005689712651689866
12761,0.00012167017725406344
12762,0.003314265017804064
12763,0.1015854165583727
12764,0.05947641128907809
12765,0.03376756503039704
12766,0.006673153439766129
12767,0.06077293569402079
12768,0.0002580507787671261
12769,0.004161921344653539
12770,0.0010653773475873978
12771,0.0011528177375030564
12772,0.03130963160492926
12773,0.00037191092399498695
12774,0.05350368457170018
12775,0.00018712079562198305
12776,0.00020248659479079394
12777,0.0009179762168886954
12778,9.993530988274988e-05
12779,8.365067456824653e-05
12780,0.04486423009908649
12781,0.3027054392623533
12782,0.009427306537450802
12783,0.0001860082377940063
12784,0.0007684810217547473
12785,0.00021628490947770578
12786,0.00034246316050949495
12787,0.0003428905857314815
12788,0.00019099348926717127
12789,0.027045169822784997
12790,0.00016536895486458036
12791,0.0004735248940346068
12792,9.861926778795499e-05
12793,0.085576173820382
12794,0.0002189281586234701
12795,0.028672324505471636
12796,7.950484504028089e-05
12797,0.0003448632497746377
12798,0.00037280685369688586
12799,9.69205556682516e-05
12800,0.018750862005028113
12801,0.0008243725430505235
12802,0.07234329807691257
12803,0.02758408985115095
12804,0.00010908281785253133
12805,0.0003312989988824575
12806,0.0028871536784413816
12807,0.00013765964468239402
12808,0.08773840588599906
12809,0.021105644167557606
12810,0.006972872870003112
12811,0.000187015213350714
12812,0.00023560989087813687
12813,0.01583528744448362
12814,0.000972842593975427
12815,0.002584731161628131
12816,0.08262529153518301
12817,0.00021371245582450324
12818,0.000525301260501848
12819,0.00011695210609285823
12820,0.00018473332525635068
12821,0.00018140085491557458
12822,0.00029887704895559947
12823,0.05754296333018449
12824,0.00034728828148250133
12825,8.107950472773884e-05
12826,8.097395755634288e-05
12827,0.001615546980828765
12828,0.00018998820069391248
12829,0.03697214061078037
12830,0.005878367158973511
12831,0.00012840594500916302
12832,0.000420868957593468
12833,7.352875305159082e-05
12834,0.0010370888327152755
12835,8.490272394687324e-05
12836,0.0005771843954221426
12837,6.894258056554244e-05
12838,0.0004902460212624288
12839,0.0007627024637587145
12840,7.718102290023759e-05
12841,0.00016167684088860278
12842,0.011225250955122364
12843,8.011775547134307e-05
12844,0.007593135445840764
12845,0.005578951680427461
12846,0.00010251711951711252
12847,0.00024212061835773095
12848,0.0006454464954931546
12849,0.0002169031463378316
12850,7.89820126732066e-05
12851,0.001102253117817783
12852,0.00048504703591038454
12853,0.018390288475897437
12854,0.00014392186764839923
12855,0.00016034714226752803
12856,0.000351032622307973
12857,0.00010176327672251802
12858,0.00027004645608550516
12859,0.004404859121684577
12860,0.00010130226540540954
12861,0.001251561254095476
12862,8.266741611758e-05
12863,0.0002168719459915403
12864,0.0002091553967202427
12865,9.228089426236302e-05
12866,0.000415229161580826
12867,0.0003023934504487689
12868,0.002994024234317014
12869,0.0002707301852577327
12870,0.0004884532930997541
12871,0.0001542857633477992
12872,0.008410076121824556
12873,0.7569461183026609
12874,0.0005825629073796553
12875,0.00013998052310970854
12876,0.03648959878098813
12877,0.025388183166809408
12878,0.01921406192419039
12879,0.0011938392363185504
12880,0.00024141911537696724
12881,0.000255681505129253
12882,0.00458176166058717
12883,8.260508930361905e-05
12884,0.0035384355507793973
12885,0.0013790733867214272
12886,0.0013622441790060366
12887,0.00011208141740311507
12888,7.678155450488387e-05
12889,0.00015097920612500222
12890,0.0008463946895376813
12891,9.28413409418481e-05
12892,9.254728559033576e-05
12893,0.0009574998695036811
12894,0.0002542337744434589
12895,0.0006298488848474495
12896,0.00025363248938722833
12897,0.0007654245029866772
12898,0.0012938425301159144
12899,0.08268588448759123
12900,0.0001871550096833043
12901,0.0007722118500478504
12902,0.0002843430399933098
12903,0.00023996271317266792
12904,0.0001661849804647976
12905,0.00015896603442846824
12906,0.00019276618780720477
12907,0.000302407172179414
12908,0.008110322987142834
12909,0.0002981181056793679
12910,0.00026439335641529444
12911,0.00043775884434903736
12912,0.008920314001260836
12913,0.00023465531566712466
12914,0.1790518764918156
12915,0.008811406741166821
12916,0.00038828976921637554
12917,0.0014557019126675956
12918,0.0007110944493995616
12919,0.0008639517651470053
12920,0.0003087915300672821
12921,0.00017057148237174108
12922,0.008147090961408246
12923,0.00015411777894337535
12924,7.151673925206376e-05
12925,0.00014962554647254814
12926,0.011505424625065291
12927,0.0001493456213074399
12928,0.001163970172501081
12929,0.0004554990552972335
12930,0.0001808855132736895
12931,0.00011237727717756138
12932,0.00018860554311256024
12933,0.00018265136938043123
12934,0.00036693574670262544
12935,0.00033027732071850635
12936,0.0004027900579695226
12937,0.0002490732074177926
12938,0.00043484997240979403
12939,0.00016231891359823756
12940,0.00023130293742334285
12941,0.0026206271612380793
12942,0.0002762429037540424
12943,0.00029234788046517926
12944,0.000529052688296878
12945,9.218220222941753e-05
12946,0.0003683629565287117
12947,0.00037617680342947994
12948,0.0002476379709529594
12949,0.0002455339114381527
12950,0.00023189614134214867
12951,0.0025084125056627675
12952,0.00025594067703014047
12953,0.0002134002276203085
12954,0.00019828455304146501
12955,0.9672906326692428
12956,0.00022538941136564353
12957,0.0008056650319643102
12958,0.003767875380413539
12959,0.000288938649858373
12960,0.04858240788388283
12961,0.017588490007711656
12962,0.00022907410936751682
12963,0.00024729634356831744
12964,0.000218956365141017
12965,0.0008703870038649288
12966,0.00015652450730511174
12967,0.0005227358878313645
12968,0.005152149884191588
12969,0.0002573254489636372
12970,7.81351816871287e-05
12971,0.002090168011494012
12972,0.01850397945655003
12973,0.00023701181753217883
12974,0.004626839979985884
12975,0.0025411433167210505
12976,0.0005761224308875022
12977,0.00024648131525215966
12978,0.00024959295137085555
12979,0.2361851392554092
12980,0.036446056629785104
12981,0.019993582153627176
12982,0.008969355788347792
12983,0.003157540588615293
12984,9.543081334923506e-05
12985,0.00016201788665104653
12986,0.01979664220812814
12987,0.0002487380516599248
12988,0.0002703856638058273
12989,0.015464717022876131
12990,0.026155828171262756
12991,0.00023677930051888013
12992,0.003284250075978869
12993,0.0013870400538414658
12994,0.0001799419578941592
12995,0.00010073175054484422
12996,0.00020689362761171782
12997,0.011618883273060767
12998,0.06973745277052135
12999,0.0003475334927273103
13000,0.005891765851116075
13001,0.04437400275421953
13002,0.00023104286696256916
13003,0.00015822456359872888
13004,0.00020974321277655874
13005,0.0007370711361669606
13006,0.0002081132354627398
13007,0.0002356901595665597
13008,0.05095198144280105
13009,0.001287205856621289
13010,0.013324254375916856
13011,0.0004980975506352585
13012,0.00023383846300279956
13013,0.0009666229439128064
13014,0.013368082418639992
13015,0.00012572090850477576
13016,9.811256392199084e-05
13017,0.00031870307236538017
13018,0.00037449037315603537
13019,0.0002446059895772611
13020,0.0001931619123605814
13021,0.0002388789456354762
13022,0.0001493407931735181
13023,0.00015464960184944222
13024,0.0002677536038468636
13025,0.00022572135666157583
13026,0.0001915509895990946
13027,0.00038644127784749784
13028,0.0005983305462839969
13029,8.000478857212473e-05
13030,0.0010369573019254777
13031,0.0001932115664543597
13032,0.0002645155324355322
13033,0.0003779553229496263
13034,0.0004743475559154213
13035,0.01568181675607991
13036,0.057513654511746636
13037,0.00045629452774029953
13038,0.04376180284138013
13039,0.0006804338407574186
13040,0.00012085875291422046
13041,0.007281306254928119
13042,0.0001931223693304725
13043,0.0003454080836251648
13044,0.0003582804772214697
13045,0.001158290387670664
13046,0.001205956047667972
13047,0.00025284905245205315
13048,0.0105653481050985
13049,0.0005281821719517426
13050,0.020069115336517198
13051,0.0006540301237897329
13052,0.014153874416204287
13053,0.00024034642081711792
13054,0.02033872491847512
13055,0.004698695491133696
13056,0.002601017506424904
13057,0.0004399805350746937
13058,0.0006076171532133822
13059,0.00018298928773653118
13060,0.0006546396395005714
13061,0.16452378747381818
13062,0.0002734326061599276
13063,0.00037902017027820764
13064,0.00021060734892693585
13065,0.0004725538130849054
13066,0.28289050251025755
13067,0.000309179141297433
13068,0.00021615280783020773
13069,0.00014196623116377333
13070,0.00011462138650689558
13071,0.0003900619105374017
13072,0.0002690315846411827
13073,0.00023905918362389345
13074,0.0036873359536076303
13075,0.0016235925400221133
13076,0.00024834489076600214
13077,0.004246814009513304
13078,0.00020175504135751393
13079,0.10562031943563348
13080,8.099994567973389e-05
13081,8.003166464677683e-05
13082,0.00033227241570993684
13083,0.00021437916526283906
13084,0.00025812308742510445
13085,0.00018640246789023796
13086,0.005389706196333165
13087,0.00027891738777826675
13088,0.006396455953175273
13089,0.00016616849431710096
13090,0.0003344825600556793
13091,0.0002130431046447879
13092,0.00011964464693137073
13093,0.03373509538495616
13094,0.0006412318179500753
13095,0.00023231477625324553
13096,0.001468101671729521
13097,0.0121344501152993
13098,0.004617714070042805
13099,0.003902747311071321
13100,0.0003125491633458249
13101,0.00010432984710340779
13102,0.0001507121650934653
13103,0.0915986369928703
13104,0.0001476198089291025
13105,0.00015138505600856313
13106,0.00011698801711839012
13107,0.019315442582007826
13108,0.008208214491187077
13109,0.00037043306928089134
13110,0.005901532900231816
13111,0.0019929621296431842
13112,0.018489630436964118
13113,0.15188127905196525
13114,0.00046105993524336197
13115,0.001064426748085544
13116,9.078368922962735e-05
13117,0.00028377770974088935
13118,0.00798756858166809
13119,0.00015005708769271652
13120,0.0002058205622176642
13121,0.0002521392603896274
13122,0.0019288334669417002
13123,0.00015176291066806925
13124,0.00016780969656340046
13125,0.00024964734029333586
13126,0.012815289626555048
13127,0.00014194651396518654
13128,0.004995391719871313
13129,0.00027680406373125456
13130,0.0002408404485224465
13131,0.01109453682621239
13132,0.04576747840926456
13133,0.04404658906571412
13134,0.015942571458675243
13135,0.0007685640445392777
13136,0.00025793954346525495
13137,0.0003381890433096668
13138,0.00012385428882891197
13139,0.00015909892683645677
13140,0.0007530966987008121
13141,0.000373186312663378
13142,0.005737349853794907
13143,0.00010055866873305726
13144,0.0005974832335879889
13145,0.001096000210277886
13146,0.00019910376475655486
13147,0.004405838274565078
13148,0.04282687076217108
13149,0.00021848478672160796
13150,0.00023614929260473792
13151,0.00029074203040233573
13152,8.254776034758219e-05
13153,0.0003984888728701567
13154,0.0007890514296865672
13155,0.0003362533678544725
13156,0.0029739478266521792
13157,0.00030119279869830057
13158,0.10751869822637941
13159,0.007211592244724186
13160,0.001633449368984917
13161,0.000926243078229917
13162,0.00019950101481406947
13163,0.00033043252136224263
13164,0.0003301449774394819
13165,0.00018006471870327193
13166,0.00012284476804044867
13167,0.000194268504096542
13168,0.0005835025478710704
13169,0.00029098303857479264
13170,0.0002254100148976427
13171,0.000176247417404798
13172,0.0002967787675918137
13173,0.00026191418530303065
13174,0.0011340413447756136
13175,0.00015235697591504436
13176,0.00029813945457716
13177,0.0002873848802988861
13178,0.00017958873465487058
13179,0.0005809667149146902
13180,0.00021365513874565387
13181,0.0002785157656512107
13182,0.00020004989598174883
13183,0.000248385272146453
13184,0.00023220668394319325
13185,0.09558643158145803
13186,0.01707416336278119
13187,0.0004175551058096255
13188,9.075926868778153e-05
13189,0.00019700058823942922
13190,0.00021772695161756078
13191,9.279815912064318e-05
13192,0.00028624975324230905
13193,0.00018735405861382528
13194,0.0758669319072225
13195,0.01224375826464879
13196,0.0002145195062761029
13197,0.001175075445722661
13198,0.0002697856675137601
13199,0.0002404268089914566
13200,0.006730882140756631
13201,0.0005892564862606458
13202,0.0001873301409546062
13203,0.000271143785005527
13204,0.0003419247279267335
13205,0.0003432129883182913
13206,0.00010102318925715246
13207,0.003240187613095388
13208,0.0006329941080916667
13209,0.0006413185957132875
13210,0.0007441300200017018
13211,0.0001496252023572736
13212,0.00015646270027830069
13213,0.00029486260647769403
13214,0.22920670179261693
13215,0.00013161371899560005
13216,0.0012595202971745598
13217,0.002072637697013516
13218,0.0002307684560045288
13219,0.0002912376461632811
13220,0.008762044795728802
13221,0.020074758856647466
13222,0.0015128657406847069
13223,0.00021881769560580167
13224,0.0002983170290449717
13225,0.00015575000572062164
13226,0.00018201875816440874
13227,0.00028222138730389895
13228,0.0001845027122614731
13229,0.0002886685651247897
13230,0.00034453465822421544
13231,0.00026682934544455995
13232,0.00031810196968576874
13233,0.0004165268084471703
13234,0.0011041690059758707
13235,0.0007736053008497379
13236,0.0037373013779976845
13237,0.00026338361369646166
13238,0.0021537037258055956
13239,0.00022357775699039374
13240,0.019710770536823075
13241,0.00037073857703366696
13242,0.002075729731617644
13243,0.0038287557089251153
13244,0.0001352166685999679
13245,0.00044582561905990583
13246,0.0006107928733226265
13247,0.00017401292927006915
13248,0.00013828370587202877
13249,0.00033036486403213066
13250,0.001481494783011473
13251,0.0004117273688440797
13252,0.00017799674298345875
13253,0.0005113676122768217
13254,0.00014995989068179914
13255,0.00017521603727028897
13256,0.009030903127382783
13257,0.006155273479914991
13258,0.00010280442131410382
13259,0.0001947890457082949
13260,0.000638054243372522
13261,0.00027189878969247495
13262,0.00166876998182438
13263,0.0007048062317182052
13264,0.0002209474774382175
13265,0.0001583730619976637
13266,0.00022542276844089005
13267,0.000186894958601054
13268,0.0006888653424994935
13269,0.03291381046467762
13270,0.0004211414085755872
13271,0.00026131218325127205
13272,0.0004759309076193435
13273,0.005380187660075389
13274,0.00022029497213529718
13275,0.00018937030379666164
13276,0.00021731221100927293
13277,0.000211520284212312
13278,0.0003266025166368268
13279,0.0002534760582362735
13280,0.0002979067227845345
13281,0.000274502837722558
13282,0.00012640822861068754
13283,0.00044255889067822113
13284,0.00024855419629293965
13285,0.0007611008299276836
13286,0.00022949067422102601
13287,0.005256646993473731
13288,0.0006069720312387946
13289,0.00037356425396959395
13290,0.00044130842662909757
13291,0.00023160974519521285
13292,0.0002938459556537937
13293,0.00029746463333691747
13294,9.773977855338496e-05
13295,0.017361263434163478
13296,0.00018608694653334028
13297,0.0005289875479569984
13298,0.00037972992276812535
13299,9.38889913963202e-05
13300,0.00022677654439498128
13301,0.0002738055097120342
13302,0.0005005321374945389
13303,0.00015199080101161832
13304,0.0002645523368206267
13305,0.00013044568588836694
13306,0.00022070525703861017
13307,0.00021029455003409732
13308,0.003050065152051023
13309,0.02240371859562564
13310,0.0002198626890454961
13311,0.013303930787423682
13312,0.00029435094429097844
13313,0.00021442363736308336
13314,0.00024829819289918755
13315,0.00023118618178298434
13316,0.0001620945265167708
13317,0.0001743395413186924
13318,0.004070628439068705
13319,0.00019030568259362246
13320,0.0002284271893397262
13321,0.0002195417689502657
13322,0.0005490665434053306
13323,0.0002616573238399645
13324,0.00018627157702056464
13325,0.00023278386154984925
13326,0.007301537725764749
13327,0.0019512148116898186
13328,0.00023808463515731393
13329,0.0001004870720145624
13330,0.0002871618594526757
13331,8.113383070449881e-05
13332,0.005220568165726067
13333,0.00030177814836044876
13334,0.0001634598470493764
13335,0.003961647366743812
13336,0.0001409158758594365
13337,7.473188992135846e-05
13338,0.02384797747857998
13339,0.00017448313903002162
13340,0.00026286980295079536
13341,0.0012019380348356813
13342,0.00036321572488818595
13343,0.0013752242215712127
13344,0.00023344652106296548
13345,0.0002663076418918831
13346,0.0002297223357878173
13347,0.0002948253415430241
13348,0.025780369032508625
13349,0.000386383051965157
13350,0.00019462497963375388
13351,0.0002025607580871489
13352,0.00014421170606435913
13353,9.347961339894963e-05
13354,0.00010423439267711872
13355,0.00021899686279185435
13356,0.00023507554716402007
13357,0.00011037681647733972
13358,0.0002218957072049492
13359,7.67887022847717e-05
13360,0.0006389280014195769
13361,0.00033610603800096237
13362,0.00021511685030990382
13363,0.00011511765443108977
13364,0.0018328285580664796
13365,0.001045841205224222
13366,0.00015625714554571456
13367,0.00026946569626799366
13368,0.0002658358402564765
13369,0.0024829709504979865
13370,0.0002247364978875877
13371,0.00021985754889695957
13372,0.0054312067265069415
13373,0.0019691432542936578
13374,0.00035460441679015643
13375,0.00010859138153241046
13376,0.005149387403690389
13377,0.00060826526668498
13378,0.034726075197652424
13379,0.00011361633012783507
13380,0.00021977876640729213
13381,0.00014390777793852003
13382,0.0002648828381446462
13383,0.00017900368938367133
13384,0.0014136894591867631
13385,0.0013773170841523256
13386,0.006967177264172129
13387,0.00023023071952466774
13388,0.005413543970101013
13389,0.01191653703844758
13390,0.050761998643163664
13391,0.00020387349272473713
13392,0.0019669125462816487
13393,0.00010263969494762209
13394,0.00020043457922067458
13395,0.0002587504514016163
13396,0.00010492223952617329
13397,0.0001950562245381268
13398,0.0002570026388248415
13399,0.00013879358326895452
13400,0.0004274442507059906
13401,0.0006012080570044201
13402,0.0003865679628658948
13403,0.0003399814377792863
13404,0.0016702952750704502
13405,0.00026335467159972515
13406,0.00010559704387783553
13407,0.00021108121159694567
13408,0.0002986730667752769
13409,0.0002966931255773177
13410,0.00012525465429576337
13411,0.0028967686006055827
13412,0.015102359161342806
13413,0.00012640631355642374
13414,0.00014117624046115518
13415,0.00018833568101612016
13416,0.00026226234698839334
13417,0.005568495498195486
13418,0.0003348625034513451
13419,0.0002945133342168618
13420,0.0001208427416385548
13421,0.00025700036423161895
13422,0.00016732390506725764
13423,0.00020656050882416518
13424,0.0002034746502594868
13425,0.01818900557872424
13426,0.004514808365100716
13427,0.00012422890215295197
13428,0.0005439829313891038
13429,0.00019422000847831437
13430,0.0004508458377660967
13431,0.00021976286068710508
13432,0.00017462720639433091
13433,0.00023957713577549337
13434,0.0023561644423470973
13435,0.0002062305425835524
13436,9.874017218068812e-05
13437,0.002296735225299982
13438,0.00018140832772267168
13439,0.0002341646903693399
13440,0.00030859538878139656
13441,0.0005607372258878477
13442,0.0001628510835461868
13443,0.0004130036032838582
13444,0.006408351105113559
13445,0.00021699371341209498
13446,0.05408216788332794
13447,0.00034269572143217784
13448,0.00026707590483219634
13449,0.002612064681139398
13450,0.0022960933011354273
13451,0.00016339973991060717
13452,0.000262639679429822
13453,0.00025641912314199993
13454,0.009998932690889957
13455,0.01199091601391884
13456,0.0024961317650388413
13457,0.00024420517297359253
13458,0.0001552534329790773
13459,0.00013279608018078472
13460,0.01125878087122081
13461,0.00025923170245714525
13462,0.000263608612566542
13463,0.00020954875484760043
13464,0.0002749829958728736
13465,0.00016297786424493156
13466,9.777372298240824e-05
13467,0.001756940092729093
13468,0.00028662716663992096
13469,0.0002562707359380561
13470,0.00021673091066403669
13471,0.00016563252596128443
13472,0.00015034989935569713
13473,0.00024578475328798714
13474,0.0001837404153754369
13475,0.00019921748884509
13476,0.00021756655061559938
13477,0.0005165685676934067
13478,0.00024026669012067962
13479,0.00041555596717985255
13480,0.004616819560271745
13481,0.00025510739817396593
13482,0.00022297690486721458
13483,0.0011575018515934887
13484,0.004494509080297965
13485,0.014567948488115216
13486,0.0003546418627272424
13487,0.00038999014030553536
13488,0.0002211708789400995
13489,0.00023008051360973747
13490,0.00014180698416506408
13491,0.00032933486674294383
13492,0.0002480029803844416
13493,0.0005276408309628475
13494,0.00021227456764885116
13495,0.00016369515329388052
13496,0.0004938509740996018
13497,0.00020684970772393758
13498,0.0034745657223132277
13499,0.0006697216454905569
13500,0.0002461807039630633
13501,0.0001980043672539641
13502,0.00018242534407942029
13503,0.00022091586146522454
13504,0.0005333793124390817
13505,0.00018681548952155971
13506,0.024995260338495976
13507,0.000299273699219963
13508,0.00020151813591258292
13509,0.00026790013581207465
13510,0.00019849232513282966
13511,0.00027711022928081103
13512,0.0005634720723723798
13513,0.00021357173051621517
13514,0.00020479520537341984
13515,0.001256910679470861
13516,0.0002302415593107451
13517,0.00019504668300969168
13518,0.0012648134083824696
13519,0.00024990940423334036
13520,0.000359896009639431
13521,0.00018714763297167977
13522,0.00024273640180235058
13523,0.00017759426749605162
13524,0.00019423693022121261
13525,8.611854255764968e-05
13526,0.00023128968854030192
13527,0.0001761490333619537
13528,0.0002551397878597604
13529,0.00026578510833860766
13530,0.0002691168974812832
13531,0.0003001124778646915
13532,0.0005403631998577186
13533,0.00020770326370497927
13534,0.00032094941506342043
13535,0.0007116672610523924
13536,0.00013925376796975687
13537,0.0001648971393187532
13538,7.70812968355331e-05
13539,7.34465077511983e-05
13540,0.00038778542208763966
13541,7.627205339829608e-05
13542,9.022656855010054e-05
13543,7.78802426421093e-05
13544,0.00016836415664808364
13545,9.731786128537159e-05
13546,0.00010470408891646197
13547,7.827880456208647e-05
13548,8.1525073423972e-05
13549,0.0002697655116420829
13550,7.929916510241725e-05
13551,0.0007650648855608124
13552,8.064383220079843e-05
13553,0.00015319708477990366
13554,0.0019862629980463443
13555,6.652649756573222e-05
13556,0.0008374884409221928
13557,0.00014727952604353715
13558,0.0013158328795671954
13559,0.0005698273798371417
13560,0.0040514142209176025
13561,0.01553298769610197
13562,0.0021493733736654046
13563,0.0002212139711206707
13564,0.00019520264248930607
13565,0.0008990229889743351
13566,0.0007944373086692382
13567,7.653994393930756e-05
13568,9.30786863894692e-05
13569,6.820642405348558e-05
13570,0.0001263379866528031
13571,0.0019706164343425
13572,0.00039254123296760424
13573,9.876295401336104e-05
13574,8.497497909286844e-05
13575,0.00022616464463236027
13576,0.0001589711750657853
13577,0.00015194791182760516
13578,0.0016004997964694293
13579,0.00017900276993682512
13580,0.0001438206847800351
13581,9.473715536153799e-05
13582,0.00031334114334573174
13583,0.003552658451035526
13584,0.0020430481571598125
13585,0.0001118314587163506
13586,0.001141552672946132
13587,0.00022773212567173923
13588,7.563955656777087e-05
13589,0.00010587918473703583
13590,8.938097538173972e-05
13591,0.00010497649798434108
13592,7.864124371584513e-05
13593,6.73880070473779e-05
13594,0.00017090970039939442
13595,0.0001520283513563899
13596,0.0020800582631319035
13597,0.0009392378228800874
13598,9.98732757856205e-05
13599,0.00010153990474322033
13600,0.0031294877503024996
13601,0.00015237812596063046
13602,0.00015806712566141082
13603,6.541959177818036e-05
13604,0.002896920066566309
13605,8.651760251149307e-05
13606,9.478509490830666e-05
13607,0.009518834920464474
13608,0.02043958954193406
13609,8.173992624262912e-05
13610,0.00011398681528729227
13611,0.0005644221904435182
13612,0.007045935502828208
13613,0.00020888943622047275
13614,0.0008567851419685826
13615,0.008850818781797094
13616,9.101459579714775e-05
13617,0.00013421523154744284
13618,6.985580006171397e-05
13619,0.00010116271907799701
13620,7.454234919776263e-05
13621,0.00012543753981496172
13622,0.0003578570193700786
13623,0.00011904512343078322
13624,0.0004222466217359642
13625,8.071780966644035e-05
13626,0.005422312862811949
13627,0.004954038726409591
13628,0.000826509713406571
13629,0.00018383940635054714
13630,0.0001718462888546952
13631,0.00015247683718312685
13632,0.00021796818639111486
13633,0.0003567588813948127
13634,0.001945816544359754
13635,0.005171780512350123
13636,0.0018052578272855367
13637,0.00012754370085102807
13638,0.00028098869746348137
13639,0.0018546282056069948
13640,0.00014108371859524824
13641,0.000238238526369949
13642,0.00025892507197494854
13643,0.00010331297678658857
13644,0.007131675081283981
13645,0.006540325484996298
13646,8.868361047922676e-05
13647,0.00013683295248278194
13648,0.00025151726615043273
13649,0.0005707877440703813
13650,0.0113310134877381
13651,0.01087494194683932
13652,0.0011332700428906865
13653,0.0016182784494721812
13654,7.288828800178512e-05
13655,0.0047672929574105825
13656,0.00011690334726717818
13657,0.0001841352879289651
13658,0.0008400184668123009
13659,9.470142427673632e-05
13660,0.0011419017110563666
13661,0.0007109049516473904
13662,0.0002153017315753731
13663,0.001629404152677787
13664,0.00040743201297075923
13665,0.00019617920768029456
13666,0.00032712463321142923
13667,0.0001751417490900203
13668,7.92620404556023e-05
13669,0.0033003866223908973
13670,0.0005986327843861118
13671,0.0003538267597678725
13672,0.00016371501092409332
13673,0.04319344186390307
13674,0.028533122533865612
13675,9.876340406643786e-05
13676,9.408475477520539e-05
13677,0.00011720599432805097
13678,0.00013625454006589206
13679,0.0017302785873626505
13680,0.0001396068897596005
13681,0.0005598780115922359
13682,0.015490924885548058
13683,0.0014368205993986402
13684,0.004836232215232031
13685,0.0002606073439138463
13686,0.0012625859324716143
13687,0.0026287852149734017
13688,0.0005473666517405347
13689,0.00011776020660630979
13690,0.0006067478638402437
13691,0.0024369638239624975
13692,0.00014362330707509187
13693,0.00011401885380932053
13694,0.00011037140037232696
13695,0.00010004290644142241
13696,0.00017138862911743685
13697,0.00022369493799799268
13698,0.00023905006928113967
13699,0.000171451358914188
13700,0.0027438714212653934
13701,0.00012562898180957705
13702,0.0002765210260200778
13703,9.675009707823956e-05
13704,0.00010517969766624735
13705,8.136906261942386e-05
13706,0.003401204863830415
13707,8.076948904026362e-05
13708,7.862810220014767e-05
13709,0.00010606795164562015
13710,0.0002583383512688241
13711,0.0002916044674092488
13712,0.000223031628967911
13713,0.00024607677894895473
13714,0.02295420946777591
13715,0.053843350936610565
13716,0.001106966980690512
13717,0.0005191733646633947
13718,0.009016264980062756
13719,0.00037421037701262835
13720,9.256190114673248e-05
13721,0.0005770232718765873
13722,0.010910571374131954
13723,0.0003135150766042326
13724,0.0017918838578378105
13725,0.0006145134782640593
13726,0.00010911472976406435
13727,0.0008386102469749492
13728,0.00025446361383735775
13729,0.00027275406391896924
13730,0.010420349418269333
13731,0.001280717780356743
13732,0.00026443625846689903
13733,0.00021005373987448162
13734,0.0030188052836190213
13735,0.00012603840931795863
13736,0.00017179340291165443
13737,0.002887335105620532
13738,7.11490427395448e-05
13739,0.00039547593937698983
13740,0.0005263676238887288
13741,0.002643349084636827
13742,7.591450350391065e-05
13743,8.886224592544219e-05
13744,0.001996531362668555
13745,0.0005573339098048748
13746,0.0006513447152780008
13747,0.00012189998376785421
13748,8.161629240812943e-05
13749,8.700088300233834e-05
13750,0.00017782603981823388
13751,0.00015156605520207924
13752,0.031134174359038792
13753,0.00029940135926975384
13754,0.0007026260263751098
13755,0.004719073545882305
13756,0.0005945324037127584
13757,0.05682011760842863
13758,0.0003052512179648052
13759,0.003070277587274361
13760,0.00017132942307837508
13761,0.005031505618036546
13762,0.0003300267138731239
13763,0.001540631002238436
13764,9.081752662610558e-05
13765,0.00013813933567374348
13766,0.0003610647354696508
13767,0.0021626737225002293
13768,0.0028945464770471336
13769,7.634238108874689e-05
13770,9.428075524564986e-05
13771,8.136787833530604e-05
13772,0.0027711233552940888
13773,0.021055491559890574
13774,0.0006368944956603512
13775,0.00012198093998991913
13776,0.001365242184154116
13777,0.006794508543738141
13778,0.017403901718312242
13779,9.762926240485954e-05
13780,0.00010484817865788744
13781,0.00012537947777568792
13782,0.0028703856589737033
13783,0.0021626097443325836
13784,0.004406803750823463
13785,0.00010124617050424314
13786,0.00011602649986201424
13787,0.0005142917679068427
13788,6.84019887796306e-05
13789,0.0002851535099229593
13790,0.0004829274485711474
13791,0.0006186868348250467
13792,0.0008660960287480517
13793,0.03551878076488068
13794,0.007812904672554888
13795,0.002003390719792949
13796,0.11166295063066327
13797,0.00016455289977930366
13798,0.00031379673416739065
13799,0.0001332721395375481
13800,0.00017392300059041927
13801,0.00014754155645291164
13802,0.0009850824669928406
13803,0.00015403493851746437
13804,0.005038915680075773
13805,0.00030128116161123083
13806,0.0007969853144679804
13807,0.0002826934457294684
13808,0.0001430286046547596
13809,0.002418987948755163
13810,0.00014774924212910745
13811,0.0001252286642662953
13812,0.005249887555128311
13813,0.0005844380865666021
13814,0.002190744087563512
13815,0.001998027470498467
13816,9.846502271237906e-05
13817,8.088539857041063e-05
13818,0.00014590003861074735
13819,0.00015287200154280464
13820,0.00010421080464821373
13821,0.00010501044895625409
13822,0.00011039404059750215
13823,0.00017302722375464835
13824,0.00019372560663005848
13825,0.00016557673605281287
13826,0.018903224766592532
13827,0.00015976840581276113
13828,0.0006834539084329299
13829,0.0003986162037884623
13830,0.006213950135618618
13831,0.0012827630742793966
13832,0.024415446084649888
13833,8.736353474624034e-05
13834,0.0001879587004374182
13835,0.00024990981284222493
13836,0.006017643145499814
13837,0.0056521733959757885
13838,0.0219021145913605
13839,0.00016278653484077944
13840,0.0001445465170478839
13841,0.0003206920232876545
13842,0.848859572840254
13843,0.0015895642861469294
13844,0.00025326678255342385
13845,0.00028249299970770986
13846,0.003016499911413866
13847,0.0001622251163749497
13848,0.0003832264903333053
13849,0.034965638252522344
13850,0.014582835954970032
13851,0.006830284287613057
13852,0.0001021956579242964
13853,0.00010052427747453364
13854,9.919866324377432e-05
13855,0.00010833729118384886
13856,0.00024998344193938305
13857,0.0026975012897905055
13858,8.174211191896928e-05
13859,0.00028716582025546384
13860,0.015087565706662157
13861,0.00013140971957617607
13862,0.00014870477101022422
13863,0.00251722782078328
13864,0.028170453429868285
13865,0.00028392673131612977
13866,0.00029802741737373423
13867,0.0001016969654521847
13868,0.0002832298225950194
13869,0.00033230512674670436
13870,0.001501774141864334
13871,0.0001819844604771099
13872,0.0007790010705901051
13873,0.0001803145644906002
13874,0.0004347114586963397
13875,0.0038255143628808013
13876,0.0006898449136464699
13877,0.00013655573541671858
13878,0.0003235673172485265
13879,0.00015688407915725054
13880,0.0003152012736506528
13881,0.00213437892684763
13882,0.009302574046360503
13883,9.361680140661938e-05
13884,0.00020117134979419764
13885,0.0014636069048927735
13886,0.00016658650950662578
13887,0.0015374695101538877
13888,0.006913108381173141
13889,0.00011564652884777874
13890,0.007207074206645857
13891,0.0004180343354875867
13892,0.0005095800345269016
13893,0.00021646696450368749
13894,0.005044322067817589
13895,0.0015748294965016421
13896,0.01752669705089693
13897,0.006232204394211759
13898,0.0004949971226182858
13899,0.0001351097208534558
13900,0.005064632517954589
13901,0.0023919287696661474
13902,8.94045624998564e-05
13903,0.018346746673835828
13904,0.008609924824091442
13905,0.00010860247494248135
13906,0.00010381404615245606
13907,0.006106795088396446
13908,0.0002443666492504994
13909,0.0003777982520687713
13910,0.00019565990377074988
13911,0.008848021050148255
13912,0.0002382523799775693
13913,0.001395432464663729
13914,0.0004948525494541578
13915,0.0025416951324435688
13916,0.007868553323644369
13917,0.0001922395572376481
13918,0.0001423865178935419
13919,0.00033877066772824104
13920,0.0007798296646789513
13921,0.0008824924875535555
13922,9.918798491783866e-05
13923,0.0005319359724570515
13924,0.0026439623914143234
13925,0.001528991726816255
13926,0.00012619596029020698
13927,0.00032760920874550447
13928,0.00018866507920263384
13929,0.0020070277943843645
13930,8.698132259709388e-05
13931,0.00013130163958096518
13932,0.003073720263225741
13933,0.00031284914627189187
13934,9.45292021265346e-05
13935,0.048458793222041455
13936,0.004440387576291084
13937,0.000730665035527633
13938,0.00044180861366192983
13939,0.004258619237903941
13940,0.0012461487197545818
13941,0.00042081395024551836
13942,0.00044002838283454664
13943,0.00695013614987011
13944,0.0004220386716922675
13945,0.003273159776448263
13946,0.00033190637282643485
13947,0.00014033273332982445
13948,0.007127806084567695
13949,0.00010650477438106288
13950,0.00015501320642198447
13951,0.001162474107079677
13952,0.001948798256112895
13953,0.00016881811261977835
13954,0.001988155473359421
13955,0.0003229355097685878
13956,0.0005713659707420984
13957,0.00019039605319380986
13958,0.004751462335276421
13959,0.027170741572318184
13960,0.0033106213981995807
13961,0.010304658627936959
13962,0.00015856206804644972
13963,0.0002911530335262532
13964,0.00015654343054091036
13965,0.00010953660262191613
13966,8.093363520473777e-05
13967,0.11000554875732386
13968,0.0007859819056062574
13969,0.0006443832708537434
13970,0.000571355833497836
13971,0.00015163147566265916
13972,0.01980863889520912
13973,0.012347079999088642
13974,0.00021983212651216586
13975,0.0003329725170034128
13976,0.0017084584669660899
13977,0.018711059922297425
13978,0.008342582118933274
13979,0.0002338104991414255
13980,0.0001818986456635327
13981,0.00033261054140022424
13982,0.000132507546161611
13983,0.00013228252871613934
13984,0.001025576423641782
13985,0.001218333639171563
13986,9.495305051901635e-05
13987,0.00010652501963738929
13988,0.008267500663767304
13989,0.00010861213017847427
13990,0.0024402911984508723
13991,0.005944135858558353
13992,0.0005265004238178301
13993,0.00011362889613166988
13994,0.00608730723923058
13995,0.0073101603796701066
13996,0.000447709175220358
13997,0.0060770147515646165
13998,0.00010368353063551422
13999,9.530321211182708e-05
14000,0.003631253445581236
14001,0.0053491921608543515
14002,0.0002308667973885891
14003,0.00036663675508576013
14004,0.0006005531116749887
14005,0.00033318057937329297
14006,0.00019135149623221887
14007,0.0001114399163729476
14008,0.00022444411329162675
14009,0.00145711736816337
14010,0.015019162750254533
14011,0.0003814257588993186
14012,0.00820521104672044
14013,0.004798726845156183
14014,0.00013441928041957852
14015,0.004854749291582588
14016,0.002572872971151539
14017,0.0004345594321168378
14018,0.0007001707830687962
14019,0.0006579968198349145
14020,0.0001723691843463951
14021,0.00012129074318161548
14022,0.00010578442512852578
14023,0.0011392330306814354
14024,0.0006045559031131402
14025,0.00011520195333967608
14026,0.0004050937705772753
14027,0.005344021359990019
14028,0.04998578905574416
14029,0.0008352462614579194
14030,0.00014013303230385427
14031,0.00010668668439208404
14032,0.005034847404969676
14033,0.0004009444303425082
14034,0.00037192285287953165
14035,0.00860306323776019
14036,0.00012912155986031403
14037,0.00014059647685302651
14038,0.0012149873855196597
14039,0.006855223580830597
14040,0.00037039202738260393
14041,0.00033947087725834764
14042,0.004178331623749433
14043,0.0020386206433920624
14044,0.0005798695989420982
14045,0.0017104890244946478
14046,0.00016366899817080695
14047,0.0014365732887348197
14048,0.017464101441043867
14049,0.0004812701865460116
14050,9.982048822476254e-05
14051,0.02227840334327133
14052,0.00018002199458375839
14053,0.00014725980659172677
14054,0.014929763560815504
14055,0.00013268094502326018
14056,0.00037738033965623155
14057,0.001004119273162498
14058,0.0002080089794484487
14059,0.00040405350279829245
14060,0.0010499618139884642
14061,0.01432170642203821
14062,0.00018311857830987998
14063,0.00194526045273118
14064,0.010117859488901459
14065,0.009121353186923805
14066,0.00015633969289748965
14067,0.00017624891641138422
14068,0.05014829154215951
14069,0.0007985850020863697
14070,0.00013754812912628871
14071,0.00015734333888625006
14072,0.00016764612988058852
14073,0.00010982147379756857
14074,0.00011994037850759677
14075,0.0024564605583613564
14076,0.00016806804168644922
14077,0.00013775355129309728
14078,9.706904641752572e-05
14079,0.0001008958391341424
14080,8.91856950324673e-05
14081,0.005921804229462942
14082,0.004108318081936223
14083,0.0002706460810290365
14084,0.004354257382331282
14085,0.00011250720026335164
14086,0.001526366200728321
14087,0.011413193836961474
14088,0.009367564186453854
14089,0.00024018551875002744
14090,0.00011167524562633733
14091,0.00010662386883987633
14092,0.025539337056948053
14093,0.0072689721644375194
14094,0.0008564209067166773
14095,0.00015802431790533117
14096,0.0011087730572946334
14097,0.0001294150940549271
14098,0.004155173374482852
14099,0.024287579795498643
14100,0.02879091605436728
14101,0.0006037156003852043
14102,0.00012712162248695356
14103,0.00017934865473131232
14104,0.006991057436057368
14105,0.0005299155531294881
14106,0.00042043813152439796
14107,0.0002583911228365033
14108,0.0004023357376736864
14109,0.007190470826935877
14110,0.0005163614184941041
14111,0.0024250983654467355
14112,0.0002001010929410279
14113,0.0014706859158276923
14114,0.00021964873782710984
14115,0.0005307218845657937
14116,0.0015777683416163496
14117,0.00013149852854619067
14118,0.003576825193440814
14119,0.000448674924118372
14120,0.0005688281507884618
14121,0.014711824528255568
14122,8.69320953148792e-05
14123,0.00012200742473008758
14124,0.0001477924914635482
14125,0.006914217285314392
14126,0.00020480176607995168
14127,0.00043366628383650766
14128,0.0001650727140092578
14129,0.0003524233854426685
14130,9.521830253887344e-05
14131,0.00021651161176700022
14132,0.004186507653940137
14133,0.00010846637880994256
14134,0.00011332977119098066
14135,0.005862419120685023
14136,0.00015819533862404983
14137,0.00040106587755327043
14138,0.014203223090756844
14139,0.00013905046737624837
14140,0.0006898541815706992
14141,0.00027864672197810264
14142,0.0011488809561424923
14143,7.29086859891578e-05
14144,0.0002871192786578063
14145,0.00041046395340303194
14146,0.00012453486587625905
14147,0.0022006165267497695
14148,8.363119971093057e-05
14149,0.004016124438975069
14150,0.0004942248489752013
14151,0.00029039922972407635
14152,0.00015231630135519907
14153,0.00018068645166056566
14154,0.0001574544934858395
14155,0.00011837414841114717
14156,0.00015517518590529243
14157,0.00023168494253888013
14158,0.010898501582738007
14159,0.006512030413038485
14160,0.0010589743845623443
14161,0.0006063007755323761
14162,0.00017168655773826478
14163,9.879254092648705e-05
14164,0.00028181397118647657
14165,0.001610247977676923
14166,0.00015811014110385732
14167,0.004330159762822342
14168,0.00021695353824567124
14169,0.00014383036466674625
14170,0.00026069953104044207
14171,0.00017452516649007257
14172,0.0001405155771753457
14173,0.004023704342373657
14174,0.0002713361193936084
14175,0.0036546532269446457
14176,0.000530730873387008
14177,0.000671820528459389
14178,0.00025258777647486745
14179,0.008208701565032766
14180,0.00042016927533074623
14181,0.0010338102844354997
14182,0.0006624991147745772
14183,0.03961929009990964
14184,0.0004981668107249025
14185,0.0005494159761481802
14186,0.00015642349690344741
14187,0.0007882608123039751
14188,0.0020751107336763218
14189,0.0042077035544388994
14190,0.00019295742997746935
14191,0.0059691092758179035
14192,0.00252750597426635
14193,0.0017224850437887213
14194,0.3548402631091959
14195,0.004132052256772574
14196,0.0027372383520750327
14197,0.0024984873328969997
14198,0.000539661881110159
14199,0.010623052328962487
14200,0.005839528174383475
14201,0.0107566346915729
14202,0.00020398561973141593
14203,0.0003199808950262441
14204,0.0027832095791080506
14205,0.00016155984743145544
14206,0.0016971749744552963
14207,0.0014932026289400189
14208,0.00011636574081811153
14209,0.004401365291293389
14210,0.0005468090633623426
14211,0.00013025159560538842
14212,0.0006100294238728198
14213,0.0005231808973637198
14214,0.0001423898147757063
14215,0.00803650218521305
14216,0.0001502573511009976
14217,0.0052136932679225706
14218,0.07334523183827528
14219,0.00018249202525371841
14220,9.212826446629348e-05
14221,0.00018104383781944398
14222,0.006247829683047503
14223,0.004703309461233151
14224,0.00036976031937113117
14225,0.0007525900760319031
14226,0.0006277450529401797
14227,0.001670684772841821
14228,0.0010550017418957819
14229,0.0022318180228736244
14230,0.0002012475538759028
14231,0.016909293246610172
14232,0.001772859913809724
14233,0.00045714801017287404
14234,0.00033474440758433525
14235,0.12787114363899116
14236,0.004464078117949891
14237,0.0005924787867709425
14238,0.0006168281193802898
14239,0.0001246768772943261
14240,0.00013274445285849163
14241,0.004602244873349292
14242,0.000857604428138533
14243,0.020397843233186694
14244,0.07221344058751386
14245,0.0003728999126520732
14246,0.0019424286261463385
14247,0.000296222036795405
14248,0.0001409068372962331
14249,0.0026723813520517403
14250,0.0006703150076599334
14251,0.0008043676440953543
14252,0.00011207110794597396
14253,0.00016461144378693778
14254,0.052798232366569706
14255,0.0074809118667980914
14256,0.0030844327613623723
14257,0.0010048313585014992
14258,0.0001621584848043434
14259,0.00015193700561625875
14260,0.00010233866029142063
14261,0.0019147027496956592
14262,0.004280699691032447
14263,0.0002557659393815863
14264,0.0001502881583686646
14265,0.0007803289091437247
14266,0.003169537922620944
14267,0.00013654900572596687
14268,0.00029893670067699583
14269,0.0001440845057753415
14270,0.01680581826307824
14271,0.0001415596676249313
14272,0.00012970227860489923
14273,0.00011406301771154932
14274,0.013263570380183914
14275,0.00032811890550491244
14276,0.0001419436835089094
14277,0.11055924039739648
14278,0.0005820434417229999
14279,0.00017301186679663806
14280,0.0005437686411144879
14281,0.008230023709292239
14282,0.0040169666211751906
14283,0.000146400425416029
14284,0.0004321910537186769
14285,0.0005298270726139868
14286,0.00043801282373793354
14287,0.00011871339690472382
14288,0.05822246288362374
14289,0.00013120866251072427
14290,0.0001669856331762989
14291,0.00018285607108936872
14292,0.04250277861262256
14293,0.00010280953896471925
14294,0.00014273038250130711
14295,0.0003573319597261526
14296,0.00042727572059126295
14297,0.02728564430220453
14298,9.667579677975595e-05
14299,0.0005003658804788848
14300,0.0006771685573507874
14301,0.002122950826674707
14302,0.00031686044774697505
14303,0.00014771355717159884
14304,0.0303011153872741
14305,0.0001083114404771635
14306,0.0020585559720768293
14307,0.2067588549769082
14308,0.016404341632773274
14309,0.004246300629118455
14310,0.00013564315057577918
14311,0.0009175701191306816
14312,0.00043200135099079226
14313,0.00015336449793916762
14314,0.0009527938009361546
14315,0.0041049722567272
14316,0.00849689054090772
14317,0.00013995670006169934
14318,0.00028895986062232973
14319,0.02240473367976386
14320,0.00014042595104328827
14321,0.0019221271428761125
14322,0.04508041156423547
14323,0.0001773230500699778
14324,0.005855822254295245
14325,0.0003284436512581124
14326,0.0005673197325530165
14327,0.0005775395425427456
14328,0.00016293081577694102
14329,0.0008888516235148929
14330,0.0005081922546405135
14331,0.0001567441426649987
14332,0.023722234168365348
14333,0.008285654062604475
14334,0.00020722695415857675
14335,0.00011662118710931728
14336,0.00014338503450390727
14337,0.006020362400277825
14338,0.00024892468641448393
14339,0.00032485243894770434
14340,0.00045257742573388495
14341,0.0008976216634211428
14342,0.00022940464410742094
14343,0.002654521156313274
14344,0.009818878090466094
14345,0.007877411559422986
14346,0.003274287412554069
14347,8.800523948055946e-05
14348,0.0006831407539958101
14349,0.0001413675306661661
14350,0.006379356299169072
14351,0.006578431898443908
14352,0.010694030472190572
14353,0.0001563197362544599
14354,0.00223517167149691
14355,9.485043756227122e-05
14356,0.0015285439123234458
14357,0.001332772346146518
14358,0.00016950123717929456
14359,0.0021569626554104873
14360,0.005774404313569536
14361,0.004685558538247625
14362,0.03404998949758825
14363,0.0006515769018627214
14364,0.00011567303784744876
14365,0.0025025146380074645
14366,0.007016926812309007
14367,0.0016056162100810821
14368,0.41158752561561374
14369,9.427627763222959e-05
14370,8.709124010163845e-05
14371,0.0004768025934248811
14372,0.007721448691144603
14373,0.0017499026722361053
14374,0.02122995590543364
14375,0.0002532626430240325
14376,0.029729484290154984
14377,0.0018647473207093715
14378,0.02631347649071965
14379,0.00017040125445199722
14380,0.0005097337930956422
14381,0.00021171761937467914
14382,7.846059487235452e-05
14383,7.674656500459317e-05
14384,0.0024869066027424
14385,0.00020001587405635356
14386,0.0006948230024014472
14387,0.0014250840596540769
14388,6.612089892974119e-05
14389,0.00030428004276034765
14390,0.00012738111209964319
14391,0.00033870680266894973
14392,0.009724569094140802
14393,0.002748356771591852
14394,0.0006707944304898227
14395,0.0005748085641418856
14396,8.102388110582564e-05
14397,0.000374230386500615
14398,0.039019388452238665
14399,0.0005804240328367882
14400,0.00013163285978507272
14401,0.00013538128449969175
14402,0.00023170090442377645
14403,0.0001332881827857443
14404,7.93133905391531e-05
14405,0.0006759696675774053
14406,0.0002927283843543906
14407,7.586452158846464e-05
14408,0.04526907544685943
14409,0.0005598125323899342
14410,8.40014132142746e-05
14411,8.391589698281585e-05
14412,0.000232237067290252
14413,8.984234039007089e-05
14414,0.00020867010372206777
14415,0.00014861388501297547
14416,6.960102965863727e-05
14417,0.0015133590304532622
14418,0.0156821152110101
14419,0.05449756046018885
14420,0.0002780070828818661
14421,8.897665212252433e-05
14422,9.720545784398362e-05
14423,0.0001808439260421699
14424,0.0002238697877703998
14425,0.003212928686417535
14426,0.0359084127329682
14427,9.096808824030241e-05
14428,9.061517082723545e-05
14429,0.0021261976518804327
14430,0.00037310332755213077
14431,0.008812878758664443
14432,0.00040899343327575075
14433,0.0007331951091323235
14434,0.00021185806719802394
14435,0.0008287391266680715
14436,0.00023887724386282197
14437,0.0005232789540703826
14438,0.0001426920927196789
14439,9.665102019676373e-05
14440,9.139032383930989e-05
14441,8.153279621503969e-05
14442,7.636386260757044e-05
14443,0.00019928575163812948
14444,0.0007071581382024955
14445,0.004866033607984697
14446,0.0002970666542729641
14447,0.00024111058264557903
14448,0.00019989021124538854
14449,0.0002529413736870459
14450,0.011166085362481985
14451,0.2035106719859586
14452,0.00022275606480872713
14453,0.00012191670577858041
14454,7.353504122302717e-05
14455,0.00021747177286706365
14456,0.0004267106906225856
14457,0.00011975296208488152
14458,7.177986679536655e-05
14459,0.00030059629832927
14460,0.0030512395133113768
14461,0.000504759678473921
14462,0.00038010781605139256
14463,6.412209436044549e-05
14464,0.003166931426132954
14465,0.00012916712226538908
14466,0.00019411533924745635
14467,0.003058410984592255
14468,0.00014809558739147189
14469,0.00014425065721308016
14470,0.00010408158415636833
14471,0.00021563661748151393
14472,0.00012733447208958457
14473,0.00011653372867118986
14474,0.001631839524648644
14475,0.00015521199733714393
14476,0.00015648688170617317
14477,0.0004481535590055358
14478,0.00044703276834028244
14479,0.0003491526410439807
14480,0.0001839195406414006
14481,0.006220243893822843
14482,0.00023754521396217266
14483,0.00019604152244437665
14484,0.0021305815139897127
14485,0.00022846962088534875
14486,0.00039293825683383817
14487,0.02045989255161525
14488,0.00017891973128286866
14489,0.03166219348157241
14490,0.00010809048891147065
14491,9.308075446488888e-05
14492,0.00022605072767271456
14493,0.0018754055979291612
14494,0.02926963778121789
14495,0.00026143525453898306
14496,0.0013068063371565835
14497,7.84750494750687e-05
14498,0.00014923693218294237
14499,0.00015354764047505214
14500,0.00024195665867460492
14501,0.0016221056273958419
14502,0.00017275772348747216
14503,0.00014900488284506905
14504,0.00014934125661857637
14505,0.0002020070002607411
14506,0.0005661223276586344
14507,0.00033298623465621526
14508,0.00027323429761693676
14509,0.0065492690007174755
14510,0.0006408423028654759
14511,0.000258721645310029
14512,8.047625184951323e-05
14513,0.0002508921802914043
14514,0.00015431439504482667
14515,8.499991837054857e-05
14516,0.00019507405017259944
14517,0.0004462982349032195
14518,6.821423382824634e-05
14519,0.00041549092285320257
14520,0.005118278689229272
14521,0.006383321659048795
14522,0.011804940625591736
14523,0.00017190322504105914
14524,0.009513281093312533
14525,0.00023395459612744786
14526,0.00016854918182673183
14527,0.00014211688875924493
14528,9.029438792652994e-05
14529,0.0002744043156411484
14530,0.00039861483708723383
14531,0.007112372597455402
14532,0.00010339567242156263
14533,0.0003462856773066719
14534,8.863753147491219e-05
14535,9.476052991938547e-05
14536,0.00012703585366627128
14537,8.31784345412131e-05
14538,0.009833151975441084
14539,8.068081591507249e-05
14540,0.00024273572873014307
14541,0.00017226992043298524
14542,0.0001854377208859918
14543,0.02788682769475443
14544,0.0020449851019948414
14545,0.0002130258400789593
14546,0.00028188807063435296
14547,0.003385865380105571
14548,0.003799817526912671
14549,0.0009182737448318772
14550,0.0002535784602909454
14551,0.0005310393502613115
14552,0.00013226554950717165
14553,0.0033972796427267525
14554,0.00024127430545981652
14555,0.0010841632391912586
14556,0.00031554297687469657
14557,0.0002631271611125839
14558,0.00572784796300962
14559,0.00022814915905484083
14560,0.00029874217874243086
14561,0.00015669943965941984
14562,0.0001832201694802057
14563,0.0002084579634721787
14564,0.00022793105421674466
14565,0.00019549540726016067
14566,9.370884154786935e-05
14567,0.00013328823031758907
14568,0.0016702093403179938
14569,8.15888453696143e-05
14570,0.00017782469565826657
14571,0.0002093539744617039
14572,0.00034263296412506645
14573,7.17077743588848e-05
14574,0.0002715141602790572
14575,0.00028187093426098193
14576,0.00027425842412778236
14577,0.00018862791272276843
14578,0.00021603868768763665
14579,0.00021868553276010007
14580,0.006448239647032128
14581,0.04004828757566048
14582,0.00015215000578488712
14583,0.0032550112537049294
14584,0.007876743056414493
14585,0.00023668147281947116
14586,0.00020941928251647107
14587,0.03448043664879586
14588,0.000162811129560541
14589,0.00018182278153234277
14590,0.0001715251162822079
14591,0.0002135544815987905
14592,0.0004235316927893068
14593,0.00018043915478366043
14594,0.00018640324127174458
14595,0.00020293538495399062
14596,0.023863500828464935
14597,0.00019074629377770807
14598,0.0001456995090893353
14599,0.0008866296296796579
14600,0.0012961718846764244
14601,0.0004533530542563664
14602,0.0002155341894016113
14603,0.0004209968286466107
14604,0.00023946015837266892
14605,0.00025696415260825463
14606,0.00015479107295381474
14607,8.374274502219944e-05
14608,0.00017006754048782811
14609,8.544530310391918e-05
14610,9.173103468333318e-05
14611,0.004984347565131968
14612,0.0002469723074332229
14613,0.0019161969413286934
14614,0.0009461493350372807
14615,0.00029756551693500697
14616,0.00020460250374131124
14617,0.00011176165842956089
14618,0.00021090170442519232
14619,0.0001942959005125509
14620,0.00018419199049225283
14621,0.0006732701266790543
14622,0.00020546234985830124
14623,0.0004723280324235884
14624,0.0017135970787446491
14625,0.00048202526493318994
14626,0.00023883726900498912
14627,0.00026610253072634725
14628,0.0004521154062878307
14629,0.001393868917341311
14630,0.000174478906606272
14631,0.0002645706906579485
14632,0.0001530606666641392
14633,0.00017952269315426656
14634,0.00025823821459835714
14635,0.000207216957478635
14636,0.00024034613211414146
14637,0.0002738114857979697
14638,0.00010305693196252413
14639,9.58918106823188e-05
14640,0.0007105257829924317
14641,0.0005694777362413022
14642,0.0003768907381656484
14643,8.205293979358381e-05
14644,9.175968127318515e-05
14645,0.00043315447617189195
14646,0.00024664972102352007
14647,0.0009382916723210377
14648,0.0003054198854381906
14649,0.000260948828813979
14650,0.00022139727499524125
14651,0.0014081353930967572
14652,0.0009501206884246462
14653,9.362859569099423e-05
14654,0.00017122669313023552
14655,0.0005179216182509565
14656,0.001108491493220185
14657,0.00016708649757815743
14658,0.010798943117261086
14659,0.00045370638362539513
14660,9.11181250250971e-05
14661,0.000921516569902522
14662,0.0034433886731840037
14663,0.05263069083888248
14664,7.05037326476003e-05
14665,0.00032888229227616666
14666,0.0002904865673650386
14667,0.00018097281210334654
14668,0.011188364118734664
14669,0.0003474571072451383
14670,0.006801322060508916
14671,0.00962906276870165
14672,0.00015736704476353714
14673,0.012018764459389285
14674,0.005416324944933501
14675,0.0005900089366873665
14676,0.0026898621563738226
14677,0.00027328107819925306
14678,8.810694218278263e-05
14679,0.00016714759964546095
14680,0.0018250285742148088
14681,0.001809842445247678
14682,0.013330247537071429
14683,0.00830521815711796
14684,0.008707512015220234
14685,0.0002122915782154461
14686,0.00012740283754552828
14687,0.0003736717207346854
14688,0.000825024364600826
14689,0.00017581206109513195
14690,0.0013727603197324866
14691,0.0014291827671145054
14692,0.0006968784550909102
14693,0.00024451232110098695
14694,0.00019320857438657313
14695,0.0026206044290435606
14696,0.07690414987211322
14697,0.00021445904844421426
14698,0.009502669786896548
14699,0.0001811717758672259
14700,0.0002203906167829665
14701,0.00020234343547218073
14702,0.00020384060955713716
14703,0.00013365971329593979
14704,0.0032143708132759325
14705,0.0004202894396783106
14706,8.57927311674164e-05
14707,0.00020325558231548785
14708,0.00020825137612475592
14709,0.0019613769982239366
14710,0.00019372035120317248
14711,0.0027637953562016085
14712,0.00021339529184297105
14713,0.0006768199548767648
14714,0.00025325866282168645
14715,0.0044019338605664066
14716,0.00041711232557002144
14717,0.0002128640308395823
14718,0.00031079729121565036
14719,0.017464902268607738
14720,0.004859752289068361
14721,0.00016467570322662573
14722,0.00018231722679678614
14723,0.003042307150249441
14724,8.687882681180028e-05
14725,0.00018566806578160117
14726,0.010003733890498653
14727,0.00019338647866644324
14728,0.0002814243553686734
14729,0.011784133124613998
14730,0.002310951263428289
14731,0.00016862693956869756
14732,0.0002501770819870783
14733,8.036580257243694e-05
14734,0.0037841732353498464
14735,0.00021531643928726039
14736,0.00019072619338214532
14737,0.00017303994864889291
14738,0.0005615418865294288
14739,0.007993942655981379
14740,0.0030150001145086156
14741,0.0002745249473395087
14742,0.00015589586076166393
14743,0.00043904340209809507
14744,0.0002792002236974946
14745,0.00012625104663748608
14746,0.0007204565883651042
14747,0.05655946863849822
14748,0.0002677396422460331
14749,0.00020021475949808383
14750,0.00020361883104352778
14751,0.0002679774633548202
14752,0.0010996793329896253
14753,0.00023069040557952206
14754,0.008958325688848866
14755,0.0007294828585216475
14756,0.0002649870630475433
14757,0.005160814431075555
14758,0.000482199521828675
14759,0.00017070879177979762
14760,0.0005616138172855912
14761,0.0003734872123412114
14762,0.00018157178344369224
14763,0.008623807490450188
14764,0.0002286649580148335
14765,0.0004560917923937758
14766,0.0014200522805186465
14767,0.00037747736713218265
14768,0.0001683200589736235
14769,0.0001365459000657728
14770,0.00010643495124482197
14771,0.002966348735487261
14772,0.00025388254128031363
14773,0.00020637308205804185
14774,0.00112942604387143
14775,0.00017966746423635907
14776,0.0001902693287977842
14777,0.0002354144234035681
14778,0.00723405453213426
14779,0.004848433350950748
14780,0.015046998879215425
14781,0.00021837007811264497
14782,0.00023930288836952757
14783,0.00017220967704180813
14784,9.597303153942259e-05
14785,0.005816227062352907
14786,0.00024518248125401075
14787,0.002339212598698489
14788,0.00010465148083067597
14789,0.00018996031093964505
14790,0.00022289519511649197
14791,0.006881881779979085
14792,0.009712725224583605
14793,0.0004861096985541464
14794,0.002939317644588044
14795,0.0002047736986762083
14796,0.0013615158500130536
14797,0.01092731556939006
14798,0.00027398032386686085
14799,0.00021379078248043008
14800,0.0015367034657911263
14801,0.0005556233233546448
14802,0.0004230611677785583
14803,0.00011245102312732145
14804,0.0024340745563135695
14805,0.0006060213761841215
14806,0.00018984886180503142
14807,0.0004182131092714257
14808,0.018026940603371497
14809,0.00020208910797170687
14810,0.00016621966106426981
14811,0.00018908353780334352
14812,0.00028750211441644504
14813,0.00023226079693641714
14814,0.0005274715187802432
14815,0.0002430781345916471
14816,0.0020972379079595782
14817,0.0002599252344175054
14818,0.0017085211110115773
14819,0.00028323017938751877
14820,0.027034697355251557
14821,8.926960412924628e-05
14822,0.005671025356838026
14823,0.005840794840803191
14824,0.0005555080298060347
14825,0.00023861710444979565
14826,0.00011946630918879039
14827,0.00018442633810850066
14828,0.005446400034088039
14829,0.0037617426072397665
14830,0.0008326325558538226
14831,0.0017402768329975535
14832,0.00024364548295118752
14833,0.0012441135049706367
14834,0.002662624847188859
14835,0.0003331902601389026
14836,0.0002293318243553096
14837,0.000568331737554248
14838,0.00041596461140534205
14839,0.00020260401172567862
14840,0.00040561439538356703
14841,0.0003246917126576597
14842,0.0003499702189712
14843,8.925591352537225e-05
14844,0.004315052566361151
14845,0.04483533875746518
14846,0.00019700928410351415
14847,0.0002883062450169633
14848,0.004577121721737539
14849,0.0005045657855917654
14850,0.00022087260429020972
14851,0.0002489702776992289
14852,0.0002343071864525194
14853,0.0003708398072556447
14854,0.00016127322844307603
14855,0.00016137702789978102
14856,0.00012302978483407908
14857,0.00013315592599227739
14858,0.00020706253870364345
14859,7.299704006617415e-05
14860,0.00023122516125442127
14861,0.000530870610282659
14862,9.633933395371383e-05
14863,0.0009866031610952465
14864,7.526323869056859e-05
14865,0.00010165970413897553
14866,0.00010987117940817074
14867,0.00015562890160615057
14868,0.0001495725104346997
14869,0.0008124581674381565
14870,0.0005982901779034393
14871,0.00013131290905683707
14872,0.00013354120370082117
14873,0.0008239234506164407
14874,0.00018200625894480702
14875,0.0019143545851967123
14876,0.007705605182705381
14877,0.0010077669871732982
14878,0.00013740647750895424
14879,0.00011187345225333848
14880,0.0002493988483778445
14881,0.003051273573364557
14882,8.117404255536387e-05
14883,0.0008436806886597962
14884,0.00018133475681825673
14885,0.0006053793037036742
14886,0.2825381857206758
14887,0.00016338231856823606
14888,0.002057768213704015
14889,7.792754398718862e-05
14890,0.00020609128561566804
14891,0.0001363320671561762
14892,0.0001526222904466289
14893,0.0003224946063729652
14894,0.0012351477674052657
14895,0.0006454435272142693
14896,0.03917080207704563
14897,0.8512457648698343
14898,0.024860091746783646
14899,0.000300493184531902
14900,0.00013470440438325505
14901,0.00013479115618188615
14902,0.00013593887583735357
14903,0.00014026717700605078
14904,0.0004835843524029805
14905,0.00015326395311976538
14906,0.008182292386332338
14907,0.00012288797151817962
14908,0.00013935477172346487
14909,0.00015171100513638455
14910,0.0063260255951627445
14911,0.12264610261012783
14912,0.0001482266407471182
14913,0.0001562741749142941
14914,0.004847562432305402
14915,0.00028647876796455144
14916,0.000621040190437785
14917,0.00011645075702902598
14918,0.00016134115350497713
14919,0.00017914272865717618
14920,0.0003955741818944773
14921,0.25870946958447605
14922,0.0056339293918073
14923,0.000259469700247628
14924,0.00018153698033869896
14925,0.00018191421534177526
14926,9.759700733375591e-05
14927,0.00014154472297376314
14928,8.103388759313276e-05
14929,0.0001403032969642585
14930,0.002505309372251764
14931,0.000764962453070424
14932,0.0002961636885911433
14933,0.0001361085982167479
14934,0.00013305397605749977
14935,0.017619703496588347
14936,0.0001413823114362899
14937,0.00014653373939759617
14938,0.00014724159505680572
14939,0.02325686076593942
14940,0.00019919825594172028
14941,0.0003707909414120155
14942,0.012379226949508524
14943,0.0002299371981932913
14944,0.0006078944765244773
14945,0.0003109156793818467
14946,0.0002371661944582079
14947,0.00014852828735673155
14948,0.00014442110823316615
14949,0.0010348311110775009
14950,0.0002029864049220313
14951,0.0003757604991422063
14952,0.00012835941883618116
14953,0.0011911234324883827
14954,0.010337193465550799
14955,0.014076090326543209
14956,0.021648355238273125
14957,0.00048704903959917445
14958,0.0002571239242699927
14959,0.0006658293468001541
14960,0.011941716034668787
14961,0.014184250050746697
14962,0.00014481913747019636
14963,0.00014099511631264491
14964,0.00012113070370185562
14965,0.055933198270703886
14966,0.00011024023169331024
14967,0.00014595519473772027
14968,0.0001460730294791711
14969,0.00014343843359599853
14970,7.042280611891232e-05
14971,0.006827237935056197
14972,0.0003248906473687493
14973,0.00019234005272324828
14974,0.00017754150555553038
14975,0.00014787521824463236
14976,0.00010021883816898713
14977,0.00023189652851489796
14978,0.00017964371376339417
14979,0.0002873436845987296
14980,0.0016226507699854335
14981,0.0023912757974362546
14982,9.480827749616968e-05
14983,0.00021136677198958792
14984,0.0009726003119279897
14985,0.000986631859399796
14986,0.0039047627999871707
14987,0.0004910194571557743
14988,0.00018553812503198144
14989,0.00016084950830906437
14990,0.00017775065344534496
14991,0.00018350423130233213
14992,0.00015266781554610932
14993,0.00012454603766463783
14994,0.029912389477341112
14995,0.0001335357745188433
14996,0.0001729883281214985
14997,0.0001471860838299577
14998,0.00019775029517315367
14999,0.0001708137929784425
15000,0.03575228423195885
15001,0.00013344371963036776
15002,0.00015375134670424684
15003,0.02706404281192164
15004,0.027348172727551627
15005,8.617304090844941e-05
15006,8.758025649440327e-05
15007,0.00014880012625938713
15008,0.00016712944539977668
15009,0.0001851422729331673
15010,0.00020323115539407584
15011,0.0016020126874104958
15012,0.005990208974711761
15013,0.006410654076856477
15014,0.00012850105959261054
15015,0.004789248808051918
15016,0.015003419278495272
15017,0.06719163019097632
15018,0.00017319942647771108
15019,0.00017616910682098457
15020,0.00011932088129374655
15021,0.00011769948117954243
15022,0.0002159905214479454
15023,0.06770530770913581
15024,0.0003831708058501523
15025,0.008674728143597852
15026,0.00015301144894061826
15027,0.00012837258694143263
15028,0.00013939848277445707
15029,0.00014745753051871967
15030,0.00013581284890052493
15031,0.0037518666816455668
15032,0.04699852425980239
15033,0.00013567007139464858
15034,0.00015961508954057664
15035,0.05584263065984446
15036,0.000287265964801629
15037,0.0007743634974337881
15038,0.003040933132027765
15039,0.00016896293500578491
15040,0.00016286393699060898
15041,0.00014302177952293647
15042,0.0001756296617806599
15043,0.00015776053137483726
15044,0.02548015860828052
15045,0.0010643677454569944
15046,0.0002544203684275737
15047,0.0006143488594508339
15048,8.741895178468572e-05
15049,0.0001315380346779257
15050,0.00012868925638646604
15051,0.00015170524674413204
15052,0.0187665530771265
15053,0.00013559100915550978
15054,0.00015755986732152806
15055,0.0032150144814617034
15056,0.0025624753011001056
15057,0.04860933248257755
15058,0.00016146995952139612
15059,0.0012250533259750731
15060,0.004598710047827639
15061,0.000156300937655937
15062,0.00015733106193092174
15063,0.0009291923981011299
15064,0.0004774105439973934
15065,0.0014045945085770328
15066,0.00035739343601601166
15067,0.00015255686751895482
15068,0.029600823464925614
15069,0.004027018468340366
15070,0.0007854385560009622
15071,0.006312343457381339
15072,0.0001204640765222774
15073,0.012195887950713774
15074,0.0002676210454218684
15075,0.0001704938483557601
15076,0.00015441635580332942
15077,0.0004406799663667619
15078,0.00018106343290447314
15079,0.00017456683183312644
15080,0.00013217993771756615
15081,0.00014184236173392682
15082,0.13623182799373307
15083,0.0836805613298101
15084,0.00014440085149493607
15085,0.0001273164342486999
15086,0.0001239243083331842
15087,0.00037441851845928473
15088,8.206837095064279e-05
15089,0.000742819990211816
15090,0.00044056312901596094
15091,0.032229483826505145
15092,0.04299549117864647
15093,0.00631392998868902
15094,0.00027621698742948304
15095,0.00017732567319187024
15096,0.0070729588189712336
15097,0.000143076646330648
15098,0.0001671625376066583
15099,0.00012292709831543793
15100,0.0017638106076480176
15101,0.00015002387467575448
15102,0.0001255823358229982
15103,0.0001470906235406424
15104,0.0002465072426603342
15105,0.006778563601214235
15106,0.023967051732737478
15107,0.00023749474651630918
15108,0.0005534284572145003
15109,0.00020598997346096977
15110,0.0003756334507082201
15111,0.022941210944706015
15112,0.0019308944831404307
15113,0.0001538789118876394
15114,0.00015588321270700208
15115,0.00012221404912703376
15116,0.001122834688632391
15117,0.00015903651334437077
15118,0.00016390001059264273
15119,0.00010656473868902274
15120,0.00012191061449334812
15121,0.003522936642487992
15122,0.08698833842516449
15123,0.0001435777236704569
15124,0.00011414078553356242
15125,0.00013982278534077318
15126,0.0001517889574682071
15127,0.00039376054438655894
15128,0.000117041100737424
15129,0.00023358218774002242
15130,0.008406164165172607
15131,0.00014593538030189252
15132,0.0003032977989721749
15133,0.01151323644366108
15134,0.00014407493476130588
15135,0.001686051079345043
15136,0.011840986318292054
15137,0.007233192837630219
15138,0.0006829995790318432
15139,0.00016876645240821242
15140,0.00015078105370614538
15141,0.00016023674254463035
15142,0.00013417927038063336
15143,9.884519368903476e-05
15144,0.005425091402218794
15145,0.00011438268219576841
15146,0.0001501120707929139
15147,0.00010834799147158868
15148,0.0034277415298110342
15149,0.0007106556564555332
15150,0.0005266990719887842
15151,0.00011809745733446513
15152,8.492961088932659e-05
15153,0.00016257627581909526
15154,0.0029088491170533234
15155,0.008296697002300344
15156,0.00037229331308948944
15157,0.022589043050584543
15158,0.0007798969844086779
15159,0.04663784188382288
15160,0.0003799746652435261
15161,0.001778023815813336
15162,0.0001292009083438944
15163,0.00012418928064180775
15164,0.002483992611197475
15165,0.004627245606083479
15166,0.00023884470862210383
15167,0.00046886918691673883
15168,0.00017041673308592853
15169,0.00017590700575747376
15170,0.0977058389717973
15171,0.00024415965240275734
15172,0.005205827865553678
15173,0.0004310879183078412
15174,0.013123973784385862
15175,0.00026224434514772325
15176,0.0019458716432503124
15177,0.00014531583355464604
15178,0.00011622394167682395
15179,0.0006508307516945464
15180,0.008225890972753693
15181,0.00013307643872449555
15182,0.007029200112070477
15183,0.001050156510299701
15184,0.00012280002204677836
15185,0.00021292408895347482
15186,0.00013620425496807428
15187,0.0001454280746131426
15188,0.0002865657638109899
15189,0.000858077438845295
15190,0.00020532858925649414
15191,0.05186104707056768
15192,0.00011538705168766521
15193,0.0001724784086991842
15194,0.00012873819975360934
15195,0.00013087406077774873
15196,0.0033638401728813107
15197,0.0016322755043867896
15198,0.00015186026371038778
15199,0.002761238073940323
15200,0.0002662572710241607
15201,0.00011452845275739066
15202,0.00015512882142165464
15203,0.0011409104769990854
15204,0.006276539122168747
15205,0.0002156214476532044
15206,0.04713933676297416
15207,0.32809687808849386
15208,0.0094885052516961
15209,0.16077536050747415
15210,0.00019368877557781212
15211,0.0001583821711648337
15212,0.0001369345055964154
15213,0.03776475973293086
15214,0.0005100045133540697
15215,0.3339718072614478
15216,0.09595353881505997
15217,0.00036734480210949864
15218,0.00029593577772849396
15219,0.0008514529513975893
15220,0.00015678557212082662
15221,0.003994037015500022
15222,0.00036663439447503853
15223,0.00015610120681135506
15224,0.00026402777647457096
15225,0.00012526837683816383
15226,0.0012486362539824627
15227,0.0006770378089274703
15228,0.0016260737152188458
15229,0.01536496415241594
15230,0.00012206212144530841
15231,0.00015260455148903682
15232,0.0001872435348881574
15233,0.0004246883508073654
15234,0.00034093363333401823
15235,0.00018462989040423131
15236,0.00013105033088077803
15237,8.760143000357945e-05
15238,0.003631476245818048
15239,0.0003106962494657568
15240,0.0008390467872299983
15241,0.00017100218135507615
15242,0.0007639818015940903
15243,0.006545242173258479
15244,0.00012286044009968922
15245,0.004689170395468159
15246,0.0009965769310534116
15247,0.00014171982452742556
15248,0.00029925521474216064
15249,0.00012778013574997132
15250,0.0007182373669223653
15251,0.00019933931128532823
15252,0.00012431784426054565
15253,0.031667764211858795
15254,0.00011373652184573342
15255,0.00013682411199286977
15256,0.00044212086622892626
15257,0.0032168572713558038
15258,0.10252386022184228
15259,0.00014057515846353997
15260,0.004703557450231444
15261,0.000489236671275138
15262,0.014287015154303195
15263,0.003290939364573
15264,0.0022526162538130555
15265,0.00033418722830537163
15266,0.01196478479183778
15267,0.005366827581985781
15268,0.00010063361874967981
15269,0.0001599304721534827
15270,0.003536733493851596
15271,0.0001791979644252636
15272,0.00016233802344786265
15273,0.0001415232635662499
15274,9.558147529688181e-05
15275,0.002990862665917778
15276,0.061417489997306354
15277,0.00012654238788959753
15278,0.014572795850535674
15279,0.00014009020573363656
15280,0.002425876329670893
15281,0.07529318797887985
15282,0.00013241618649314338
15283,0.00033957867627860445
15284,0.0002750082711011316
15285,0.0006918650157152421
15286,0.011754321178800752
15287,0.0001428377629787926
15288,0.0001296422074202614
15289,0.002779035395949317
15290,0.02497983855946983
15291,0.000386081223803208
15292,0.00011121975288865232
15293,0.00016332077392075276
15294,0.000696253184465358
15295,0.00015911215181529093
15296,0.004582763961689122
15297,0.00012917625747974228
15298,0.0004377737780913918
15299,0.00015984249301954245
15300,0.0001968867722926394
15301,0.00014316806718351894
15302,0.0013344055919290196
15303,0.007006747160368046
15304,0.0001300032459062571
15305,0.00038644959541373825
15306,0.001029705993944746
15307,0.00019503292036526483
15308,0.11275338441039899
15309,0.00014843108560591234
15310,0.0002557411877901059
15311,0.007722645246588111
15312,0.005178978226948278
15313,0.00010188084330533677
15314,0.0007713630183988422
15315,0.000367266955449239
15316,0.001725574402694267
15317,0.042315620738027894
15318,0.0001509194009232919
15319,0.017093903942528698
15320,0.028528535813422195
15321,0.004922491455138989
15322,0.0001257503686057429
15323,0.030264178145777344
15324,9.133486511300614e-05
15325,0.000806586685568669
15326,0.012098773988774025
15327,0.00018471691021149
15328,0.00336285799135569
