index,target
0,0.0030013909483752993
1,0.009448527458450439
2,0.005785032307803078
3,0.0037521041371277254
4,0.0027017501887361033
5,0.0047407719104919175
6,0.12036116341846831
7,0.014890311349700687
8,0.001225681098219315
9,0.004426931529743077
10,0.00334888253419512
11,0.0044701318135955724
12,0.002878303983513556
13,0.0020164988626442206
14,0.0028109211762827853
15,0.006424741362495371
16,0.0009567659334406973
17,0.0009528158232895854
18,0.005700596140815101
19,0.006558254446380744
20,0.08049449279171325
21,0.004352485372210276
22,0.0036532889821038464
23,0.025126838125829488
24,0.0045360718939924695
25,0.0036192854359350006
26,0.005685611240307374
27,0.00399814604622832
28,0.005612950266324002
29,0.9946077080403196
30,0.002689529191220688
31,0.007959549606624384
32,0.003225315625251204
33,0.05635442971939489
34,0.00529025169711603
35,0.0018723025735265264
36,0.006893111743802414
37,0.0010164281051757216
38,0.01045056451479713
39,0.17460337855710412
40,0.21466673103706024
41,0.002065473897970389
42,0.009533103401276102
43,0.0031056430932265362
44,0.010354941461730077
45,0.010930011680403548
46,0.005052294066660224
47,0.017999860443515477
48,0.00489060126899356
49,0.005410208513372418
50,0.006948877843689982
51,0.005719963679154835
52,0.003737096935560432
53,0.0017080289798239547
54,0.0014881982314231003
55,0.016663161363279545
56,0.0020215281176600088
57,0.0026904384539148543
58,0.002522798127273255
59,0.003977967582355533
60,0.001924563855136732
61,0.0017080532953604726
62,0.2572200638222987
63,0.0023203847363362632
64,0.005200559540663496
65,0.006479180988212966
66,0.07036438727412621
67,0.003652289211789455
68,0.09904462421248694
69,0.012329320351000912
70,0.0122972840010304
71,0.0048637895342833574
72,0.0031760205299581935
73,0.007985103485473282
74,0.009931110516653747
75,0.005688661974474573
76,0.0033206937883860036
77,0.01700521072317848
78,0.11075861031261375
79,0.015415129196545365
80,0.011820663704109896
81,0.0031501414404473947
82,0.0038511088822485873
83,0.0020899198040236194
84,0.020224013437217088
85,0.05205737854385538
86,0.2175260173004912
87,0.25491178918434426
88,0.007096416899593294
89,0.013814579711584238
90,0.006637792184778932
91,0.0021016460265966723
92,0.0013690388699352954
93,0.0010180760249487576
94,0.0009551986317794972
95,0.004010218539766503
96,0.0010170614383237893
97,0.0009526481839635771
98,0.0029172140913742194
99,0.00415899131588244
100,0.013606733385833734
101,0.9946077080403196
102,0.009705731910648774
103,0.007316120525335142
104,0.0014042849431916782
105,0.0013738322251485064
106,0.006610055793072117
107,0.005701541743461362
108,0.0027100073220151168
109,0.0011316889563455904
110,0.0016171993034445856
111,0.03823252868493776
112,0.0011909500243909165
113,0.0009580556253672726
114,0.0013939530679220285
115,0.011873647314593717
116,0.016027436663732568
117,0.004276549207371002
118,0.00452623133412572
119,0.0021320984327795034
120,0.001035287490261676
121,0.031131818509717114
122,0.0028549246676763955
123,0.0012632630602298729
124,0.0057560111227679634
125,0.004441891891367232
126,0.1666842911126513
127,0.13370069663621897
128,0.002143329414863087
129,0.2764150520237466
130,0.31495797614053367
131,0.3259350777724053
132,0.9947353812377101
133,0.46865671141748055
134,0.049397214757148644
135,0.004523097238855959
136,0.0037965412340467976
137,0.002011396249048117
138,0.0009024440885695484
139,0.0036277066167319095
140,0.01852549725779863
141,0.008797170324858926
142,0.008596196336652172
143,0.0015180598499396627
144,0.004822931053553516
145,0.006536917520553432
146,0.0037900193076264954
147,0.05328858611292496
148,0.007930854617260476
149,0.4798734645332944
150,0.5203350742502397
151,0.0022278110376877025
152,0.007447494002769605
153,0.009393876988517071
154,0.0011291484269375762
155,0.005228198629867309
156,0.008010752142140129
157,0.02122475566384281
158,0.6844635895420683
159,0.004536087049421985
160,0.0068475902470471455
161,0.06276411264702823
162,0.43162193949555505
163,0.005008573243779551
164,0.007835664957733211
165,0.0265411351810135
166,0.7750619194534553
167,0.08282224693707402
168,0.003805631978317681
169,0.0009807056145218788
170,0.000965464786019254
171,0.06574194661523666
172,0.0027451009256756935
173,0.0023436101596811844
174,0.07126845639249309
175,0.004788771004062749
176,0.008071072595183458
177,0.14583237367637308
178,0.0011529569006889573
179,0.0025148532583115783
180,0.0012120393170633032
181,0.0011905717477511308
182,0.003695975456521804
183,0.009608143205891683
184,0.0014016584098436643
185,0.001407881329148675
186,0.006394551501846236
187,0.0016357497267459897
188,0.027910313998761614
189,0.0037947041113871737
190,0.004910099089928724
191,0.0024863660770772108
192,0.002876393503392333
193,0.08156658976086847
194,0.08470841416859012
195,0.020852263341109185
196,0.2247892244627964
197,0.0023414527769176595
198,0.003973713366990896
199,0.00214073942408505
200,0.007625436811968753
201,0.004800725988281501
202,0.0032630886028566044
203,0.0062890874893680665
204,0.011117016736434525
205,0.005097103491234469
206,0.002222268425807122
207,0.0019105751832576632
208,0.0020071906450981917
209,0.0021971356953812255
210,0.006180324552483824
211,0.015288423491045096
212,0.01199467644661314
213,0.03225941438212451
214,0.0019091894668345807
215,0.0036089661690647955
216,0.28823766593107636
217,0.0021790066346072173
218,0.003684120020933693
219,0.0020198109710053923
220,0.0013959877038319621
221,0.0015762714158671566
222,0.0018509638400728574
223,0.002638742113045108
224,0.2174696870335067
225,0.3311303231885745
226,0.0011826107443184968
227,0.0012972829680594922
228,0.0018539035407698775
229,0.008692966696255551
230,0.0027409845663390097
231,0.006676543182197519
232,0.001576762649040898
233,0.0017630895906625885
234,0.006740935310448671
235,0.007420903390493196
236,0.0033702374514407215
237,0.0028936816296050868
238,0.955682842229587
239,0.006048713148448046
240,0.010240362589701986
241,0.24789511977771705
242,0.16104466554698862
243,0.03675170402038809
244,0.011664103473968502
245,0.11699257205007882
246,0.0012937513536111374
247,0.0014130974723054242
248,0.000991598047165413
249,0.0013942555392607477
250,0.001440935128446627
251,0.017852939317134536
252,0.005539725539799824
253,0.3983389623316189
254,0.0733290056636403
255,0.0011223616066474945
256,0.001311212556348201
257,0.0031002230492740424
258,0.002797056023417135
259,0.04152683515934364
260,0.006360338232059574
261,0.0021023209307359163
262,0.00997539182772706
263,0.00400706258300669
264,0.0015902755143059409
265,0.0027041722524027987
266,0.00155943885179897
267,0.002032995666635514
268,0.012700120788590565
269,0.02546796468510188
270,0.0010627364389898047
271,0.001026091996765319
272,0.0010924460322019574
273,0.0018045935730572496
274,0.010887150453565805
275,0.0018642476053208055
276,0.007380918626428932
277,0.00199377155648426
278,0.0037024435973378603
279,0.0040917040962860874
280,0.0019074514501357799
281,0.07170623907753637
282,0.00363681650244184
283,0.0014127521440015314
284,0.0010603789565150161
285,0.008578738416974856
286,0.001707624553844856
287,0.0012561236826248053
288,0.05490382347305891
289,0.058369189158571706
290,0.020740143959264483
291,0.0015716960523458152
292,0.0029853787109154557
293,0.0020304129341588745
294,0.001183703156803648
295,0.007679147060734836
296,0.01938511709024695
297,0.013964170214153778
298,0.15734508483806123
299,0.004021259877687477
300,0.0016135243089219237
301,0.0010421725437085108
302,0.005928438523572586
303,0.0010017326610169488
304,0.0010180760249487576
305,0.005459201487633394
306,0.0011930558620603475
307,0.006355639812211861
308,0.001455064962287756
309,0.002923142113403797
310,0.0033494583352568427
311,0.0024665851556062144
312,0.004699268759135604
313,0.0013278132158714858
314,0.06257389433974558
315,0.057863986157893385
316,0.0013035810504308243
317,0.03951125660366781
318,0.0026575531551328844
319,0.004975791226474549
320,0.0009551986317794972
321,0.001209095054446096
322,0.001292289717393949
323,0.0010297465387776423
324,0.0010734095006540302
325,0.0025217836166109807
326,0.0009680495134374676
327,0.0018177041426937091
328,0.0013435933518035166
329,0.003912686783382773
330,0.005065611759439253
331,0.007459420441853657
332,0.0011379485033675806
333,0.005326335894607197
334,0.004837513650875635
335,0.001384172666668477
336,0.0013723130020552544
337,0.002197681232509349
338,0.0041684348160939905
339,0.0016742841885613664
340,0.0013919692241036665
341,0.007174019350857793
342,0.0025848345405233312
343,0.09532981223918861
344,0.06109444454379682
345,0.0031283192287877835
346,0.008963804968218607
347,0.004058877734593574
348,0.010662640170121859
349,0.009868379266466542
350,0.007427342414428054
351,0.3044615869799245
352,0.311877637820259
353,0.008625184285466755
354,0.0018234809055804235
355,0.004231814376071788
356,0.0027974149448563666
357,0.021180809952463624
358,0.003204213374374185
359,0.012905753413806459
360,0.034107610074407956
361,0.06285427938349548
362,0.004783460843615528
363,0.0030661818835834094
364,0.001471171725466267
365,0.00197908941920034
366,0.021761580958163433
367,0.0036232321424501117
368,0.001975445885958846
369,0.08408021150294222
370,0.0026652883885892333
371,0.0035897139178734582
372,0.0041678134127439296
373,0.002439845276893094
374,0.003388432024220055
375,0.001578109968399045
376,0.7415264885369869
377,0.007642394705532087
378,0.07614356909598823
379,0.2567307514806282
380,0.0034499993658210657
381,0.014661467099989915
382,0.012022027451847937
383,0.0034854557697156425
384,0.010846317832938384
385,0.0020344630758032866
386,0.0011252416657684737
387,0.00271949611468846
388,0.014373146458379216
389,0.06089560241170533
390,0.00107213545608447
391,0.0011347844477132365
392,0.002152329509354906
393,0.00098895050654641
394,0.0009859827393075785
395,0.0014869386762890317
396,0.0014120252637942854
397,0.1492096497894301
398,0.042767631710184204
399,0.03300889472905212
400,0.008636422359448934
401,0.5362465822888416
402,0.37663840194314874
403,0.01975241880251219
404,0.28037930097380537
405,0.41011951914957523
406,0.10376665847797473
407,0.0013979724312019205
408,0.0052715052262866146
409,0.0031722938573644057
410,0.0011996864122700796
411,0.0018966367683519278
412,0.002690546422577968
413,0.003136749398299155
414,0.0011321554537838396
415,0.0011365191237831984
416,0.015411646014703686
417,0.039618364716369384
418,0.032308235503674766
419,0.0032631397851345537
420,0.0019869611234442615
421,0.023148209936695783
422,0.0017575236037134668
423,0.0009962831826957768
424,0.9894163259022778
425,0.004986415623545037
426,0.005903518460197826
427,0.013772043667146712
428,0.0016770190896242157
429,0.0016288176260460543
430,0.005481009480135315
431,0.08764223769754005
432,0.004680735493773664
433,0.0009866566829152058
434,0.003393238104775627
435,0.06081814794533992
436,0.11463218643811013
437,0.0009526481839635771
438,0.0014499192693852906
439,0.003818811365372657
440,0.001327672812574245
441,0.0016893990752519482
442,0.0129839051560196
443,0.003515183322930812
444,0.0013278132158714858
445,0.009331877006180475
446,0.004422265769605309
447,0.0033044293892902496
448,0.0012057729151678522
449,0.0010715144986391807
450,0.003073321626212803
451,0.011371146428731913
452,0.3433099007313619
453,0.37640702265594106
454,0.0054663138265909125
455,0.0026379570068500195
456,0.0016919823066356369
457,0.007682983087912927
458,0.0017153471129911846
459,0.0010208212568296093
460,0.0020144074157639196
461,0.001356253587961701
462,0.05166699855168128
463,0.007265318759904897
464,0.001541108597947333
465,0.0012500786417924345
466,0.0010876701679131567
467,0.0029375574917975193
468,0.00814529047596795
469,0.007931730376565714
470,0.0013980672090553106
471,0.009224815382377
472,0.0017218319415767895
473,0.002166747711246565
474,0.0021347132077045024
475,0.02854288216243007
476,0.0030434384405211854
477,0.02585617321968592
478,0.010027620000902472
479,0.07628674033851339
480,0.029370786949389015
481,0.0037977477072918715
482,0.002947831058202636
483,0.12130187845309422
484,0.0013041490608738653
485,0.004629824490988635
486,0.0025848328089286728
487,0.003603327509221313
488,0.0077548017195802664
489,0.0025907709682862373
490,0.01873667768576101
491,0.00484156392302182
492,0.1080251738223237
493,0.0012552569217958874
494,0.0011609807009330484
495,0.0009533521596748673
496,0.0012256272681324275
497,0.013531554860463917
498,0.00888071111697149
499,0.0022373940834813973
500,0.012681938809234024
501,0.005834176231708442
502,0.002972736238998525
503,0.047824265720109047
504,0.0072199685921659935
505,0.0064475270537329215
506,0.0048121748309088155
507,0.0036763219843500418
508,0.034553898553554445
509,0.0030723038625119405
510,0.007417349037708191
511,0.0024559064270852317
512,0.0184728292300585
513,0.16844953684341374
514,0.011856855265569117
515,0.0037018132260526445
516,0.0010208014584446772
517,0.003954793787153196
518,0.0011115282948698938
519,0.0009532629272310387
520,0.5306115491359715
521,0.1392731258974131
522,0.004754693495213078
523,0.00806908449097181
524,0.00170209489629597
525,0.006910127310485784
526,0.0017068750842123934
527,0.001731270230654704
528,0.030883070806376114
529,0.006665952879141048
530,0.0017005614108463773
531,0.0012363831719147224
532,0.009486070898318736
533,0.007113392788965131
534,0.007427762440710413
535,0.0706580406536075
536,0.002860546762853196
537,0.004346942132710252
538,0.2245130305067669
539,0.3443359048211061
540,0.02231391983146733
541,0.024590008701347966
542,0.004185949826304079
543,0.0016331312270768134
544,0.014298479360769455
545,0.04194937729041553
546,0.00290710952705765
547,0.016228648867624325
548,0.030082776345065614
549,0.003139156237919442
550,0.008434412496047912
551,0.0026364545604778762
552,0.0035895943548811217
553,0.0022923709791378326
554,0.002396894445881806
555,0.00170131137914048
556,0.0010457379192934774
557,0.007083889615835821
558,0.004085133764842666
559,0.001956834622307784
560,0.0036221834749227215
561,0.004258751666972614
562,0.0012572490851311753
563,0.0015908837156642112
564,0.0015157657663036957
565,0.0035099530561572274
566,0.0010235540318999866
567,0.31044283504824083
568,0.006047018673935384
569,0.0012708330503692971
570,0.03220883983567877
571,0.006034536809228957
572,0.002431248726390784
573,0.002464298332694488
574,0.001147930120885617
575,0.001034024026678314
576,0.9916994206705312
577,0.0017082604326060873
578,0.00721252564843691
579,0.003638782350305082
580,0.001985341133404358
581,0.0013966144777027018
582,0.01127057852719115
583,0.2770204157838303
584,0.0015991254753787787
585,0.0014093623284525039
586,0.8772183686612842
587,0.01347768448004351
588,0.0010267040088045897
589,0.0010180760249487576
590,0.0024481039995167845
591,0.2656684035522666
592,0.23402252226695838
593,0.0012856229729481773
594,0.007973464544029233
595,0.015243107815219294
596,0.0014542398924231642
597,0.004249970295543652
598,0.001258498574639392
599,0.0011666203179351471
600,0.0010016681419944297
601,0.0010187554484984386
602,0.0011445070304624994
603,0.001501240505397978
604,0.07902664759332402
605,0.0010391499328548917
606,0.0010994519852096933
607,0.006655755542646919
608,0.0017360326482267912
609,0.9175874907499991
610,0.0011452674619914364
611,0.007644539365046701
612,0.008938970787306056
613,0.0021674305234293738
614,0.9916754283978408
615,0.01010462223459713
616,0.0030062219834974427
617,0.0012989693510623585
618,0.001371620131920788
619,0.00255517381538659
620,0.03559607625722597
621,0.003393730206738383
622,0.0009932250140582942
623,0.0034125430147494084
624,0.001063986192023448
625,0.0011381552466495795
626,0.002830078705381318
627,0.0023689910743295685
628,0.0032722338223383075
629,0.0014797876329037073
630,0.0011505105140295008
631,0.03447187525800632
632,0.06095648692007438
633,0.22354345527116187
634,0.00623506728980138
635,0.0025732922392152947
636,0.007094216299764279
637,0.0017424267033048317
638,0.010478393012029975
639,0.159585472077842
640,0.0058745950640667665
641,0.0012699704222597578
642,0.001258498574639392
643,0.0028595648533944946
644,0.009195285346693342
645,0.003232165630612933
646,0.017971371708107444
647,0.00098895050654641
648,0.007376739218009454
649,0.006145729552393208
650,0.0012104340000148753
651,0.0010873411889132083
652,0.006227471683634256
653,0.01063975711015922
654,0.005791164617602356
655,0.00098895050654641
656,0.0009833501766546443
657,0.0016753360918850394
658,0.030047972743765004
659,0.003839260901007893
660,0.004688070783926334
661,0.004974408857018263
662,0.0027355940868333106
663,0.16282837945562542
664,0.05311017125296973
665,0.0017448740044717483
666,0.0077888353213774325
667,0.0136565837140479
668,0.003682028820936065
669,0.003942023092927462
670,0.002133358124781317
671,0.2852493358486118
672,0.13245816016211415
673,0.03188866254460269
674,0.0017190027307631773
675,0.004050611159689759
676,0.002936059834362272
677,0.0028715632746900994
678,0.005055846984666406
679,0.030638270775847368
680,0.015562718025521787
681,0.0026153716081008084
682,0.01169638851659661
683,0.003848569112956873
684,0.004146300474604419
685,0.0011046689681705262
686,0.0017714945123320609
687,0.02038647924760114
688,0.10956856690370687
689,0.002805458025938246
690,0.39784910284720426
691,0.0013013123034041345
692,0.001290325140668344
693,0.20817970686448556
694,0.00236375845829136
695,0.00198443944391479
696,0.00836056517947862
697,0.008647731314725108
698,0.007882411950533944
699,0.0016098999634860587
700,0.004356184732706626
701,0.003212064227935378
702,0.008554906871485803
703,0.0018587452837783719
704,0.0017915227940456886
705,0.00397749410557156
706,0.006655941521449812
707,0.004590642675274726
708,0.0348233801819257
709,0.002914051827482152
710,0.002411700217574687
711,0.001443189737473676
712,0.002675794245941139
713,0.0022517970724967662
714,0.0038556528496655742
715,0.007219569212131097
716,0.002302902022504738
717,0.00436426913703402
718,0.001957555795514238
719,0.005691246775419954
720,0.002152688371969026
721,0.09129398170140038
722,0.19371492278374886
723,0.005097276161888686
724,0.004710863540262625
725,0.0037022378832232135
726,0.019963554748941244
727,0.001501760043389173
728,0.004293976549688425
729,0.005803035539924936
730,0.5772334569093064
731,0.010098945340908163
732,0.011164194790079658
733,0.0034605347341613896
734,0.0968235010422242
735,0.06529453884719212
736,0.009971738313163237
737,0.0022209840378470324
738,0.0012371517914866756
739,0.007447537580247119
740,0.0017667977040903748
741,0.02811180633028589
742,0.004053615929374707
743,0.005799130775102971
744,0.0016334278778637242
745,0.0015385534483991605
746,0.020985602432854415
747,0.0772702491679428
748,0.32411527622522684
749,0.009859143637108183
750,0.0020239110222944195
751,0.0017341134767166816
752,0.0017258458549899026
753,0.0019314334009004615
754,0.010805814668163076
755,0.0021955805100961692
756,0.0031360497910265708
757,0.02423526350345721
758,0.005732677971837168
759,0.0033541192516943685
760,0.9947353812377101
761,0.003477363182412091
762,0.004631587051862136
763,0.05975650714924575
764,0.17111718593578656
765,0.06437782414259433
766,0.0067276133452610415
767,0.003763747894818564
768,0.0010263836056687056
769,0.002025124339457634
770,0.02096480874569446
771,0.0016624283479595141
772,0.0029515654434805498
773,0.0017631929730136746
774,0.004709735614934289
775,0.003900086297084611
776,0.0036346062213391617
777,0.002353633885911408
778,0.0008309691389796109
779,0.00312174540340887
780,0.4452467237957458
781,0.00252417689625703
782,0.0026819757155183274
783,0.00772935054773082
784,0.004646359172533722
785,0.003970434216016356
786,0.0042803449606678215
787,0.00173551842119599
788,0.001792032434086982
789,0.001877540207784333
790,0.25052754059546606
791,0.07450404538314004
792,0.13298925498076525
793,0.009578198478853772
794,0.007391658333135974
795,0.0017074625387990022
796,0.0030236886471341844
797,0.0010499517703217792
798,0.0015065303224031674
799,0.026076564190187636
800,0.09773956574417615
801,0.0020689647264679504
802,0.0011880737893433964
803,0.41894900314497713
804,0.003565933706055465
805,0.0011985182989285603
806,0.11256411163714986
807,0.012795142212962095
808,0.004871174055403643
809,0.3287254618433034
810,0.001042771498719516
811,0.001822066096701017
812,0.133323990626575
813,0.029277825684875095
814,0.28993498776770926
815,0.0042071403191893675
816,0.003040346456029534
817,0.008450972266941099
818,0.0016889311379412854
819,0.0013723714808263339
820,0.003734779972942141
821,0.001258498574639392
822,0.0012555961827764724
823,0.604079512084567
824,0.0017838645534340803
825,0.3268375996521499
826,0.0029687536596204964
827,0.17143231916700816
828,0.012805902497309984
829,0.011520456876259173
830,0.01400506288845212
831,0.007433178622082415
832,0.00435186428436614
833,0.001468773342686209
834,0.0010719085418784667
835,0.002874784795883097
836,0.0026194480942419835
837,0.006955353397296266
838,0.013007846185121174
839,0.0010931292708260397
840,0.008109257324598388
841,0.006405548244409227
842,0.006717140807051738
843,0.003459212680993177
844,0.016218479030439627
845,0.0015952195781969785
846,0.003866029334232869
847,0.003775395989675528
848,0.0013186121750981795
849,0.0019820889545777674
850,0.019523365073292196
851,0.0053224451535840624
852,0.005829513570466765
853,0.001584437403784681
854,0.12413572884621916
855,0.002197260479237177
856,0.10651269413878928
857,0.07946090193579164
858,0.007108888267419126
859,0.004402093861251166
860,0.0013897341427707907
861,0.001845715733208044
862,0.0013478568466637091
863,0.0017700257136336382
864,0.002028129716675034
865,0.005458782792177391
866,0.11381174156628628
867,0.0023492391642761295
868,0.10928784574349558
869,0.015523404266694357
870,0.002499396387584516
871,0.001238507253809534
872,0.00496788474777921
873,0.001996190717647858
874,0.008334796528122941
875,0.005124284234042309
876,0.0015186690275625849
877,0.0018413681209160052
878,0.005043259214864565
879,0.0015908837156642112
880,0.0016351446821609176
881,0.0014044052332425638
882,0.0029886091343448748
883,0.0013173556677242883
884,0.0011844712107047957
885,0.008332665374529143
886,0.0028690085451910305
887,0.0020812214084274367
888,0.01125871439453041
889,0.006221292777489929
890,0.002309940440824226
891,0.0037971288756577
892,0.0025884317301303173
893,0.003738437083038483
894,0.00324867703405997
895,0.002038581670975133
896,0.09627254560373479
897,0.0051691866197909496
898,0.05451359615184157
899,0.0009821286621469192
900,0.006147280317873126
901,0.0017373714889664922
902,0.0028690161775537025
903,0.01275913297961553
904,0.018422006336811247
905,0.0038844279338269404
906,0.00888888207210552
907,0.002676950456907392
908,0.0058958828507085104
909,0.0014266622421595567
910,0.0016107504906298586
911,0.002103210724153193
912,0.0015009356844884758
913,0.03727980058366955
914,0.0022005901784080428
915,0.0011754772123913017
916,0.15574457681011117
917,0.003327350558834478
918,0.004369662778365173
919,0.08904334353367234
920,0.01682342207779022
921,0.00976669981268648
922,0.0766711130472147
923,0.6475937906638378
924,0.11637603361241933
925,0.0011166629489754774
926,0.006031034953728046
927,0.3296550454171063
928,0.002035925894478848
929,0.0332221803019155
930,0.005170832213592457
931,0.05415539940307845
932,0.16276280886619113
933,0.0017586243917668118
934,0.0010459833686779832
935,0.0032779847611838346
936,0.001175335928561285
937,0.0012378238646251047
938,0.00574743686605351
939,0.0017776412810063286
940,0.0010671187406622773
941,0.0011181060300397246
942,0.021240276862681876
943,0.002786811229754642
944,0.005794355662421512
945,0.0019832246625160845
946,0.006779817120555148
947,0.002724024078853568
948,0.017073214010200084
949,0.005987625700813705
950,0.0012453643760966615
951,0.009514366273230717
952,0.0010386271587156408
953,0.004378375619530036
954,0.008731441828015862
955,0.0014682267964094946
956,0.004753647652277672
957,0.0055386690642284615
958,0.0018539734814542205
959,0.0010459833686779832
960,0.00634782474720577
961,0.002948010194990466
962,0.0023834217825256707
963,0.003750798197821132
964,0.004620554053270059
965,0.0010053190815279103
966,0.012194247675557343
967,0.08946994077980115
968,0.0066297569498394255
969,0.000994194813020237
970,0.012250279824422899
971,0.002574182948083773
972,0.004289929718425991
973,0.002770747721750416
974,0.13347048132230496
975,0.033096031091426954
976,0.011542919304167568
977,0.030859691449645656
978,0.00642078470252877
979,0.0012196078473896447
980,0.0019437285613822862
981,0.0013427041375712104
982,0.006654651946952455
983,0.016446726584150143
984,0.010282811975205216
985,0.0016635725618309337
986,0.027696988337267588
987,0.07852844717204932
988,0.0050044707175971375
989,0.0017868307955967047
990,0.13759899550901172
991,0.002118184206576538
992,0.00784889366364924
993,0.0024117572612594377
994,0.0013493296623581876
995,0.003588477122274911
996,0.0009746446064934315
997,0.0023098832105342576
998,0.002664080239236357
999,0.2638840517439342
1000,0.004334878808089292
1001,0.0026315957250563947
1002,0.005504975159478125
1003,0.003082169273604614
1004,0.003326846725404101
1005,0.007148033237830334
1006,0.005000917665133789
1007,0.007672333127305453
1008,0.0017842700725328353
1009,0.0011761003700020236
1010,0.0030544547620810006
1011,0.00806258557562873
1012,0.0015882822955874698
1013,0.0034510928111496746
1014,0.0547359197171702
1015,0.0015515539085022715
1016,0.005316607013624046
1017,0.07124448654748228
1018,0.0038214316076577866
1019,0.008342332799730741
1020,0.0011909500243909165
1021,0.004866163400601865
1022,0.006713993346574181
1023,0.01828439044402182
1024,0.001784705820381887
1025,0.002603405023801737
1026,0.011921826889935453
1027,0.0017662120234169763
1028,0.00206377508114544
1029,0.002942502509819502
1030,0.15238238226231912
1031,0.003982969440948303
1032,0.007733508469827226
1033,0.012120301293334938
1034,0.005515226152485941
1035,0.0035410333249965014
1036,0.001767430714465364
1037,0.9947353812377101
1038,0.013640171607127338
1039,0.00219882956284056
1040,0.0015653933718695412
1041,0.00313552986133852
1042,0.3547297282910143
1043,0.001311212556348201
1044,0.002010539672445721
1045,0.0012456527354960392
1046,0.16106622922140545
1047,0.00449106468309048
1048,0.002787269552507744
1049,0.0030582991145479653
1050,0.0026407295415112556
1051,0.12873622434566773
1052,0.004047260571066396
1053,0.018535075431562874
1054,0.0010403159873304938
1055,0.0015121704751616717
1056,0.002742116194360857
1057,0.0018723807162377899
1058,0.00442537986651573
1059,0.0892430622903596
1060,0.011699317990861456
1061,0.007861352908579668
1062,0.009467070815975694
1063,0.0031565588308356523
1064,0.0028501408719684954
1065,0.19570315402200747
1066,0.004288220891829869
1067,0.007180515722824278
1068,0.0015376170003452364
1069,0.0018037720183744516
1070,0.009060560645765008
1071,0.12279552699589427
1072,0.009038579804294481
1073,0.0024387047308447596
1074,0.002650538245916711
1075,0.03664477509164548
1076,0.0016705044795513456
1077,0.0027189155760485445
1078,0.001292594157602509
1079,0.0026311057457523122
1080,0.0015888138311626922
1081,0.02876428766726109
1082,0.005568298363524785
1083,0.0923164102770197
1084,0.0026792250863838557
1085,0.0017282218941270914
1086,0.0026441051863513344
1087,0.0548319183455784
1088,0.007707526476378177
1089,0.003642694373384035
1090,0.0032757738135623005
1091,0.006132099782406508
1092,0.0072687763851323264
1093,0.003968913554400653
1094,0.0033530349507510677
1095,0.030419613243286223
1096,0.00423374179435687
1097,0.009635760603027729
1098,0.0019171073641015201
1099,0.17900841621732871
1100,0.0013041490608738653
1101,0.019971846917663155
1102,0.002522295157744024
1103,0.007742132241701744
1104,0.0010993264317900081
1105,0.0011113193375613588
1106,0.0021055284970389557
1107,0.0014443763180129992
1108,0.0035720818632163963
1109,0.014372290899799613
1110,0.002848857764936205
1111,0.0021809914489165547
1112,0.004723401499849693
1113,0.0915854136226582
1114,0.0009670707055293495
1115,0.022048654298170364
1116,0.0012085271732860065
1117,0.0017928141697964208
1118,0.0011619545173931134
1119,0.0014606311649476584
1120,0.002520740133852769
1121,0.003488139161642185
1122,0.0012159500292255466
1123,0.006784788564441692
1124,0.0017174243552259983
1125,0.003801707348625886
1126,0.003982460614177738
1127,0.002744283901434837
1128,0.0028556504979649713
1129,0.004646359172533722
1130,0.008731736257544536
1131,0.0022995287450420306
1132,0.0042146756559580546
1133,0.00817300755046785
1134,0.11735498858294101
1135,0.9947353812377101
1136,0.0027901228863554243
1137,0.06903100010937147
1138,0.002156550796374576
1139,0.27050398320028
1140,0.18909162121213105
1141,0.0016328816639848715
1142,0.0013937289188552416
1143,0.0020756501831709208
1144,0.019491764187079524
1145,0.010066086567786651
1146,0.016722889332907758
1147,0.00956672882857744
1148,0.004957775158200485
1149,0.0018439008401280202
1150,0.0015904653025534655
1151,0.0016666826949756903
1152,0.0019449959536850135
1153,0.0012542177162709548
1154,0.32816330647047
1155,0.40875771938765754
1156,0.1005297476033496
1157,0.026786625049223387
1158,0.0019631088212151934
1159,0.021972201301063404
1160,0.0045132231648304915
1161,0.00614607700299574
1162,0.0013594233481129907
1163,0.3759245892476621
1164,0.0016629946260333316
1165,0.4268308784706667
1166,0.0020844648954689003
1167,0.0365181222691961
1168,0.28405720323075984
1169,0.002025332807440457
1170,0.004494721862787964
1171,0.006016171526343244
1172,0.02366877073935414
1173,0.003868958261583268
1174,0.004688914491789462
1175,0.012722642231536518
1176,0.0033144905319247263
1177,0.017459125163984773
1178,0.0036330765190277876
1179,0.0028326813942110606
1180,0.007789664376327314
1181,0.0019172280328363454
1182,0.007096350929621902
1183,0.16469566067840305
1184,0.09018422294403904
1185,0.0030679017377909464
1186,0.0012434682875283609
1187,0.004190259516939687
1188,0.010510478009496782
1189,0.002152641795029035
1190,0.0034074903929542607
1191,0.20677444113247256
1192,0.0010108243012329685
1193,0.0014342392079741751
1194,0.004404899006153371
1195,0.013811552019958945
1196,0.006549466054345515
1197,0.00849117635025818
1198,0.0018327654812378383
1199,0.004089417787306757
1200,0.0035366743618992073
1201,0.003950868651884125
1202,0.0046112090232374205
1203,0.21865913636482115
1204,0.0023746961812523277
1205,0.0022948726835691044
1206,0.032815581973567466
1207,0.002666122441804253
1208,0.9916994206705312
1209,0.0033195497061770172
1210,0.009531245955257938
1211,0.0028553158041326227
1212,0.023067828782457694
1213,0.00247130439821082
1214,0.003699860700004446
1215,0.001993999792994195
1216,0.003624952544492928
1217,0.008134452784284605
1218,0.0012667392723689156
1219,0.009559836753294946
1220,0.06844832454664022
1221,0.02346079778695303
1222,0.005225622124849787
1223,0.0016503859235448266
1224,0.004813951481614077
1225,0.0021535382113702147
1226,0.004943866923378077
1227,0.0014447520675319526
1228,0.0041744114196286715
1229,0.0018280459260390427
1230,0.07621068153328199
1231,0.0032484900436220944
1232,0.0011413392332736444
1233,0.024595091301179473
1234,0.005213120693416038
1235,0.006333647288102001
1236,0.9932313494052378
1237,0.007310559375188688
1238,0.994728730329429
1239,0.10038903994417761
1240,0.0025736427904338127
1241,0.06869122981277445
1242,0.011859959283026047
1243,0.2033822316786451
1244,0.011512398987714481
1245,0.0011670649382405662
1246,0.0056290934800730785
1247,0.004379366697517862
1248,0.007144277826240858
1249,0.003208579163474338
1250,0.02359243772128335
1251,0.001258498574639392
1252,0.9945191879435379
1253,0.0029669838654535546
1254,0.0051823852080431785
1255,0.00454854547855609
1256,0.002855993268100621
1257,0.0020581898246309904
1258,0.06528002978975894
1259,0.004105978920641869
1260,0.002098861416743017
1261,0.003965946421616587
1262,0.005552684079997889
1263,0.008255304297023541
1264,0.0038061295345821894
1265,0.0022980347978950023
1266,0.45934330797712186
1267,0.0011674314863906218
1268,0.0010984300452079334
1269,0.005361483206717395
1270,0.001625739523757106
1271,0.001019897230069162
1272,0.006537232270168892
1273,0.02176162723675593
1274,0.0039432234011175194
1275,0.01700804041937696
1276,0.00263063145557065
1277,0.003545528037636298
1278,0.005376410744549007
1279,0.004851605082326176
1280,0.008192711087728264
1281,0.2661605069513916
1282,0.11048833599091933
1283,0.009255792052686517
1284,0.015087834167718644
1285,0.0031293148397940704
1286,0.01065103862950462
1287,0.9547274173645574
1288,0.9943153748966143
1289,0.0049186115266830095
1290,0.5247277177764121
1291,0.994697319561965
1292,0.07453050920166325
1293,0.015365837533687001
1294,0.00436617881961434
1295,0.0036247721600366407
1296,0.0064202243836070216
1297,0.004911166963268084
1298,0.0038979065888445816
1299,0.0044463907039282635
1300,0.01311325156955252
1301,0.005975350593004232
1302,0.0014683883046126048
1303,0.0024674394490570143
1304,0.9947201174871428
1305,0.0044187936987876795
1306,0.994728730329429
1307,0.0012729163447604672
1308,0.5151265480904141
1309,0.024705606447990847
1310,0.0018417038950643506
1311,0.0015876487805569785
1312,0.0021762078367509098
1313,0.0015000746865293164
1314,0.0015000746865293164
1315,0.004978455630632751
1316,0.010818154283647071
1317,0.42016821559158246
1318,0.002508006934616663
1319,0.0023254729676400188
1320,0.0055901454743440505
1321,0.0037097655805905876
1322,0.0019158353173690723
1323,0.21379519684134785
1324,0.005305632872575229
1325,0.003892144585444521
1326,0.002632593241615526
1327,0.005330974757347008
1328,0.0014172032815408806
1329,0.0014476816981812983
1330,0.002248239768290238
1331,0.0017307540298608767
1332,0.6878120185044857
1333,0.7834989426938397
1334,0.9947353812377101
1335,0.0026110023014130367
1336,0.002300867709103983
1337,0.0037268626633682805
1338,0.002330289066244574
1339,0.0009607938262843973
1340,0.1795598314609675
1341,0.0034470366597794235
1342,0.005771978133871782
1343,0.44961049402714465
1344,0.002069258632731519
1345,0.0015914366142440195
1346,0.0034906474540204544
1347,0.0019925409804344477
1348,0.0056068432304321875
1349,0.001946790823736238
1350,0.10784733276746286
1351,0.0033236342912418
1352,0.002771298814369947
1353,0.0009849835100121929
1354,0.001650468120996785
1355,0.027691305711909725
1356,0.0024906038343435084
1357,0.010176733862594621
1358,0.001607792671034593
1359,0.0014427127698022253
1360,0.006988997522990762
1361,0.005200386198487526
1362,0.18410843279997913
1363,0.18534998127965646
1364,0.0028172015336165052
1365,0.011464096111129822
1366,0.002232002674592312
1367,0.048368370626801424
1368,0.014664411864687501
1369,0.0028725188996819463
1370,0.002923866548824323
1371,0.0030687843830052267
1372,0.0054656286172890655
1373,0.2557767532798651
1374,0.9947353812377101
1375,0.001190222182016996
1376,0.024913396017887564
1377,0.08704670850822051
1378,0.004158635147373604
1379,0.2323699853886271
1380,0.0021713856766105897
1381,0.005824436239718492
1382,0.0031553093977761916
1383,0.001767236303734877
1384,0.16451039275563795
1385,0.00793477459020651
1386,0.008809086157594214
1387,0.001700130119253247
1388,0.002719585347549141
1389,0.0018021081304769983
1390,0.0027662990503655224
1391,0.0019190600578608003
1392,0.0015205420535616288
1393,0.0010329138806736862
1394,0.9947353812377101
1395,0.005720638893488384
1396,0.005096472215797884
1397,0.10977806829550722
1398,0.02612526357287686
1399,0.003845464214061529
1400,0.00430838362200601
1401,0.0029371866646922522
1402,0.003355524115146697
1403,0.0045239040180358875
1404,0.017918829988444553
1405,0.00545768076214875
1406,0.014921139963948208
1407,0.005848286965038602
1408,0.00225452840951211
1409,0.003533098961551007
1410,0.003998755954814073
1411,0.9947353812377101
1412,0.009791116859591912
1413,0.0011947696179434423
1414,0.0023380038520027205
1415,0.005877513046362378
1416,0.37811401485741464
1417,0.0010019902264251364
1418,0.005861234731531323
1419,0.0025656082316709503
1420,0.0012005107794005171
1421,0.24322490918112274
1422,0.002083366672206917
1423,0.014378141371945288
1424,0.005862097043531052
1425,0.01085692356966586
1426,0.003318779560204754
1427,0.0010887079870620896
1428,0.0051827991200396805
1429,0.006413487770067161
1430,0.0010672822728830947
1431,0.004413284128614903
1432,0.12741757543742366
1433,0.005204325219899375
1434,0.006638807952802523
1435,0.055382676383562125
1436,0.001856805778827751
1437,0.10282935717088598
1438,0.03819688157456597
1439,0.014014686482668801
1440,0.003968160070960756
1441,0.0019387519478522445
1442,0.0021651206869653934
1443,0.018418178772307888
1444,0.023626300704168768
1445,0.003322903436604977
1446,0.0019273708025151954
1447,0.19614783076014
1448,0.06790090442084148
1449,0.007660126587500894
1450,0.0023609709035980557
1451,0.002020928942576293
1452,0.011247590400684529
1453,0.005340332634780276
1454,0.10911188858406988
1455,0.004481967809211515
1456,0.0034680364273410773
1457,0.0025144432619469727
1458,0.11126105679710498
1459,0.01556246636257255
1460,0.0017881406479917645
1461,0.0031054126176802673
1462,0.00288009884414371
1463,0.009271972804518719
1464,0.03868247725437579
1465,0.003753896592002633
1466,0.002931889642016413
1467,0.00911055954330121
1468,0.3655226516891835
1469,0.002962790107984063
1470,0.008357066615625006
1471,0.039551407680597075
1472,0.002915699976939851
1473,0.0018563113970564153
1474,0.9946556967874788
1475,0.002790189334195272
1476,0.003096869130481235
1477,0.0020603622353598436
1478,0.002794610207132602
1479,0.0020715164119404265
1480,0.02243853721393809
1481,0.0016948024581209763
1482,0.0013004898974896667
1483,0.002982992516427159
1484,0.002525746513499706
1485,0.02537112188633529
1486,0.0024092147720222645
1487,0.001348523164818943
1488,0.008795564606750343
1489,0.003572332662197391
1490,0.0015815354403745571
1491,0.004386421769417545
1492,0.0012696953456801713
1493,0.02071443173649808
1494,0.025187669611184935
1495,0.0028378044126492596
1496,0.0028761438934331836
1497,0.005516350476431812
1498,0.10991191726556139
1499,0.004772634709289745
1500,0.001096462218503206
1501,0.0009998174663977256
1502,0.004457327203526664
1503,0.2512634956733253
1504,0.0044349437703466105
1505,0.00996487268253069
1506,0.00617268949672316
1507,0.0029902387553762187
1508,0.03361988776357683
1509,0.0019720871505920696
1510,0.004606887533391497
1511,0.004739544613716495
1512,0.10686917150385329
1513,0.1697011190743199
1514,0.0014859224278329457
1515,0.0021596606530385407
1516,0.0033088370188388452
1517,0.1330348794778324
1518,0.005936220047194317
1519,0.035136551038089825
1520,0.0014798307210317058
1521,0.0022828773970089956
1522,0.10177263768337935
1523,0.0023610507306322196
1524,0.0022667771875926938
1525,0.013120881271225803
1526,0.03744162814873484
1527,0.00175569548663435
1528,0.0034780994509288417
1529,0.0011754772123913017
1530,0.008283257911015293
1531,0.004086589413609747
1532,0.0013973581858559888
1533,0.0013147547990657398
1534,0.03458034245657955
1535,0.009047970354766184
1536,0.002159107032195551
1537,0.002838164230009353
1538,0.0034903606131774538
1539,0.04847738158958291
1540,0.21620773794660023
1541,0.4885182093056868
1542,0.05275533421721638
1543,0.003944027579244289
1544,0.08364203074329428
1545,0.0016864775630430996
1546,0.0027829846527599616
1547,0.001638036952768229
1548,0.0033379023482605404
1549,0.007677285954436504
1550,0.004378362967049266
1551,0.00462828621495521
1552,0.001747149565142645
1553,0.0016849407637461722
1554,0.006194454508013606
1555,0.22436664416181507
1556,0.09548948066835022
1557,0.011255356626066011
1558,0.0024505692820711985
1559,0.01027451768692423
1560,0.0017841467536527011
1561,0.002636622364066007
1562,0.9947353812377101
1563,0.0037439172997017203
1564,0.002159882407169474
1565,0.01683437853983743
1566,0.0018466163536698678
1567,0.001950430476325423
1568,0.0019021824026143805
1569,0.005781653872800151
1570,0.003705854078651195
1571,0.9947353812377101
1572,0.0020461127050654827
1573,0.0038308714403380347
1574,0.005806768793885301
1575,0.0017551657753523968
1576,0.0053430343176891605
1577,0.0029473371734073076
1578,0.009024031191670757
1579,0.04435509789980622
1580,0.004837553812583318
1581,0.026018293562178434
1582,0.0040621923274112995
1583,0.0019826053077946428
1584,0.006567118495152194
1585,0.0032460010592158793
1586,0.0027399293930608502
1587,0.001802950592524705
1588,0.3537116175933725
1589,0.004350725670250627
1590,0.0030239959417006665
1591,0.4859268201332117
1592,0.01723307796522591
1593,0.0028493662399757544
1594,0.3734700610233673
1595,0.4970355213458672
1596,0.0074243027456606875
1597,0.007839987517470153
1598,0.010266422432941253
1599,0.00581874430593593
1600,0.004746924336646072
1601,0.002875090691420468
1602,0.0013696892507877138
1603,0.002165421709168869
1604,0.02205482768950327
1605,0.002615490288734907
1606,0.00414160622347436
1607,0.004771502958145672
1608,0.0027241279647349536
1609,0.3560007820026118
1610,0.002028844427726292
1611,0.002268183010330628
1612,0.002937364223769213
1613,0.003604351917541679
1614,0.9916994206705312
1615,0.004885644242183441
1616,0.002437164742992618
1617,0.008204917705856869
1618,0.16246984989293367
1619,0.0035502012481120693
1620,0.0027728673143396993
1621,0.002154202821140149
1622,0.1709589076371801
1623,0.003786430627151453
1624,0.014547885133183069
1625,0.0014034091706600078
1626,0.003293905927174959
1627,0.9916994206705312
1628,0.006834101930125447
1629,0.00267607636222635
1630,0.006115319471898019
1631,0.05281834200111576
1632,0.0038575604262997046
1633,0.001583740281794201
1634,0.013991857307299188
1635,0.0015979580301418673
1636,0.004648474194934773
1637,0.0016665636659698743
1638,0.0026028974391430664
1639,0.002077187938365559
1640,0.0019379374386748062
1641,0.00395571186265485
1642,0.004155249233446975
1643,0.00197234494283358
1644,0.012015728373420737
1645,0.9944001050348937
1646,0.0019108675630040498
1647,0.3336544188862665
1648,0.0010270595294204236
1649,0.012938264477734288
1650,0.008509466369710172
1651,0.0021591547417067155
1652,0.0009048798691727105
1653,0.003750374465065606
1654,0.015991603636245542
1655,0.002256329864254221
1656,0.445272262258554
1657,0.007209878831218457
1658,0.009938939014935895
1659,0.002144198330270033
1660,0.003331345629539461
1661,0.015590737895634857
1662,0.003960916440775351
1663,0.0019837650847623484
1664,0.0016831826124849786
1665,0.002857311697452728
1666,0.0019599948556753466
1667,0.004551517823970901
1668,0.005444389122428541
1669,0.0063326468374188625
1670,0.003522588321682499
1671,0.0018359903905058872
1672,0.01039733712056481
1673,0.027049094007002516
1674,0.9947353812377101
1675,0.011113848657704019
1676,0.0034135809450454068
1677,0.0026178605472587098
1678,0.0027837922767172296
1679,0.0020271910216449907
1680,0.03556597992716971
1681,0.0017263802924117242
1682,0.005596459793958219
1683,0.03326800971374734
1684,0.02148457124285049
1685,0.004034470648435929
1686,0.0013060448955637166
1687,0.002604317362703931
1688,0.002104358304642943
1689,0.07112468702766
1690,0.008485796301967196
1691,0.0024235472621232626
1692,0.005353434104752532
1693,0.00858055354279836
1694,0.0017617198203756473
1695,0.033895320549792794
1696,0.0017538672495754231
1697,0.007474602574265041
1698,0.004242180894563559
1699,0.0020870929493541027
1700,0.005210657556723271
1701,0.002204150885679571
1702,0.0026193852305068798
1703,0.0023806466647137187
1704,0.6688166131315322
1705,0.0016391689684405132
1706,0.07994868730157109
1707,0.994728730329429
1708,0.9819683620797464
1709,0.0016549424036250045
1710,0.0015966249755164303
1711,0.00179369654118125
1712,0.0032474405079685282
1713,0.0015083493532954148
1714,0.002817803518657635
1715,0.002677476453300267
1716,0.0029978550997603083
1717,0.002829112949524194
1718,0.0036701369677510517
1719,0.0015017393298503753
1720,0.0011122681058256235
1721,0.9756975242932352
1722,0.994728730329429
1723,0.001238229062054908
1724,0.0013528084839302698
1725,0.00408321890468089
1726,0.0013240151070206907
1727,0.0066579709489421116
1728,0.5940860283120657
1729,0.010018837469250306
1730,0.0009522760599592475
1731,0.0011995898817688548
1732,0.18043051720271328
1733,0.15619371163292842
1734,0.011498363088644114
1735,0.006696386790310413
1736,0.012524021926323839
1737,0.001198103488851752
1738,0.0016838429458972315
1739,0.005040802056765708
1740,0.0011778122334176945
1741,0.001047577310022373
1742,0.0010615588160079682
1743,0.0010255556646365787
1744,0.00478402177960558
1745,0.34357794174275236
1746,0.03655569693937632
1747,0.001238507253809534
1748,0.001120133100766072
1749,0.9919114384835965
1750,0.003142028149553543
1751,0.010833427196248368
1752,0.034664431700185155
1753,0.002734277119979012
1754,0.004209664467292707
1755,0.0010753347089907303
1756,0.0010977112864441613
1757,0.0015194263919796605
1758,0.000958232655996711
1759,0.0014209904368041714
1760,0.0009531701858652613
1761,0.0017680920864794887
1762,0.0013101458808745686
1763,0.0042592491927527665
1764,0.001174449384065361
1765,0.009685612069260335
1766,0.0013482338271026148
1767,0.0016237993786539513
1768,0.02125918265526561
1769,0.8639709277233824
1770,0.025873008982643317
1771,0.00098895050654641
1772,0.0009969196671242052
1773,0.0009980371118862186
1774,0.0028889193528934915
1775,0.0017701516775390847
1776,0.0011122681058256235
1777,0.0015762674008941424
1778,0.0013414872629916258
1779,0.0014692990632310535
1780,0.0011674544120084316
1781,0.012375743162444984
1782,0.0034030063273077517
1783,0.013694424674100267
1784,0.0011002968588465125
1785,0.0011307662786194277
1786,0.002081430810289515
1787,0.001197324870851568
1788,0.0017157402410602689
1789,0.003223931577876688
1790,0.0017892658216693746
1791,0.0014416770804777362
1792,0.001453073027129587
1793,0.0010502336533692873
1794,0.0016775235908564423
1795,0.003014482784127951
1796,0.002299507567586557
1797,0.0908521319584013
1798,0.009355927821117367
1799,0.0013131114352998739
1800,0.0014379693050481578
1801,0.04544880104856318
1802,0.0012701491501270277
1803,0.11513207478681456
1804,0.009248555975531944
1805,0.0023473570015850017
1806,0.0012588147261983751
1807,0.0013967361846214492
1808,0.994728730329429
1809,0.0018019690386098669
1810,0.001611760772090629
1811,0.19735772224435286
1812,0.0009574111300207764
1813,0.007102956197858177
1814,0.005705140469147926
1815,0.9926017693040621
1816,0.002804567137730406
1817,0.03398052235344817
1818,0.989860127345603
1819,0.004211269301232188
1820,0.0013916062953890137
1821,0.0011460560875311632
1822,0.0013398367708595024
1823,0.0011183331421329395
1824,0.001047577310022373
1825,0.0012040647229681928
1826,0.0014989290575188586
1827,0.001155670717643213
1828,0.0012446692687085148
1829,0.0011911645690483106
1830,0.0015260344982600477
1831,0.0013778543789558348
1832,0.0010883178035595601
1833,0.003572853573996156
1834,0.0010598405870164396
1835,0.0010449878550898707
1836,0.10154725548818143
1837,0.07137274270547887
1838,0.00193127285506782
1839,0.0015906742620759896
1840,0.004048802589572381
1841,0.0022872047656396425
1842,0.12883814686723463
1843,0.004581184423154052
1844,0.0011443252242377094
1845,0.025580452656233297
1846,0.007276236563157158
1847,0.0028240247808050613
1848,0.007029065906998367
1849,0.001445122034011337
1850,0.0016537895372794103
1851,0.0010280124477875555
1852,0.028264328002166095
1853,0.0009670301597039465
1854,0.0014124216597237262
1855,0.0727636413359567
1856,0.0017970462160580452
1857,0.0014222155265649248
1858,0.001000872076324104
1859,0.36514596423224666
1860,0.06470737874284029
1861,0.001104399856862254
1862,0.0020265224542688827
1863,0.0011838906459231183
1864,0.006802270582443216
1865,0.0018865780986467395
1866,0.007913168470101031
1867,0.004308497452638447
1868,0.0025917677513088338
1869,0.0012166338750177039
1870,0.004208429736633711
1871,0.016518888552691756
1872,0.0017134250131046235
1873,0.0016078131154716375
1874,0.0013429290512089688
1875,0.0013473287554745274
1876,0.0015236052366323094
1877,0.0012593616912996081
1878,0.0029061754480732465
1879,0.1375460147709228
1880,0.001610484605350174
1881,0.0014692990632310535
1882,0.0514520061523512
1883,0.0012315937416977802
1884,0.0012891996374120578
1885,0.0038401107764470116
1886,0.0018329255454559578
1887,0.00275466567373253
1888,0.005081977227601549
1889,0.08742312367853486
1890,0.0009663752383357863
1891,0.0020588440249992633
1892,0.0013075155505201746
1893,0.1036278447786412
1894,0.0010551434766274419
1895,0.0010180760249487576
1896,0.03500919889262335
1897,0.008529870448153273
1898,0.0012121648757052498
1899,0.0012148233475895507
1900,0.004690482594774384
1901,0.0030881403921250695
1902,0.016199129422949873
1903,0.0010180760249487576
1904,0.002758739958749618
1905,0.0017509407466472142
1906,0.2947297284071447
1907,0.001383602250560752
1908,0.0011945921890635992
1909,0.0011194408050994753
1910,0.01420545300664942
1911,0.01457969586915459
1912,0.046874754779711335
1913,0.0011350053464489892
1914,0.2024927376543382
1915,0.022570060273701977
1916,0.0019031347838091557
1917,0.0013894770771732338
1918,0.0017249871055621618
1919,0.006731010414320666
1920,0.0010242536300863513
1921,0.0010208212568296093
1922,0.23974861079963117
1923,0.0013930578332499032
1924,0.0013216220225254524
1925,0.0013645448471733754
1926,0.0010325147666783155
1927,0.0010116485215550994
1928,0.0051787462121097435
1929,0.000992914267371945
1930,0.0009807524038453299
1931,0.7656781530929996
1932,0.029055028844821328
1933,0.0009124528294878207
1934,0.0011934377064580987
1935,0.012983743421409625
1936,0.0017557913699723674
1937,0.007438272488935292
1938,0.0013598432904663323
1939,0.019777619689509984
1940,0.04914794626483271
1941,0.000979118125480783
1942,0.0012405610691114339
1943,0.001006598735934151
1944,0.0014026109607785339
1945,0.0012723378840442594
1946,0.0011977509123673928
1947,0.0015028145231799118
1948,0.0014605201110291309
1949,0.0012423452666916572
1950,0.0024340062242526215
1951,0.006793299323219406
1952,0.004087753826890768
1953,0.00187209668653281
1954,0.00162114847984496
1955,0.0012331816321281724
1956,0.013577808772951831
1957,0.003304002555364432
1958,0.007385620075074894
1959,0.994728730329429
1960,0.18749298799445238
1961,0.0012667392723689156
1962,0.0019024683010295158
1963,0.0038385034807203837
1964,0.029931031041530203
1965,0.0038516954525724414
1966,0.5205906185512524
1967,0.0010668092305371267
1968,0.0010805036073957078
1969,0.020854589888255823
1970,0.001941481279784605
1971,0.036396157561653104
1972,0.01878797918381927
1973,0.0033301694010230954
1974,0.007655248796767972
1975,0.021404478276354468
1976,0.0018103327875200411
1977,0.0029114826244216684
1978,0.002195382574432368
1979,0.0011177621220835022
1980,0.005740858669649948
1981,0.1047328776320975
1982,0.9939910401244033
1983,0.003430307679041245
1984,0.0016166229203852928
1985,0.001722142535634822
1986,0.0014222155265649248
1987,0.04450530108708978
1988,0.001055178902632112
1989,0.013455326175483376
1990,0.004408373810142486
1991,0.0009604713719995987
1992,0.0010180760249487576
1993,0.9529632949633745
1994,0.021259838743385974
1995,0.0018372347232901592
1996,0.5922593891710867
1997,0.0012776444404335014
1998,0.0016189529965037806
1999,0.0011594755058472182
2000,0.005351151087155143
2001,0.0074750265253981105
2002,0.007987554364370972
2003,0.002299355950409701
2004,0.9111939540212234
2005,0.005575768608538242
2006,0.0010168925010319617
2007,0.0012211326529434892
2008,0.001349004924217003
2009,0.0014016510101605099
2010,0.0020328695179208985
2011,0.0014993901086460767
2012,0.013645433837896074
2013,0.25618233732344514
2014,0.0018112200318010244
2015,0.001901791089994248
2016,0.0011223263455030744
2017,0.0011102388031366624
2018,0.0015300933262087878
2019,0.0013966778132851957
2020,0.004224049843458167
2021,0.004267862719361311
2022,0.0036172063954086967
2023,0.000998207044062841
2024,0.0051648840290899126
2025,0.004413740482975606
2026,0.041279733353031325
2027,0.9947353812377101
2028,0.001206170605895235
2029,0.16168496278782266
2030,0.17069915734521668
2031,0.00152958615382238
2032,0.0028485580742210167
2033,0.001602655694455676
2034,0.0018241977540985853
2035,0.001457727542950532
2036,0.003955966707011368
2037,0.0009323747729070668
2038,0.014094945713212506
2039,0.0022924210930391894
2040,0.006306837054545021
2041,0.06528525356036746
2042,0.0010913783121782674
2043,0.001700777329589912
2044,0.0028226170236076743
2045,0.06489451859729417
2046,0.1222042575904691
2047,0.0011432467382549937
2048,0.001861839922364305
2049,0.07794629605787526
2050,0.9767683149367444
2051,0.0011744783255244323
2052,0.0017093503917341355
2053,0.0012557950434359446
2054,0.015587049472692871
2055,0.222498740501387
2056,0.0015097433189117818
2057,0.010092649086517486
2058,0.009226964073396881
2059,0.004439639747142874
2060,0.003504766723000692
2061,0.0008851141045077926
2062,0.05294017500552726
2063,0.0015593246912130707
2064,0.0013425791160445355
2065,0.0015568970225687212
2066,0.004618007439799675
2067,0.0017804519370892475
2068,0.003570570684278035
2069,0.0014649753660892328
2070,0.002492313205304388
2071,0.003993046434209443
2072,0.0015489377817907897
2073,0.0017205784151364152
2074,0.005407763209721219
2075,0.0011384499968085443
2076,0.001417906366528804
2077,0.001329609420033491
2078,0.0013258418963123977
2079,0.001440987586359674
2080,0.0012858274141461727
2081,0.0032199195523181217
2082,0.10392697091550764
2083,0.053337575904564054
2084,0.0015432941917766212
2085,0.001262246629732829
2086,0.001229054212808603
2087,0.03008431342681265
2088,0.0015237136871240984
2089,0.9734661891251506
2090,0.0012867363527104476
2091,0.00380398896858449
2092,0.0022654213089704552
2093,0.004139086716919176
2094,0.9947353812377101
2095,0.0010954887891530113
2096,0.004489248678839733
2097,0.001408203307084178
2098,0.008644962827766785
2099,0.0015269169110192877
2100,0.8658373748093355
2101,0.994728730329429
2102,0.032411403976694876
2103,0.0012301623779172937
2104,0.41945811908855085
2105,0.994728730329429
2106,0.0016474930913189913
2107,0.0025716674287845184
2108,0.9947353812377101
2109,0.008016049168503351
2110,0.0012024761754529602
2111,0.0010842950251513449
2112,0.0012111730989036275
2113,0.00184685175005228
2114,0.7081739884846792
2115,0.004854103468343573
2116,0.1145607662265154
2117,0.002945783302060789
2118,0.0030575205164829786
2119,0.0011779975860776485
2120,0.02831558288429686
2121,0.24788696138672525
2122,0.001530350133601166
2123,0.994728730329429
2124,0.012974432891682366
2125,0.001378604239603706
2126,0.0017022748291535728
2127,0.0026213631324268727
2128,0.0035149021644487527
2129,0.0021867180376050886
2130,0.11486909089714685
2131,0.994728730329429
2132,0.0010059102233538186
2133,0.03461140678764744
2134,0.02139026896645234
2135,0.001556340369131169
2136,0.21377420702247504
2137,0.0011430096866620583
2138,0.07160886375570885
2139,0.006200102299504618
2140,0.021059055300474486
2141,0.001561533596461127
2142,0.001026899269488826
2143,0.0009818373272542987
2144,0.023267497690917682
2145,0.0014987682782562654
2146,0.9947353812377101
2147,0.0015450085568341383
2148,0.001086741704921502
2149,0.0040405505354601055
2150,0.015615950139776567
2151,0.003956546445735969
2152,0.0013848915998828518
2153,0.010280728322434169
2154,0.3497431547710056
2155,0.0035379395814390596
2156,0.001299104985242011
2157,0.002446148588522334
2158,0.0011313688472188443
2159,0.020829581513966234
2160,0.0011674544120084316
2161,0.0019445602152951956
2162,0.0028798937873526598
2163,0.07690453583865288
2164,0.563514311694775
2165,0.01074866549735171
2166,0.0015526131615020684
2167,0.001329860456502767
2168,0.0012634407766394331
2169,0.013519571337775364
2170,0.994728730329429
2171,0.0010704483365808857
2172,0.0015606796360584387
2173,0.001534888077031006
2174,0.0012593616912996081
2175,0.0017494744095955888
2176,0.994728730329429
2177,0.003275335400429625
2178,0.0015694274047749976
2179,0.0023141884113660935
2180,0.0030263577192251455
2181,0.0014523212265955268
2182,0.0019421466647261453
2183,0.09108260058117588
2184,0.01993711444149925
2185,0.0030238015474942296
2186,0.0012103401673542206
2187,0.0038625352038765518
2188,0.001594347188972782
2189,0.0013864067294837984
2190,0.009832209756198607
2191,0.005420668731008633
2192,0.9934619066250023
2193,0.0031665389912008887
2194,0.006755296377804479
2195,0.017765662137332494
2196,0.0019166509734426466
2197,0.0025924641175229164
2198,0.0021256239043966917
2199,0.0021047690816111005
2200,0.007285562654175289
2201,0.006343305246222434
2202,0.0033911007253753906
2203,0.0036293594318165014
2204,0.03393017820145871
2205,0.0010543354286456992
2206,0.003146672089612548
2207,0.0010991674793814736
2208,0.0016002572943749893
2209,0.00498288350382547
2210,0.0018896532913751445
2211,0.003011828245047224
2212,0.31400851506761746
2213,0.005168606024375003
2214,0.5109423493711908
2215,0.0010023071770850435
2216,0.0035333092945272794
2217,0.0011938895480045806
2218,0.0011960620666984494
2219,0.0019747237703718976
2220,0.0014549091160238638
2221,0.9922284464938749
2222,0.002318055261491989
2223,0.0054204364005318905
2224,0.7160789393527821
2225,0.001743586299763099
2226,0.0029180827868972923
2227,0.9899948208766979
2228,0.0033256957840918813
2229,0.002740213032005588
2230,0.0011440019908295221
2231,0.001350156182290252
2232,0.0019887539782808134
2233,0.0012843815719422427
2234,0.001016060631415945
2235,0.9876898340534037
2236,0.0017131206723563445
2237,0.0015565600952467888
2238,0.00953514735024041
2239,0.07860373017725626
2240,0.06291525154333434
2241,0.0014959773637422621
2242,0.9907705658982926
2243,0.01808143995817831
2244,0.0018121808576227855
2245,0.026313013727805423
2246,0.0016150961287518808
2247,0.0015502129150647965
2248,0.0019888071257615184
2249,0.35262484452664
2250,0.13701405195169258
2251,0.0010631434023465238
2252,0.01790751546908957
2253,0.0014806230686904933
2254,0.1368416041978261
2255,0.17141445487213122
2256,0.028398450495874528
2257,0.0019394676805688914
2258,0.0019121740095229029
2259,0.001795906948239086
2260,0.9939966054981072
2261,0.10094387415773287
2262,0.0017296367019522857
2263,0.001865227454287196
2264,0.0010164281051757216
2265,0.0035068797289901275
2266,0.001225092917608507
2267,0.0011970786261820787
2268,0.001342118875153762
2269,0.001243461153076225
2270,0.15653651276269648
2271,0.3017219352217322
2272,0.0012530148918963582
2273,0.0010116485215550994
2274,0.0011754772123913017
2275,0.0018797655970983695
2276,0.005049217559016342
2277,0.989347774979141
2278,0.0016881910524209776
2279,0.001063382584195014
2280,0.0026704537559079852
2281,0.0021609775520770595
2282,0.0014692990632310535
2283,0.9947353812377101
2284,0.0048959896499859165
2285,0.002535025118511494
2286,0.9866419191872834
2287,0.0010122132818811622
2288,0.00349282503239587
2289,0.0024643553462798755
2290,0.0015683398160571006
2291,0.0017110734342308312
2292,0.008109286859285504
2293,0.0042788907449035655
2294,0.04176073622656241
2295,0.011245738583621542
2296,0.9945855918605199
2297,0.001608378102877729
2298,0.0020649629843574433
2299,0.010470924579977397
2300,0.0872292299102501
2301,0.003095489617108702
2302,0.0015908837156642112
2303,0.0011915427556819624
2304,0.000953916555977438
2305,0.005155207253517398
2306,0.0025098824053051837
2307,0.002489619555750216
2308,0.9943470605677756
2309,0.0012210487781204168
2310,0.001471595855191154
2311,0.0019713372135967406
2312,0.0018823921261487556
2313,0.0010108425188863018
2314,0.001155670717643213
2315,0.0014805861024963435
2316,0.055623496479914346
2317,0.9843893213923839
2318,0.009656643879561076
2319,0.0009670301597039465
2320,0.0011247881065660694
2321,0.027808097668668395
2322,0.0014879311698800556
2323,0.001452087301622204
2324,0.0013885156220931648
2325,0.1871829550291901
2326,0.9947353812377101
2327,0.0018105732616399257
2328,0.0013924287844964572
2329,0.23156528073021398
2330,0.01724537985834316
2331,0.008220746262119872
2332,0.19457370485781664
2333,0.0024886992250459077
2334,0.0012444312196194904
2335,0.0018310454881739877
2336,0.00506597706092122
2337,0.9947353812377101
2338,0.0017902531516277118
2339,0.0017481781632404908
2340,0.9939998167141623
2341,0.0011621092631342437
2342,0.0016895554049707823
2343,0.0010912898344232536
2344,0.002313875338754089
2345,0.050056078114727794
2346,0.001619626486516101
2347,0.9922436022949004
2348,0.02016972867699135
2349,0.9906656562025058
2350,0.013822411586382135
2351,0.0017633938449295036
2352,0.9866586366031789
2353,0.11028792548458051
2354,0.16163900091207975
2355,0.004466263394027276
2356,0.014804113750269746
2357,0.9939998167141623
2358,0.022736490104655064
2359,0.005848973471923412
2360,0.9746575950822481
2361,0.008668566515346888
2362,0.9873321264871998
2363,0.001439149340361986
2364,0.001341603184094326
2365,0.9904086007262373
2366,0.2936237954923472
2367,0.14380152893872186
2368,0.10402122357703712
2369,0.0441083163490084
2370,0.001212105659341886
2371,0.001213365801006218
2372,0.5029084578558317
2373,0.0017747938082664752
2374,0.006769254079352768
2375,0.0031401226334369587
2376,0.7906020465860257
2377,0.49746526993829465
2378,0.9899948208766979
2379,0.7767233159038084
2380,0.9943470605677756
2381,0.03422245793624658
2382,0.0021065221919707314
2383,0.0305305437553294
2384,0.9901731903048516
2385,0.0012073692524231362
2386,0.001063681242906451
2387,0.994728730329429
2388,0.001896546751730365
2389,0.002321393618615629
2390,0.0013698549343025034
2391,0.04986967435264338
2392,0.014123122286589577
2393,0.0015617638408341847
2394,0.0011364835323745546
2395,0.0015952543737126111
2396,0.02792328329105604
2397,0.00098895050654641
2398,0.9939998167141623
2399,0.0019733192860004484
2400,0.004168204237044794
2401,0.0034751365910163307
2402,0.001088013149156063
2403,0.003649509079843459
2404,0.9939998167141623
2405,0.001934980871218798
2406,0.001531817823281942
2407,0.0077128934855089076
2408,0.0019029184620680292
2409,0.0012679361331438255
2410,0.0072503538201121025
2411,0.008761912768548047
2412,0.0023736784952702937
2413,0.002330503527047258
2414,0.0020211676467970685
2415,0.0012696953456801713
2416,0.11615051306867685
2417,0.001548632518604659
2418,0.001238507253809534
2419,0.0271016679243243
2420,0.001177526759829876
2421,0.001155670717643213
2422,0.001669268069516119
2423,0.0015320195707606266
2424,0.9941639209298475
2425,0.13389013693660362
2426,0.11264363907680539
2427,0.0010882652361178372
2428,0.0015754340707673459
2429,0.0009940561469835329
2430,0.0013652951602731774
2431,0.0015178169839409593
2432,0.0012115533361392468
2433,0.0010715144986391807
2434,0.006990735201520352
2435,0.0017148053315432007
2436,0.0017474651681217276
2437,0.9913192037107446
2438,0.0017373870086857624
2439,0.001488190821183832
2440,0.0013894770771732338
2441,0.0013575267095685037
2442,0.0013924287844964572
2443,0.0014587727842528563
2444,0.8687993885697313
2445,0.9947353812377101
2446,0.001374517452095993
2447,0.0012415322168100287
2448,0.0014421831741646385
2449,0.3744652815125672
2450,0.11945862463421873
2451,0.06024685130992449
2452,0.001116960277790782
2453,0.0012732877633173352
2454,0.0026446701818637736
2455,0.20392795150060622
2456,0.0038394433885552428
2457,0.16916584524053785
2458,0.003172875374453067
2459,0.004183315879637856
2460,0.0015980602513786099
2461,0.03720484319827369
2462,0.21386439736856575
2463,0.9907705658982926
2464,0.001537455157784413
2465,0.24007512434799214
2466,0.00484139756487773
2467,0.005573027499256952
2468,0.0012889006400922656
2469,0.02074884861329942
2470,0.1721732346155521
2471,0.0018357848617905404
2472,0.0009679534408560567
2473,0.20262797089263462
2474,0.03383550103541745
2475,0.028111233379760913
2476,0.005768534071320041
2477,0.006543831170421582
2478,0.9761599858226953
2479,0.003173832635719158
2480,0.0012843815719422427
2481,0.0010991863964543
2482,0.006812882668202833
2483,0.9901731903048516
2484,0.001050068281271232
2485,0.004338611760426869
2486,0.0012081526399162807
2487,0.001188571356899817
2488,0.0015484104242879586
2489,0.0041910542858314605
2490,0.1133913846098072
2491,0.0043573795756477055
2492,0.001549228122787647
2493,0.9915741736249218
2494,0.0013937065380141109
2495,0.0014682542182705184
2496,0.001074262386422278
2497,0.9945855918605199
2498,0.0010095153726631697
2499,0.002816735226433845
2500,0.0013671502454658143
2501,0.9945826924347425
2502,0.4401890911168353
2503,0.740285612648107
2504,0.0014282366991661935
2505,0.011310908509559273
2506,0.0012372920231309387
2507,0.0814354810223161
2508,0.0014085152065515727
2509,0.003861733258241989
2510,0.03383187979403211
2511,0.012681940444707081
2512,0.006238504961740352
2513,0.0017866384988096601
2514,0.0014863190939501838
2515,0.0018200895300852576
2516,0.0012391658492128931
2517,0.001799535435984478
2518,0.0014727511163165911
2519,0.9899948208766979
2520,0.0012982562869969891
2521,0.0014489365958397394
2522,0.0017723133920268584
2523,0.0012266363919363771
2524,0.004843459308186352
2525,0.9901731903048516
2526,0.8957075617747222
2527,0.0010047996234420493
2528,0.0011757290290407502
2529,0.0015350062343400825
2530,0.0012297441014629024
2531,0.000946157861009062
2532,0.00144363784481997
2533,0.9946528347011898
2534,0.3866713955148448
2535,0.07126758148953063
2536,0.23116397855871101
2537,0.00637538624333281
2538,0.0015132907467606674
2539,0.0020108560723557374
2540,0.0014582286378984133
2541,0.0012701491501270277
2542,0.0017514653045834156
2543,0.016653694347493246
2544,0.001051175677723332
2545,0.049189052081731355
2546,0.25344775182939827
2547,0.0016063197443749858
2548,0.0015815377691080327
2549,0.0011878871450401432
2550,0.006961011688705005
2551,0.0018045093846033962
2552,0.001377517322519761
2553,0.0012776676680920128
2554,0.001717375208520533
2555,0.0386293930510586
2556,0.9947353812377101
2557,0.0011569689298404284
2558,0.0010211911784059535
2559,0.9413110109430611
2560,0.9900001511130662
2561,0.0010502336533692873
2562,0.003275460355150471
2563,0.0018744244795571752
2564,0.0038923758993930084
2565,0.0012022595446258924
2566,0.0009371707601106098
2567,0.0014089463589962727
2568,0.0026455203965164314
2569,0.0011491754682544186
2570,0.0014222155265649248
2571,0.0014255571168941673
2572,0.007213635100904377
2573,0.001501762863093288
2574,0.9876898340534037
2575,0.008232218600910661
2576,0.0010410159335098692
2577,0.001759656507172046
2578,0.0016221836634968624
2579,0.0012309527311883004
2580,0.0013719158350620746
2581,0.09782044951068108
2582,0.0013969645332329427
2583,0.7923515089871279
2584,0.0016831891106322727
2585,0.0035873900227841008
2586,0.0016699626310440346
2587,0.0012621360098719694
2588,0.004879645816914987
2589,0.0018027684373546485
2590,0.43210771621110144
2591,0.00137855458498639
2592,0.0014629536038512482
2593,0.0016861029152407505
2594,0.0012574484514844407
2595,0.0011582441229808426
2596,0.013537180694239506
2597,0.0018469488655797014
2598,0.0017261163896791624
2599,0.0022360691628461266
2600,0.0018408632619432684
2601,0.001221443305068505
2602,0.9947353812377101
2603,0.08930780798382831
2604,0.14611651160932093
2605,0.9874684387844567
2606,0.9251785795719359
2607,0.08936958303698661
2608,0.015145815753438057
2609,0.0010954357554352014
2610,0.0016985684451978455
2611,0.9947353812377101
2612,0.011806812629742171
2613,0.001444277328554735
2614,0.0015951890630068266
2615,0.0030602396002925303
2616,0.0022157445735691357
2617,0.006864937032925334
2618,0.9837148929739922
2619,0.001590392484394941
2620,0.1894932912645353
2621,0.019076337210897812
2622,0.010743021168086736
2623,0.0012667392723689156
2624,0.003644640188146097
2625,0.9913192037107446
2626,0.0012808508169029813
2627,0.0020868617633002812
2628,0.9876898340534037
2629,0.002634558082839383
2630,0.9737629171289603
2631,0.000941976770412517
2632,0.0011928728883343165
2633,0.0009635083321825517
2634,0.9899801343451191
2635,0.9943429504981026
2636,0.019604812052490036
2637,0.0014502887217094896
2638,0.010585523417362073
2639,0.001246411974790765
2640,0.001453609071256792
2641,0.0015688116228125513
2642,0.0014663848386468603
2643,0.002059414952021538
2644,0.004649134409466497
2645,0.0010376848030588615
2646,0.03925138306569829
2647,0.011598701383625573
2648,0.0015539193590934565
2649,0.9360568702332251
2650,0.0017429044022714466
2651,0.0011928874245796198
2652,0.0011680071357696897
2653,0.9901731903048516
2654,0.001211871730774068
2655,0.0010991863964543
2656,0.031137768825007156
2657,0.2790328370461278
2658,0.0011693855897127086
2659,0.0016598388378954204
2660,0.0011868231684479247
2661,0.009572552373452121
2662,0.010030763256138211
2663,0.001676257410184888
2664,0.9899948208766979
2665,0.00173003428844142
2666,0.0012936716555424005
2667,0.0011670649382405662
2668,0.0017465853960757997
2669,0.0013200769544245462
2670,0.9876898340534037
2671,0.0012391680172809498
2672,0.001415100584825754
2673,0.03476699975850324
2674,0.11876129892633636
2675,0.0022725198680146746
2676,0.0013506752163128608
2677,0.0011865673063618438
2678,0.004858608816796816
2679,0.003052536127153391
2680,0.001652039352140204
2681,0.0014056794228363757
2682,0.9947353812377101
2683,0.008938076320697262
2684,0.005275322209855243
2685,0.9875151155189754
2686,0.003663286479526624
2687,0.2226643612108747
2688,0.0010141489978783942
2689,0.001730463171205268
2690,0.0061623340046229
2691,0.002134088879151738
2692,0.0025822815921254937
2693,0.0012968404687256634
2694,0.0010572970565633619
2695,0.018692606211749747
2696,0.002022091388860689
2697,0.008875730435951296
2698,0.0013136489495430964
2699,0.0015814787702924354
2700,0.0012145139509346348
2701,0.027760665687074287
2702,0.0027365686337820134
2703,0.07718094678429474
2704,0.0019730825930042474
2705,0.006354467380706535
2706,0.0011588251610544068
2707,0.0039488807202858675
2708,0.002034136693211045
2709,0.2977240499131185
2710,0.010864116718500311
2711,0.0015139375744422329
2712,0.00562346975493627
2713,0.001177526759829876
2714,0.0025879120951635814
2715,0.9876898340534037
2716,0.0014058905823514545
2717,0.00144363784481997
2718,0.9947353812377101
2719,0.0012542779217254458
2720,0.002893119225374628
2721,0.0012771547298780733
2722,0.9876743926392492
2723,0.9910808576512685
2724,0.0011898348007686366
2725,0.0010272434749742886
2726,0.0013268270638670786
2727,0.01838052684453266
2728,0.004173445707537296
2729,0.0010341987516274964
2730,0.001427385897726156
2731,0.0011068627556330393
2732,0.0017252613398435035
2733,0.1380190738568666
2734,0.024059148481470442
2735,0.001548632518604659
2736,0.0076160213311981
2737,0.0011747090403505952
2738,0.0013327487893976917
2739,0.0013222253181240434
2740,0.0013113224405723023
2741,0.0010843495789698112
2742,0.0013043611159310599
2743,0.0016116456920802086
2744,0.0029447716491835837
2745,0.0011495327393663036
2746,0.0009431416418923159
2747,0.0012656728179964486
2748,0.0010626532220683288
2749,0.001323882702429958
2750,0.0014052391716209897
2751,0.006549749506846621
2752,0.9916994206705312
2753,0.001197324870851568
2754,0.005329714903451561
2755,0.9901731903048516
2756,0.9913192037107446
2757,0.001857523202574731
2758,0.0018148334910265745
2759,0.0072773760515206605
2760,0.9505558551911601
2761,0.99054224082918
2762,0.9947134473983115
2763,0.002986674947586622
2764,0.0035990983967830173
2765,0.07872197003362592
2766,0.012801894944695974
2767,0.9899948208766979
2768,0.9885025406626569
2769,0.0012771864183637952
2770,0.0016392293196915467
2771,0.0011917515568133823
2772,0.004165789825130161
2773,0.0012771547298780733
2774,0.0009851615527490603
2775,0.005192987309714291
2776,0.0038016480596719166
2777,0.02779820021782198
2778,0.004180455141565848
2779,0.001255518709556066
2780,0.0015988958975648277
2781,0.0013563505978110592
2782,0.0017989851294460818
2783,0.13547716218257744
2784,0.008957972683215328
2785,0.9899801343451191
2786,0.009537443091571047
2787,0.0013304520162588653
2788,0.9876743926392492
2789,0.009612087025109956
2790,0.0011664679328790245
2791,0.0011874415677064817
2792,0.44395595497566503
2793,0.0012856229729481773
2794,0.002190188676857267
2795,0.09255434236608841
2796,0.004862313902132142
2797,0.7688115239717739
2798,0.003275519131449188
2799,0.0011670649382405662
2800,0.16951576500820195
2801,0.024424626698934766
2802,0.0009818373272542987
2803,0.0011450532502121596
2804,0.00551623288695571
2805,0.0012108418172806009
2806,0.9939998167141623
2807,0.0016021515210865235
2808,0.14153466154850688
2809,0.06888833808467905
2810,0.7198422992083083
2811,0.003076242100268989
2812,0.09600453234539184
2813,0.006026951857139001
2814,0.1700177648379622
2815,0.0021900334166837718
2816,0.018972006189892136
2817,0.0010843495789698112
2818,0.0010502336533692873
2819,0.9947353812377101
2820,0.0013606636463419782
2821,0.0024062567256553998
2822,0.003792000893328725
2823,0.0016778402849403386
2824,0.002903821955918278
2825,0.0011511770640965837
2826,0.9906441480862538
2827,0.0011263655111189456
2828,0.9866586366031789
2829,0.2304423429898979
2830,0.020037207812777996
2831,0.006546639816103872
2832,0.9866586366031789
2833,0.0016826755620685146
2834,0.007351293166611321
2835,0.0010575259168607342
2836,0.0014827037159206372
2837,0.0016804323375958637
2838,0.0015346772569039507
2839,0.01981909514202012
2840,0.4549509479975746
2841,0.09565305947834364
2842,0.001158508908460829
2843,0.008773678198720653
2844,0.0025230919882979746
2845,0.001876386100943758
2846,0.011655171357253106
2847,0.0012594313255224275
2848,0.9947353812377101
2849,0.989347774979141
2850,0.0012293392371643035
2851,0.0015187237966543302
2852,0.0013849743759935525
2853,0.0016839280250846062
2854,0.01646154913055867
2855,0.02307604722496831
2856,0.9876898340534037
2857,0.002052820361068996
2858,0.05400800704301796
2859,0.006750890482577538
2860,0.0031168033425382742
2861,0.0013073879914921435
2862,0.001281539414708406
2863,0.008547808791242159
2864,0.4673496739643162
2865,0.0011181970109645266
2866,0.015443196359444857
2867,0.0009635083321825517
2868,0.989347774979141
2869,0.0012756935915470308
2870,0.01916442380436319
2871,0.01567972783493156
2872,0.7153063993539511
2873,0.09363788325480682
2874,0.008831802315208043
2875,0.0012446692687085148
2876,0.011573173760804183
2877,0.006725703601046467
2878,0.004845788374313035
2879,0.006470057798049345
2880,0.0010355588868873535
2881,0.9899948208766979
2882,0.05401726546062637
2883,0.0077146578835660656
2884,0.027338680242638413
2885,0.001552855698092347
2886,0.0013506752163128608
2887,0.0017065362478774228
2888,0.30641418074125276
2889,0.0018640670686578046
2890,0.22680053279834514
2891,0.004361279081328577
2892,0.9876898340534037
2893,0.010757946408612646
2894,0.9876898340534037
2895,0.003990598435698144
2896,0.004061510580317157
2897,0.004913126981378905
2898,0.0011898348007686366
2899,0.04840333463246941
2900,0.04813829827063834
2901,0.002759688860520874
2902,0.007366523592408191
2903,0.0012987527529760526
2904,0.9915635629640328
2905,0.9908974409747494
2906,0.0025298875833717413
2907,0.002345217111418315
2908,0.0009766502724274538
2909,0.04060661307462423
2910,0.10028874797384489
2911,0.04689503553980031
2912,0.9901731903048516
2913,0.020770742207562743
2914,0.0014551469978864736
2915,0.045299721374210566
2916,0.027788959674840994
2917,0.0015877791757980151
2918,0.0012925277371601898
2919,0.994728730329429
2920,0.0016348023262946077
2921,0.008859646648699374
2922,0.0029846321267134163
2923,0.9916994206705312
2924,0.001105886304302534
2925,0.8646195450064962
2926,0.0016149630401338178
2927,0.01721895619310862
2928,0.9916994206705312
2929,0.003611181481951247
2930,0.9866586366031789
2931,0.005421619930577226
2932,0.9911728228864297
2933,0.0054064734943514514
2934,0.0014346510909402036
2935,0.0029076839937104636
2936,0.012702509255976782
2937,0.01242830901910389
2938,0.0029465870644549597
2939,0.010134528867045169
2940,0.005975149481747804
2941,0.0031552546848248654
2942,0.003703428807955302
2943,0.40889670222413
2944,0.012185977687540097
2945,0.0037028463763438798
2946,0.0009861818464680045
2947,0.0019271834154045422
2948,0.0012307142428259464
2949,0.000816386287812692
2950,0.0029276461693896762
2951,0.9899875782972781
2952,0.001763191840307476
2953,0.033229737186552574
2954,0.9876898340534037
2955,0.0033948408570936887
2956,0.006003484889311687
2957,0.006298038074760839
2958,0.003126932982674726
2959,0.1648128594373589
2960,0.954487771617514
2961,0.010073566036697228
2962,0.0010154028106243267
2963,0.001147230967074681
2964,0.1597148112113859
2965,0.07339825603065303
2966,0.0016390180592782137
2967,0.001190344206941764
2968,0.0016835221012478968
2969,0.0017977500332838495
2970,0.0011626046474625964
2971,0.9901608328890857
2972,0.9871153323751243
2973,0.3624361516780953
2974,0.017044513826600466
2975,0.03494888540442895
2976,0.0011708428647660134
2977,0.0011727840480654883
2978,0.002793993597480722
2979,0.0011234926542626202
2980,0.0010691397275700875
2981,0.0035054069263562738
2982,0.09712978942167182
2983,0.07509873774283357
2984,0.6521015814628859
2985,0.0014654985631270912
2986,0.0020761826555103454
2987,0.11203235008649041
2988,0.004138745302084986
2989,0.000938760500764747
2990,0.001168279295502548
2991,0.001180581321398948
2992,0.0035494393486369506
2993,0.001936030539299544
2994,0.0011662236022686255
2995,0.0014605777372215748
2996,0.00639576047998649
2997,0.001137312089320909
2998,0.0012273555481518935
2999,0.3699434033984684
3000,0.0010620234628422127
3001,0.0010520495712468768
3002,0.0009950300770391503
3003,0.10672229731638606
3004,0.0012801064711992366
3005,0.0011976169793320543
3006,0.002387069578937423
3007,0.015467680276601125
3008,0.0010798903392231637
3009,0.001523425658758163
3010,0.5461449470690172
3011,0.9876898340534037
3012,0.0016928552556820355
3013,0.10969545048542247
3014,0.04821104198755969
3015,0.11478567002717377
3016,0.009298622040446935
3017,0.08758597191301339
3018,0.0027876692693510298
3019,0.5208344817302403
3020,0.0014498056056012286
3021,0.0015490660656121943
3022,0.000943527529195026
3023,0.0014152957638058049
3024,0.0012833913734427499
3025,0.0012230099945048814
3026,0.025665373157327233
3027,0.0010213901238323502
3028,0.001751089154010455
3029,0.001291289828359499
3030,0.0013848659692875618
3031,0.0010868155100580612
3032,0.0010852992868566774
3033,0.0018175294373697704
3034,0.003640908820823768
3035,0.0012283363409616938
3036,0.001578550418388636
3037,0.1603180779926217
3038,0.25390920077432944
3039,0.32115627911765315
3040,0.0018119672636910118
3041,0.08236126590357506
3042,0.0027866240369415016
3043,0.00557476736914055
3044,0.0011958173320566667
3045,0.0011822056855576603
3046,0.005276036703388933
3047,0.0013071060333873178
3048,0.001183300786630398
3049,0.1390798768190434
3050,0.0021804139677316313
3051,0.06969008980170086
3052,0.08062983966877903
3053,0.0017261748880025851
3054,0.001053278203004991
3055,0.0011767472888789855
3056,0.0010834569806045492
3057,0.0011944906408650612
3058,0.0012037480386598777
3059,0.0012948497316058359
3060,0.0010153583314639896
3061,0.03693831954239357
3062,0.001219651877433872
3063,0.011546982497540192
3064,0.0009001454270597636
3065,0.0011845501911673698
3066,0.001971153706142458
3067,0.018942682323424376
3068,0.018374705736067594
3069,0.0010769852782393614
3070,0.0009701107916147696
3071,0.00146709075373127
3072,0.0016364688250046406
3073,0.0010659878838983978
3074,0.0009670586839905294
3075,0.0013019093752870668
3076,0.0010691397275700875
3077,0.001080967004988333
3078,0.004413740647236581
3079,0.15793127995689613
3080,0.001168445902298641
3081,0.001232932577754463
3082,0.5377395107089855
3083,0.0010559878021045074
3084,0.0010119446879353778
3085,0.001232932577754463
3086,0.7264474783631812
3087,0.0011021961709264502
3088,0.001143265980022497
3089,0.0010453260166006595
3090,0.006033826889981679
3091,0.010572969784739442
3092,0.28204047496048906
3093,0.13630116662961533
3094,0.002088719675894582
3095,0.0011782469743296217
3096,0.001376709050474937
3097,0.003788744927722667
3098,0.0022296684835651976
3099,0.9894913409038596
3100,0.542141044588188
3101,0.010664612397082662
3102,0.0015671326791880898
3103,0.0012351662565239603
3104,0.001187222959105293
3105,0.001393862062736835
3106,0.001175119422560855
3107,0.0010647350844710806
3108,0.0010111187988751395
3109,0.0009349598575376725
3110,0.001178438511109942
3111,0.0012698374584222656
3112,0.12887113030655575
3113,0.0014107136982069452
3114,0.001480005561860743
3115,0.00123324774677109
3116,0.0019361856656321327
3117,0.001145452419606193
3118,0.0010441583769079446
3119,0.0009485388339476418
3120,0.0011566564850134648
3121,0.0014756093097738924
3122,0.0011914813322561131
3123,0.0010724435353445412
3124,0.0011546677109318974
3125,0.001227412815472107
3126,0.0012094760090945694
3127,0.001561356620260568
3128,0.0014415762136932627
3129,0.0012175591968552025
3130,0.03139929798580513
3131,0.015615992560330144
3132,0.06359516734657295
3133,0.00390186828137742
3134,0.001019712436806646
3135,0.0769240665211366
3136,0.0012002694253436888
3137,0.0010524399124398663
3138,0.0009700435738700154
3139,0.2719917013799283
3140,0.06278833522968125
3141,0.1863596447251444
3142,0.0014933206474633518
3143,0.0013033482683351175
3144,0.0037485945637961418
3145,0.0085766584358433
3146,0.03526026094080469
3147,0.1510347237425969
3148,0.0011864064270720204
3149,0.0013941298559284004
3150,0.000989087065815772
3151,0.0012833913734427499
3152,0.19155877899399582
3153,0.35988794556254333
3154,0.1802822802008785
3155,0.0026483922793981846
3156,0.0011813955817360747
3157,0.053996758407525436
3158,0.06985516794409975
3159,0.001120806034840968
3160,0.0012530371907677538
3161,0.03730671103606265
3162,0.06345847176714381
3163,0.9907587870286771
3164,0.043087964359363795
3165,0.006658802517648989
3166,0.2917349117742238
3167,0.08255742758397976
3168,0.01996419982342558
3169,0.0012372980284425883
3170,0.02181015826259956
3171,0.08993899895759137
3172,0.005577108001971738
3173,0.0016457081021562967
3174,0.001006598735934151
3175,0.0012420641181698226
3176,0.0013316472424779455
3177,0.0013080171950439247
3178,0.0011857852421374578
3179,0.0009670586839905294
3180,0.14151219630402787
3181,0.034466617683734255
3182,0.003621955361563333
3183,0.0028099662692513557
3184,0.0011864601839009746
3185,0.7412578571139751
3186,0.9785487476605561
3187,0.0024276556002981405
3188,0.006699925075792847
3189,0.0010691397275700875
3190,0.0015995388640300731
3191,0.5256211161080679
3192,0.0012246284081382103
3193,0.001053278203004991
3194,0.0023462330080596997
3195,0.02781739160030396
3196,0.05608332511373699
3197,0.9876743926392492
3198,0.0045632158717295755
3199,0.044205535084346166
3200,0.21605890278962034
3201,0.0020191720891878004
3202,0.9876898340534037
3203,0.0023349487084246127
3204,0.0013165909841699273
3205,0.0010760609942161185
3206,0.001096532619913236
3207,0.0012196410505510694
3208,0.22432697023671985
3209,0.001541756159518934
3210,0.0014798797592992265
3211,0.00108872181643741
3212,0.0016426317940844534
3213,0.08005546000108774
3214,0.0016889394526262472
3215,0.0011563019136707569
3216,0.9876898340534037
3217,0.001855443583998794
3218,0.017235509432592076
3219,0.004324328867249117
3220,0.10063902745570917
3221,0.001018939955651867
3222,0.06920902088202088
3223,0.002053761782828202
3224,0.9839552579652837
3225,0.0010931716963523254
3226,0.0010232388203377078
3227,0.9907570074458736
3228,0.003833957093245168
3229,0.001703554769733171
3230,0.0015403979296103724
3231,0.0011823265431752641
3232,0.0010511756395034139
3233,0.0009751955743312801
3234,0.009421685201179553
3235,0.9876743926392492
3236,0.002069560369518333
3237,0.0010480967448155513
3238,0.0011168092905128604
3239,0.000943527529195026
3240,0.7419668259593312
3241,0.014631978709240689
3242,0.0011094265788198282
3243,0.0013948450779739574
3244,0.004198022904412168
3245,0.000943527529195026
3246,0.001186799174483714
3247,0.9899678431186499
3248,0.01945364499482892
3249,0.05721453719114041
3250,0.1676256298758933
3251,0.0010313372493222543
3252,0.001200756276995101
3253,0.7682164070107426
3254,0.0010576238667568806
3255,0.0010742108293554035
3256,0.12621771432528664
3257,0.09360361656244841
3258,0.019568474929313347
3259,0.03655146199143924
3260,0.19835707704025646
3261,0.3633843066039414
3262,0.0876710328829349
3263,0.9901608328890857
3264,0.0012135630940166913
3265,0.0013775300404099656
3266,0.9878761294731148
3267,0.0010154028106243267
3268,0.0027504777390062168
3269,0.0010421287607336259
3270,0.07422185446620116
3271,0.02509750231635052
3272,0.001046973000026849
3273,0.0014669291632286006
3274,0.0009775473184750131
3275,0.003673107757999713
3276,0.01759178904781135
3277,0.0013444712951137389
3278,0.000989649294042645
3279,0.001018939955651867
3280,0.0012960421166408388
3281,0.14984203818200154
3282,0.0015994357659547783
3283,0.006921902266983259
3284,0.00344722758422581
3285,0.001972392329909907
3286,0.001174736215097152
3287,0.0011822608487190433
3288,0.0010238956502727726
3289,0.0037119604794758876
3290,0.0024198977922230166
3291,0.0009894756856979698
3292,0.0998500026324133
3293,0.033235012949763186
3294,0.03636237798611905
3295,0.011762487795271679
3296,0.010681585180577302
3297,0.0009775473184750131
3298,0.0012007018732090966
3299,0.01861098935438072
3300,0.01946525844678499
3301,0.0010150711241285178
3302,0.0012684084640574346
3303,0.004119082285966943
3304,0.0015995388640300731
3305,0.006314001433111791
3306,0.0010345827918976007
3307,0.000943527529195026
3308,0.022604447653266014
3309,0.03278573092235669
3310,0.0009633279180119304
3311,0.001558837213976089
3312,0.008732206829755939
3313,0.0013035710673026705
3314,0.001107707708214472
3315,0.009038860116330512
3316,0.0024882125460078007
3317,0.002020655410730992
3318,0.001672612505953044
3319,0.0011527919251782068
3320,0.0011324619519501463
3321,0.0011325212858802076
3322,0.0011606559074771854
3323,0.0012464876328287273
3324,0.0011495176589348983
3325,0.0013278467382513309
3326,0.43543432217537426
3327,0.005851443910800786
3328,0.0022205563899490546
3329,0.001325218014967243
3330,0.0010879208963807216
3331,0.10157209632665602
3332,0.02001243881067821
3333,0.03270970137776916
3334,0.0010439366625711914
3335,0.002581542900220793
3336,0.0013071060333873178
3337,0.0010342054896988724
3338,0.001050291947799422
3339,0.0014418765641177093
3340,0.001306570319970907
3341,0.000943527529195026
3342,0.06380020000691158
3343,0.004819616961913556
3344,0.0011336058159737573
3345,0.0009967157452802637
3346,0.0012983029327733918
3347,0.00197128624709429
3348,0.0016181274669088248
3349,0.0012885744036963873
3350,0.001379271423931096
3351,0.0013679879068414624
3352,0.0010952146654879195
3353,0.0011871925428844762
3354,0.001178438511109942
3355,0.13694476658973756
3356,0.04103791333151336
3357,0.02188189794075469
3358,0.001419596075227661
3359,0.0010759810365749832
3360,0.0028332240480859086
3361,0.9857701586629659
3362,0.001292831473831135
3363,0.0010232388203377078
3364,0.0014889680061630883
3365,0.0014406239013637573
3366,0.0015534463319884842
3367,0.19505756914176026
3368,0.0011666971652113762
3369,0.0017025567858665442
3370,0.0011323755705439382
3371,0.016693391436904122
3372,0.05304055199781564
3373,0.07718870665118373
3374,0.04195888638658181
3375,0.013653273035797105
3376,0.003098139715590699
3377,0.001177878949661591
3378,0.991674540928188
3379,0.0023364901955040636
3380,0.001249884007949926
3381,0.0012251822042009617
3382,0.0014462004582514686
3383,0.0013986771001094395
3384,0.001858634834449265
3385,0.661459406920917
3386,0.050731504111887156
3387,0.0009438841285433884
3388,0.0029936250141481668
3389,0.001231292500629631
3390,0.0016507008102851725
3391,0.0011778846499472739
3392,0.0011767472888789855
3393,0.059088026943971826
3394,0.9901608328890857
3395,0.0013985624560810233
3396,0.0011043107542617562
3397,0.0011664635096257003
3398,0.0022857582036146483
3399,0.001246905417981898
3400,0.0013188226255475973
3401,0.0012680879137332772
3402,0.0012153289355225556
3403,0.2830120205036386
3404,0.0014766710093582496
3405,0.13251312078206282
3406,0.0026830424304013912
3407,0.0015350253512828244
3408,0.17895472725797285
3409,0.07739007887290121
3410,0.0012507429322854327
3411,0.17860690873716653
3412,0.024300446117615948
3413,0.07585916878309948
3414,0.0012836048724244695
3415,0.0011787484012625393
3416,0.0009669985506174228
3417,0.0011808766675361756
3418,0.10624740510260866
3419,0.0010529088273551381
3420,0.0011419781018871583
3421,0.008086611948629578
3422,0.007064772530429094
3423,0.0009730684490656229
3424,0.0012399073342164513
3425,0.98584903827832
3426,0.0011864064270720204
3427,0.0009978943293862332
3428,0.0012079646968301296
3429,0.0055515427572214535
3430,0.00295217825045884
3431,0.18705679059431382
3432,0.0012230654078338298
3433,0.0014940813651254845
3434,0.0011706106361727372
3435,0.0015942341300871372
3436,0.0010866524276725634
3437,0.0009942353688592134
3438,0.0011465083956496806
3439,0.0011529790777541462
3440,0.0012332494119829983
3441,0.001227412815472107
3442,0.5345845435104098
3443,0.2489547129112119
3444,0.0016507008102851725
3445,0.07538121190336246
3446,0.0022034653742385745
3447,0.0019843364207396403
3448,0.7948174470114145
3449,0.001135919695895882
3450,0.001085619294861088
3451,0.005590900680687929
3452,0.001195560548474574
3453,0.0014277934584905794
3454,0.03290179615516537
3455,0.01946857994660311
3456,0.010548050424857403
3457,0.001018939955651867
3458,0.0014564210206580263
3459,0.0011665510196091527
3460,0.0012362734594399453
3461,0.001306469717200607
3462,0.0018035216809880613
3463,0.0010390118754529725
3464,0.006179460748464412
3465,0.012043495036234463
3466,0.07959120538051308
3467,0.0012646680460610365
3468,0.0012717748033807632
3469,0.0010603606516471915
3470,0.001225557531345863
3471,0.0010936823610782278
3472,0.1496879875905533
3473,0.0025372748750773257
3474,0.001205086045280116
3475,0.09533141819723104
3476,0.0012214424464001067
3477,0.007769133753042185
3478,0.0009508263549043488
3479,0.0013568884012443657
3480,0.0024096801284284116
3481,0.1963475957121772
3482,0.10606951131766099
3483,0.003921999885633899
3484,0.0011787484012625393
3485,0.0012068529221849185
3486,0.0016123813012379634
3487,0.0013585467991756271
3488,0.0009596353737868763
3489,0.0011603220443765785
3490,0.003666788964929869
3491,0.8886307881021347
3492,0.9916850131805375
3493,0.000982973462727214
3494,0.001145218051216555
3495,0.9876743926392492
3496,0.06493536749894732
3497,0.003842391597147698
3498,0.0011914109831047744
3499,0.001220064870318942
3500,0.0012253847411458835
3501,0.0021311718830860317
3502,0.19454903398270712
3503,0.007580968624540494
3504,0.0010672386339642282
3505,0.0012273555481518935
3506,0.0011641433033475397
3507,0.032495037360926585
3508,0.001158662232170789
3509,0.007386491113643599
3510,0.0011926685655960618
3511,0.4762423021080961
3512,0.0015277186861165138
3513,0.031137357596755937
3514,0.0012474218121682882
3515,0.299954918935953
3516,0.001280316067525667
3517,0.008383478164216503
3518,0.15430546740398496
3519,0.5072096068076496
3520,0.0013299262467832342
3521,0.0015920094738280284
3522,0.0064680144343342
3523,0.0015408299205894088
3524,0.21799102289727926
3525,0.07855338368935817
3526,0.004990294096313546
3527,0.053175139207297314
3528,0.0014016223344033333
3529,0.0010530774287259637
3530,0.000943527529195026
3531,0.0025716806347652384
3532,0.0012360712161857946
3533,0.048156382085948704
3534,0.09531961010294539
3535,0.7204179824698926
3536,0.0891536775130582
3537,0.0012550454352328647
3538,0.23635994895143084
3539,0.004446847526804187
3540,0.035459835391483556
3541,0.0012754429612679063
3542,0.0013307118531550816
3543,0.037017991080889885
3544,0.0011737255824930135
3545,0.0011412463352906712
3546,0.0015895902327899775
3547,0.4212471137407892
3548,0.009358257347835896
3549,0.010093790863368236
3550,0.20477514427512206
3551,0.1290029175951994
3552,0.0010890811352010598
3553,0.017881025598183425
3554,0.1295796332050873
3555,0.009207640461797126
3556,0.0011363178610829198
3557,0.0011864064270720204
3558,0.012686988360212904
3559,0.0010056886252472912
3560,0.0013658843942478019
3561,0.012280614975953185
3562,0.006218095910801842
3563,0.0010229227790365134
3564,0.0012940505437912665
3565,0.0013171011413338938
3566,0.17915548227388703
3567,0.010491490918839894
3568,0.0015388694357909643
3569,0.015644780026446158
3570,0.0025625875992847675
3571,0.0012682414259112997
3572,0.0015610541271936075
3573,0.001232932577754463
3574,0.027199520581500065
3575,0.0015193584195295142
3576,0.0009908805560024572
3577,0.0009670586839905294
3578,0.0037066764290591765
3579,0.0011010184962139873
3580,0.0010298605989778695
3581,0.0011910162186184567
3582,0.0012230670593137134
3583,0.0012051422747788691
3584,0.5609400136527749
3585,0.0010691397275700875
3586,0.019630474577846807
3587,0.001038614136397527
3588,0.23593678608490845
3589,0.02710650541902984
3590,0.07038814956567223
3591,0.000999636224874935
3592,0.0012469613174031793
3593,0.0012273555481518935
3594,0.007203168889605478
3595,0.001474414786657279
3596,0.0011437091771206553
3597,0.0012181803114532522
3598,0.004857626504199062
3599,0.03436150412439805
3600,0.018885590604772143
3601,0.07334262530783112
3602,0.11643611893775052
3603,0.0012841942796564317
3604,0.0011668052292341002
3605,0.002001787448126818
3606,0.026503863490496243
3607,0.005166600905579807
3608,0.0011602682390214104
3609,0.9878761294731148
3610,0.001247332371867261
3611,0.002713355410434934
3612,0.0011822056855576603
3613,0.0059156086835582605
3614,0.001620049969942155
3615,0.00767567187861903
3616,0.0039196006495074275
3617,0.9876898340534037
3618,0.0011573130949153103
3619,0.006065570176921739
3620,0.0029238415492190283
3621,0.0016115142589632882
3622,0.028393209975062946
3623,0.0017050087287577174
3624,0.09926726373297919
3625,0.00903729168559947
3626,0.001063674096763793
3627,0.0011547452433759572
3628,0.003706049359228838
3629,0.09875681891384844
3630,0.0015071154638317688
3631,0.001246905417981898
3632,0.9878761294731148
3633,0.02897352266561538
3634,0.06406566504816363
3635,0.9876743926392492
3636,0.0011563237485202828
3637,0.0011759703238205439
3638,0.040557036433424586
3639,0.04044200026483813
3640,0.001164559426209557
3641,0.006833196042543434
3642,0.9894913409038596
3643,0.011448511099793479
3644,0.0009016692423793352
3645,0.001253204828256626
3646,0.04766646983755946
3647,0.0015697260172447736
3648,0.0014652035437667471
3649,0.001158662232170789
3650,0.3686291240132893
3651,0.0016704698427978536
3652,0.0011495176589348983
3653,0.0015891912695140584
3654,0.4835088852677965
3655,0.19872688706079727
3656,0.15354649583044164
3657,0.0011460360663958728
3658,0.001273892793088709
3659,0.001190436273810971
3660,0.00122023368901934
3661,0.0259288316548383
3662,0.0015263902914240176
3663,0.37634105414609104
3664,0.7765143984366978
3665,0.991043835154622
3666,0.002491385674426084
3667,0.010463336379014603
3668,0.06343262137840944
3669,0.0035462174363684734
3670,0.9876898340534037
3671,0.001870548542041938
3672,0.001907567449958701
3673,0.0016636690672171054
3674,0.9876898340534037
3675,0.0009485388339476418
3676,0.0012342652669812082
3677,0.0013205711547386132
3678,0.005944459094421938
3679,0.02323882920316652
3680,0.001561300361271873
3681,0.001111997004313061
3682,0.8169641600827334
3683,0.0009937094176123104
3684,0.24181561811197697
3685,0.007426396751784249
3686,0.04175182196237687
3687,0.20328310911585526
3688,0.001001837659343657
3689,0.0011563019136707569
3690,0.9907301174344976
3691,0.20097789040040498
3692,0.0013213827446051092
3693,0.0018481404618962967
3694,0.9845770889565035
3695,0.0012782695259520441
3696,0.1215733543920617
3697,0.001493639258288186
3698,0.0012273555481518935
3699,0.04848328951221325
3700,0.05339560650259289
3701,0.0009485388339476418
3702,0.002010825692392728
3703,0.0011664965885973223
3704,0.001018939955651867
3705,0.00130261292472166
3706,0.08109816489627131
3707,0.0014693611156606444
3708,0.001014310458991971
3709,0.0013387578774518081
3710,0.0011585014087243733
3711,0.09072103235567405
3712,0.003510404003289016
3713,0.001389006981969505
3714,0.00811253109226094
3715,0.0049991824006223136
3716,0.059868385190403314
3717,0.04983635283135633
3718,0.001017666672683498
3719,0.0010493848866150448
3720,0.04899530835744025
3721,0.001974111392516581
3722,0.03444393836502808
3723,0.9886243036897263
3724,0.4066422687980178
3725,0.13617564520050274
3726,0.2815236542364199
3727,0.07717454164121129
3728,0.000989649294042645
3729,0.16049089230367583
3730,0.0019390752406790546
3731,0.001187962780692544
3732,0.001531355520498691
3733,0.0013166364098337283
3734,0.01963513438899211
3735,0.07383792892037751
3736,0.0012362734594399453
3737,0.0011334455528293128
3738,0.003260997374466659
3739,0.001079884497718116
3740,0.0011003169518619437
3741,0.001229533787199262
3742,0.001145015795814154
3743,0.032926282784668554
3744,0.022634128921705146
3745,0.001325303772500631
3746,0.0012293834981246014
3747,0.013944917753071204
3748,0.0010837243680819565
3749,0.001169741044697426
3750,0.111479801205057
3751,0.98410403134848
3752,0.0009884967670290906
3753,0.026762916971485896
3754,0.001472033105885658
3755,0.005236677408824356
3756,0.001018939955651867
3757,0.0010323781118259157
3758,0.0013112815098094794
3759,0.9901608328890857
3760,0.0011560801702077224
3761,0.0009942353688592134
3762,0.0012273555481518935
3763,0.029865523887199322
3764,0.014592045071703637
3765,0.0016108449592464869
3766,0.0012733690899622845
3767,0.9876898340534037
3768,0.001147230967074681
3769,0.06214849165363691
3770,0.0011882678195340819
3771,0.001150015163961231
3772,0.0012441320225817555
3773,0.005570581194565235
3774,0.06285060679078475
3775,0.004210853657369711
3776,0.542445823307563
3777,0.0016641226812924431
3778,0.9901731903048516
3779,0.005217353572953989
3780,0.0010041822414697081
3781,0.0009471581514233689
3782,0.0009471581514233689
3783,0.009943470936262121
3784,0.0012222231318472824
3785,0.01935931319455282
3786,0.0017958709881545597
3787,0.0015058104442696096
3788,0.18032951120537774
3789,0.0013199880771667116
3790,0.0014224506372850258
3791,0.0016111403458162635
3792,0.0016660709845255821
3793,0.0012533768336940492
3794,0.12634633049363864
3795,0.001479545672219463
3796,0.008871499601256163
3797,0.030052813036820347
3798,0.001645190623505102
3799,0.0013918602859820009
3800,0.739006569249561
3801,0.0018001408746960773
3802,0.0012230099945048814
3803,0.005506407833520301
3804,0.07414669692715403
3805,0.0009716836908574896
3806,0.004649308987001906
3807,0.0026401194259036724
3808,0.0015037648361917357
3809,0.04234752853143658
3810,0.08214205439439151
3811,0.0016583600812143484
3812,0.0012342098829374224
3813,0.0012342652669812082
3814,0.05416352544527667
3815,0.3211549757299737
3816,0.028834671530453028
3817,0.03237188713369228
3818,0.0074237943610092035
3819,0.026423286437627685
3820,0.01587639641554527
3821,0.9901608328890857
3822,0.0012176782913949225
3823,0.001940701326329467
3824,0.12393633113900308
3825,0.001048137998408168
3826,0.25629282980422946
3827,0.0018996540689012237
3828,0.001145015795814154
3829,0.001145015795814154
3830,0.7468926511206639
3831,0.0013115077749671642
3832,0.0010298605989778695
3833,0.0012951236202815824
3834,0.9858109270117268
3835,0.0011567243817568473
3836,0.03470374533238433
3837,0.048542244673762745
3838,0.015028259768393915
3839,0.033388680154441366
3840,0.06805522272346858
3841,0.0015527798663585426
3842,0.001883980302616347
3843,0.0009934818957922993
3844,0.34360843018892095
3845,0.0018440507973095847
3846,0.0009670153497382546
3847,0.0012135630940166913
3848,0.04413737190710744
3849,0.0032001245325945626
3850,0.0016987088402600904
3851,0.001279261718967226
3852,0.10116562363978082
3853,0.020737862533783347
3854,0.003536239035601331
3855,0.06756102011355078
3856,0.010480398219939794
3857,0.010761886217847676
3858,0.1330436405864589
3859,0.0011567243817568473
3860,0.0017619884182170495
3861,0.025706784740270584
3862,0.1414094352483923
3863,0.003176263635080041
3864,0.0027823280763801055
3865,0.32102840524198795
3866,0.9818082380209692
3867,0.0034027738110601977
3868,0.010206694743174677
3869,0.0017660737586617792
3870,0.002175195458416735
3871,0.004570734336344986
3872,0.03945898108134274
3873,0.05948198009240311
3874,0.9850974519552247
3875,0.057919671860076447
3876,0.017939903021319238
3877,0.1303719753549039
3878,0.9910550935898907
3879,0.0010298605989778695
3880,0.009023211691435672
3881,0.01596796115012265
3882,0.002937388817847011
3883,0.0017712400206976915
3884,0.0010702715486497355
3885,0.031244691618780934
3886,0.320978745757654
3887,0.054026759673804596
3888,0.001295823310512031
3889,0.00127633348831383
3890,0.012951288876247842
3891,0.0020158860546461363
3892,0.0010125751920090312
3893,0.0038028557893546255
3894,0.162233391694883
3895,0.0009647321486160562
3896,0.0023050911109728407
3897,0.0014808243858996162
3898,0.7919938379923042
3899,0.9901731903048516
3900,0.0013271293100143946
3901,0.0012591759074306332
3902,0.0011871925428844762
3903,0.0015273320972441593
3904,0.0016426261952778385
3905,0.0012573610609093316
3906,0.001722052860774849
3907,0.0028546964380750297
3908,0.0015584221079200443
3909,0.025258626746013785
3910,0.9876898340534037
3911,0.003393419472956103
3912,0.005824098571973978
3913,0.0013188226255475973
3914,0.001018939955651867
3915,0.0055744054483966065
3916,0.0009471581514233689
3917,0.06488013667421902
3918,0.00090955365453694
3919,0.001353227805809485
3920,0.5085819515236893
3921,0.0009737761283732714
3922,0.019068836821752297
3923,0.9473196384957016
3924,0.0019166532565550146
3925,0.014404091746735742
3926,0.22078739144919082
3927,0.04780515546142143
3928,0.0028781737068002662
3929,0.003004118791972081
3930,0.9916850131805375
3931,0.0016816638353324804
3932,0.0014190194342641805
3933,0.0011939997227259603
3934,0.0555267096954595
3935,0.02253267261533428
3936,0.060497319590640385
3937,0.02097068066072385
3938,0.036629896121780706
3939,0.0015337528524387435
3940,0.0842208262588854
3941,0.053904847134345145
3942,0.0012579072613298399
3943,0.3336105221186202
3944,0.0010125751920090312
3945,0.001624769381000485
3946,0.9910808576512685
3947,0.011872225088532588
3948,0.9878761294731148
3949,0.30914512483424306
3950,0.002016954973686982
3951,0.0013477855421283914
3952,0.20412138978646183
3953,0.024765346125772806
3954,0.0014326712903718055
3955,0.2855289019613989
3956,0.0011864617860122982
3957,0.001149231340796031
3958,0.0009942353688592134
3959,0.039320003474806894
3960,0.0011488089943667804
3961,0.001225887751764528
3962,0.0021233133453542235
3963,0.9900589853926102
3964,0.9901731903048516
3965,0.0010350608749197599
3966,0.058748011544408556
3967,0.0009884967670290906
3968,0.002967182719534643
3969,0.004215195983154588
3970,0.0028190980392763508
3971,0.001018939955651867
3972,0.0013474018456667513
3973,0.0021011843115539704
3974,0.0013606250124387283
3975,0.0013855439335370744
3976,0.003320291389481927
3977,0.001174736215097152
3978,0.11751513264430503
3979,0.0024173096271913924
3980,0.0011302261737651455
3981,0.0013009165488673685
3982,0.001137312089320909
3983,0.9907570074458736
3984,0.0011037082787769274
3985,0.0014045695943316397
3986,0.001783827808983853
3987,0.027283738230392603
3988,0.015224803359118452
3989,0.0010698855049625523
3990,0.001925233726259208
3991,0.001147230967074681
3992,0.060574899154506714
3993,0.0010609336577126528
3994,0.0014695125245666942
3995,0.9901731903048516
3996,0.5631850841098373
3997,0.001995324573784476
3998,0.0009647321486160562
3999,0.0011896729943432765
4000,0.00875081760042333
4001,0.05585640886287661
4002,0.0014003574557724268
4003,0.001132074233095517
4004,0.0016830494444147216
4005,0.012248110205242286
4006,0.2664982931208196
4007,0.011900092240363187
4008,0.006946021888000198
4009,0.0012834738668412108
4010,0.0008947318147848035
4011,0.9910808576512685
4012,0.09661512401378268
4013,0.0012445388467823824
4014,0.0012217923218475796
4015,0.009357826877794498
4016,0.003660404241589311
4017,0.08423252798426953
4018,0.004308608449288463
4019,0.0014102857318916862
4020,0.6028571341394666
4021,0.0015388694357909643
4022,0.0013206327656653093
4023,0.19979248644956568
4024,0.0009647321486160562
4025,0.0022039487278268073
4026,0.0010691397275700875
4027,0.0013512264754425927
4028,0.0009647321486160562
4029,0.18715385474555166
4030,0.506187429491007
4031,0.24856241086250738
4032,0.0010065437333098772
4033,0.007336761615292983
4034,0.019569384885731067
4035,0.0030335042266574743
4036,0.01376070134599354
4037,0.008249354593085739
4038,0.9876898340534037
4039,0.0013310326335398597
4040,0.007277437296016363
4041,0.005140880042078876
4042,0.010573789461873368
4043,0.004742612324433086
4044,0.01336286714838171
4045,0.016622163284176938
4046,0.0009485388339476418
4047,0.0012269696043261786
4048,0.0032216144128627633
4049,0.01043642137360574
4050,0.0012230099945048814
4051,0.005180798665302402
4052,0.0753277587363668
4053,0.006144176576454649
4054,0.98410403134848
4055,0.9901608328890857
4056,0.0009647321486160562
4057,0.0015500105648421439
4058,0.0010576616941389363
4059,0.17699907541502943
4060,0.03152306023085107
4061,0.06633451888390071
4062,0.001232932577754463
4063,0.0012363736893329423
4064,0.0013347205483952302
4065,0.009387727980907755
4066,0.9901731903048516
4067,0.001931204718189666
4068,0.7396069858466954
4069,0.0009764392067520415
4070,0.0010999948621494757
4071,0.003671081332601118
4072,0.0012379568972022813
4073,0.0047581419532886525
4074,0.027305405814332887
4075,0.0019393866089122032
4076,0.0011861295393804643
4077,0.11162299587569481
4078,0.0032268025765839333
4079,0.002053172674796249
4080,0.0036067350871566693
4081,0.0011589669278537881
4082,0.0021205028682821205
4083,0.001242079041052837
4084,0.007351729890760975
4085,0.5457034662500948
4086,0.016268851536426605
4087,0.002201040620889922
4088,0.0031298028898847346
4089,0.0009864126549405914
4090,0.0031644435783760388
4091,0.0040454593795667335
4092,0.0012113881594690353
4093,0.9876898340534037
4094,0.0012504863708010816
4095,0.09999647479906586
4096,0.001213553254792318
4097,0.002046052338107043
4098,0.10026713947139959
4099,0.012863929104781575
4100,0.05989002559752446
4101,0.0013659292969892172
4102,0.17561827319775408
4103,0.003802745335191235
4104,0.0358158196826086
4105,0.009948188834577282
4106,0.0678964862567136
4107,0.0011300138536611219
4108,0.000993602640408377
4109,0.001054810752803997
4110,0.9683745112396066
4111,0.02938553731815725
4112,0.017571110672860817
4113,0.9757931909318794
4114,0.008546131634595553
4115,0.9901608328890857
4116,0.03222730618252909
4117,0.02184427117531595
4118,0.01149652126774912
4119,0.0010691397275700875
4120,0.0010213901238323502
4121,0.0036430011939949
4122,0.9878761294731148
4123,0.005032671317025906
4124,0.9876743926392492
4125,0.04696349972224777
4126,0.9876898340534037
4127,0.01042696017141419
4128,0.0011873348844399288
4129,0.006718140715171594
4130,0.9921698672039303
4131,0.20654885996367325
4132,0.005601838128905687
4133,0.025595555017649537
4134,0.02026720011506805
4135,0.003946581176031213
4136,0.023131409679313476
4137,0.0013017034267191546
4138,0.2892140073412414
4139,0.037357889854100025
4140,0.0030808460905563926
4141,0.3996829231630224
4142,0.2157727337834367
4143,0.006086889020732458
4144,0.04564872646823971
4145,0.16511047933196332
4146,0.006067028354552988
4147,0.0027339200469429
4148,0.0009323899066031758
4149,0.0013171552277180265
4150,0.001159905205432082
4151,0.0025977389034347272
4152,0.0010783581360942593
4153,0.00376207156502535
4154,0.0011764322030613796
4155,0.0010482304239709988
4156,0.0010760507453202053
4157,0.00360685295385853
4158,0.001010705700107611
4159,0.0017596231188742209
4160,0.0010319599739443668
4161,0.0011301850381753656
4162,0.006742734852185651
4163,0.026953973927612528
4164,0.0011605959420476842
4165,0.020877747534650555
4166,0.008856813343115567
4167,0.003095107317093485
4168,0.001138237920217368
4169,0.0026567523490694774
4170,0.021904584250658516
4171,0.005304481192970094
4172,0.0009958403681800878
4173,0.0012511778631079866
4174,0.0047174823583690535
4175,0.002149608514937361
4176,0.009915335024079866
4177,0.017313452598539728
4178,0.0010434532258664115
4179,0.0020414581994902987
4180,0.0010947544252084523
4181,0.0025621189091687337
4182,0.017006223862130125
4183,0.0010532171537572055
4184,0.003148701194770622
4185,0.004334571523233153
4186,0.0018830316306171825
4187,0.26210894830840975
4188,0.024818689370776185
4189,0.0143860028881323
4190,0.004241204003457335
4191,0.00824259534946926
4192,0.002310321399502117
4193,0.004632753087858066
4194,0.0422325145696143
4195,0.0020411859486022957
4196,0.0010293978175418296
4197,0.352529135060179
4198,0.5273583168548805
4199,0.010506103878390918
4200,0.04051058116267825
4201,0.0010089914206270205
4202,0.9911572018043099
4203,0.004631816506288366
4204,0.0010559878021045074
4205,0.0024812405218431577
4206,0.0025364372917944834
4207,0.001655520566137224
4208,0.0075870515258081046
4209,0.0013274164336523854
4210,0.001981607290336946
4211,0.0021661273297966578
4212,0.193518722575266
4213,0.014118976374781359
4214,0.003956886991306107
4215,0.017029059762093925
4216,0.001959645612433132
4217,0.001081130828300709
4218,0.001789874871520008
4219,0.03262133205953123
4220,0.051761983500571374
4221,0.11515564462717223
4222,0.0018699880635386853
4223,0.011599102007016956
4224,0.08052618263059051
4225,0.015104550783401335
4226,0.03578190555657546
4227,0.0034284395126793197
4228,0.013210956881526709
4229,0.0014678355538788892
4230,0.012048377882276085
4231,0.6529018616468989
4232,0.08482918426532329
4233,0.0012042449722958124
4234,0.0010284599674972449
4235,0.0009984423655120935
4236,0.1132128531504767
4237,0.0011079920921046873
4238,0.038550644260431
4239,0.003746402500179419
4240,0.1374480486742339
4241,0.003644350667152214
4242,0.0024775920350924483
4243,0.009138425251854699
4244,0.0019074478240399574
4245,0.0012864476077772515
4246,0.009984183097273874
4247,0.9878178856644111
4248,0.0018356823934585298
4249,0.0009940561469835329
4250,0.004200545504771554
4251,0.10480120181027484
4252,0.22298674155438947
4253,0.0012014513548601075
4254,0.004355876546641034
4255,0.002065134427859992
4256,0.0028908250113356512
4257,0.0019227619878748623
4258,0.2831650147401888
4259,0.0011092691214454973
4260,0.0022468594974591797
4261,0.0019224281117735855
4262,0.0010722621086094615
4263,0.0011409735631580245
4264,0.0015663323935572399
4265,0.0034823752885653966
4266,0.04633327577738105
4267,0.038542476430896554
4268,0.1091935859318416
4269,0.009893717093545987
4270,0.010311173639849226
4271,0.0009763955554811512
4272,0.0010501647473542366
4273,0.0027031736758111676
4274,0.0047738860980346
4275,0.0744933302189506
4276,0.0029306944682639577
4277,0.002618796812356041
4278,0.4002054326796505
4279,0.002430879860582962
4280,0.03960166205079944
4281,0.0036993456447469318
4282,0.9916850131805375
4283,0.3127626208215467
4284,0.001099622456314412
4285,0.0014747268208400233
4286,0.0025463246971532552
4287,0.08631168251451492
4288,0.005465649412608372
4289,0.04804472700168014
4290,0.07026266648333798
4291,0.004055784336055141
4292,0.0016448845712761099
4293,0.0017130479696030104
4294,0.35196074954049394
4295,0.0059497847902086134
4296,0.0014779204983283339
4297,0.08071899766944161
4298,0.13745813489063471
4299,0.0030024932192026284
4300,0.002116352098479019
4301,0.005665833359201272
4302,0.0030596304042365993
4303,0.02074825055089998
4304,0.29749715126964743
4305,0.001323643637248371
4306,0.02004294498873982
4307,0.0019246846347695063
4308,0.09115354946728615
4309,0.0026346870404810414
4310,0.24219200322746584
4311,0.002530721000404091
4312,0.14436556247074317
4313,0.11744433507906209
4314,0.016942169476511785
4315,0.05396111461426417
4316,0.0009940561469835329
4317,0.0010990992352865505
4318,0.1787851874716945
4319,0.13492963280266024
4320,0.056104612621719084
4321,0.0024211655092659127
4322,0.9511082736076782
4323,0.001567566218373768
4324,0.02711566579201243
4325,0.060139289397987156
4326,0.0028894648065502407
4327,0.0011694078712314046
4328,0.0016510969861563316
4329,0.0016098316976621196
4330,0.27857920709019035
4331,0.00485947736813172
4332,0.0010281025150053213
4333,0.03997375543987413
4334,0.0023860749445389334
4335,0.0010039568724925676
4336,0.006691964589756197
4337,0.010515456666561437
4338,0.0037397198851464924
4339,0.0028027944289383978
4340,0.002340126478004578
4341,0.0013025575493903734
4342,0.002743644917725171
4343,0.036299712427051295
4344,0.0010810911315266001
4345,0.9901154956538019
4346,0.001102103542855071
4347,0.0072145299016815306
4348,0.28081535204197733
4349,0.0058302781925750015
4350,0.003969492365866515
4351,0.0161460010579448
4352,0.09652883537748631
4353,0.07473142402506355
4354,0.029783240121652295
4355,0.009157011609212218
4356,0.0028321879429394604
4357,0.0019861430183274304
4358,0.0024451155381859466
4359,0.006340256762378208
4360,0.0031727943388149236
4361,0.0024821299525916896
4362,0.1763897704162339
4363,0.00219561458295646
4364,0.09369067993768347
4365,0.00740046857694387
4366,0.004554225305748292
4367,0.044926022072224986
4368,0.0053963159449826525
4369,0.0015995612529823367
4370,0.050799345642876303
4371,0.005557672727882353
4372,0.001693361485416401
4373,0.21312365383532217
4374,0.001671245576388732
4375,0.003815653251115874
4376,0.013330720381892461
4377,0.0029680185782845854
4378,0.23679990730741202
4379,0.19181822293889597
4380,0.0011831474670678732
4381,0.00612744237592743
4382,0.002457934579255138
4383,0.6747413674520477
4384,0.12826409534316002
4385,0.010574961799948985
4386,0.0016741592129016843
4387,0.0014568007548407794
4388,0.0054106291926051125
4389,0.006329317098631383
4390,0.0012394867306122935
4391,0.05626229313693951
4392,0.04194986581542658
4393,0.0319874413325144
4394,0.011297884587767922
4395,0.025791951294615433
4396,0.0009512183931293314
4397,0.0020004337120203795
4398,0.0051767778992212275
4399,0.003379901975977671
4400,0.0017455503772936419
4401,0.9916850131805375
4402,0.0017310742194234724
4403,0.0022819214344296586
4404,0.0010520495712468768
4405,0.26357232633497246
4406,0.018304135027038617
4407,0.0054443840405126445
4408,0.030176359996838674
4409,0.005792623055021125
4410,0.012282492716300922
4411,0.0024035730989769165
4412,0.04150766372074458
4413,0.020491224098000763
4414,0.16326483513586032
4415,0.0716952636909327
4416,0.005433499738694531
4417,0.13779350556980657
4418,0.006807204149254528
4419,0.0013722212801222167
4420,0.022152582187458535
4421,0.0020501841279239124
4422,0.053431792345574235
4423,0.0014265139658489
4424,0.002074551267086217
4425,0.6655711169547643
4426,0.9895504239876411
4427,0.005580472414604309
4428,0.0022246646513756755
4429,0.9916850131805375
4430,0.006241866103634423
4431,0.010412694146330134
4432,0.013567733893676038
4433,0.13657189038805687
4434,0.04138177900122007
4435,0.12757673776802017
4436,0.0009950300770391503
4437,0.00196333575592915
4438,0.015995744222026216
4439,0.009337890126647017
4440,0.07958954092203
4441,0.012679595584728373
4442,0.001079694194351343
4443,0.004407845518499215
4444,0.0031736211143229233
4445,0.16256222295527115
4446,0.0030465030626164228
4447,0.031759865958782954
4448,0.1366447459068752
4449,0.0009763955554811512
4450,0.009058559662510257
4451,0.002155508415809416
4452,0.15531969761456488
4453,0.0009956865873757454
4454,0.0871296288997686
4455,0.0745237678598123
4456,0.02070413472523414
4457,0.036611932781204136
4458,0.0019570167784548104
4459,0.011702710788259452
4460,0.00905645386621479
4461,0.08934823430667743
4462,0.25917120984642383
4463,0.02368474511886414
4464,0.020853507881449837
4465,0.0028625555027192435
4466,0.009691882332697027
4467,0.06349192554026714
4468,0.15970890836422513
4469,0.28973107969768314
4470,0.001658998303787341
4471,0.01758019579297671
4472,0.0014592764652071732
4473,0.41825274706571997
4474,0.0037677358422675005
4475,0.022104985768631263
4476,0.001112180252007346
4477,0.04370708028848731
4478,0.007157200657056782
4479,0.012048288279365865
4480,0.0081421737489916
4481,0.2771981127615258
4482,0.009920096977158068
4483,0.0009598047114350028
4484,0.5665737157019985
4485,0.07803536967086074
4486,0.0030782638070277054
4487,0.14110576570958108
4488,0.0012334998072886984
4489,0.0010797894517212308
4490,0.02577053398413448
4491,0.0543441383906295
4492,0.03591539365706928
4493,0.00950943722883868
4494,0.013286154061852875
4495,0.9784349327920423
4496,0.003748795414704227
4497,0.008120074221181899
4498,0.09224751700190133
4499,0.991674540928188
4500,0.0064618002813833664
4501,0.008239229074329127
4502,0.002519577990808745
4503,0.03186742511412616
4504,0.004271258909550594
4505,0.004082380243457702
4506,0.0042780747175616115
4507,0.016735927737544943
4508,0.031406023252953476
4509,0.0022199707185950575
4510,0.1307087686507034
4511,0.007728312278677256
4512,0.9901731903048516
4513,0.0008960748481823145
4514,0.007839577381338109
4515,0.0028610817472852984
4516,0.0037801340440179205
4517,0.5069410409783512
4518,0.015059942155006778
4519,0.0834643382705047
4520,0.001033920494177178
4521,0.2332797901029994
4522,0.003527450302176747
4523,0.1359818355348775
4524,0.0012086233506844585
4525,0.0024232958240229187
4526,0.9916850131805375
4527,0.032130910536425625
4528,0.0012366973931028948
4529,0.0020195635730197287
4530,0.007656154555737567
4531,0.002264996849781734
4532,0.01730655272198927
4533,0.010419625832310056
4534,0.0010304032463755572
4535,0.006049654672902251
4536,0.005856413775287504
4537,0.000935183055092553
4538,0.0035521106725399355
4539,0.014837817226764435
4540,0.037873277887325335
4541,0.004762541397972108
4542,0.0010377303308494944
4543,0.022415551543295022
4544,0.01821734492357499
4545,0.0024611849085597478
4546,0.006985276157264984
4547,0.0056297243931512095
4548,0.025671321367269514
4549,0.1346189330378251
4550,0.0180731719641988
4551,0.0017844070964640555
4552,0.9901731903048516
4553,0.0029889293181034563
4554,0.027636699236405143
4555,0.9804815065155602
4556,0.007259827871668711
4557,0.0021459312809166977
4558,0.002097515522673372
4559,0.044148146712615736
4560,0.02129702809125648
4561,0.026963945849747727
4562,0.06945724686321972
4563,0.04490634031612409
4564,0.00900140737920593
4565,0.03828753154736144
4566,0.08711614906189598
4567,0.0017915343828168863
4568,0.010228201253438077
4569,0.011724738406912398
4570,0.9854540524324324
4571,0.013393578873067493
4572,0.040224440774592016
4573,0.8775150572045072
4574,0.001636292211063179
4575,0.10196518413040669
4576,0.010497825823776745
4577,0.04403457424492051
4578,0.035336408460980684
4579,0.44535570631140065
4580,0.08922547271877711
4581,0.0031938948767915496
4582,0.004803748676617807
4583,0.21671588621631635
4584,0.3440723317628027
4585,0.12436060799219775
4586,0.02404362261138886
4587,0.006454404927979787
4588,0.24949706591869056
4589,0.07334933747522686
4590,0.01962303416176566
4591,0.012381553428087852
4592,0.04706167667807701
4593,0.0015724503674214448
4594,0.0034775161488212313
4595,0.017606809536769696
4596,0.568077613684688
4597,0.0011093382435920344
4598,0.0019749927065388848
4599,0.10139984447796095
4600,0.022238408765666406
4601,0.0010008515151265279
4602,0.0009860025866409606
4603,0.11678952634295461
4604,0.019602602581173217
4605,0.008769993444918174
4606,0.653514144618929
4607,0.0011270490014577833
4608,0.021698347216039568
4609,0.0019534467252623703
4610,0.07341674819452777
4611,0.01678855535050222
4612,0.07391544960239668
4613,0.024876903737251585
4614,0.006333403384095004
4615,0.0011005934509521452
4616,0.9918837754105495
4617,0.004075261642424548
4618,0.002115614068379366
4619,0.002664413145852011
4620,0.02794340880309119
4621,0.022269647200500873
4622,0.014442486480861775
4623,0.0010930543443800776
4624,0.0010422513383897295
4625,0.0020294559354137225
4626,0.00989877718554567
4627,0.014721674264699038
4628,0.0187667045388782
4629,0.0020413145865759235
4630,0.003995060367570283
4631,0.11394539128871177
4632,0.0017695843422682973
4633,0.004087540086718939
4634,0.1371090702116437
4635,0.005661584529299773
4636,0.08028389651659887
4637,0.00244063800537427
4638,0.04582497246786258
4639,0.0014093654133181463
4640,0.0020740743167147477
4641,0.0029969813935020874
4642,0.0010190079985678813
4643,0.001089509215173472
4644,0.0027278309402462516
4645,0.08801510075183398
4646,0.07140375270530697
4647,0.0011700753435102142
4648,0.00165845411642399
4649,0.021522131933811185
4650,0.004201408394947532
4651,0.0015541816165647567
4652,0.014418183204468187
4653,0.0012371318615258928
4654,0.026642916923990827
4655,0.0353345377255799
4656,0.002165070310698402
4657,0.018756453383282645
4658,0.11868478193436233
4659,0.25547151286320524
4660,0.005785554337039174
4661,0.00985394048885421
4662,0.0031765826573490054
4663,0.0029569111832813896
4664,0.004697910866043126
4665,0.0023406657923940627
4666,0.1807000519383265
4667,0.07966877728572287
4668,0.0030841552431343042
4669,0.0032018654034007186
4670,0.0211539993417504
4671,0.003461006077206869
4672,0.19816960256795188
4673,0.020941106319336777
4674,0.0016494832032993168
4675,0.07370472745306739
4676,0.10258980454992885
4677,0.007839261691348118
4678,0.9926378085748766
4679,0.9529506832155674
4680,0.9916850131805375
4681,0.9901731903048516
4682,0.006004484026263519
4683,0.0990688332513121
4684,0.022971542410669957
4685,0.08473357053065243
4686,0.009272916849338083
4687,0.013011989395494892
4688,0.09959243344181866
4689,0.07632629104080317
4690,0.0029903614449714594
4691,0.007275808020313723
4692,0.025768624825179897
4693,0.004704258713275338
4694,0.0033610445022948824
4695,0.004604375702876805
4696,0.3106044221301066
4697,0.09778396634938501
4698,0.13098778313741774
4699,0.007285482710635725
4700,0.1687158630480696
4701,0.006969475158197809
4702,0.0013912957787611232
4703,0.006503681805728261
4704,0.9424711871271352
4705,0.0040147186909469945
4706,0.15237910378017852
4707,0.0016927097473801505
4708,0.006863235529145519
4709,0.3381581950552074
4710,0.023640896738754427
4711,0.041845184516243854
4712,0.07635429678805357
4713,0.0030130316368042727
4714,0.0031241309777779065
4715,0.004943953074951504
4716,0.0025893072820948747
4717,0.01893862620677384
4718,0.0031027203861697665
4719,0.0014420465282322598
4720,0.1955848774298556
4721,0.07080423365910747
4722,0.24902402937716533
4723,0.11884697811339724
4724,0.00393884512329168
4725,0.014641393778628543
4726,0.001114061910833904
4727,0.007099602978650934
4728,0.002416956659482636
4729,0.0012983316109880703
4730,0.0010331862839375915
4731,0.2124367308487756
4732,0.12616033904756072
4733,0.39104803781104286
4734,0.0021244407537948915
4735,0.003304823506202431
4736,0.0031893088176537837
4737,0.007934661875495495
4738,0.009978662549767314
4739,0.14705036118142034
4740,0.1526374913001759
4741,0.05652699185150985
4742,0.02104474529864704
4743,0.1772633138624127
4744,0.009857921751650041
4745,0.01193710499008703
4746,0.1978243996796048
4747,0.010979086806531665
4748,0.009718597307838686
4749,0.010778682431413708
4750,0.07229818082772001
4751,0.9916850131805375
4752,0.0032234135080826095
4753,0.12449945341633
4754,0.0012924880670622959
4755,0.0020831668853992036
4756,0.16772462815095784
4757,0.028560972520481384
4758,0.006746315712850609
4759,0.007302022826764186
4760,0.11629744807427313
4761,0.0073014527932233845
4762,0.0010509536218609695
4763,0.0012503707738562057
4764,0.1497258832134935
4765,0.011076847096184408
4766,0.005956019908397918
4767,0.01260257902330342
4768,0.005478223831223483
4769,0.0013321907121810143
4770,0.001809672279290039
4771,0.0009697707601743252
4772,0.006773561049228437
4773,0.0034529023507886597
4774,0.5983258948971253
4775,0.06664428309532103
4776,0.9864956604854236
4777,0.9921912092555898
4778,0.0036078681815477132
4779,0.008301392943981155
4780,0.02349714256030366
4781,0.0036636429908374346
4782,0.001261123941592829
4783,0.0010652455142954867
4784,0.9909545110440796
4785,0.006976720579174105
4786,0.0023482984220155453
4787,0.002304365403553994
4788,0.007915118782312474
4789,0.005752506103211327
4790,0.0065879931249239135
4791,0.003529667820960957
4792,0.808371132054502
4793,0.001090156492626265
4794,0.0044819532570336785
4795,0.9500819344099772
4796,0.9916850131805375
4797,0.07176112402698279
4798,0.0032243832683399734
4799,0.0352046515746896
4800,0.0057155206625298495
4801,0.002145727911329161
4802,0.9901708728031553
4803,0.3229409275944936
4804,0.005122629824389625
4805,0.02502929524364003
4806,0.017363988545273254
4807,0.009526636895593084
4808,0.007690933692420094
4809,0.0036551477596609154
4810,0.001246905417981898
4811,0.09601125284041581
4812,0.03247927328966245
4813,0.055911333095510746
4814,0.001174786769014778
4815,0.047239769273372305
4816,0.08996843648914626
4817,0.043336042631890524
4818,0.03175172943858988
4819,0.34963441449810784
4820,0.0036583440699879096
4821,0.9394011905921833
4822,0.00932292618327337
4823,0.001246726129125969
4824,0.1372713225050381
4825,0.0016981973844555267
4826,0.002066858814045457
4827,0.9633317083391153
4828,0.01657949911326385
4829,0.02961478205496248
4830,0.01027172338419649
4831,0.00920353250348855
4832,0.9375144039451511
4833,0.002580916177650065
4834,0.9907570074458736
4835,0.005731473773807007
4836,0.9901731903048516
4837,0.9916850131805375
4838,0.604487646755345
4839,0.02830491978635777
4840,0.005204431755714848
4841,0.00195760323330836
4842,0.006571660761136312
4843,0.0035690975074064483
4844,0.26257822214830095
4845,0.01106960722707909
4846,0.8883612857218601
4847,0.9916850131805375
4848,0.01351392545637031
4849,0.024015399613315162
4850,0.026231258056865266
4851,0.004507911984614523
4852,0.001016221410572965
4853,0.0010128754940306006
4854,0.019668143446543537
4855,0.0013233301387396846
4856,0.06853998490526106
4857,0.0033848597467592695
4858,0.0032062544889406856
4859,0.07506791237992154
4860,0.01862179755909998
4861,0.0199779337528668
4862,0.0014456148253782458
4863,0.0014692413784581802
4864,0.0023917219061085244
4865,0.02858876365931034
4866,0.03890905416455648
4867,0.004428520817255644
4868,0.09489897037074985
4869,0.015650533811558495
4870,0.0017755944897524477
4871,0.08478743437832287
4872,0.0026742196423956235
4873,0.022408229688111177
4874,0.010902721130543355
4875,0.0010492959051413187
4876,0.004957727213041252
4877,0.01584283227065795
4878,0.9552500001106877
4879,0.004357745983500546
4880,0.026220317855206343
4881,0.0030621132002932026
4882,0.0011642666147400952
4883,0.0013248346103954959
4884,0.0012658165992797722
4885,0.0188551241249569
4886,0.0169508900580356
4887,0.0011155665225992897
4888,0.44186299432839454
4889,0.004118258687923426
4890,0.008406561919646213
4891,0.03588112685911948
4892,0.0029577932644444566
4893,0.34678121071009277
4894,0.02218499798822867
4895,0.01701168801092651
4896,0.009313422212623962
4897,0.0034471555890603885
4898,0.3692090767710186
4899,0.01121796121532406
4900,0.05017293466405468
4901,0.016796288018540075
4902,0.04410430723858789
4903,0.04555494631045113
4904,0.0011411096184024668
4905,0.43337885084125627
4906,0.1415249916568483
4907,0.0019275488726729127
4908,0.01058556203615506
4909,0.0025180951747200914
4910,0.004620315912184057
4911,0.14736173945738998
4912,0.003377202088874413
4913,0.018735317592313474
4914,0.005059100620731154
4915,0.0013622651630630868
4916,0.0013859626571683722
4917,0.06392922124512733
4918,0.007667854841895343
4919,0.06910604267235701
4920,0.03483089832950549
4921,0.0198966905693205
4922,0.0038633872549046033
4923,0.0049243724705288205
4924,0.00486081226149237
4925,0.008924068102498168
4926,0.11311434067311082
4927,0.029769463032168604
4928,0.011461389568075362
4929,0.045473129856413844
4930,0.035627156493657414
4931,0.004224302565262313
4932,0.022118169975268234
4933,0.014060168705174675
4934,0.9911572018043099
4935,0.0041294656313763285
4936,0.0018780358031164342
4937,0.033843742231725926
4938,0.010328352446780499
4939,0.00636575646339526
4940,0.0010971750755381503
4941,0.0011716632774112822
4942,0.18028425252339023
4943,0.0012987059655749286
4944,0.07668783929109801
4945,0.038939093497748774
4946,0.003430014676152317
4947,0.014542910480365592
4948,0.01113474551110908
4949,0.06148185368855275
4950,0.9911572018043099
4951,0.07172073942117844
4952,0.011172103690501213
4953,0.0011485401546490923
4954,0.0024712847732259943
4955,0.017049403703026815
4956,0.011329119852654449
4957,0.010123209852430263
4958,0.0015223167140925472
4959,0.12175276912124029
4960,0.5893802401046454
4961,0.02443061238902268
4962,0.019780000032145143
4963,0.2753867683908413
4964,0.019412397723188594
4965,0.005170074565334617
4966,0.018221867407276972
4967,0.36652766753416033
4968,0.0028445194142612917
4969,0.4436442229501756
4970,0.9909545110440796
4971,0.002784295803680356
4972,0.008827307126768696
4973,0.013740914370183977
4974,0.002029168704421891
4975,0.0292905272325975
4976,0.0016806884879739942
4977,0.002695176138212281
4978,0.0020588475589035024
4979,0.014523027417666246
4980,0.0034446274031658215
4981,0.00193369066286294
4982,0.009453818291507477
4983,0.0010980590425793382
4984,0.0019777861079912635
4985,0.0011636041485203604
4986,0.001637099070738899
4987,0.0012020971621543033
4988,0.0013138073216904418
4989,0.27116194872501515
4990,0.0018462474616178543
4991,0.18542752054657288
4992,0.18671136159672178
4993,0.1004038917234172
4994,0.0038851341776676316
4995,0.1217843236620122
4996,0.005102947602610364
4997,0.023827969087824273
4998,0.14592960961760307
4999,0.0024136321394959076
5000,0.010003730313884572
5001,0.025961272776412556
5002,0.008326335128533785
5003,0.29257595342746834
5004,0.024103431029976006
5005,0.005988207870705229
5006,0.0025764258613134904
5007,0.0019486206033214762
5008,0.0025173535582743403
5009,0.004010413976126364
5010,0.0016288408219190733
5011,0.0012982958292987673
5012,0.005054484899746449
5013,0.1379713061607154
5014,0.9602800227538026
5015,0.002084364702062937
5016,0.026328792954861537
5017,0.003720825509615529
5018,0.0038928906343538433
5019,0.08057802358225913
5020,0.0928776804680176
5021,0.0037345672403543157
5022,0.03492292717559247
5023,0.9924930349534841
5024,0.0013933492669020466
5025,0.004808277550356411
5026,0.0033287226022114882
5027,0.0023416545827778224
5028,0.001256010928357753
5029,0.0011037416459957897
5030,0.002514846506714694
5031,0.10675296407282492
5032,0.002630875731111067
5033,0.0019881201652214046
5034,0.03339034575990017
5035,0.13100903843205344
5036,0.0010015587271180327
5037,0.014791474707980918
5038,0.003524721259916994
5039,0.2914606826022425
5040,0.1520597984806606
5041,0.02137950224638031
5042,0.9916850131805375
5043,0.001538162237388478
5044,0.0035016845358398327
5045,0.003118180037737145
5046,0.9438437914955533
5047,0.00357096313929529
5048,0.18968399047542112
5049,0.012119524096702116
5050,0.008327691783560449
5051,0.9916850131805375
5052,0.0010867004422664983
5053,0.1875406740311606
5054,0.32698716868395394
5055,0.010180486544515756
5056,0.0029066185593149634
5057,0.0048324680822738626
5058,0.3938530040571299
5059,0.05822085631078308
5060,0.0021293508592499025
5061,0.02867986650195168
5062,0.2667373111911605
5063,0.11863213551837179
5064,0.09271251371010357
5065,0.014940668633941449
5066,0.005061082234005436
5067,0.01167458187454091
5068,0.22264030922331216
5069,0.00254127737457139
5070,0.07845465732370897
5071,0.0022776159019858204
5072,0.014694060456350041
5073,0.08805383817772602
5074,0.00408107010247455
5075,0.0012295531142658895
5076,0.031055705629534407
5077,0.0055899759628329935
5078,0.14645695757691754
5079,0.0011084007413854904
5080,0.9492915087999495
5081,0.006642496052701221
5082,0.0017324143805782467
5083,0.0012929222266247228
5084,0.10530408389357905
5085,0.046107399551825246
5086,0.08298283761419971
5087,0.17513399124408738
5088,0.002474375880064386
5089,0.0011867581820927267
5090,0.04248704905565356
5091,0.0012531091643154478
5092,0.004479942124232989
5093,0.006453008774551317
5094,0.9911572018043099
5095,0.2944980113141224
5096,0.0011213477592500497
5097,0.06004565189459047
5098,0.013715398060685393
5099,0.050516348841142936
5100,0.014994632209240891
5101,0.0023819496515027306
5102,0.01207628107219882
5103,0.027238142374993685
5104,0.9895504239876411
5105,0.03264910682181303
5106,0.001875019839806213
5107,0.37492757678108946
5108,0.005089531300814388
5109,0.07878575063773337
5110,0.003460799588218571
5111,0.3978289370701366
5112,0.030701921278929414
5113,0.9894679607773167
5114,0.001265536222567201
5115,0.13592738725591466
5116,0.003281884387081241
5117,0.05243035445752822
5118,0.00727936361807185
5119,0.0037973360059786222
5120,0.0013272806967757173
5121,0.9822107287801058
5122,0.0013188226255475973
5123,0.0013028262022308091
5124,0.035812864786675565
5125,0.15986063646962212
5126,0.06363926617621678
5127,0.001991817620637797
5128,0.0009630981538649139
5129,0.0018922028592653004
5130,0.9911572018043099
5131,0.001717563468516212
5132,0.06252313852394911
5133,0.0060067350445087205
5134,0.0018041920623739038
5135,0.002137325376400795
5136,0.01980442828673463
5137,0.0030209329823644546
5138,0.0014529740265665976
5139,0.0037753128279644815
5140,0.009656590976891977
5141,0.016153420464165392
5142,0.0016479950198699602
5143,0.008782842976374704
5144,0.992647078156493
5145,0.008841857892323609
5146,0.7455418463678005
5147,0.5614273030159138
5148,0.003564126546006265
5149,0.0012469647389967116
5150,0.0733289762424778
5151,0.0013277633829318345
5152,0.9432147056998933
5153,0.0009817271400490361
5154,0.006446279634080544
5155,0.004336321146453097
5156,0.01105327775127943
5157,0.3363939500656516
5158,0.003233337250883769
5159,0.0013727243755935314
5160,0.008640829007374683
5161,0.00739656827604269
5162,0.9911572018043099
5163,0.010116927560002532
5164,0.003276178727514417
5165,0.24747054324831796
5166,0.012117534082856108
5167,0.8853121510320289
5168,0.0013374293282630695
5169,0.9297478457124395
5170,0.003560975563551046
5171,0.09723150082270489
5172,0.0019504642912600155
5173,0.04628981094303852
5174,0.0012645719458964373
5175,0.20557294901839435
5176,0.004898372451625608
5177,0.011445960518820327
5178,0.032026511636623116
5179,0.0029896856814187996
5180,0.00163287771061354
5181,0.000993688465077674
5182,0.06970109066419701
5183,0.0011650204940265095
5184,0.025019383690921045
5185,0.0015338912939428988
5186,0.12612030989890682
5187,0.14062333371662192
5188,0.03772289637661193
5189,0.03801823191195026
5190,0.003972376132321763
5191,0.0037899786522544144
5192,0.002818949467185886
5193,0.034757351597889084
5194,0.0022027923763056688
5195,0.07982225936154642
5196,0.0036805321370533112
5197,0.00513561223692489
5198,0.003348269451502688
5199,0.9916850131805375
5200,0.0010096785042481252
5201,0.005084495405912716
5202,0.0018892178416897647
5203,0.00723269226380251
5204,0.004226975924989356
5205,0.004435398966253171
5206,0.00630776833709575
5207,0.0022843993908787954
5208,0.002034382590173563
5209,0.0066018324447675875
5210,0.0008555929778225495
5211,0.0010437377098372102
5212,0.05824257366296544
5213,0.01695784635375474
5214,0.002657454238752199
5215,0.017325747974866367
5216,0.012881234053621788
5217,0.054388077853747115
5218,0.010481381127308724
5219,0.03949797989845839
5220,0.0029810309519463906
5221,0.0010311142720133741
5222,0.003920349221707567
5223,0.008623298545263164
5224,0.2043584480620118
5225,0.0029606440867235117
5226,0.003983537172253126
5227,0.03235940138302009
5228,0.006409022024350256
5229,0.0582305868040625
5230,0.07870525584257428
5231,0.017911777278853326
5232,0.0077810082665886425
5233,0.9911572018043099
5234,0.0060464169194569895
5235,0.0020429710066105582
5236,0.03997159370192725
5237,0.027124264686184528
5238,0.08450923605422725
5239,0.007575798651589544
5240,0.0012268139683833685
5241,0.0012262491929110463
5242,0.003783465077268343
5243,0.007592440344400519
5244,0.001539117409885311
5245,0.991674540928188
5246,0.04540096837211092
5247,0.003848750486585264
5248,0.10439190749284404
5249,0.004819803533309613
5250,0.02929920343158237
5251,0.0028623896658737996
5252,0.019473743546808735
5253,0.9911460707385757
5254,0.002201060494219685
5255,0.0013025451883382304
5256,0.0022011392396104816
5257,0.01985869106221574
5258,0.4610369829804167
5259,0.030786943998055333
5260,0.005626488829849157
5261,0.024583193302302703
5262,0.03854994227211062
5263,0.01931214015254628
5264,0.004502036497905715
5265,0.25995794603640743
5266,0.026921165611297686
5267,0.12725118817828976
5268,0.3406123910704627
5269,0.022848386095761713
5270,0.017166282946447294
5271,0.4087758008423443
5272,0.9790368983213104
5273,0.0011005846704489884
5274,0.0027773760552084787
5275,0.0014324044200301554
5276,0.991674540928188
5277,0.5775321632593159
5278,0.020650922772035857
5279,0.041582497977111305
5280,0.35831935250098235
5281,0.11708321397252211
5282,0.5372650493503929
5283,0.07121332640374994
5284,0.00910453998248258
5285,0.0010379564824362863
5286,0.0028323051753591805
5287,0.004147270543242162
5288,0.13505339421491017
5289,0.0013578360370849123
5290,0.008157242081057265
5291,0.5200895795285173
5292,0.041873032785793976
5293,0.0030847766274986633
5294,0.0019786964604762915
5295,0.004874870123134814
5296,0.5424634248558187
5297,0.004360244013511734
5298,0.010188991356045243
5299,0.010353664037451143
5300,0.9911572018043099
5301,0.011581861134326292
5302,0.01792166489637071
5303,0.17083896805618468
5304,0.006336089106263425
5305,0.1342320608484685
5306,0.9911572018043099
5307,0.003827230695218686
5308,0.016754425860781658
5309,0.11847441731348186
5310,0.1544398226665005
5311,0.004210190310581336
5312,0.003580692036344835
5313,0.019334443976393632
5314,0.0030927503545609934
5315,0.010797315744422702
5316,0.9910808576512685
5317,0.3434952139831413
5318,0.013213449291507346
5319,0.9886094480155938
5320,0.046628176824129695
5321,0.004526774066186343
5322,0.015286742040721463
5323,0.04115957718412276
5324,0.0011388992787238462
5325,0.4560151528518744
5326,0.02273395049705012
5327,0.041953114965798344
5328,0.9916850131805375
5329,0.04766755041071123
5330,0.013055795468509745
5331,0.014414373942020246
5332,0.03458761881036827
5333,0.0028520410494828063
5334,0.07863718451646423
5335,0.16666409686265826
5336,0.0018869435989229883
5337,0.020531208739249008
5338,0.033259368419900875
5339,0.007575420420658171
5340,0.0433673873595796
5341,0.9916850131805375
5342,0.0036786396760309027
5343,0.10098478383862776
5344,0.004618315921292358
5345,0.0037386268500945487
5346,0.0011245654852835422
5347,0.21582849128008824
5348,0.003918339524444996
5349,0.991674540928188
5350,0.005176233802859562
5351,0.9911316562992605
5352,0.002475355173903619
5353,0.004160856973067353
5354,0.0016569330595324037
5355,0.9916850131805375
5356,0.0010694245887365
5357,0.009005163726515903
5358,0.0032352220739756553
5359,0.018991897536338162
5360,0.012661271208411873
5361,0.0013494809874770408
5362,0.05580194963423889
5363,0.004270360048185745
5364,0.0018261684911113317
5365,0.0020754305544637003
5366,0.0009746461390586916
5367,0.0010927259854639237
5368,0.05188068708008639
5369,0.1087245555466913
5370,0.0060039323167686365
5371,0.15042895919728183
5372,0.9901731903048516
5373,0.0027492674502916296
5374,0.002916445661039521
5375,0.01263534447198468
5376,0.001025998154181371
5377,0.01493239682434216
5378,0.0010715637496365412
5379,0.34964598398617
5380,0.001749847760749868
5381,0.0010897934065734788
5382,0.025885067067472796
5383,0.001558758791894272
5384,0.004284405812723779
5385,0.001617947240318247
5386,0.0014774144876268987
5387,0.10143209316755489
5388,0.10850135140398061
5389,0.0010287320573351495
5390,0.26512766167206175
5391,0.0012535761217174817
5392,0.0019469329772560345
5393,0.0009425316573353102
5394,0.0010195357684221883
5395,0.002929717615554059
5396,0.000958844634094415
5397,0.002655694434875643
5398,0.2451083241507023
5399,0.010606007951185365
5400,0.7495626246290141
5401,0.019269026666476095
5402,0.0016010058761039047
5403,0.004601161548102743
5404,0.006454554149504716
5405,0.04698795907013238
5406,0.0014091803071064955
5407,0.006108852301397046
5408,0.0010671136365749622
5409,0.9868154517754816
5410,0.025554679688888065
5411,0.09752999728680847
5412,0.0010453260166006595
5413,0.029513631854662853
5414,0.006338890009681678
5415,0.0010793413218746018
5416,0.0037864865230350254
5417,0.0026189154253243633
5418,0.0011471594855708854
5419,0.0010393682452034694
5420,0.0009969512197118581
5421,0.001031581400628398
5422,0.001162381392030446
5423,0.9827233833028691
5424,0.0013096632185967115
5425,0.0011342145493881562
5426,0.006644303610758556
5427,0.0028912570872044224
5428,0.0017178940670155437
5429,0.001376773276890858
5430,0.0011796924313749223
5431,0.006006239230103629
5432,0.0009365073657047129
5433,0.0010694737791343285
5434,0.001061754434964594
5435,0.0031717238274531693
5436,0.8443787560760598
5437,0.003784785807026628
5438,0.009596180468276854
5439,0.0010222849324588031
5440,0.012204746732273125
5441,0.013261633057159744
5442,0.005994656193050549
5443,0.005821166549936176
5444,0.0058290263787781635
5445,0.001648720859330984
5446,0.0023298266566277436
5447,0.3794386452753335
5448,0.00113504139683416
5449,0.02037756460422622
5450,0.021020196630610166
5451,0.0009407105981274492
5452,0.0033608794305818217
5453,0.0036253093118376782
5454,0.0010039514752708564
5455,0.010794568682794369
5456,0.011892411545299502
5457,0.0010678645123475606
5458,0.003978247581982268
5459,0.9916850131805375
5460,0.027732858904338284
5461,0.00220696063070945
5462,0.0009903685305066117
5463,0.000954326193600048
5464,0.00423491384618818
5465,0.0010221107638419835
5466,0.9909545110440796
5467,0.0012823546539800373
5468,0.007497512353190878
5469,0.010824650323994482
5470,0.07064455047618978
5471,0.0009667550499580475
5472,0.00916313416209241
5473,0.010164441285076929
5474,0.005721856781926586
5475,0.0037183845796616016
5476,0.07141993688805484
5477,0.9878761294731148
5478,0.007307981015196893
5479,0.009760796672118687
5480,0.037242128094188816
5481,0.001862014466050873
5482,0.8578705399088085
5483,0.017328846464329646
5484,0.03885935324105424
5485,0.000944922195155989
5486,0.05298409445218075
5487,0.029521644549813264
5488,0.005436331535998202
5489,0.029303653837147087
5490,0.044538386944514154
5491,0.0010528223393011333
5492,0.003159673639222325
5493,0.33960732243549446
5494,0.3644584197726754
5495,0.0014544372161912672
5496,0.32970474175386083
5497,0.001256010928357753
5498,0.0018146538289502989
5499,0.39196600196275677
5500,0.007448346168068379
5501,0.004648267763122394
5502,0.007605294954313601
5503,0.0051758681501615335
5504,0.07936750551038974
5505,0.02705929302360924
5506,0.00494441080112529
5507,0.0009919290105933416
5508,0.0011098943535552534
5509,0.001080985561808972
5510,0.03826309869015088
5511,0.007506075935976415
5512,0.007599425199849487
5513,0.0009467619023613963
5514,0.004271763771211486
5515,0.0009451386318259475
5516,0.0036491986312390807
5517,0.0020879483197528306
5518,0.006989286059281685
5519,0.061807802932295784
5520,0.027005567233219847
5521,0.17209526365765146
5522,0.07803384905401851
5523,0.0009792258820933346
5524,0.0009071809032485793
5525,0.004928156937229898
5526,0.0011528957772760245
5527,0.0012440936955682262
5528,0.0016641506953242182
5529,0.0013115077749671642
5530,0.0017468341975844731
5531,0.013331731124260742
5532,0.9629479203207005
5533,0.004411837881968619
5534,0.017495511035702356
5535,0.0010180645957880885
5536,0.0012617642593574653
5537,0.0013480555543757238
5538,0.0014200615778854997
5539,0.012252735067189015
5540,0.0030623012450165903
5541,0.001256010928357753
5542,0.003472814425906468
5543,0.0011156167498286393
5544,0.06534123712409318
5545,0.06554241785727549
5546,0.41042824776250614
5547,0.013231848493492342
5548,0.028678542552528986
5549,0.08703958603518215
5550,0.00539413309040593
5551,0.02893807392449763
5552,0.5625444501284271
5553,0.0017776211661498695
5554,0.013661717764731544
5555,0.0013111381490307596
5556,0.04712328468883445
5557,0.0018454220809605564
5558,0.003826752821290474
5559,0.08028953649877356
5560,0.0011493232776916456
5561,0.0015535759849293071
5562,0.0013645800083838474
5563,0.24887044863674476
5564,0.0013150349506683514
5565,0.0021310164985745748
5566,0.004574224539702671
5567,0.004712707571249662
5568,0.004755797105351241
5569,0.013127336637422575
5570,0.006826908247868386
5571,0.17407268191586514
5572,0.948565093997706
5573,0.981580287541905
5574,0.1997407726771049
5575,0.004592058180567602
5576,0.8017335502281834
5577,0.991674540928188
5578,0.22841256484420447
5579,0.08775776496025474
5580,0.002910969612499056
5581,0.01019765381310056
5582,0.9830922677872468
5583,0.0014240346126731516
5584,0.05675820723249676
5585,0.001721765899236215
5586,0.008146115467261917
5587,0.0015526830897912341
5588,0.013932576646313845
5589,0.002126147263226152
5590,0.008038463031176855
5591,0.0011315234161218388
5592,0.09728444190303599
5593,0.0011359143937492
5594,0.013234699568929583
5595,0.012973339926256164
5596,0.02223562861043834
5597,0.002705951753568546
5598,0.006959157922065691
5599,0.02671134885982187
5600,0.004180710892357749
5601,0.0010180645957880885
5602,0.0009859436381513388
5603,0.0038420938793951045
5604,0.0011880965455309993
5605,0.01376906790445885
5606,0.0012835349953564362
5607,0.001516810498653428
5608,0.013451025997664104
5609,0.018697611078466268
5610,0.044686713652623514
5611,0.050969216000916015
5612,0.001835896596185246
5613,0.0016262813620876405
5614,0.12704438105563687
5615,0.0400404727301047
5616,0.002941303467300821
5617,0.0010212121034248575
5618,0.3510643888076171
5619,0.060769470451749574
5620,0.021054039571518572
5621,0.003063710106275782
5622,0.0016801610121905518
5623,0.001243921371030802
5624,0.009616936226941663
5625,0.0010891975346258814
5626,0.0010678645123475606
5627,0.0040433276065075605
5628,0.01739957157443546
5629,0.0018367045100117615
5630,0.004196629933234789
5631,0.0012683867895239252
5632,0.0031344012998859743
5633,0.005098229103943494
5634,0.0016250683192419475
5635,0.002971765336581607
5636,0.0031828790603236666
5637,0.0028725142342991674
5638,0.001570523838465544
5639,0.0019156607399671587
5640,0.01624721946102941
5641,0.010097514255717546
5642,0.9876898340534037
5643,0.0016165229070810954
5644,0.006323613024200887
5645,0.0018272694061917754
5646,0.08413305692806515
5647,0.0010206104121691301
5648,0.0011329190878709983
5649,0.0010618942959777914
5650,0.0013027434957731657
5651,0.0016599989798174656
5652,0.0066875287129026795
5653,0.028697358162393743
5654,0.021217912292379806
5655,0.0027439934722230212
5656,0.0018290935276813896
5657,0.0010244076414952603
5658,0.04297944704689573
5659,0.018440329601973594
5660,0.001040644818205899
5661,0.0017107000612422544
5662,0.004648618095031637
5663,0.001143018055204219
5664,0.014836410889037494
5665,0.0037401072661067836
5666,0.3452578779661781
5667,0.0010712229947596101
5668,0.000943846372632783
5669,0.38382544744361413
5670,0.0030631686636115713
5671,0.027531897573244982
5672,0.4853897923153511
5673,0.1787568830021888
5674,0.9909431271683155
5675,0.0024274459718226734
5676,0.0010790905140347614
5677,0.0011658440207442835
5678,0.02099361113096686
5679,0.0010827748989554536
5680,0.0010200445389501871
5681,0.0023943839135288016
5682,0.0018010028282976036
5683,0.0013509039654376867
5684,0.005479983747618515
5685,0.0281864667583769
5686,0.0013524953517823
5687,0.001064793496700869
5688,0.02647045688822249
5689,0.007520134130669527
5690,0.0011455340906856148
5691,0.02399296350359716
5692,0.0298564864799557
5693,0.005322431485737975
5694,0.9593613712764227
5695,0.08235155515001887
5696,0.0009860505214067455
5697,0.0010790905140347614
5698,0.012574251696373547
5699,0.016217993669480468
5700,0.004581371914719221
5701,0.0034142858113275832
5702,0.02548178746919494
5703,0.004485571107193397
5704,0.04653029407276156
5705,0.012553253402373335
5706,0.0009834883185147777
5707,0.0011202767368178052
5708,0.0014500810211604217
5709,0.0019156607399671587
5710,0.004550093841696995
5711,0.02067096717200924
5712,0.2563614500711703
5713,0.03520493770032609
5714,0.006374006362330943
5715,0.001894552569995809
5716,0.0010520495712468768
5717,0.029186972265041463
5718,0.43695527994244054
5719,0.051471301360621835
5720,0.005438883042315651
5721,0.0014591277034114495
5722,0.011989705484207774
5723,0.001178018405642977
5724,0.006562309912033886
5725,0.0046309584247783125
5726,0.019878496115304286
5727,0.015785935266734538
5728,0.01782504452976052
5729,0.011564091541726308
5730,0.09211596653407886
5731,0.08776605674632539
5732,0.9887229774685147
5733,0.002727846125457364
5734,0.8821547408820316
5735,0.04862555309851972
5736,0.00916997336654584
5737,0.0010268889655337017
5738,0.0017124954118117007
5739,0.0017081184673549436
5740,0.0029851850895385567
5741,0.009163326751629234
5742,0.0033868074291889096
5743,0.0010620842592579422
5744,0.005744648451677852
5745,0.006712706925921768
5746,0.020278875140886932
5747,0.0011073508966199426
5748,0.0215434647302645
5749,0.0009730684490656229
5750,0.0010244327259294852
5751,0.08859229037317558
5752,0.013693885883368971
5753,0.9910808576512685
5754,0.09507598397347032
5755,0.0026401194259036724
5756,0.001924207487007266
5757,0.0011169614084819148
5758,0.06452041875702431
5759,0.38059411515489355
5760,0.9909198884291686
5761,0.03384696833555632
5762,0.02566503327133314
5763,0.015200762325319177
5764,0.02242237235167543
5765,0.03569311706903651
5766,0.0038383914895040528
5767,0.0014182305015248678
5768,0.012971289990115258
5769,0.003975500839850933
5770,0.00951693070471588
5771,0.006620176569588513
5772,0.0010350719994409894
5773,0.03138331233253009
5774,0.8762484052114797
5775,0.991674540928188
5776,0.0020006571943557974
5777,0.5116443170209961
5778,0.011114358007207599
5779,0.014886095855256335
5780,0.07735156069079581
5781,0.009482136192710438
5782,0.007445691856357397
5783,0.04712382806447164
5784,0.010120003341900989
5785,0.007303477068830696
5786,0.991674540928188
5787,0.0011680355666543634
5788,0.00341624386564635
5789,0.011780058418812314
5790,0.0013682003710899667
5791,0.005608908093610327
5792,0.0068454791534415
5793,0.012113633533094179
5794,0.01966097914458867
5795,0.06690251934945017
5796,0.003808004480154857
5797,0.006819969239401268
5798,0.011647193694252508
5799,0.0010050827662190513
5800,0.02005325576804683
5801,0.0038209914728589787
5802,0.0016187530476300116
5803,0.001080985561808972
5804,0.0010790905140347614
5805,0.0012932891442786418
5806,0.0017837132388153953
5807,0.008656100485517251
5808,0.05162744874039459
5809,0.053635799688638526
5810,0.002141268985647994
5811,0.17776153454630328
5812,0.00274219668504496
5813,0.04723888588896088
5814,0.0076949452217780715
5815,0.11812687565290128
5816,0.0010002108807516585
5817,0.0019179318473573443
5818,0.03982456171355517
5819,0.05006332866406312
5820,0.007888673959488177
5821,0.5913980255543962
5822,0.0011039855365102375
5823,0.011606372622500348
5824,0.0030811651695472936
5825,0.0014529740265665976
5826,0.0021505943881186475
5827,0.001791295249245089
5828,0.0010528554784481406
5829,0.0011989108269322458
5830,0.1305708790370645
5831,0.001179750528192599
5832,0.9901608328890857
5833,0.0015773068129716356
5834,0.13938394150221506
5835,0.007025789065522805
5836,0.9878609188689629
5837,0.003378688369678932
5838,0.34560877602590595
5839,0.00203364582770393
5840,0.9876898340534037
5841,0.04344083879955656
5842,0.4139955250006444
5843,0.18206856509853603
5844,0.9314499655798603
5845,0.0018098386671199001
5846,0.0015347107847166338
5847,0.005713881603504291
5848,0.6491639068355283
5849,0.0017684425371017707
5850,0.0016762362382314981
5851,0.0010884527114696696
5852,0.001248730979710744
5853,0.019324490797769173
5854,0.0012840417372180705
5855,0.0017452014743025489
5856,0.0010492180512082566
5857,0.0209783957212297
5858,0.1835073029959996
5859,0.002101192904653199
5860,0.03131832734785002
5861,0.005560164336483938
5862,0.002954490661090453
5863,0.0031809267578340006
5864,0.002740957402248876
5865,0.005197472644781766
5866,0.9901144155615142
5867,0.0012168496265117185
5868,0.014486413614859747
5869,0.9888954428910895
5870,0.011796697422561965
5871,0.06205812798447504
5872,0.0025929038011128086
5873,0.006474113548701908
5874,0.15982052557253532
5875,0.9866314744329217
5876,0.09552899398286849
5877,0.0011062511917152192
5878,0.0012623599141490436
5879,0.006314021628020038
5880,0.048355702228098735
5881,0.010776512435233353
5882,0.00589172725503698
5883,0.001090326221963721
5884,0.0013319427199116308
5885,0.0481916592773975
5886,0.010880097771082429
5887,0.36126701283018975
5888,0.004839717226035124
5889,0.010094708923999818
5890,0.2754025865886286
5891,0.001187279700687653
5892,0.007135066760213723
5893,0.047875153857829984
5894,0.00940176686406011
5895,0.9839391267314482
5896,0.9907704004494403
5897,0.991674540928188
5898,0.3526380752712452
5899,0.006457070945597633
5900,0.4639864887655437
5901,0.01370296662181706
5902,0.04284976335286589
5903,0.03760108617441873
5904,0.0012229894682555835
5905,0.014362334913196289
5906,0.02192992168167519
5907,0.004954661698665514
5908,0.009468575106979104
5909,0.12145507400425322
5910,0.002118165669175273
5911,0.9893509900730776
5912,0.004826332442806903
5913,0.9890489341998945
5914,0.012060739859251967
5915,0.002889447472691584
5916,0.0011680355666543634
5917,0.001256010928357753
5918,0.00161116059635283
5919,0.9893113005431236
5920,0.007943466649453569
5921,0.032799519715628465
5922,0.0010232570709371393
5923,0.001119679966702019
5924,0.0017106075081239336
5925,0.001031581400628398
5926,0.027071582262685884
5927,0.0038458277045089143
5928,0.5231829522353886
5929,0.008700708508275624
5930,0.1559837444143095
5931,0.9880841106644737
5932,0.9909545110440796
5933,0.0010438899900033934
5934,0.001256010928357753
5935,0.009008178042576498
5936,0.0016179726957927252
5937,0.00191251549991652
5938,0.009365314311094079
5939,0.7484811093042022
5940,0.006134722906703772
5941,0.01696079775285633
5942,0.05486153410783766
5943,0.002043224621216678
5944,0.029832523380056326
5945,0.006008870931606613
5946,0.03884858181944454
5947,0.004407907400772233
5948,0.04095302775526102
5949,0.0013099407195041014
5950,0.0016978503134873566
5951,0.05173847311946452
5952,0.01641352941735855
5953,0.014236942517066097
5954,0.9916850131805375
5955,0.0020868894232352413
5956,0.003468369042838098
5957,0.06303438278789093
5958,0.012958977279985679
5959,0.0046945382955463875
5960,0.001207351982051783
5961,0.0009802707089255193
5962,0.0009982847696152508
5963,0.006286788687982634
5964,0.001069269401706492
5965,0.0010423180591988472
5966,0.0010780749441959211
5967,0.0011494811820620997
5968,0.0012426537888603493
5969,0.984102322908102
5970,0.06043462211664769
5971,0.9399376701713578
5972,0.04492275270104524
5973,0.0010026974559938808
5974,0.047239321999649565
5975,0.0013476826318428385
5976,0.0014216903492581406
5977,0.08534146765946433
5978,0.010468953988616244
5979,0.0033713076570031997
5980,0.003770976391439849
5981,0.015221630278264146
5982,0.053426458474925005
5983,0.013734617345109734
5984,0.9881520517221684
5985,0.0013358021039228027
5986,0.001893696862416071
5987,0.0018185162636847388
5988,0.00809789467668727
5989,0.001155867400193581
5990,0.03375733459082852
5991,0.0019370786634919182
5992,0.9876543966134224
5993,0.0010577630316914069
5994,0.001063660037749881
5995,0.03861849944930792
5996,0.0012583153567578215
5997,0.030591832666311703
5998,0.0052590743301127105
5999,0.005088703355231113
6000,0.004710480928074848
6001,0.021775005323634595
6002,0.002673803656482702
6003,0.9878761294731148
6004,0.0023132028282099692
6005,0.018407833640519605
6006,0.047579146632605526
6007,0.9613728384401778
6008,0.0016520424492591232
6009,0.003865791535798937
6010,0.0011153431405372615
6011,0.007143106462535269
6012,0.1375587635059724
6013,0.0012427256235129026
6014,0.001390948604201564
6015,0.009755486582289915
6016,0.001383004206301812
6017,0.00905807943125466
6018,0.07107090944824636
6019,0.004362136820400118
6020,0.9860943375017076
6021,0.0016226044253097253
6022,0.007214998355252332
6023,0.023808151533421338
6024,0.9878609188689629
6025,0.001256010928357753
6026,0.062159334676918115
6027,0.0011905234400018893
6028,0.0012295631721324658
6029,0.0033045832663190365
6030,0.0016717592576417808
6031,0.001256010928357753
6032,0.0661270941424864
6033,0.04009147976601822
6034,0.026672136187418267
6035,0.11511097361438336
6036,0.029000791174452135
6037,0.010194419806080516
6038,0.0012807335869143266
6039,0.009041041099164855
6040,0.001156754080082444
6041,0.019917908050149515
6042,0.01788368586383122
6043,0.04068783125899344
6044,0.02206701697541105
6045,0.004181476677284789
6046,0.008637198967299009
6047,0.005949702086678121
6048,0.0022647772132074386
6049,0.01919267616016593
6050,0.0013708226824145668
6051,0.9876898340534037
6052,0.00152774579060422
6053,0.008736135455310545
6054,0.9887088171759879
6055,0.0017337714737540536
6056,0.1775540771378872
6057,0.013150247588553503
6058,0.005578306067191455
6059,0.01738035764477674
6060,0.13578194381136816
6061,0.020846038211533118
6062,0.01954643996928249
6063,0.003074228273369267
6064,0.0011641247903438339
6065,0.0011247290659622293
6066,0.0051587932403821075
6067,0.9876898340534037
6068,0.004038680415445687
6069,0.010555582201002745
6070,0.003948963923607696
6071,0.003213230827244648
6072,0.39889550428715626
6073,0.0009972220376706167
6074,0.0010890926816304824
6075,0.03180236236219265
6076,0.0013476826318428385
6077,0.019412266271293915
6078,0.0028786333639498085
6079,0.0011208520093556192
6080,0.03498548723138551
6081,0.00221574302220226
6082,0.0016721661918661583
6083,0.0015090144305822007
6084,0.1978691398019871
6085,0.05016631643644244
6086,0.004764336830346223
6087,0.00768592366962743
6088,0.0052576644186734965
6089,0.0011669459934390456
6090,0.9878609188689629
6091,0.002793743444509905
6092,0.007536000433256842
6093,0.0011844000705292352
6094,0.00467982083925167
6095,0.009371823143443703
6096,0.0019184797700342667
6097,0.0011574543415896778
6098,0.0015388851865401477
6099,0.33391910506957384
6100,0.008821815276752347
6101,0.9910550935898907
6102,0.006823849521215637
6103,0.00872735803390856
6104,0.005206440167918301
6105,0.5917637840399788
6106,0.9342290104068204
6107,0.9876898340534037
6108,0.13498867653680013
6109,0.00404668799079229
6110,0.02465055152349605
6111,0.9916850131805375
6112,0.08203151019848304
6113,0.020701531709928587
6114,0.007634636588482311
6115,0.009906085606293281
6116,0.01167690246549092
6117,0.0011772504161342216
6118,0.0019033991329065216
6119,0.0012654881621881459
6120,0.9909431271683155
6121,0.0019841330689091816
6122,0.235008493914893
6123,0.010089061415988402
6124,0.05726629858064609
6125,0.01155375818581914
6126,0.004784048655136457
6127,0.03979373685728976
6128,0.5328219761026973
6129,0.002639014150113229
6130,0.03284213868067763
6131,0.0016391452657200623
6132,0.011122596689414135
6133,0.9916609796141311
6134,0.022381792910365413
6135,0.004795209027025807
6136,0.001177053756841961
6137,0.0017154366470949272
6138,0.11259003498357498
6139,0.0009839527826265063
6140,0.03167526071805356
6141,0.0683294965618198
6142,0.00226658146079455
6143,0.08973815133610623
6144,0.17130604522853338
6145,0.002809123209226016
6146,0.9841325012350275
6147,0.02450593336557077
6148,0.3845087420106597
6149,0.006889224371636103
6150,0.004583874234663727
6151,0.01267265545889703
6152,0.00512358306180787
6153,0.08704894691113442
6154,0.003983349267760144
6155,0.011214171306603463
6156,0.004109654388920977
6157,0.9825278608205965
6158,0.004417947712866494
6159,0.9909545110440796
6160,0.02583885083782253
6161,0.02567139748140951
6162,0.10735088239467223
6163,0.00584434370904773
6164,0.0013547066851696528
6165,0.004720118549172362
6166,0.002854504139676517
6167,0.9909696493811436
6168,0.0013218529571964047
6169,0.9429108059336545
6170,0.016773679354942114
6171,0.004306813660064286
6172,0.9901731903048516
6173,0.00672259068728585
6174,0.009536566318518062
6175,0.026649395383313196
6176,0.0929886529764597
6177,0.004189672651479583
6178,0.0019013378070382781
6179,0.8676155815108902
6180,0.046683537351155914
6181,0.019215284535460272
6182,0.991674540928188
6183,0.010897699671351048
6184,0.0467552666393373
6185,0.004181902614454273
6186,0.0011507499139186649
6187,0.0071669413112410395
6188,0.0009544717037423154
6189,0.001211042727398243
6190,0.005835845628763997
6191,0.019374125168285385
6192,0.0012194788337889597
6193,0.028878604725333774
6194,0.038915948069718535
6195,0.03602206578304106
6196,0.0424403244094814
6197,0.4262801907981885
6198,0.30428981124035204
6199,0.9909431271683155
6200,0.008830670736095102
6201,0.01071520638687582
6202,0.05938623505819024
6203,0.9900230140812837
6204,0.022069953678670845
6205,0.003080785619241158
6206,0.004157531211740528
6207,0.001327420656747087
6208,0.06323578886964552
6209,0.013285424734229926
6210,0.13662201099590193
6211,0.9855338923855328
6212,0.032189724086506555
6213,0.17827604484841156
6214,0.004653949079386919
6215,0.003471646321409366
6216,0.9910808576512685
6217,0.0359070194966504
6218,0.015625038254168094
6219,0.010027774459021355
6220,0.02860620411896504
6221,0.0009982847696152508
6222,0.0016778132306015437
6223,0.001246905417981898
6224,0.07266611989142853
6225,0.0214606406873841
6226,0.016908547943890104
6227,0.0010438899900033934
6228,0.020121959019805343
6229,0.01808049162800156
6230,0.8528340058041082
6231,0.02703697390017423
6232,0.1016271569766344
6233,0.004424211400151313
6234,0.01582445575054261
6235,0.016650747045916726
6236,0.04609287398543865
6237,0.1886483653729679
6238,0.6156834488167058
6239,0.008146891111565021
6240,0.008838399560912757
6241,0.17486653367771982
6242,0.2978631952112864
6243,0.23158627345396146
6244,0.03167510525811919
6245,0.0050825578295780605
6246,0.9900277098274186
6247,0.008217091959260039
6248,0.05948250976237807
6249,0.003473073681477837
6250,0.017078486466059382
6251,0.0013473710802374777
6252,0.0010576531274880793
6253,0.0013188226255475973
6254,0.01192431411119804
6255,0.0009816147623165255
6256,0.0034910418459640777
6257,0.0045145649918795615
6258,0.0029917782830685873
6259,0.245685815825907
6260,0.0009982847696152508
6261,0.09933961878662953
6262,0.0013488425985804721
6263,0.003932204355080391
6264,0.06539732672066635
6265,0.0019851381746434794
6266,0.0015023110861904344
6267,0.001192482864759381
6268,0.0011079929278761448
6269,0.006162832249388088
6270,0.9607030470554796
6271,0.0021493447228929613
6272,0.9866466150102626
6273,0.0014661051741762855
6274,0.004782783543248468
6275,0.0013723900539919457
6276,0.0012417152999798615
6277,0.0011599287388464464
6278,0.013786544798415776
6279,0.037874919525434154
6280,0.22706910183546164
6281,0.9910808576512685
6282,0.007953481442607548
6283,0.006123499263552495
6284,0.029247791869902465
6285,0.01794257717582033
6286,0.008139802477425299
6287,0.0035326525293977217
6288,0.001288762122162958
6289,0.0016540525045328713
6290,0.0010577630316914069
6291,0.0012163302397013274
6292,0.003288659208552734
6293,0.06610146504067467
6294,0.0859077818891979
6295,0.0032047932535511237
6296,0.05442700097817802
6297,0.002300143072920482
6298,0.08984042426880896
6299,0.005743120303751087
6300,0.001196251987349563
6301,0.0016224819666012156
6302,0.12085844104502941
6303,0.0022096851227054
6304,0.0012141494703276742
6305,0.0037985108952088608
6306,0.005614493126963273
6307,0.11776709501773444
6308,0.013906338223967274
6309,0.14046297304697405
6310,0.16153610495934334
6311,0.0015098606642113526
6312,0.14746852841316838
6313,0.14881513699509327
6314,0.04939541146986821
6315,0.04169414223571188
6316,0.007724569976235769
6317,0.0010104132872622515
6318,0.0012729939586403783
6319,0.005918581893861125
6320,0.025683542205270152
6321,0.003475627318610803
6322,0.004651156868165011
6323,0.1737833320934518
6324,0.0879774374876154
6325,0.12197905135897825
6326,0.9885105667895189
6327,0.0012915619343737336
6328,0.9876743926392492
6329,0.001984066784669424
6330,0.03365266381559468
6331,0.004282640486285034
6332,0.004925907671846611
6333,0.001222652644571704
6334,0.026762108725175714
6335,0.0009584579333925611
6336,0.0011492102564439274
6337,0.006049571967820674
6338,0.9901731903048516
6339,0.00311117699859463
6340,0.9901731903048516
6341,0.9823013921943641
6342,0.002586458442026971
6343,0.051674307608141956
6344,0.006963849609644794
6345,0.003562408338676631
6346,0.0029903311552829845
6347,0.0016018846552300367
6348,0.005835322539543202
6349,0.9842128212908683
6350,0.004152638154297231
6351,0.006159614321451649
6352,0.218760687438289
6353,0.9901731903048516
6354,0.0016847922450141134
6355,0.9878761294731148
6356,0.0596612584875072
6357,0.003028176126768459
6358,0.4490217568545829
6359,0.02793195623048997
6360,0.044389507260066505
6361,0.9916850131805375
6362,0.004260299503047511
6363,0.9858126815649036
6364,0.057100591961881546
6365,0.023850519170102686
6366,0.012697717833570245
6367,0.04707630689908607
6368,0.9755014819770341
6369,0.0036887110333435028
6370,0.0740871360628542
6371,0.9916850131805375
6372,0.0012188418226053602
6373,0.002206445219299841
6374,0.0012283764994035127
6375,0.007013855290487269
6376,0.028094808456992356
6377,0.0010934181894874163
6378,0.0026239401271830995
6379,0.006014007563386555
6380,0.0023468366546406253
6381,0.005660646362779133
6382,0.16139548506279283
6383,0.0026587082768575942
6384,0.013403626463609406
6385,0.08293760038490632
6386,0.04645607477302747
6387,0.05333409830943291
6388,0.4705087519162448
6389,0.007825467737325306
6390,0.0013886931060722414
6391,0.12152214714657177
6392,0.001146605586180814
6393,0.04116425348300091
6394,0.9902697936953256
6395,0.08762290051830599
6396,0.06736397088062197
6397,0.006929128474808213
6398,0.035521293996343996
6399,0.012974560871645429
6400,0.005174458297039551
6401,0.0017530590782140801
6402,0.002076453391758017
6403,0.00559201889169305
6404,0.17739522610194747
6405,0.9851286793461954
6406,0.05323551251280634
6407,0.9734243635383311
6408,0.05180075453961004
6409,0.0037091760221207473
6410,0.0015579225148475465
6411,0.9876126764132257
6412,0.007463816841788469
6413,0.991674540928188
6414,0.0028096421117390245
6415,0.35712159881557975
6416,0.0013421658816939314
6417,0.402065491101629
6418,0.002977046006626805
6419,0.9858109270117268
6420,0.1631304403538715
6421,0.0011401393298074297
6422,0.051688918390285464
6423,0.9916850131805375
6424,0.9876898340534037
6425,0.09232197383127931
6426,0.004965554427365232
6427,0.5160817190608021
6428,0.025064872187879016
6429,0.002298036793226868
6430,0.9878761294731148
6431,0.9916850131805375
6432,0.006886479622981594
6433,0.002785803736269039
6434,0.0015716427657971538
6435,0.9901731903048516
6436,0.19906732997424514
6437,0.09417969096541957
6438,0.008869899514958894
6439,0.2445858891000313
6440,0.002297943987440623
6441,0.0018378951741231898
6442,0.27746103252060883
6443,0.08987649039872074
6444,0.008097760825242582
6445,0.8789497054881198
6446,0.9882516759554095
6447,0.025641621066114343
6448,0.00148000656736736
6449,0.01888056659479317
6450,0.051115754981539696
6451,0.10022547485721754
6452,0.9882262170955927
6453,0.014245713996373787
6454,0.0016670353300774496
6455,0.00970739213797839
6456,0.006766198316890636
6457,0.9806162597337664
6458,0.0019386593014567995
6459,0.04209005853048027
6460,0.0013745582834283814
6461,0.7311605064714953
6462,0.00929445292168271
6463,0.004039837977037882
6464,0.9901731903048516
6465,0.001234268952881247
6466,0.007393258657872538
6467,0.010000421953210334
6468,0.9893291593090504
6469,0.9909431271683155
6470,0.98985080695142
6471,0.005025066339904163
6472,0.00452362673218682
6473,0.004898936791394609
6474,0.08013719152756334
6475,0.9858109270117268
6476,0.0024980505204922994
6477,0.0216406751991031
6478,0.007905882803559606
6479,0.004625357372710955
6480,0.005608737599160452
6481,0.0014104019584626152
6482,0.010520800852672405
6483,0.0011335322568615746
6484,0.004750943733944726
6485,0.1487199236479331
6486,0.08098635359551828
6487,0.0012898111507672306
6488,0.001194770038905106
6489,0.00452536585213406
6490,0.4244212552196587
6491,0.00545281654024567
6492,0.002725439026879866
6493,0.9435477849167622
6494,0.00379301135294903
6495,0.004611686675594425
6496,0.0020660778815497715
6497,0.001234923117897862
6498,0.0026750686020118345
6499,0.0011144706711460584
6500,0.005739390559298477
6501,0.0010270060078292837
6502,0.0018692359737032215
6503,0.005635604449452326
6504,0.006264879082502056
6505,0.7410288837601982
6506,0.0011714733986009861
6507,0.003349625662796321
6508,0.006405337396191947
6509,0.002594062004232379
6510,0.005301947804903198
6511,0.0010156101312793926
6512,0.005455212075316645
6513,0.0011833183845858296
6514,0.0017459775826903015
6515,0.3300065300936541
6516,0.0038920819833732257
6517,0.0016657496659884677
6518,0.02663474662982258
6519,0.2118098063406828
6520,0.0025301204759994892
6521,0.06422083039231766
6522,0.00532993991664884
6523,0.003926674715946594
6524,0.00173345149808989
6525,0.0025918046280978034
6526,0.0010069992941435092
6527,0.0009365073657047129
6528,0.00578439836454233
6529,0.03601059409800135
6530,0.002394982516749711
6531,0.0031233977776144364
6532,0.01729583764107255
6533,0.00101867448774636
6534,0.0017984447136381665
6535,0.0010909587346985957
6536,0.008246103620971003
6537,0.0012195268340449465
6538,0.0016776452425121666
6539,0.010440328718179783
6540,0.9923574537270862
6541,0.01826260840584323
6542,0.003984181145331286
6543,0.005926381420888091
6544,0.0012027335827391888
6545,0.008935414687572588
6546,0.006541864931599608
6547,0.027355083696506702
6548,0.001005596130248425
6549,0.001576815912764352
6550,0.00096684916716007
6551,0.001246885845425893
6552,0.001246905417981898
6553,0.001613670200154806
6554,0.0012760051923104971
6555,0.0015756755176126321
6556,0.0072737074002132045
6557,0.016845033356374443
6558,0.047314072245914184
6559,0.15975344797345606
6560,0.0011856192644673586
6561,0.06255845253086717
6562,0.07407558988899167
6563,0.00825640060574194
6564,0.0010244327259294852
6565,0.0030311123754397772
6566,0.005480294973236637
6567,0.0038620754385778376
6568,0.00233533108803635
6569,0.00101867448774636
6570,0.001039628767624734
6571,0.004808954903319463
6572,0.00577343732963091
6573,0.004812755244944586
6574,0.004282387014354102
6575,0.9901731903048516
6576,0.0013141536512690298
6577,0.001373375852640586
6578,0.02145122034881557
6579,0.0019797431661137403
6580,0.02141544021353578
6581,0.007780010834536292
6582,0.034476519724665075
6583,0.0021223106833359227
6584,0.012235581579888273
6585,0.004141098716451462
6586,0.0903965444483553
6587,0.19980828469748477
6588,0.0679990107295168
6589,0.0036775041651856432
6590,0.0049547802858200644
6591,0.012212911658723269
6592,0.0027747203791061
6593,0.005558333218876628
6594,0.001748071532649918
6595,0.0037706917683748404
6596,0.10520385389163674
6597,0.02426594899855433
6598,0.19316755706074165
6599,0.004912824796781619
6600,0.002549544495902111
6601,0.991674540928188
6602,0.007735624641078989
6603,0.02751134388622598
6604,0.0013432348512607832
6605,0.013353067586836005
6606,0.07109384021008545
6607,0.004214767048542528
6608,0.0069623548910803116
6609,0.0010194892813264603
6610,0.9921686272397743
6611,0.0013188226255475973
6612,0.0012273104108243777
6613,0.0011429565081110087
6614,0.0016769258460656643
6615,0.008525218871740074
6616,0.004901555933555537
6617,0.003591236700514772
6618,0.03244094735772423
6619,0.0011062394448891134
6620,0.003122613922179577
6621,0.011218103592499652
6622,0.003097741347066867
6623,0.0011338909756811594
6624,0.0012797206059128269
6625,0.0028339006757338242
6626,0.0022673774691506026
6627,0.992647078156493
6628,0.0019378961208057562
6629,0.0014619779403861532
6630,0.0033963218506773848
6631,0.002654840427500639
6632,0.0009410288362472882
6633,0.0012082498993600424
6634,0.0027784411068934264
6635,0.003957329730611571
6636,0.1392601967141641
6637,0.0028635469009897388
6638,0.0014863593851985933
6639,0.0029415937622238814
6640,0.2564109635684026
6641,0.013637915762683545
6642,0.0009859436381513388
6643,0.20452434637937109
6644,0.02213653220984
6645,0.0035131674954758697
6646,0.0038379483357345355
6647,0.026873355037474046
6648,0.004403575375066272
6649,0.0017114527469705
6650,0.10293829799742096
6651,0.0022718817424722407
6652,0.0010146152560360684
6653,0.0021613393683120657
6654,0.0034118390190052044
6655,0.0010884201234486952
6656,0.00178485041019241
6657,0.01419176464106698
6658,0.004624000576483706
6659,0.004470958408334017
6660,0.0020125652303235107
6661,0.9899183344559711
6662,0.0010037943166154642
6663,0.019471951219963545
6664,0.011624714716725222
6665,0.0009950255008193804
6666,0.03092943049901886
6667,0.9437081092197321
6668,0.05825713492030754
6669,0.23588694746046002
6670,0.44894290534258674
6671,0.004187582245004083
6672,0.006506641576043154
6673,0.006499366149481749
6674,0.0010260936101451651
6675,0.0010714666261063498
6676,0.010050371460781055
6677,0.0014134970920678632
6678,0.0012429700912096324
6679,0.01052012447328946
6680,0.006030973195389398
6681,0.4306018444126528
6682,0.18378253099079844
6683,0.12044146515973365
6684,0.012644034250767704
6685,0.0017482273748720312
6686,0.0011676159098652236
6687,0.020676217263242883
6688,0.0492442742253986
6689,0.003388924556762694
6690,0.9901608328890857
6691,0.0023092665993146634
6692,0.001565668914986383
6693,0.13432889178557147
6694,0.0030953173705907137
6695,0.06041935165094753
6696,0.0010029110690915099
6697,0.006913380786062335
6698,0.0021342271410486214
6699,0.001476331791206332
6700,0.013628601385447772
6701,0.002075390078542542
6702,0.010484331836184474
6703,0.0011151128678356967
6704,0.009160472181877361
6705,0.9916504773477234
6706,0.0009781183582024875
6707,0.0012060178622939012
6708,0.004522767693011636
6709,0.007450306964190714
6710,0.005487400528000498
6711,0.004813842789551658
6712,0.00390861448712344
6713,0.0010754454594908498
6714,0.011459651122882492
6715,0.003831617323985105
6716,0.001802422705048244
6717,0.00444161074084429
6718,0.004015476547933868
6719,0.025833010502051824
6720,0.22839208190907812
6721,0.0011890652915587776
6722,0.04304221959478019
6723,0.03763747235159042
6724,0.001377687599723303
6725,0.0012194788337889597
6726,0.012507334940986053
6727,0.11391777294710921
6728,0.9916850131805375
6729,0.014936946475518641
6730,0.9916850131805375
6731,0.004007087382107145
6732,0.004957858053160271
6733,0.021159721367529836
6734,0.0011996664715226272
6735,0.011023463857765266
6736,0.15367117695017687
6737,0.0011935038043207104
6738,0.02059763433977098
6739,0.01808153936369624
6740,0.0011972023264548736
6741,0.14429319878330157
6742,0.00096684916716007
6743,0.0031910924261869867
6744,0.045415043927425104
6745,0.04373795909782131
6746,0.002496536245297906
6747,0.012493426691614042
6748,0.001457403545131545
6749,0.991674540928188
6750,0.14065991948968098
6751,0.0009472450294762797
6752,0.0013183068901123746
6753,0.0024626057263645376
6754,0.0031329956920913447
6755,0.003677446496990504
6756,0.0028402396696471975
6757,0.03724152570957434
6758,0.03166099924222369
6759,0.0009974711313664262
6760,0.0010370040060083154
6761,0.039332608300748126
6762,0.13963905355063924
6763,0.005116287982866568
6764,0.0018982551995055611
6765,0.015138646644071179
6766,0.16481269307740398
6767,0.0037476037436115057
6768,0.002268746190557108
6769,0.001063922783253854
6770,0.015808590902348502
6771,0.002400950624935044
6772,0.0021186769022165743
6773,0.058737438274025014
6774,0.0022463163715997314
6775,0.0036842060219121507
6776,0.012319891802977625
6777,0.02040276135289785
6778,0.023333256560151804
6779,0.9916850131805375
6780,0.4291694042890832
6781,0.0030035933477498213
6782,0.0012077651364748873
6783,0.0038621609295304586
6784,0.0010252267952389651
6785,0.003095102084248052
6786,0.0018535793700994512
6787,0.9901608328890857
6788,0.014920091720972356
6789,0.03671523745426499
6790,0.02419528304371309
6791,0.007522841304694814
6792,0.03545072192176577
6793,0.004656079956342767
6794,0.9835972799541648
6795,0.0055630978820733435
6796,0.9916850131805375
6797,0.0021783522721507908
6798,0.030078557929482212
6799,0.021437189542602972
6800,0.34021096767923314
6801,0.00862141641262001
6802,0.005039036361192579
6803,0.006667741582316662
6804,0.22954102673561236
6805,0.27076819085156434
6806,0.9909435670161908
6807,0.00308109950128653
6808,0.3540387508511857
6809,0.0009730684490656229
6810,0.046519535007792524
6811,0.001620376966722102
6812,0.020605602310032906
6813,0.0010778419624350175
6814,0.8844193943596936
6815,0.037860530746922284
6816,0.991674540928188
6817,0.0019875852139082167
6818,0.003213666463425199
6819,0.002160743899325002
6820,0.05228660045871615
6821,0.991674540928188
6822,0.9890685728251394
6823,0.9913578238682413
6824,0.35332825138689106
6825,0.006576001642549891
6826,0.991674540928188
6827,0.991674540928188
6828,0.0034104662433876486
6829,0.003892762578592199
6830,0.21392731464384077
6831,0.0036316200596562052
6832,0.021947853683110974
6833,0.04005552642388308
6834,0.01820009226013644
6835,0.007579762681361003
6836,0.014060241369369206
6837,0.004776527287438664
6838,0.9916850131805375
6839,0.033561854121517846
6840,0.025858354789481362
6841,0.1520601952570568
6842,0.24962497535062148
6843,0.01472600058065504
6844,0.0010012458533669032
6845,0.006065355970158492
6846,0.001168434034763889
6847,0.004204164484475206
6848,0.0028127864088152
6849,0.02227714636881604
6850,0.9901731903048516
6851,0.0045462718709692795
6852,0.0016741443736118938
6853,0.0010793413218746018
6854,0.0010260936101451651
6855,0.007274790480288069
6856,0.007727771625758041
6857,0.0035431323927090164
6858,0.0016469228792635351
6859,0.0011703934022379678
6860,0.003204637888066426
6861,0.0020531788584427233
6862,0.001368868365702508
6863,0.014789381548858626
6864,0.026489888405607034
6865,0.015396510039098105
6866,0.0010387914016947253
6867,0.05985320942880799
6868,0.0018486175229214153
6869,0.35946713401208197
6870,0.0011452929876592797
6871,0.006207676173750294
6872,0.006585861422170047
6873,0.0024573310007056704
6874,0.0011176600755559163
6875,0.0013418154811510282
6876,0.9890941123600983
6877,0.9921797213190762
6878,0.03723706866094411
6879,0.0022692294702367256
6880,0.0023119389993389717
6881,0.991674540928188
6882,0.020672678581276603
6883,0.9658238235759543
6884,0.0021931484914145295
6885,0.3177816559066739
6886,0.004178855243687378
6887,0.014695030334841262
6888,0.035092086094702477
6889,0.001954683434648092
6890,0.00841454794760672
6891,0.9926378085748766
6892,0.002455516906018589
6893,0.020068862066631273
6894,0.01933515975911205
6895,0.0015679474395102215
6896,0.0010726322326547236
6897,0.09391273211554435
6898,0.006095713521615795
6899,0.05046480590160084
6900,0.10593814666579628
6901,0.9916850131805375
6902,0.006443049855715968
6903,0.013039108203625143
6904,0.004660173195259371
6905,0.002173375555738072
6906,0.0010664480913354073
6907,0.0017528452862890615
6908,0.012529674617377544
6909,0.003268133296374295
6910,0.021988160817656244
6911,0.02132605077296043
6912,0.0010491761586748354
6913,0.003230855499011044
6914,0.005442955272786853
6915,0.0010975343199414326
6916,0.035237825955320726
6917,0.9916850131805375
6918,0.003661897468731321
6919,0.038612745063884665
6920,0.08789232270347765
6921,0.003094481318867914
6922,0.0025018772408386763
6923,0.03735628285324474
6924,0.0015604464715166823
6925,0.001260923939949012
6926,0.0015266485462133988
6927,0.0028909146010233466
6928,0.0012320548197068562
6929,0.00221796823340271
6930,0.0011760730606294393
6931,0.006258270190192592
6932,0.04325920190154119
6933,0.004593352497681308
6934,0.0013685032609199877
6935,0.001411129096275445
6936,0.0027039558130725443
6937,0.016409864253386957
6938,0.0021206339422217436
6939,0.0015674394574555944
6940,0.25858389873692883
6941,0.0022268438317353777
6942,0.003931323797306606
6943,0.006730978585017434
6944,0.991674540928188
6945,0.0020617057923496274
6946,0.0025410830301206455
6947,0.9907705658982926
6948,0.03254585564991206
6949,0.15301764270261284
6950,0.0027820994552130254
6951,0.015400535243663008
6952,0.05811032716094134
6953,0.005449203374551344
6954,0.0016802601713232217
6955,0.021849836946142145
6956,0.004277770099870081
6957,0.00249599217349861
6958,0.00406770574834396
6959,0.9916850131805375
6960,0.010518289822856285
6961,0.9905988026127528
6962,0.0024355372013581244
6963,0.520924209204419
6964,0.9916850131805375
6965,0.010055191438795383
6966,0.00152405247770199
6967,0.0012253791596485409
6968,0.017463445552105362
6969,0.017853189406627255
6970,0.00143293508560378
6971,0.0016112080676166057
6972,0.007080563660837851
6973,0.005561519153841885
6974,0.0011458947817423843
6975,0.001311887769709322
6976,0.0015888369288611078
6977,0.0011329540684369835
6978,0.1393868661226122
6979,0.0009867079028529617
6980,0.13478312074694054
6981,0.014427478857214905
6982,0.009317307258774117
6983,0.43875538163572675
6984,0.9901731903048516
6985,0.007898011598530524
6986,0.0010244505455824242
6987,0.31565116996069165
6988,0.1384353183365241
6989,0.1788727487879058
6990,0.002290017150315884
6991,0.002002115910153821
6992,0.026489437168201655
6993,0.12566427142072434
6994,0.9614512308311258
6995,0.9916850131805375
6996,0.0028885827387120123
6997,0.5594749014233624
6998,0.4654570057230232
6999,0.0966861116886613
7000,0.0059166517628433815
7001,0.9913086439515756
7002,0.003533148018897965
7003,0.9921797213190762
7004,0.9375192363243278
7005,0.991674540928188
7006,0.0015947976875589549
7007,0.01849205268348962
7008,0.0033732663456885895
7009,0.0010582635201148223
7010,0.0009761479820061911
7011,0.004481253818156885
7012,0.011918071110146125
7013,0.00468057171763927
7014,0.9901608328890857
7015,0.001548474532009246
7016,0.0040297664293475624
7017,0.00234684422998233
7018,0.3845455101838849
7019,0.001894643337273248
7020,0.0013774947903019987
7021,0.0038195482506172508
7022,0.0145130501216334
7023,0.001858629113500247
7024,0.07667329402326915
7025,0.189010820830821
7026,0.0033503502888937685
7027,0.0035808058592809774
7028,0.003501536826171578
7029,0.991674540928188
7030,0.9907184538012603
7031,0.15698119267102942
7032,0.0037736257622575297
7033,0.9901731903048516
7034,0.0020799659308128765
7035,0.0022377652848098273
7036,0.04136003955169118
7037,0.0019185161293917214
7038,0.004025615998392008
7039,0.017154370032948237
7040,0.0140039566842867
7041,0.008699096339372641
7042,0.0010268889655337017
7043,0.01115829843596233
7044,0.06676078311113366
7045,0.14094444286074886
7046,0.0022953236566372937
7047,0.00870955638973005
7048,0.02583972313220066
7049,0.0013313146384106255
7050,0.028184308785234945
7051,0.042301701013965784
7052,0.0010815024672791607
7053,0.0010441155283650212
7054,0.04731942624680266
7055,0.006153867916457662
7056,0.0042466261422524545
7057,0.01888747822199535
7058,0.17544099072722108
7059,0.002952615443507551
7060,0.991674540928188
7061,0.00391949513573636
7062,0.03548177366221709
7063,0.018238311766493032
7064,0.9887994824563019
7065,0.007305462207492531
7066,0.00207826444068625
7067,0.11018650068395786
7068,0.01009515294864161
7069,0.0028859990184963214
7070,0.0037739874424497625
7071,0.003913436179403515
7072,0.061321714728616215
7073,0.0013188226255475973
7074,0.0016629010473946098
7075,0.7372111751390925
7076,0.0038013952709688636
7077,0.008472427514747114
7078,0.02243265134410236
7079,0.0038738420431030894
7080,0.9916850131805375
7081,0.0035170659516039694
7082,0.0015266427063574414
7083,0.004052098874551523
7084,0.0010758373922206878
7085,0.009675762105886825
7086,0.0011540700168057598
7087,0.005106313240604117
7088,0.0024032309794850015
7089,0.43671238432472853
7090,0.0023785827212454815
7091,0.06126417075278723
7092,0.06358967465435195
7093,0.024637147800670736
7094,0.02460634530662847
7095,0.002999636715544832
7096,0.26682845303984304
7097,0.07795010035633688
7098,0.3835042968565099
7099,0.003284557101537443
7100,0.00206589856567438
7101,0.010592447134039066
7102,0.004374126659947206
7103,0.7302644035103957
7104,0.0034627637347977003
7105,0.6838543372589152
7106,0.001139324456596181
7107,0.004406295230638299
7108,0.0012343497078209748
7109,0.014082884956532713
7110,0.003512449323366377
7111,0.0010497627361735632
7112,0.003592709041733429
7113,0.0013237391609010655
7114,0.9907301174344976
7115,0.0022614816574835087
7116,0.08361502465541927
7117,0.0026806261779527612
7118,0.0021457753980970696
7119,0.08493759487186145
7120,0.9894852719453544
7121,0.001044759824570118
7122,0.003971648824472162
7123,0.0028131417156673083
7124,0.004641872607274351
7125,0.057731591070861434
7126,0.008691729015383684
7127,0.07032086674066605
7128,0.03670558550246671
7129,0.06439901513292422
7130,0.003359209360759146
7131,0.002769863497011502
7132,0.0017808468398688821
7133,0.005601169384113853
7134,0.012536277475793152
7135,0.0025566574699546277
7136,0.006185716870370726
7137,0.002034355973035187
7138,0.0018514370070720054
7139,0.9909785859022091
7140,0.005767503635395251
7141,0.0012361541819311782
7142,0.025203455559152693
7143,0.0018815147610300694
7144,0.007679498545556722
7145,0.0035189939110248543
7146,0.5381286211314954
7147,0.1350964808192887
7148,0.0018627918853076758
7149,0.0025431950209431867
7150,0.002968686144834537
7151,0.0012976002227408103
7152,0.992647078156493
7153,0.991674540928188
7154,0.07887455161476208
7155,0.006041307318455388
7156,0.006821889312520151
7157,0.001695887896209817
7158,0.3127033224753888
7159,0.0014159696760003056
7160,0.002013952084115044
7161,0.0032311026610743706
7162,0.001137957985066599
7163,0.0019678117313447893
7164,0.0012276992356484683
7165,0.0045147878280977554
7166,0.0042913403585287955
7167,0.002007171746445962
7168,0.991674540928188
7169,0.007574424600827678
7170,0.09915275960692757
7171,0.002663828913775992
7172,0.0010194892813264603
7173,0.0186508391980718
7174,0.02077107462856052
7175,0.0016384518082890912
7176,0.002189311791069256
7177,0.003211634701881871
7178,0.012049571292112165
7179,0.0019786357657629317
7180,0.9916850131805375
7181,0.005225283437784569
7182,0.004828652260176356
7183,0.002045817591765061
7184,0.09117958505147017
7185,0.414459598402906
7186,0.0039021120535778528
7187,0.006372214830241384
7188,0.009112786421025506
7189,0.0052252311208855875
7190,0.16194283932569767
7191,0.0048395153789958035
7192,0.002527157006085352
7193,0.0042524685343321884
7194,0.007474891773358217
7195,0.0029949778262942303
7196,0.9916850131805375
7197,0.007018333233854114
7198,0.004789489690682098
7199,0.9890965316434503
7200,0.0035748976340058626
7201,0.0022893543561817763
7202,0.0010732743798387856
7203,0.0010518565330334627
7204,0.0017834031666842324
7205,0.03979948540261623
7206,0.9898802235800394
7207,0.004710344789617192
7208,0.026919979093339746
7209,0.019916538732957144
7210,0.06431384345680467
7211,0.20123869915851916
7212,0.9369262911535067
7213,0.05482139317797732
7214,0.0038117968145368595
7215,0.004289842243199794
7216,0.001740445340967647
7217,0.9913086439515756
7218,0.991674540928188
7219,0.991674540928188
7220,0.0012683003032022068
7221,0.9891316683407129
7222,0.9916850131805375
7223,0.00096684916716007
7224,0.0034580186550155914
7225,0.9901324376808897
7226,0.0010021382602737373
7227,0.991674540928188
7228,0.4587994468255164
7229,0.013045828918143737
7230,0.0036466774657612317
7231,0.012168745552457862
7232,0.002462667338515111
7233,0.021663744501074715
7234,0.01801152956310984
7235,0.9916850131805375
7236,0.004331568623737459
7237,0.00257800492845421
7238,0.0017788167495068066
7239,0.0027150654329020636
7240,0.012705525865425478
7241,0.0016799061418051311
7242,0.03657653917733799
7243,0.0033637008905348
7244,0.004743582651977212
7245,0.005061725270253054
7246,0.003616888410972396
7247,0.25158564603545513
7248,0.031995679171546915
7249,0.005215453780324503
7250,0.06862093303647306
7251,0.0025610290428455472
7252,0.003522509524262202
7253,0.0827962588152545
7254,0.002018308268989583
7255,0.9916850131805375
7256,0.025497308283608647
7257,0.004536482232730261
7258,0.5277601234933664
7259,0.0042177053450750245
7260,0.0027085962483201676
7261,0.0010810286543808945
7262,0.012290258381353406
7263,0.07514246811526697
7264,0.02938624167550937
7265,0.0032487209193417087
7266,0.003968701231552942
7267,0.03640415680724627
7268,0.009491922715813709
7269,0.007370360213743008
7270,0.0024366300604261554
7271,0.002597408551476682
7272,0.03388635151127398
7273,0.0012421832008075876
7274,0.040094094327115415
7275,0.01573723566464293
7276,0.020403013135950776
7277,0.002316775792773984
7278,0.013325623111507959
7279,0.0017792651365236393
7280,0.002516788692308934
7281,0.006018162402552327
7282,0.00461322751220402
7283,0.015864856915213464
7284,0.038558419504526674
7285,0.004349655705851136
7286,0.0038571607309526783
7287,0.0017518083570547903
7288,0.015250015817987038
7289,0.06412222744722329
7290,0.0010814977419174746
7291,0.0011219807542576378
7292,0.9901608328890857
7293,0.0012432937194317227
7294,0.0030088629777289978
7295,0.00625424265875956
7296,0.9362418797278734
7297,0.992647078156493
7298,0.0009949365469677427
7299,0.011913104433127455
7300,0.11275270803490205
7301,0.017727043644606217
7302,0.0013936163693272594
7303,0.0014256561417661186
7304,0.0010887414009567295
7305,0.005251770017391919
7306,0.9898420049715327
7307,0.11366652732294365
7308,0.09008032128594474
7309,0.03275777885542781
7310,0.13361969814173283
7311,0.0010012458533669032
7312,0.5633590357309158
7313,0.0026168485246497696
7314,0.1370929729296343
7315,0.01777191062075181
7316,0.0032927906239931695
7317,0.0023615327217235763
7318,0.08033313538037648
7319,0.007799544355946898
7320,0.9521679161687
7321,0.005048767871894315
7322,0.0034140859997713563
7323,0.1616819244799657
7324,0.001223500822282132
7325,0.005790915836080055
7326,0.0035574558793145046
7327,0.10744383694179745
7328,0.04176803680524814
7329,0.002311839902874364
7330,0.010916230002730391
7331,0.0029262207632399532
7332,0.006166997534655979
7333,0.00101867448774636
7334,0.002461314491841422
7335,0.11089294700943401
7336,0.09145321374983698
7337,0.0011330115588521715
7338,0.0065287895972565655
7339,0.005650571768481993
7340,0.0013053617396900136
7341,0.0015611722464197984
7342,0.0025877973779085523
7343,0.007996838390956145
7344,0.00373391526190977
7345,0.005187361513578269
7346,0.010554014572342781
7347,0.0135991664031488
7348,0.04773582909633546
7349,0.00410847432317594
7350,0.0072987789583757266
7351,0.0034501477673202054
7352,0.0024983988725262615
7353,0.21512262174859678
7354,0.019314485041573105
7355,0.0022724434558825013
7356,0.0018460158449080044
7357,0.0076747654403041665
7358,0.012479223437037008
7359,0.003779648010202422
7360,0.008511291184195727
7361,0.00432855444963428
7362,0.030568195737520027
7363,0.012773147712601166
7364,0.0023996867647400138
7365,0.005116846732025254
7366,0.0017577715519916418
7367,0.0017031775739786246
7368,0.00316141029214482
7369,0.0014731986511512531
7370,0.004830399323212412
7371,0.027511545028143503
7372,0.9901608328890857
7373,0.001148667006071012
7374,0.00985168358600829
7375,0.973011154577134
7376,0.0066701928374289406
7377,0.03986118145298754
7378,0.006345724220582369
7379,0.06379029290887747
7380,0.004739319065604941
7381,0.0049950639310705055
7382,0.0016330067850415571
7383,0.011825942263772761
7384,0.0022744303208145607
7385,0.006963310229749243
7386,0.025389853296997146
7387,0.02460813054758202
7388,0.09265180401803445
7389,0.15875209291084558
7390,0.019853504746389267
7391,0.011714414344168757
7392,0.004013065312522757
7393,0.014593558913735956
7394,0.0011415746060698668
7395,0.04096553824068277
7396,0.0068911687971175166
7397,0.002047872389011502
7398,0.0020036284175842228
7399,0.006053089180102837
7400,0.441719397566831
7401,0.0030405617620417446
7402,0.0024176574324943174
7403,0.00859194302030398
7404,0.003575558689778168
7405,0.029591552048344384
7406,0.9916850131805375
7407,0.0020801689157015635
7408,0.002864870450220671
7409,0.019534824099339192
7410,0.021712313063426757
7411,0.005691225904297952
7412,0.008034881161579676
7413,0.0015214595627263394
7414,0.0052165996808437596
7415,0.027170595457032456
7416,0.0009468973572395933
7417,0.2597316732055554
7418,0.05939348371451438
7419,0.0013459355617341472
7420,0.2110619245327058
7421,0.08720905605022235
7422,0.0019734368635044184
7423,0.004899150856440359
7424,0.0011700652435669904
7425,0.14392361673077209
7426,0.004738650897703027
7427,0.004027996706385933
7428,0.14870835608484398
7429,0.001563663736264022
7430,0.0011430096866620583
7431,0.9248036963100124
7432,0.9828192890406966
7433,0.03851457981056522
7434,0.0031715929038436735
7435,0.002432744454992616
7436,0.001048595872410351
7437,0.006396252941966084
7438,0.004327057154603176
7439,0.007846735586258475
7440,0.021107250529108418
7441,0.00112850804553357
7442,0.06091106434529924
7443,0.0009909850760788411
7444,0.0011427623973356263
7445,0.22192829755741073
7446,0.0013127990133076956
7447,0.0010722847628824813
7448,0.006307549772437221
7449,0.9916850131805375
7450,0.003009571092825687
7451,0.03392809890615865
7452,0.24030898712791263
7453,0.0012020971621543033
7454,0.05132579504945557
7455,0.1244716117794929
7456,0.05118213637925387
7457,0.48025077568779534
7458,0.991346943135204
7459,0.003599152445157329
7460,0.0022806692644489657
7461,0.0010423680270687946
7462,0.0011197544881267924
7463,0.009728493166051018
7464,0.5735417510781954
7465,0.008641722833259513
7466,0.009848570470414616
7467,0.007132117072749058
7468,0.9916504773477234
7469,0.03442708704368181
7470,0.9916609796141311
7471,0.0037322343955400027
7472,0.08934590532204979
7473,0.0030766003302578984
7474,0.4669267483298031
7475,0.0048610647017521165
7476,0.017830073657200646
7477,0.0018473301282497605
7478,0.0032903470678867994
7479,0.0017483557807685508
7480,0.0027890359655764734
7481,0.0010414659900216986
7482,0.0022271722294074717
7483,0.05224559205115148
7484,0.007122229838168146
7485,0.002373475978304877
7486,0.001508263198058351
7487,0.0017572773227797164
7488,0.11768019805597658
7489,0.020307912781832447
7490,0.12956833211941313
7491,0.030345008005854174
7492,0.004017933934822273
7493,0.01900752879811928
7494,0.9921698672039303
7495,0.014824609471771565
7496,0.0050993925048923765
7497,0.04610002062607827
7498,0.004704404066566947
7499,0.010123877588490848
7500,0.0017435246549739154
7501,0.8756120969789559
7502,0.001933978418352936
7503,0.03212096416154749
7504,0.0013747367493187957
7505,0.002789271008863537
7506,0.002769690828256089
7507,0.0010960684833333932
7508,0.1300375636430023
7509,0.003970931015972442
7510,0.01891824093474799
7511,0.9293649400456123
7512,0.9901608328890857
7513,0.006860798086420852
7514,0.005548812830528294
7515,0.0029050166652473575
7516,0.019644541433826823
7517,0.4858425780752884
7518,0.021370204226582635
7519,0.004901584457324309
7520,0.018520183544262648
7521,0.0015486073467498715
7522,0.003332336098744034
7523,0.03448054954858089
7524,0.09845401540166976
7525,0.0019325613073160883
7526,0.006670619206646263
7527,0.0010433693426907585
7528,0.008896355965779323
7529,0.018014797040376156
7530,0.05870952381323068
7531,0.0018155161920777548
7532,0.03780689938747392
7533,0.0035977428249087755
7534,0.0019722832252087857
7535,0.005990697362404541
7536,0.005835985280390322
7537,0.009377289338949997
7538,0.003956786255080643
7539,0.0008782116355921209
7540,0.005462677676980504
7541,0.012156126279830053
7542,0.004397334555783241
7543,0.0031837555890973862
7544,0.0013917652513745174
7545,0.9497262493096008
7546,0.0020246451161625057
7547,0.0009429019140136376
7548,0.014191371048859765
7549,0.00667040674718695
7550,0.003032333514486584
7551,0.0029383642629973454
7552,0.01667427569485351
7553,0.007623698951329586
7554,0.3800094307434316
7555,0.10905574917089664
7556,0.004973693202551094
7557,0.0034337398088453122
7558,0.003971648824472162
7559,0.0011187886940841052
7560,0.001207001531243085
7561,0.002192941585133224
7562,0.5562439130684953
7563,0.004570040343698354
7564,0.0023194250403910646
7565,0.006191703275579295
7566,0.9900589853926102
7567,0.006855727141591995
7568,0.0034547219676948717
7569,0.010004699144312401
7570,0.13700099208923114
7571,0.0030945045625094558
7572,0.029588208584969557
7573,0.0010830521446658485
7574,0.0011216743580540415
7575,0.004776479144988681
7576,0.013499720482895076
7577,0.009737370867938399
7578,0.019596570343068127
7579,0.0011703934022379678
7580,0.0021875830188143246
7581,0.0019339254842535806
7582,0.987839259482034
7583,0.0033373895800508364
7584,0.0011457004562940875
7585,0.004325547972571965
7586,0.0011272723825157293
7587,0.006231296695572461
7588,0.0012899221412678182
7589,0.005164324853087536
7590,0.015423537453853045
7591,0.011517186950903278
7592,0.9901731903048516
7593,0.00416052891325821
7594,0.09321821879857635
7595,0.003818516885069445
7596,0.009766171963727241
7597,0.0035450832944306427
7598,0.0010321557220610146
7599,0.0010341387289241374
7600,0.002253534559340032
7601,0.004922781875352957
7602,0.02370948423820996
7603,0.0009896546361108263
7604,0.008339574668819379
7605,0.002868292293691763
7606,0.416166719544412
7607,0.0019630018971073314
7608,0.003986023391653995
7609,0.002236593544228199
7610,0.0010975465606268414
7611,0.004163162326828417
7612,0.002463111921800511
7613,0.003308787421166262
7614,0.004255815817976441
7615,0.0038700421038927843
7616,0.0031202104263000504
7617,0.9916850131805375
7618,0.0009694057042460669
7619,0.0010599625252813683
7620,0.10852296007322901
7621,0.07965761155754243
7622,0.0043936617478894085
7623,0.0047913825689751876
7624,0.0019154915571926467
7625,0.054621503152234796
7626,0.003319364383546264
7627,0.0024885540680478968
7628,0.9901731903048516
7629,0.6030978141727139
7630,0.0023569240293148533
7631,0.004049623729071348
7632,0.02749754671428645
7633,0.06464432764867348
7634,0.06171550870105569
7635,0.0009958791826342186
7636,0.016430369440175962
7637,0.040550404269597835
7638,0.013462082645482
7639,0.0022580004728243817
7640,0.004624382038710597
7641,0.0019392409279481017
7642,0.01599120604498326
7643,0.002148461022048548
7644,0.05277387562229282
7645,0.22771086883483468
7646,0.03636248448867367
7647,0.0038390472429891136
7648,0.0024947136597793518
7649,0.22536321673577264
7650,0.23457918635210775
7651,0.026930290045076685
7652,0.004134867460247921
7653,0.0027743886085190264
7654,0.06531338327892487
7655,0.5603427891224828
7656,0.9185644205158241
7657,0.013293085387584516
7658,0.9916850131805375
7659,0.991674540928188
7660,0.9556922266552214
7661,0.9901448304044139
7662,0.005503548087365153
7663,0.0121814936865658
7664,0.016199981538297888
7665,0.06837937247901246
7666,0.8708250539501157
7667,0.002539564762613326
7668,0.0037748825748985543
7669,0.0018452315156974903
7670,0.30383541554946314
7671,0.0074011646701640415
7672,0.003356308643325864
7673,0.008571320474039341
7674,0.416053278566271
7675,0.0025218973930958657
7676,0.001671079647068876
7677,0.0067116302062550405
7678,0.0073225659281253505
7679,0.9916850131805375
7680,0.003989961107641153
7681,0.10815943306089709
7682,0.0030928821033954033
7683,0.006330673105972705
7684,0.020616311557237095
7685,0.028978215606231813
7686,0.00903218705450411
7687,0.0035459182707217327
7688,0.004187171823397441
7689,0.002304465502645355
7690,0.5341666991325362
7691,0.0009895008121210127
7692,0.0021967167795351682
7693,0.0024349151608902067
7694,0.012137778538436998
7695,0.03687305233816068
7696,0.0011448348341127684
7697,0.053878531897091214
7698,0.016682629929171643
7699,0.9900820672254808
7700,0.03561857515440657
7701,0.0021927771770846437
7702,0.931219686292502
7703,0.09488085520323085
7704,0.027660940112743
7705,0.011063289422537924
7706,0.0011493353520434643
7707,0.004052291246242768
7708,0.02117166559519271
7709,0.11777103268441205
7710,0.08145184309011695
7711,0.003900371077320454
7712,0.909455091401836
7713,0.029035889193663025
7714,0.03877710935553521
7715,0.5658964637470671
7716,0.12381405881336432
7717,0.03557469510792064
7718,0.24590914368013794
7719,0.6535599656097225
7720,0.003003076454302488
7721,0.003687765708165651
7722,0.0036496246850794816
7723,0.037365491085933664
7724,0.1453344267466943
7725,0.04304787929672819
7726,0.07200505050072872
7727,0.23508016612905436
7728,0.0010552617047162617
7729,0.004330621011978821
7730,0.001253938805897333
7731,0.01635800543606043
7732,0.08113696449412139
7733,0.03240312151165267
7734,0.018542055310494205
7735,0.005438030536430799
7736,0.0030138098413491
7737,0.38048380061701
7738,0.04888986632537026
7739,0.001060340615099989
7740,0.006702926523341208
7741,0.001178650747301755
7742,0.9849071983374412
7743,0.006676020869250518
7744,0.030942527566674007
7745,0.9916609796141311
7746,0.08302471028585424
7747,0.07261513865818364
7748,0.026794714230362858
7749,0.01093791560995879
7750,0.0522514712602137
7751,0.03420715592792697
7752,0.05685464655346781
7753,0.9916850131805375
7754,0.010098526250533152
7755,0.0037647984842753774
7756,0.03631960607137549
7757,0.0011852028085284536
7758,0.0017776903146302552
7759,0.0041637508119725525
7760,0.0020791397562783527
7761,0.020896209513240577
7762,0.014442299762827097
7763,0.0024111920309277343
7764,0.003892483154763282
7765,0.0017582169321281723
7766,0.0011109742960820365
7767,0.006247040799776672
7768,0.002623393222598113
7769,0.005943841986220888
7770,0.032347844632811595
7771,0.0017449286161249538
7772,0.1047269644938176
7773,0.991674540928188
7774,0.06788479700538864
7775,0.08696097579160288
7776,0.045405864844780895
7777,0.0009278245402619163
7778,0.37484609089704896
7779,0.00103705989549531
7780,0.00898625300733447
7781,0.008054364619468369
7782,0.5635623248462385
7783,0.011824934481910921
7784,0.03050958191594449
7785,0.0013547083707785607
7786,0.001782588901096721
7787,0.32780610720961223
7788,0.0018299359743632994
7789,0.9916850131805375
7790,0.0009947567886337489
7791,0.0012104650235569853
7792,0.0019055867790034055
7793,0.0016968567861609008
7794,0.003893879579962226
7795,0.0033845649451399646
7796,0.11761313555879115
7797,0.0048845730264349425
7798,0.17794913491774164
7799,0.9857912984137224
7800,0.08856826679182023
7801,0.0076405905205761526
7802,0.074926826226625
7803,0.024392976042997068
7804,0.04735792329599057
7805,0.9895504239876411
7806,0.0036651300955739016
7807,0.0012506453415502931
7808,0.00208181013036938
7809,0.001905848322571946
7810,0.011642539325394297
7811,0.01058868361203977
7812,0.12259247250745248
7813,0.23144743150124503
7814,0.00114821985180343
7815,0.0012469647389967116
7816,0.9885179993370772
7817,0.005226823329076044
7818,0.0016051553377929826
7819,0.9901731903048516
7820,0.004614965453006006
7821,0.003063852330864801
7822,0.008889959096762923
7823,0.7373380827660759
7824,0.0048552528625206235
7825,0.001787977333861525
7826,0.0021866253518749447
7827,0.9903485381609762
7828,0.06480222610163223
7829,0.059153713618548084
7830,0.004359983577120544
7831,0.00273201664494738
7832,0.036670156110697606
7833,0.001335895997868842
7834,0.767798870173296
7835,0.3445991566045975
7836,0.10588316043969574
7837,0.0472716504920717
7838,0.0023120480148581817
7839,0.013233346437608349
7840,0.0049026041565185235
7841,0.025812714775724985
7842,0.014717512701771233
7843,0.001914585551080734
7844,0.0024613928836606947
7845,0.045887747188292895
7846,0.0055475188642847804
7847,0.0034046757254959834
7848,0.0015216259113401095
7849,0.9916504773477234
7850,0.002069619402081631
7851,0.05881687410770951
7852,0.00138318716223063
7853,0.017092655703528366
7854,0.0024441560313408646
7855,0.0010470212617840655
7856,0.005288871591698681
7857,0.006661863398536451
7858,0.9901731903048516
7859,0.0011017969560585337
7860,0.0038664322278865217
7861,0.009875751703774423
7862,0.991674540928188
7863,0.005937908617354749
7864,0.00344383048625288
7865,0.393491695204557
7866,0.03715401097414042
7867,0.001730411878463905
7868,0.003764661210392185
7869,0.003628738500604132
7870,0.001053343759186166
7871,0.002513166157274653
7872,0.0013288936648624841
7873,0.04903280457323434
7874,0.0026637290384780984
7875,0.9572934571042686
7876,0.0122207649263588
7877,0.06617304260546496
7878,0.03699385315683914
7879,0.9916850131805375
7880,0.0010884635041069784
7881,0.004966758950745887
7882,0.9510823857811382
7883,0.003627522033375539
7884,0.9916850131805375
7885,0.03172498065590131
7886,0.006209867076194341
7887,0.991674540928188
7888,0.002206333402433172
7889,0.007794052801553861
7890,0.04552386722048059
7891,0.004588075481066655
7892,0.02748664110988446
7893,0.0009570341800757513
7894,0.0064979059095469655
7895,0.03280066487154421
7896,0.9895257219249414
7897,0.0011747280255420692
7898,0.004428911686845363
7899,0.001949836250063122
7900,0.00999535260591625
7901,0.09997443043103452
7902,0.9916374649773857
7903,0.9916850131805375
7904,0.21066663847390535
7905,0.25394724182683115
7906,0.00334617094332988
7907,0.10987155364768246
7908,0.0009190142947869257
7909,0.001764136417823219
7910,0.009838777316723245
7911,0.006919408584046618
7912,0.0014858149922788765
7913,0.0016999283125359432
7914,0.0010859071187937011
7915,0.9916850131805375
7916,0.003364701526593851
7917,0.005029018418927338
7918,0.9916850131805375
7919,0.1739033624929873
7920,0.0037459165571372627
7921,0.09760801977074256
7922,0.05527007847263783
7923,0.0048388466642771055
7924,0.0074885395203103606
7925,0.0032740108902091507
7926,0.0017786195313921533
7927,0.006144669149109078
7928,0.009411820980542225
7929,0.9533617551287793
7930,0.0020776988275930577
7931,0.0016469228792635351
7932,0.0012305927655560346
7933,0.0012830580705615723
7934,0.001959220737169118
7935,0.16667382731164312
7936,0.007692324178411918
7937,0.004483219796204424
7938,0.004140844257403662
7939,0.09396844343942036
7940,0.03950135515763153
7941,0.0020491948455904647
7942,0.0012134677921500458
7943,0.0018120934857218448
7944,0.004634107847757279
7945,0.991674540928188
7946,0.0011696670760223127
7947,0.005217280676000648
7948,0.05307806618809457
7949,0.14539827991649865
7950,0.0010438899900033934
7951,0.0010954926602951486
7952,0.020206593532191734
7953,0.006544210900077342
7954,0.002918263498542601
7955,0.948326763480011
7956,0.9921797213190762
7957,0.007152475672275464
7958,0.010615306533504662
7959,0.3678373063011674
7960,0.02751848785463769
7961,0.005720933362351622
7962,0.9916850131805375
7963,0.010445963573285949
7964,0.010457664633140172
7965,0.0010916557967452039
7966,0.0011550007720526952
7967,0.0014890403760321651
7968,0.008183185084071566
7969,0.0011917130859832514
7970,0.0023587239716449096
7971,0.002134506155171261
7972,0.001226396365112333
7973,0.00366893094146403
7974,0.16653902869824896
7975,0.004639783583237403
7976,0.11004728240279714
7977,0.0013223248592928517
7978,0.005861527726613158
7979,0.0009229654153172845
7980,0.0014843679903108246
7981,0.001994100216848516
7982,0.001256010928357753
7983,0.0012276222687124477
7984,0.001496425840934827
7985,0.07288573507317701
7986,0.005367408163786334
7987,0.0012252163219011077
7988,0.004505269707924465
7989,0.0012116354177370955
7990,0.005199374713116063
7991,0.0013826948356608607
7992,0.003298444966466086
7993,0.17650785263413984
7994,0.056184906024353616
7995,0.0060794975472697405
7996,0.0015801254673281678
7997,0.0029055559290240857
7998,0.023662272777798872
7999,0.002760179054500333
8000,0.0012258963922118387
8001,0.0024576409985661977
8002,0.03575061485965181
8003,0.04148140300354271
8004,0.991674540928188
8005,0.0034972159542187875
8006,0.4355568950489244
8007,0.07925670043395654
8008,0.0037553026114415457
8009,0.10374065435301898
8010,0.014601071287204186
8011,0.0020965761494166077
8012,0.004663123727415513
8013,0.004131723837790854
8014,0.002220195765617314
8015,0.0033471256073553312
8016,0.007145644316513882
8017,0.004913945318635719
8018,0.011793315161199207
8019,0.0303553866887853
8020,0.06310181160831572
8021,0.06570079137144295
8022,0.9167112697782279
8023,0.007931292880853178
8024,0.0031577912505240144
8025,0.2186232975070711
8026,0.0031817543628297243
8027,0.9901608328890857
8028,0.003382178771970652
8029,0.010273564476433211
8030,0.3234083588105252
8031,0.010888291182121132
8032,0.001851573253666948
8033,0.0018385393382299089
8034,0.00124772475089099
8035,0.012399865265002434
8036,0.03575206030512215
8037,0.0018722906284537998
8038,0.9901608328890857
8039,0.0013532725640399241
8040,0.9877996028987192
8041,0.10600385725450226
8042,0.001831598018263221
8043,0.025819393739047222
8044,0.0040478228493125955
8045,0.6364027593354725
8046,0.005871341857223075
8047,0.9901731903048516
8048,0.991674540928188
8049,0.0058239953967020395
8050,0.003871845636209229
8051,0.005569469420313642
8052,0.37868165585782776
8053,0.0022289644020997684
8054,0.027093950927440914
8055,0.006130751310317759
8056,0.581381463390997
8057,0.004043152108698022
8058,0.28929574727713386
8059,0.024565689160417008
8060,0.0010393682452034694
8061,0.007610267206819156
8062,0.9865713060183938
8063,0.041141078703946725
8064,0.9916850131805375
8065,0.04374187583385939
8066,0.991674540928188
8067,0.3064521671157512
8068,0.0015478813170696157
8069,0.006703459996199058
8070,0.010232671096531564
8071,0.015832540575113498
8072,0.9916850131805375
8073,0.0009912874520450023
8074,0.01695380077195254
8075,0.020074388193629177
8076,0.002358068682686311
8077,0.004331570776834896
8078,0.9322441193078386
8079,0.004496726786407654
8080,0.0015321292766234324
8081,0.001408094925975971
8082,0.0032432686234381124
8083,0.009908058275884554
8084,0.004890823640334453
8085,0.46123802452290324
8086,0.004546293047898491
8087,0.001119679966702019
8088,0.0017247180171340744
8089,0.005545761121779526
8090,0.007833695222210793
8091,0.001131387458919453
8092,0.0015130927452974045
8093,0.0010556367597244363
8094,0.022413127867026355
8095,0.009528050172285207
8096,0.007312382169889374
8097,0.002390444297200987
8098,0.9910808576512685
8099,0.0013310858740885473
8100,0.0015244882573075126
8101,0.03692808776027788
8102,0.0057511593023336135
8103,0.006548830785211814
8104,0.004520746578438915
8105,0.25162774495454443
8106,0.00462116662156217
8107,0.0020389458245799784
8108,0.0014436707981889457
8109,0.006041878839062416
8110,0.0033480730398564766
8111,0.0019917407202542027
8112,0.0014665003440961473
8113,0.0059508686944581115
8114,0.003229708088645031
8115,0.9901731903048516
8116,0.9901608328890857
8117,0.01805656159457197
8118,0.001698594357141646
8119,0.0018439424687758336
8120,0.07655426050521695
8121,0.00337816457798455
8122,0.011807399275754565
8123,0.0025912787089648276
8124,0.002103667794313307
8125,0.0021917265332639505
8126,0.12953230033489366
8127,0.007757511830035134
8128,0.0017749595392336417
8129,0.0021790312583207447
8130,0.02526801964011068
8131,0.0028898256831090714
8132,0.002825194420250443
8133,0.9926378085748766
8134,0.1423755211596358
8135,0.9901608328890857
8136,0.003493312157305169
8137,0.0010134927642532524
8138,0.001671063300578102
8139,0.9901731903048516
8140,0.0019814453931930208
8141,0.003302853423675512
8142,0.03376274248371766
8143,0.2788609337501436
8144,0.0036911117684084367
8145,0.003765346721084429
8146,0.0018095689555050682
8147,0.0029641175423439363
8148,0.008330542216791886
8149,0.0026311240882963337
8150,0.007241468204574111
8151,0.004414396379933419
8152,0.00195561016820536
8153,0.004496677941511189
8154,0.004277010000721804
8155,0.19682289023335506
8156,0.01045827265061635
8157,0.007119551253112305
8158,0.0029050830652268484
8159,0.14667840454327616
8160,0.0013964405263205398
8161,0.030933938435807374
8162,0.037577225512874145
8163,0.0016925169357210107
8164,0.0040482115184994165
8165,0.0017891744370580553
8166,0.010054578786196202
8167,0.0035211955906893693
8168,0.0009805668663158283
8169,0.02557221453316675
8170,0.001060530167628144
8171,0.013068808735886072
8172,0.0020057040446910222
8173,0.0015491535189691014
8174,0.22149065328388648
8175,0.041214437435530576
8176,0.024128448424024864
8177,0.030823821423488496
8178,0.006630488563552852
8179,0.06998660161538563
8180,0.0066200917845751625
8181,0.003978243469974201
8182,0.0018815004998847702
8183,0.01950433820784985
8184,0.02757203129397083
8185,0.9905173607877515
8186,0.9890607651142068
8187,0.16452009044335847
8188,0.00366629290712893
8189,0.007460780948482579
8190,0.0028469786189604974
8191,0.990360662124974
8192,0.00680181491596083
8193,0.0018751977971516874
8194,0.003192977280162839
8195,0.0014987258468860053
8196,0.0036252005673141265
8197,0.0031320570902953855
8198,0.0012933979393140126
8199,0.991674540928188
8200,0.005718949845657012
8201,0.0013246899239809252
8202,0.0011787578444818413
8203,0.026698192242114605
8204,0.20309733564604823
8205,0.026867619003222966
8206,0.004939745482926003
8207,0.0012855792486635416
8208,0.002234905761311907
8209,0.06692279832864134
8210,0.9916850131805375
8211,0.992647078156493
8212,0.0015401366475848194
8213,0.9912725586475919
8214,0.005184047251089715
8215,0.005175471602677856
8216,0.005627878186203018
8217,0.06050985083390707
8218,0.046808155448118144
8219,0.0022614059100467335
8220,0.2877803279254438
8221,0.003419074115408178
8222,0.001689270493707949
8223,0.9916850131805375
8224,0.0010318757416388682
8225,0.0012802151512530213
8226,0.6090753569558278
8227,0.017274666243517135
8228,0.07792842834045811
8229,0.6286809775332308
8230,0.0011174255576760776
8231,0.12120982113699494
8232,0.9703910935575364
8233,0.002351730956463795
8234,0.0056269301038699565
8235,0.02754199330488008
8236,0.004529968944608424
8237,0.002414703925942721
8238,0.0026581841880705557
8239,0.002262366092954011
8240,0.021844349109116323
8241,0.001169953861206964
8242,0.0029545621558734465
8243,0.001837498489090226
8244,0.009445828706137931
8245,0.0034359499202907986
8246,0.0031158283404897932
8247,0.0025854149012910013
8248,0.003534988353238448
8249,0.0047987016813343655
8250,0.018127361808566906
8251,0.9911572018043099
8252,0.04547662505930793
8253,0.09492289215184997
8254,0.02579709714625791
8255,0.08216697629839143
8256,0.0012273104108243777
8257,0.004151678683875141
8258,0.0018580494391496447
8259,0.3176952499726712
8260,0.008999115909734519
8261,0.16133096420586607
8262,0.002539365270605503
8263,0.007144040757030812
8264,0.002769930598850153
8265,0.002234071549851956
8266,0.003660733878058063
8267,0.0019340658220150454
8268,0.0026318043217477384
8269,0.9916504773477234
8270,0.004489556044020885
8271,0.030828350905003802
8272,0.003652895418364818
8273,0.003234248362020435
8274,0.0011912504680929349
8275,0.0024705347739624552
8276,0.07488143198276324
8277,0.026794714230362858
8278,0.00328437860483407
8279,0.003108151181429114
8280,0.004499825999111368
8281,0.0011085962841668221
8282,0.003940180679556228
8283,0.002358864206030488
8284,0.036128845530972925
8285,0.9901608328890857
8286,0.9916850131805375
8287,0.9901731903048516
8288,0.0016698905275889864
8289,0.002748672969595015
8290,0.13935468991750316
8291,0.0031565312892199915
8292,0.9916504773477234
8293,0.001470462416388971
8294,0.004064119921013401
8295,0.9910808576512685
8296,0.00794921016522838
8297,0.09572613086794984
8298,0.004873292146833382
8299,0.007617495682688079
8300,0.00170268956055539
8301,0.0038358182302179883
8302,0.991674540928188
8303,0.010237619892008715
8304,0.0013186855313697425
8305,0.002145480747661621
8306,0.001599834844105308
8307,0.03274216619919069
8308,0.06709540254693415
8309,0.015395460389274336
8310,0.05248001546373633
8311,0.0030919793307837024
8312,0.00423965112137404
8313,0.005722555006252654
8314,0.001884688432934122
8315,0.00330031354295746
8316,0.01976864513315341
8317,0.004202921938467376
8318,0.9914557168394725
8319,0.0036894518589618056
8320,0.2424660729615351
8321,0.004186492681888559
8322,0.004050652672462145
8323,0.001593493266825758
8324,0.02781433522603701
8325,0.00272392263561194
8326,0.0020354515430338364
8327,0.004480170789816225
8328,0.9915109871480534
8329,0.004132868939999211
8330,0.007115311978250577
8331,0.1174313771216262
8332,0.653242994756809
8333,0.007951381884487768
8334,0.5378229282362295
8335,0.0018723454323882288
8336,0.0021140813933293776
8337,0.18113592829802852
8338,0.02244330784987863
8339,0.0013800309899349064
8340,0.0012160496604641704
8341,0.011649145559064116
8342,0.0010445693421274266
8343,0.9901324376808897
8344,0.01248974649459177
8345,0.17995614561431858
8346,0.8758961785009515
8347,0.1333214343816736
8348,0.0024236732696185682
8349,0.004121824054101453
8350,0.002173529966770513
8351,0.0033820782448772146
8352,0.00696398837001938
8353,0.0015061300137710917
8354,0.0027583381022113535
8355,0.910481458714676
8356,0.015287269088707488
8357,0.03343380531779969
8358,0.010264052005977997
8359,0.0017988778712446
8360,0.9830746388055978
8361,0.0013001567968724218
8362,0.0021657839252970587
8363,0.0195194869168101
8364,0.01826995862915541
8365,0.010998268451433618
8366,0.24029920248150174
8367,0.011913013832808593
8368,0.001137957985066599
8369,0.001171015823988329
8370,0.00895853101106487
8371,0.0018856549832798333
8372,0.5716805973234985
8373,0.04192703540453845
8374,0.0012216056308076153
8375,0.0011040393178617927
8376,0.0009969196671242052
8377,0.001119679966702019
8378,0.001119679966702019
8379,0.07269122271384029
8380,0.34631295305004844
8381,0.002358625872511488
8382,0.004386018473170422
8383,0.9872169031502686
8384,0.004091509559364071
8385,0.0023837116398802423
8386,0.0052363525892486894
8387,0.0018139044574247258
8388,0.004117611787186572
8389,0.0010242225648672153
8390,0.9901731903048516
8391,0.0024742630377784618
8392,0.004436471948988566
8393,0.0022841240263223924
8394,0.004354249021393062
8395,0.005377882435042719
8396,0.007703187536388444
8397,0.0034609287670619732
8398,0.0037520974413858864
8399,0.0009072640979457637
8400,0.25033857668440546
8401,0.003616285270512198
8402,0.9865396818103402
8403,0.17931521445289444
8404,0.006607849511014017
8405,0.03325391419865881
8406,0.003604138848343904
8407,0.012756028112872592
8408,0.10280621805028749
8409,0.004565626703426003
8410,0.0068837865822499985
8411,0.0042859760422939465
8412,0.005398850118338474
8413,0.014596720725795228
8414,0.0013996037210732334
8415,0.0026403197336524772
8416,0.011603222989136217
8417,0.1290224623976585
8418,0.21361882753056724
8419,0.009064053239780953
8420,0.07666467721899466
8421,0.0017933635737171856
8422,0.022617356996496064
8423,0.002630134408625965
8424,0.0021323963174477733
8425,0.988160890246305
8426,0.0027811213357380256
8427,0.0034711748868115214
8428,0.0031819782662512856
8429,0.0030404872086674853
8430,0.0010796167819423635
8431,0.0013679330784140307
8432,0.0010404909039718774
8433,0.023984109332542213
8434,0.0025364840815108535
8435,0.0016288743003512692
8436,0.5676625156827146
8437,0.002877609583808293
8438,0.0024659654047701957
8439,0.0033961364995066926
8440,0.5476873977412918
8441,0.005085751742028707
8442,0.003574725754962081
8443,0.03970311439929436
8444,0.00267708454174469
8445,0.004076726576182451
8446,0.002064309997498442
8447,0.002398871465598821
8448,0.10513771357171219
8449,0.006294226497287723
8450,0.0024389698845972696
8451,0.0133697724495652
8452,0.0046657624507759395
8453,0.002669283625063743
8454,0.04515336973334098
8455,0.003470430392744125
8456,0.9826699475011741
8457,0.0017932552199343933
8458,0.0013530925857380878
8459,0.01274340039454316
8460,0.005733859530597742
8461,0.0022368826878546373
8462,0.9897105824986498
8463,0.003525013872782434
8464,0.003743818009905975
8465,0.006365094167119814
8466,0.047380023087925265
8467,0.0026995262052055243
8468,0.36688425062667546
8469,0.0515885040322751
8470,0.0018167668322051811
8471,0.0009005420657352247
8472,0.0010984521184888689
8473,0.0042555483465141096
8474,0.008218213539370862
8475,0.9885598574264043
8476,0.11252921236890195
8477,0.023984931967404092
8478,0.001655458946175312
8479,0.1690601697208553
8480,0.24687247173333396
8481,0.10726872720853761
8482,0.002826328771560373
8483,0.0016342018960445763
8484,0.01117058883348829
8485,0.001978002709896524
8486,0.007742875725809962
8487,0.0013128315816845239
8488,0.009153038500321247
8489,0.007308591743648509
8490,0.002134907796858071
8491,0.027487516783924016
8492,0.001147797593533773
8493,0.0009017351125673152
8494,0.0014799551964970517
8495,0.004717250733225392
8496,0.0017635206098637706
8497,0.0038358182302179883
8498,0.004806379171063513
8499,0.0019942541514249832
8500,0.0021405731601301225
8501,0.0028049203477470974
8502,0.1297577313040301
8503,0.0070858220074218
8504,0.0014840127110515194
8505,0.001418402659237817
8506,0.0014396158139086414
8507,0.1105804098813606
8508,0.0038013740436860432
8509,0.046509963889221156
8510,0.0050606562313330935
8511,0.004601475385229654
8512,0.001002386645247272
8513,0.006590516979885511
8514,0.0012635813938636645
8515,0.0012698063396484576
8516,0.13004567940753223
8517,0.001964364120538686
8518,0.007252579919691384
8519,0.004150861559789787
8520,0.0025642540939298216
8521,0.0023454774365339643
8522,0.003580602195157275
8523,0.9913578238682413
8524,0.03244702993730642
8525,0.01311698764518327
8526,0.07140733694712433
8527,0.0018770830371528107
8528,0.9916850131805375
8529,0.0010906929781473887
8530,0.1300829864574873
8531,0.02238423279327069
8532,0.0020057369469197108
8533,0.005075080992919718
8534,0.0025150711001891302
8535,0.0013502552766498674
8536,0.10397200702485418
8537,0.006364653938709316
8538,0.001017721190800821
8539,0.8743978828736052
8540,0.004603225517266331
8541,0.0012272559895083717
8542,0.005218400849662507
8543,0.011078692241330875
8544,0.019596570343068127
8545,0.001742609937592638
8546,0.0035652832901056698
8547,0.9901324376808897
8548,0.018632938118458876
8549,0.003997837835074898
8550,0.003444342771470272
8551,0.005692902322187794
8552,0.0015668328357607178
8553,0.991674540928188
8554,0.20910665061092235
8555,0.28451527455099945
8556,0.0013560863990877388
8557,0.02399464784580521
8558,0.02751848785463769
8559,0.004714828120768375
8560,0.00177532427996218
8561,0.016922840930234224
8562,0.0037775203484080692
8563,0.873666495106221
8564,0.002559657579943752
8565,0.08983721655788311
8566,0.006634096050822688
8567,0.0358004318093044
8568,0.04770656479559157
8569,0.5317259478127224
8570,0.001828963754266846
8571,0.0011263289554172549
8572,0.003925555057383328
8573,0.0020290713889699347
8574,0.05540787645893956
8575,0.7364102361429958
8576,0.001343749490373733
8577,0.007182838041536032
8578,0.0017867683908150975
8579,0.0026938609378889997
8580,0.02677861452249985
8581,0.9916850131805375
8582,0.030766326503875216
8583,0.9901731903048516
8584,0.0052498736069388685
8585,0.003729075165743896
8586,0.002218534038452938
8587,0.0054001260944545335
8588,0.025642560549763653
8589,0.011776208684148469
8590,0.0011419326891563954
8591,0.0027271045126964284
8592,0.002085682635352534
8593,0.05292856183926153
8594,0.0012048042710608852
8595,0.015731371877018993
8596,0.007602355966302413
8597,0.005196100461293115
8598,0.007020626400046733
8599,0.002359658095810963
8600,0.0039034962819416777
8601,0.0019447265948520174
8602,0.2339462528385704
8603,0.004201986894572309
8604,0.004816208891872248
8605,0.05150265606262063
8606,0.0020310357822025844
8607,0.991674540928188
8608,0.003097711213946744
8609,0.0036488201177927756
8610,0.005416939656744302
8611,0.00367617775768764
8612,0.003176574044204084
8613,0.1778235413315568
8614,0.001318264606394787
8615,0.0012487595096897217
8616,0.002190116741141667
8617,0.001992968262485081
8618,0.570123682611476
8619,0.0015145002410671
8620,0.0024780329466546017
8621,0.007514331714602141
8622,0.022051727662950445
8623,0.02711876166403506
8624,0.005939473523768275
8625,0.04722222524665127
8626,0.7332586339405515
8627,0.0009678041014329858
8628,0.0033937771228163285
8629,0.007176990282900216
8630,0.004734068621564033
8631,0.044682428804195116
8632,0.013603877669948266
8633,0.004129284315215052
8634,0.003397532852301695
8635,0.9090917344598116
8636,0.0026939356150296255
8637,0.006751901857937345
8638,0.003948052747720688
8639,0.017941420651916843
8640,0.001398201534995766
8641,0.002396542027637214
8642,0.0010164281051757216
8643,0.010580194101579773
8644,0.0037827690281277714
8645,0.0010164281051757216
8646,0.013687588049159182
8647,0.05933628668682512
8648,0.010131954182497273
8649,0.0012339757720484612
8650,0.009911642753255822
8651,0.14407037596758948
8652,0.0010657085336490241
8653,0.001117266549465212
8654,0.007549124038397205
8655,0.0074943783408442976
8656,0.005729615358314187
8657,0.03724428857564259
8658,0.0052961551932988096
8659,0.0025978347135646868
8660,0.009949561037765219
8661,0.024217297781498007
8662,0.00434610896702546
8663,0.005574061573209834
8664,0.009021663330489177
8665,0.005065998558943666
8666,0.001106173228726945
8667,0.004854645123503537
8668,0.03681934307253689
8669,0.003294685111397718
8670,0.0021258538642176046
8671,0.0027370869046177524
8672,0.009871305147725995
8673,0.006169224667653727
8674,0.006004215161651113
8675,0.02706856026244937
8676,0.0010554245170316865
8677,0.0045405402063721
8678,0.016605801341925054
8679,0.004832449012187473
8680,0.003700383110410109
8681,0.0009820670456430571
8682,0.05191014027716201
8683,0.001013274066486296
8684,0.004817357354131723
8685,0.0011470148321226907
8686,0.0036865241098233007
8687,0.0023473169633253473
8688,0.011787274962827759
8689,0.004482211399474368
8690,0.010303821318536141
8691,0.012984376049688507
8692,0.002766550663637772
8693,0.008473513713995748
8694,0.0038706851228041033
8695,0.006374288480037096
8696,0.00303382744773044
8697,0.11468303226203971
8698,0.06570340375058556
8699,0.0205161904656481
8700,0.33272579397538343
8701,0.001114366475536
8702,0.006828249401240541
8703,0.012703039232347979
8704,0.0013161983152089932
8705,0.0010779819597430248
8706,0.0035652172903132013
8707,0.0416661364669291
8708,0.4956549674619598
8709,0.0029813619069736347
8710,0.00579255690708822
8711,0.007676302028731024
8712,0.006279665430878855
8713,0.0049729888721975375
8714,0.0009615296420012348
8715,0.0015107959198718875
8716,0.0039523622318358
8717,0.010352820909833386
8718,0.2598578697003652
8719,0.20253510521035975
8720,0.16297031169875445
8721,0.017484248600450187
8722,0.00597210816508735
8723,0.19171154502276722
8724,0.2860814398916974
8725,0.011303753396423918
8726,0.08697799873686729
8727,0.016742794836301873
8728,0.002240374976771604
8729,0.014819476908964188
8730,0.0012879359491113234
8731,0.001067696830181036
8732,0.011164579243307667
8733,0.002596009759199145
8734,0.01183573940851083
8735,0.0016622069747123781
8736,0.0039817029333293966
8737,0.06007219244869296
8738,0.0011186833624547675
8739,0.006665090576324969
8740,0.0011528196209368024
8741,0.02439945754969467
8742,0.003941967570880742
8743,0.5181629834692598
8744,0.027017744588208825
8745,0.008045850225687434
8746,0.0012579845484790133
8747,0.0009787172347513588
8748,0.01020779704902205
8749,0.2759981115646351
8750,0.06005377643376618
8751,0.002432648709392346
8752,0.2321087202889132
8753,0.005562830810325198
8754,0.0038812508776980784
8755,0.002773532429589957
8756,0.15864338378669357
8757,0.011712516027068536
8758,0.0029651124814475548
8759,0.0038143283629262035
8760,0.005488370556715831
8761,0.008397065280705286
8762,0.000965464786019254
8763,0.1750671642039989
8764,0.0016907387495509335
8765,0.6624458516698449
8766,0.0009615296420012348
8767,0.010468679181794465
8768,0.0020359629627719486
8769,0.0010208212568296093
8770,0.017510799671125028
8771,0.003352836255467106
8772,0.016317240320261817
8773,0.004298608685476165
8774,0.001024901290880762
8775,0.01671663801771066
8776,0.0030720111120559035
8777,0.005931346842791876
8778,0.050027983102463834
8779,0.005437466691195771
8780,0.007434582905495198
8781,0.004633171563870805
8782,0.3732121182263012
8783,0.023633243197034325
8784,0.12166640226608613
8785,0.0594337709687149
8786,0.0026743643665995864
8787,0.008243155655727396
8788,0.05969745937269826
8789,0.18737025734818616
8790,0.001897383057396666
8791,0.004689766948174634
8792,0.008904639261029197
8793,0.019185268764898625
8794,0.04050082231689955
8795,0.027910308203431784
8796,0.03369012699973744
8797,0.006212026947033175
8798,0.0033503138600161826
8799,0.0010203020980936214
8800,0.0023514078910588316
8801,0.002180363433553838
8802,0.014584462721969354
8803,0.04506252840047135
8804,0.0032212340884013617
8805,0.007690289399886587
8806,0.014479583200655378
8807,0.011318465978193144
8808,0.010252279826545873
8809,0.008915262963887352
8810,0.0035267098654648984
8811,0.009415576650894576
8812,0.033197224620598646
8813,0.013117748258892224
8814,0.07239252799176546
8815,0.02210615378888716
8816,0.008263153169988876
8817,0.1183957765666595
8818,0.11053952826754197
8819,0.04346659788671957
8820,0.001985794417968087
8821,0.010243876821240365
8822,0.02143733176642937
8823,0.005830029712971241
8824,0.001408445446204856
8825,0.006615803072015374
8826,0.005647571630752231
8827,0.005169516400532914
8828,0.0024315401222671524
8829,0.033239034574783756
8830,0.562163292801675
8831,0.008820495262514359
8832,0.035046684336751156
8833,0.006825346519646415
8834,0.017714477543767034
8835,0.016120572631458326
8836,0.062439299102992285
8837,0.003235456713612934
8838,0.005089238213655542
8839,0.015135639022578588
8840,0.009602134409475747
8841,0.0384779045572347
8842,0.005260404316787084
8843,0.00593335667106381
8844,0.002741536167937369
8845,0.03821346238721937
8846,0.0718022821886678
8847,0.032300579658654745
8848,0.008609642946472857
8849,0.016829079889184074
8850,0.0010958401431162485
8851,0.009365959190605741
8852,0.0015341259579579086
8853,0.0017612471130638411
8854,0.008886443853271555
8855,0.001041900110750022
8856,0.029889571164835788
8857,0.01293158093461975
8858,0.18655253685730916
8859,0.003069520181902139
8860,0.0057533819485495906
8861,0.0010739216805044454
8862,0.007523777386238517
8863,0.002383558848498905
8864,0.0027077868950287983
8865,0.015299561054361484
8866,0.043183909825956365
8867,0.001125527176004357
8868,0.0043542934740551185
8869,0.0019346922551345183
8870,0.0030829538176887442
8871,0.0009978318422613605
8872,0.013671400380168688
8873,0.027639362335473053
8874,0.003499507483013663
8875,0.005696394445126072
8876,0.004003493135332577
8877,0.21988947873755896
8878,0.002791856613024327
8879,0.006631916152574464
8880,0.010557197112061729
8881,0.005224173320627256
8882,0.006388047112066943
8883,0.003932252171805905
8884,0.02542914886603295
8885,0.008823852680137068
8886,0.017219652563511524
8887,0.01863590622091076
8888,0.005988643231552159
8889,0.0036527591296416574
8890,0.0023428054897361617
8891,0.018596737002750514
8892,0.002501210736115522
8893,0.003720761055002354
8894,0.0032231964585900416
8895,0.006787216419294802
8896,0.001017885488227126
8897,0.0032939302432758565
8898,0.04798472780167886
8899,0.0030772396303056174
8900,0.006959839220543842
8901,0.0017071869692083358
8902,0.06538059712259515
8903,0.0021778524283286504
8904,0.016179953493040758
8905,0.011533281996640093
8906,0.003055863272784672
8907,0.003464738765191491
8908,0.014863240361048542
8909,0.06849699748760152
8910,0.012934768036765708
8911,0.012401984104803516
8912,0.009212108929547371
8913,0.0010719213743974054
8914,0.005319970723898827
8915,0.001563650831720724
8916,0.41721092836149326
8917,0.0015642560553054408
8918,0.040131070491290645
8919,0.0150182029930957
8920,0.6913999602517092
8921,0.008930468469468645
8922,0.031191005889602618
8923,0.0031973746710334226
8924,0.007372956914190573
8925,0.010186884090881865
8926,0.07645553361460988
8927,0.0021056953589067505
8928,0.0056351174664669755
8929,0.00966713139528373
8930,0.0010622833671232294
8931,0.031145091052681068
8932,0.0029915676055292323
8933,0.006314459140210421
8934,0.10994216224996188
8935,0.0013193298684550726
8936,0.0011713285838957567
8937,0.005810567689078432
8938,0.011436504451237157
8939,0.005051492182662378
8940,0.03125047284791469
8941,0.0014640844058396879
8942,0.0020786592795709593
8943,0.006577593683826187
8944,0.01409945118077133
8945,0.0029411531132920096
8946,0.008429136336951474
8947,0.0012178935636250365
8948,0.048743790644032226
8949,0.04382822684204346
8950,0.000979118125480783
8951,0.0012446011990181554
8952,0.10343253602700675
8953,0.0038739319496017277
8954,0.13151832169443148
8955,0.1898394053653748
8956,0.04072814902849302
8957,0.003628199893059735
8958,0.005787717109774343
8959,0.015726022849613594
8960,0.002578939125729586
8961,0.015100570780887595
8962,0.0032903881834430936
8963,0.014379314837108966
8964,0.018380927124401515
8965,0.029483061003201916
8966,0.056173305976651614
8967,0.006657218015323667
8968,0.0018688076315315132
8969,0.00576236228690111
8970,0.0043248403640667975
8971,0.004372465896778386
8972,0.23840695512620272
8973,0.4579913935817648
8974,0.007394638606924998
8975,0.005121334922421186
8976,0.005077043432839683
8977,0.0010037943166154642
8978,0.006099526167167661
8979,0.057500350036070146
8980,0.02599546217248472
8981,0.02277015097126723
8982,0.3574351884844091
8983,0.00365346582871377
8984,0.005735396871459986
8985,0.018855040807498422
8986,0.49610600655049797
8987,0.01627404351932022
8988,0.0019160463080839507
8989,0.04009190141867637
8990,0.004600860230362095
8991,0.0010272033233599787
8992,0.0233620423505596
8993,0.014885795301516028
8994,0.13557117531665472
8995,0.007441382965086021
8996,0.00598814949722213
8997,0.009202693083146632
8998,0.008547275247616875
8999,0.00412182636629895
9000,0.0042964338354376476
9001,0.24169848092190335
9002,0.01980972458110862
9003,0.0023991600588674756
9004,0.07099270572364991
9005,0.016840134200149612
9006,0.001249819607231442
9007,0.01676367981701241
9008,0.016829945244238427
9009,0.001218474587702138
9010,0.002737626045420203
9011,0.2248675725429963
9012,0.6707927834334912
9013,0.12477354878410375
9014,0.004597654149320211
9015,0.03898609759987038
9016,0.06666903205151586
9017,0.00981123725864699
9018,0.001636780648896292
9019,0.03524850514452212
9020,0.004444638534909136
9021,0.0012957031114541758
9022,0.004473604743007082
9023,0.139706296450562
9024,0.006435206880048854
9025,0.011649288308697617
9026,0.009272901745053304
9027,0.017244697949603403
9028,0.02576075015354236
9029,0.006040910993847249
9030,0.004847782240389124
9031,0.003562993909337893
9032,0.003377293719402996
9033,0.0012438223284870185
9034,0.0009880714210893447
9035,0.0010180760249487576
9036,0.001659869068699083
9037,0.00464265487992237
9038,0.005220248780784586
9039,0.014135805788502608
9040,0.003003753999664532
9041,0.01677716120394429
9042,0.027937706849798325
9043,0.005932353023812348
9044,0.012760142461434918
9045,0.004080848407765103
9046,0.06559326257578725
9047,0.010207785277486704
9048,0.012834650059861752
9049,0.014899855603260265
9050,0.010652897036465561
9051,0.19470679919341502
9052,0.03764378553983856
9053,0.02594520433109289
9054,0.025567328516789327
9055,0.010630950549558066
9056,0.016567759997717414
9057,0.016143205232753394
9058,0.00675313793274704
9059,0.0519262467405448
9060,0.0672542588929895
9061,0.0405624812630188
9062,0.0042354563438226425
9063,0.004021509763543
9064,0.7770420390580062
9065,0.02219726316342215
9066,0.0025856306557614055
9067,0.005311273822116341
9068,0.04677926109645596
9069,0.009010267891033296
9070,0.020031919243791836
9071,0.01387490381633532
9072,0.021938335980642328
9073,0.0013772750811185148
9074,0.0019557705172194386
9075,0.0013022134861633192
9076,0.006232195225764824
9077,0.005673900075816677
9078,0.037564778586804966
9079,0.006039918005930329
9080,0.004212946512484457
9081,0.003089167613826332
9082,0.011564692917702686
9083,0.01090416090841765
9084,0.3688533887209605
9085,0.23426490674650427
9086,0.00647920447954299
9087,0.014147175184090732
9088,0.036678643995277406
9089,0.19089178585704353
9090,0.0997454345952039
9091,0.006683953307687145
9092,0.012694976804628175
9093,0.0031951466383758364
9094,0.0056363716421340745
9095,0.003946405040355259
9096,0.7816005836514602
9097,0.24576615815385985
9098,0.013362504648639459
9099,0.00410371067521851
9100,0.011106460714070225
9101,0.008647122865223128
9102,0.0014752120586249765
9103,0.026365258557447823
9104,0.048681957398024785
9105,0.029557957235399536
9106,0.15706497886565873
9107,0.00409414584503743
9108,0.013238096197593635
9109,0.006868182278032292
9110,0.011803820824233674
9111,0.030336509462874348
9112,0.01813576371980017
9113,0.005597609760726065
9114,0.16171954824367243
9115,0.18416105012528297
9116,0.0009622603051655911
9117,0.030897176118465833
9118,0.027999033031534577
9119,0.005275712917011527
9120,0.007919328819395213
9121,0.021383012973484036
9122,0.0012719702995792625
9123,0.008282215968364492
9124,0.045627968380755606
9125,0.008383591868166668
9126,0.18396465412084953
9127,0.0047495456581479875
9128,0.03538953361032697
9129,0.019536322369774775
9130,0.005523129879298689
9131,0.03475340491558155
9132,0.00220218273229313
9133,0.008958085976005893
9134,0.4099029410768629
9135,0.007129094716411524
9136,0.00545286921816818
9137,0.0078244572555198
9138,0.0026140572289263687
9139,0.005699490392350129
9140,0.009711940904411387
9141,0.002565119060492475
9142,0.01057938400268943
9143,0.0009845319435720862
9144,0.007164254352734645
9145,0.006243757008474786
9146,0.009129653062358207
9147,0.0040307710865509815
9148,0.005478527898154681
9149,0.001273470263250738
9150,0.009867103520974899
9151,0.18788440521225377
9152,0.24352457764726346
9153,0.0010732815722021244
9154,0.02978460460767006
9155,0.08849440326640717
9156,0.014923135710978794
9157,0.007525090784666736
9158,0.00966668352751032
9159,0.0009833501766546443
9160,0.0013719070264307824
9161,0.06568602827307436
9162,0.014412161861487915
9163,0.0009526956152367129
9164,0.02751533900829181
9165,0.004162526115819892
9166,0.0054532618049786055
9167,0.055572379174457544
9168,0.015692789612440857
9169,0.011629851613759484
9170,0.0096141343721837
9171,0.01016977929244684
9172,0.034705177567777704
9173,0.18400685125553973
9174,0.17979704841123226
9175,0.14540648775592863
9176,0.0339411584451651
9177,0.15824982136880286
9178,0.012057183655533389
9179,0.012497050880604228
9180,0.012689983376416589
9181,0.004355893381409745
9182,0.01673688529197265
9183,0.4712196158600641
9184,0.006242024578266534
9185,0.01696749301520964
9186,0.08803852836997847
9187,0.05396289727684618
9188,0.0077569063701189225
9189,0.0010208212568296093
9190,0.0009891245277369313
9191,0.006052570886651882
9192,0.08104139261523992
9193,0.006669512252027759
9194,0.004375217567768168
9195,0.018596066813296456
9196,0.015030070263467964
9197,0.001008181909863446
9198,0.011850645291826063
9199,0.008402704681337542
9200,0.037368597591084615
9201,0.0035174703170867674
9202,0.030009123730886267
9203,0.013239504272532567
9204,0.010859189210049507
9205,0.011317877316713361
9206,0.0009081725246694797
9207,0.0018247916576516416
9208,0.02131110524567853
9209,0.016159594721610302
9210,0.0072047884823632155
9211,0.05484127381671692
9212,0.008025744183850417
9213,0.01148012880018643
9214,0.004090369092258278
9215,0.003429404253256211
9216,0.0012867416304997064
9217,0.00435005082417842
9218,0.0075205764035051765
9219,0.02479803730916471
9220,0.012576041295566621
9221,0.14711682644414423
9222,0.012388055309338512
9223,0.007396610122847235
9224,0.04686160212431005
9225,0.03221113686366799
9226,0.16457427773799305
9227,0.14009709724014127
9228,0.003227530501805656
9229,0.006201843132048601
9230,0.05521051320722236
9231,0.00710678796897805
9232,0.0014040752815582256
9233,0.010268460278992753
9234,0.05566351879222693
9235,0.018608423452914236
9236,0.01245508337544988
9237,0.1458666474923597
9238,0.0025583700733147426
9239,0.007491980302725128
9240,0.007795181409593846
9241,0.002053744297995704
9242,0.17627476200204514
9243,0.008004145285587832
9244,0.007154995064528106
9245,0.0038491310894334064
9246,0.008647136315847393
9247,0.0028027977282362635
9248,0.00882358883062458
9249,0.025437619632464176
9250,0.004221810358386867
9251,0.04815206090806905
9252,0.007441041182479366
9253,0.03442085806672605
9254,0.009469131005299836
9255,0.1653881965808722
9256,0.07766818416671267
9257,0.0076526066669022185
9258,0.006043924714304606
9259,0.006198334166298069
9260,0.0018758275660878741
9261,0.004529365027351232
9262,0.029103106105927107
9263,0.005528719656499449
9264,0.030660278525077297
9265,0.0016764820106984386
9266,0.0010141713377558909
9267,0.04216519636347273
9268,0.008528988415385986
9269,0.005662197082054263
9270,0.0009866566829152058
9271,0.0025775271558536473
9272,0.01395409823500218
9273,0.027918558018937785
9274,0.01232131973414558
9275,0.0011269581951096732
9276,0.01621970758101114
9277,0.006848156856483894
9278,0.018450864865894978
9279,0.0351663961674809
9280,0.006685318212542992
9281,0.0962872302007263
9282,0.0010308187690069737
9283,0.05929952968550552
9284,0.0010024173592837746
9285,0.003179817457100292
9286,0.007925246397573641
9287,0.0033216480802629863
9288,0.010110472114373782
9289,0.03284217293151906
9290,0.013405186954976805
9291,0.08970146057160218
9292,0.021364552267102727
9293,0.0061102829981778
9294,0.030385525126477568
9295,0.008796753608659953
9296,0.002297107590353318
9297,0.01730517860683143
9298,0.0014513665410402048
9299,0.021431922628035865
9300,0.04797697116258556
9301,0.012587068652485062
9302,0.02645195180200861
9303,0.1302997226691071
9304,0.006323110725601221
9305,0.010293143910977418
9306,0.02143932339911552
9307,0.026515952795517567
9308,0.0019671299031844692
9309,0.01784350059954522
9310,0.0030936365700722605
9311,0.010441120295710876
9312,0.0030704363489824126
9313,0.13268868599633557
9314,0.17652061063995206
9315,0.0009413389110010853
9316,0.00093561625678442
9317,0.009451967835580218
9318,0.019402679869322655
9319,0.05048414579957518
9320,0.015559310392778962
9321,0.0631767277204872
9322,0.170574225160144
9323,0.01800281137631299
9324,0.0074258492565468116
9325,0.013883076314773451
9326,0.0028762851862677787
9327,0.005135242594561626
9328,0.011026072718092752
9329,0.3222183694692168
9330,0.0011755346604881791
9331,0.011135244455880955
9332,0.01815159256519309
9333,0.008305271112414922
9334,0.017821585978280544
9335,0.0033759803052249094
9336,0.004818947392189364
9337,0.04738411750331498
9338,0.007229354515962774
9339,0.0075460858612178055
9340,0.028652956859482628
9341,0.0033827631336481707
9342,0.012286675379176198
9343,0.020977925827313736
9344,0.006340057833274674
9345,0.002243105395588606
9346,0.0013869648360188423
9347,0.014417285120792586
9348,0.0033267216508066403
9349,0.0009162372808849403
9350,0.03905712316630949
9351,0.010782726857034892
9352,0.001395971684073243
9353,0.010909214330357459
9354,0.0038216423994287523
9355,0.00762479246187107
9356,0.004344860525941384
9357,0.013380525563004854
9358,0.0027563389342959593
9359,0.0010400742510250894
9360,0.0009448334130037193
9361,0.008616831636599194
9362,0.0036333331324797376
9363,0.009223476385727096
9364,0.006698015538067804
9365,0.0011068579737567592
9366,0.009038625788362708
9367,0.03829300462556753
9368,0.01824728025446504
9369,0.016606246802684466
9370,0.005429507613745002
9371,0.0010256556028610715
9372,0.006089183704703771
9373,0.23656905332969316
9374,0.03317206408453373
9375,0.004565693401281987
9376,0.016048564298842577
9377,0.012440870122154652
9378,0.006825915587725531
9379,0.04771788798763317
9380,0.0045919671734212
9381,0.005634963247018318
9382,0.016650174949855857
9383,0.03526908835053516
9384,0.0023008818691008593
9385,0.605345510876677
9386,0.00886986108225734
9387,0.02153361168883417
9388,0.0076038122817963264
9389,0.013631845767641851
9390,0.21613248139073482
9391,0.004269166595077334
9392,0.08736512267776855
9393,0.009908515698699598
9394,0.004566149026293932
9395,0.018245934138665956
9396,0.008242759082791446
9397,0.000979118125480783
9398,0.010507907638760222
9399,0.014317620408941495
9400,0.020251323870742646
9401,0.008189738973351523
9402,0.007386616028996371
9403,0.43642107068928954
9404,0.3136819974398724
9405,0.010529701464700551
9406,0.001962219278684089
9407,0.02358321780996843
9408,0.0074763751326976996
9409,0.005857702816473195
9410,0.10620564628689452
9411,0.012243842119888037
9412,0.00996418270525913
9413,0.632597490461694
9414,0.06133563011719979
9415,0.021303204469401642
9416,0.008701557671714802
9417,0.00603241411821057
9418,0.0043622462968451485
9419,0.012130227978066852
9420,0.004284259977419038
9421,0.020708871050564903
9422,0.013423595804285624
9423,0.005914501540061807
9424,0.11299346968751785
9425,0.0013131415252209397
9426,0.0013406515777741423
9427,0.19666956132764632
9428,0.011844246579740892
9429,0.07275746959963918
9430,0.27318236281930813
9431,0.1603535850800347
9432,0.04622852007700171
9433,0.013968418644985915
9434,0.012140042848455176
9435,0.004576796532369789
9436,0.007457023318906502
9437,0.012705504897562192
9438,0.0010717094694229362
9439,0.15296044022887828
9440,0.07177765029528403
9441,0.050151624908753065
9442,0.0010657085336490241
9443,0.00814050414144821
9444,0.08041725643195144
9445,0.0011305946313365225
9446,0.006296567890304
9447,0.0020264725335096107
9448,0.014897970691987644
9449,0.006709088891874574
9450,0.009320227132255658
9451,0.013935841684304517
9452,0.0626354669711769
9453,0.0019477578574835864
9454,0.012991953567901934
9455,0.018998097003202676
9456,0.03541795981403037
9457,0.0025698318493359083
9458,0.06371864877206601
9459,0.0063297505109092345
9460,0.0020492916755861916
9461,0.02081515972972742
9462,0.002575185200040322
9463,0.008213336800267373
9464,0.003537705744606331
9465,0.002191420440426645
9466,0.017745600108463416
9467,0.0020787753665703315
9468,0.011024822589323061
9469,0.011856658192578222
9470,0.0019464608398943046
9471,0.003327999289835513
9472,0.004086812916960284
9473,0.002771773318206256
9474,0.006482601319530431
9475,0.0028754944781410863
9476,0.016493731481819842
9477,0.023354734719353246
9478,0.031186085604587625
9479,0.36156792527600073
9480,0.0012688288705759226
9481,0.0018198845803735304
9482,0.0009351663887471101
9483,0.056710396263918494
9484,0.0102160675731771
9485,0.013590772236081263
9486,0.002502820968236422
9487,0.0024632557884962966
9488,0.0027914288434794524
9489,0.011940359393933215
9490,0.007179734760167873
9491,0.005155118110376478
9492,0.4134522173993681
9493,0.05151567411074094
9494,0.006254970008296441
9495,0.14584398328233925
9496,0.005460423201145328
9497,0.001183859037022138
9498,0.009875213383729448
9499,0.0084551629981503
9500,0.03002681521694411
9501,0.021033438679881333
9502,0.14920435858202455
9503,0.005824682538441211
9504,0.007490458221983121
9505,0.08128141975045668
9506,0.04202318641080601
9507,0.020677066325386316
9508,0.000979118125480783
9509,0.13912706180145554
9510,0.001044082342511364
9511,0.03413899150784345
9512,0.16697456761667276
9513,0.004087272639268444
9514,0.04570853498669671
9515,0.01595682491438159
9516,0.010953123082765394
9517,0.0132984143951064
9518,0.0019258175066300643
9519,0.3940499082454125
9520,0.044823065683613834
9521,0.001163071717101082
9522,0.6945598953539888
9523,0.03983548365757456
9524,0.012149473459001916
9525,0.013423875344219988
9526,0.005188233295593484
9527,0.00194002294759842
9528,0.010777237049255366
9529,0.02255954460304164
9530,0.01589758699612413
9531,0.0011609954493744339
9532,0.15254765287567248
9533,0.03596582990003635
9534,0.015160769809397387
9535,0.010837520795042669
9536,0.11365930320683278
9537,0.0011834589157335563
9538,0.016515630855637745
9539,0.010171088071710124
9540,0.032420941958098456
9541,0.002268855976381188
9542,0.027125084165321084
9543,0.015782903352629628
9544,0.004525174439056459
9545,0.026098050115033397
9546,0.02703112605891051
9547,0.04648421642370696
9548,0.054854010443861144
9549,0.004329069962084113
9550,0.13772186454610785
9551,0.24175656159910572
9552,0.1090782680217347
9553,0.0035201496053342404
9554,0.0030342509682833073
9555,0.0034560422608629505
9556,0.015321399856642513
9557,0.011061750630298557
9558,0.005085931064113203
9559,0.008029739191254841
9560,0.025437375393734724
9561,0.003355288980240532
9562,0.0029550396455295543
9563,0.04157331017795164
9564,0.005176189947055081
9565,0.007656753957374208
9566,0.007007984773287061
9567,0.10985165086889957
9568,0.01749470537860087
9569,0.03628073702686253
9570,0.027992045269922584
9571,0.045662608474072684
9572,0.01902939712811935
9573,0.010510092187147484
9574,0.02482603846319196
9575,0.0044066564026712055
9576,0.016407893959147848
9577,0.008789595876177668
9578,0.2472144097151746
9579,0.0065423316432213436
9580,0.0011351796164313292
9581,0.020714124287903153
9582,0.005720873733788408
9583,0.008441539723880334
9584,0.04955958610513707
9585,0.009926107990564583
9586,0.013137170017435742
9587,0.5012279756176437
9588,0.019784439934159417
9589,0.2664275814194929
9590,0.002391082244963959
9591,0.220269538838569
9592,0.012597378498345144
9593,0.010333450940205548
9594,0.015538789362905082
9595,0.007450617688912212
9596,0.006318370784599157
9597,0.01867230047162666
9598,0.01778557012323297
9599,0.13102642814207469
9600,0.010388970835507182
9601,0.0008780719625320034
9602,0.0011043699775091084
9603,0.003540419026857933
9604,0.034868269466983945
9605,0.029050958748136454
9606,0.019506252136426122
9607,0.007366612954862961
9608,0.005198383090599243
9609,0.010314456779755276
9610,0.007534965633127474
9611,0.20141045835179483
9612,0.004171645103660061
9613,0.0026943622407054795
9614,0.016423103898256113
9615,0.009930710889084926
9616,0.013699031656044636
9617,0.007805013787275039
9618,0.009687063931820906
9619,0.013406269816743357
9620,0.0276279489132714
9621,0.0021222416269288465
9622,0.05097027342363474
9623,0.0031121097132417387
9624,0.05561167702902778
9625,0.0015721956827079793
9626,0.06260707760073403
9627,0.007125578509563466
9628,0.04740699705614173
9629,0.006079248179794653
9630,0.005504988353639813
9631,0.010321275300542856
9632,0.0024671830262936807
9633,0.13750350380113774
9634,0.06500276039731387
9635,0.0014091539163243669
9636,0.015507804233249859
9637,0.009212287535014917
9638,0.025749928608116063
9639,0.005313921482711606
9640,0.01062430195779307
9641,0.004340653975456975
9642,0.0208792055501382
9643,0.0613522281207471
9644,0.011752924252556427
9645,0.003484415668408946
9646,0.004115124350520829
9647,0.009067413972405175
9648,0.00493368560324912
9649,0.022692660750519296
9650,0.004270109612233853
9651,0.016674939537437816
9652,0.029837119877535623
9653,0.005294313977897892
9654,0.02164931169696962
9655,0.007505412865074215
9656,0.030904546446203957
9657,0.20377730171942188
9658,0.001115241170817401
9659,0.001209184781923136
9660,0.0011716580975662714
9661,0.0036984281180012803
9662,0.018671114096717234
9663,0.018564609880319927
9664,0.014652825189907187
9665,0.01231636994492804
9666,0.0011185295451552211
9667,0.02478224643327007
9668,0.01654498230577697
9669,0.010866579059954237
9670,0.04317104460807901
9671,0.09689134435610817
9672,0.0021591034267420374
9673,0.017577115212869525
9674,0.030536753468859354
9675,0.016405097874773834
9676,0.02186436248180483
9677,0.1661727140285254
9678,0.0023731811450451493
9679,0.0026669508963572544
9680,0.03208347878694997
9681,0.014943871056580842
9682,0.011428643661016456
9683,0.003771193394754233
9684,0.007708309149916735
9685,0.0037905616583633513
9686,0.06561244389101163
9687,0.011587660797530574
9688,0.3095599344028764
9689,0.005335477734360326
9690,0.007759158318289331
9691,0.1346315820393264
9692,0.0010844955661050838
9693,0.04014102327836729
9694,0.0463981022300649
9695,0.011769158726816146
9696,0.006305910332755002
9697,0.005279694687397725
9698,0.0010581529387395769
9699,0.012585510459340506
9700,0.012819466988516945
9701,0.01069285973411332
9702,0.0051271828127542616
9703,0.007427178777826939
9704,0.0012957031114541758
9705,0.006559216603793291
9706,0.008113544390470061
9707,0.0012176646399229111
9708,0.025448927283114486
9709,0.29174597546629544
9710,0.005298935450892746
9711,0.0012188421554596943
9712,0.006579118802802659
9713,0.003039614500313569
9714,0.0391516479273896
9715,0.02045057422528103
9716,0.1883697836107367
9717,0.035139327321716374
9718,0.0012730254749444478
9719,0.007710185283632747
9720,0.010508275866487315
9721,0.008383071518906932
9722,0.056651754008436625
9723,0.0021302699303386847
9724,0.026654582523097218
9725,0.012734120727131815
9726,0.01644352478631818
9727,0.0189909676811001
9728,0.015846040523325333
9729,0.011851731407260438
9730,0.12632888718508117
9731,0.022003026392998244
9732,0.09094527727099774
9733,0.007065967600370256
9734,0.00389074709760148
9735,0.19830009384677305
9736,0.050382185132455695
9737,0.0010627364389898047
9738,0.23729096173193348
9739,0.003192428637613684
9740,0.05164009404095308
9741,0.0019713365257479857
9742,0.007441945204143182
9743,0.008821744470258974
9744,0.017616194610529354
9745,0.008259445882674138
9746,0.008352480449863333
9747,0.027747162077855523
9748,0.003113264587907012
9749,0.0010719791386315837
9750,0.0039872122964505355
9751,0.017999048739299847
9752,0.008653578329216073
9753,0.015426092136928736
9754,0.13454428480460867
9755,0.031281792569813324
9756,0.011230567725633635
9757,0.1314372555806695
9758,0.0010818959698585392
9759,0.0011582355791744333
9760,0.030970772849522633
9761,0.0381042017046529
9762,0.08735995389025993
9763,0.051918319332695265
9764,0.02146511859234465
9765,0.009821891600669106
9766,0.0016995632669221821
9767,0.05180462655949417
9768,0.4798515021344573
9769,0.018768301513117234
9770,0.08740717204200395
9771,0.012648417612789564
9772,0.05351841174823339
9773,0.00876676137713181
9774,0.0029348191332446904
9775,0.006163296792805782
9776,0.019063406631477386
9777,0.009577693769875106
9778,0.5372269759988048
9779,0.009390936088982062
9780,0.011729276631591486
9781,0.005636940121588282
9782,0.006295747579952001
9783,0.010387943120889481
9784,0.03846516636121915
9785,0.00551924207847426
9786,0.001902225960283273
9787,0.010182764394899525
9788,0.0064984848088973516
9789,0.01260712971466261
9790,0.012721194714410435
9791,0.0010764993917895607
9792,0.014756154054428892
9793,0.005704597648712278
9794,0.0011077761210267494
9795,0.044658671027663785
9796,0.14164085264308546
9797,0.0882231647736587
9798,0.04128308800182235
9799,0.012108122314517423
9800,0.012223244077444538
9801,0.001119611426036054
9802,0.009697975993862469
9803,0.006772011850945439
9804,0.00819905148943389
9805,0.019174378351271504
9806,0.055412727202101324
9807,0.0012438223284870185
9808,0.009840253371023218
9809,0.002508269634591032
9810,0.016177587535649584
9811,0.009748473179160513
9812,0.016236914616025548
9813,0.0010249697211868788
9814,0.1956275723476316
9815,0.029357037350004788
9816,0.00107782711787224
9817,0.07369911991277123
9818,0.00880801260845489
9819,0.025515436152359357
9820,0.2925831382992199
9821,0.2587800807584467
9822,0.009070158439035336
9823,0.008440685853461522
9824,0.009154920550209686
9825,0.32295689699983887
9826,0.0035571655170500084
9827,0.003981342593743132
9828,0.056928683223888575
9829,0.00669787248522095
9830,0.009782773046612507
9831,0.0034809521327532995
9832,0.004989144056741194
9833,0.001249746279353433
9834,0.14375077216128798
9835,0.03927403315102216
9836,0.011416474514288635
9837,0.003197695107195417
9838,0.001189096038522304
9839,0.5054996123189464
9840,0.003342870687367315
9841,0.006612079356172049
9842,0.003440035264969877
9843,0.010100620276117836
9844,0.031083096730562424
9845,0.02943234515248059
9846,0.004863413603976798
9847,0.007513610651808724
9848,0.017549071781694004
9849,0.026010916013698634
9850,0.009561776140922282
9851,0.02343105687509174
9852,0.14895891831923125
9853,0.0076536709268340605
9854,0.0029559022735271665
9855,0.0011020530243435885
9856,0.01559404641831759
9857,0.00811139356397716
9858,0.020754226918631356
9859,0.0034358957244767234
9860,0.0012890434853563089
9861,0.0035299379893055363
9862,0.026683446259309712
9863,0.01750091272976919
9864,0.01972172582914002
9865,0.008760577985691775
9866,0.02735762588333544
9867,0.020558688293730174
9868,0.017404975346120042
9869,0.006846778611815385
9870,0.00445012894566425
9871,0.0011143474945008321
9872,0.022849242900677046
9873,0.0025325455028456
9874,0.1881269221614463
9875,0.0011696868623188386
9876,0.011508229929371535
9877,0.0135601338418869
9878,0.006255637222879916
9879,0.011426104556865742
9880,0.10447553056938502
9881,0.0033132216633539446
9882,0.12113783659101181
9883,0.006879518846758778
9884,0.087777757697734
9885,0.054204544430476474
9886,0.010668676092160007
9887,0.0051993515196058805
9888,0.010844323382433184
9889,0.04884711409182581
9890,0.43149196816558755
9891,0.03436387320501084
9892,0.007922226293645874
9893,0.0082277000997327
9894,0.002554515692186879
9895,0.007080929436674573
9896,0.16070718452761582
9897,0.0012677282380134335
9898,0.0009798141746196762
9899,0.016703188639374828
9900,0.010899650138084659
9901,0.0035971567931064622
9902,0.013872545798127169
9903,0.011099837634787363
9904,0.3340581006115022
9905,0.031199359979509927
9906,0.04715320740556208
9907,0.008430978287053763
9908,0.011436431662585048
9909,0.027058742106881917
9910,0.011862296900879083
9911,0.001819735947817588
9912,0.01378978274397725
9913,0.09259045712616229
9914,0.0032662438938296876
9915,0.004921630668212936
9916,0.00308656627347652
9917,0.0011107519648323161
9918,0.12131906931461073
9919,0.005015311852158348
9920,0.00570246162082265
9921,0.008233573395937896
9922,0.016502887701914343
9923,0.012169478663972024
9924,0.005202024835739208
9925,0.0016494412893623895
9926,0.0015553671273035956
9927,0.039670249017335055
9928,0.01138291794666962
9929,0.0010400585196423061
9930,0.025241597883767657
9931,0.012063284576486194
9932,0.00106749311385757
9933,0.0009273776542832427
9934,0.025414223415576056
9935,0.005180040437854842
9936,0.006763560940492088
9937,0.17581452411391957
9938,0.01874626685609627
9939,0.0029558297147894556
9940,0.013673201912622734
9941,0.008270581471342704
9942,0.004187843099960398
9943,0.0025522501636983624
9944,0.004244323949124397
9945,0.03591091810157549
9946,0.006015481644207593
9947,0.0033906592188042953
9948,0.006901658776380774
9949,0.03966373756179974
9950,0.01199130249777436
9951,0.10233564703215099
9952,0.0956563942579041
9953,0.010102268737308552
9954,0.006125503661978929
9955,0.024851899345937182
9956,0.00162411263223113
9957,0.37328578467275636
9958,0.14084066839488368
9959,0.0011155079930878341
9960,0.0011993846400106714
9961,0.008405435226726895
9962,0.007770341598790601
9963,0.006798137451199948
9964,0.012544970180543505
9965,0.002939596698148987
9966,0.045709329582698764
9967,0.0049360761201888755
9968,0.00658482472873361
9969,0.003377257865740846
9970,0.04302196598852564
9971,0.01685763818343404
9972,0.008139754444325227
9973,0.010000507911377942
9974,0.013927873457964125
9975,0.0009665699789432958
9976,0.0037091422605378074
9977,0.001039485107938876
9978,0.1137160281046678
9979,0.0064589478052783
9980,0.19317471613519652
9981,0.007687676829188775
9982,0.010417778842184346
9983,0.011227510906288193
9984,0.015261201158868443
9985,0.5040517793872782
9986,0.008214450207929564
9987,0.006824031103861951
9988,0.042628726177080675
9989,0.0024871617665213593
9990,0.001183859037022138
9991,0.032505735668536095
9992,0.0176253535739815
9993,0.01028342947552631
9994,0.013979075795439843
9995,0.008779309326471444
9996,0.010571983479995583
9997,0.0009335283158242505
9998,0.014207308835727092
9999,0.018577265037424514
10000,0.0012668529308053937
10001,0.02364998450392166
10002,0.0011993846400106714
10003,0.0020546686626281892
10004,0.006902423522258604
10005,0.004778493310063122
10006,0.001455470489914434
10007,0.012634907601636722
10008,0.005897366691207546
10009,0.0017394362575364733
10010,0.019523014825526337
10011,0.007417599515949654
10012,0.022078856004003743
10013,0.05174395266183096
10014,0.001762811891780385
10015,0.041199886843712126
10016,0.0010489289000171248
10017,0.005824711237609167
10018,0.403649924122323
10019,0.013629144348188349
10020,0.009668796305743712
10021,0.0010164281051757216
10022,0.0686242856771559
10023,0.0009807056145218788
10024,0.0009567659334406973
10025,0.0010503579204375869
10026,0.008511210191174562
10027,0.04238766805853229
10028,0.0037139324761248245
10029,0.926821723987072
10030,0.0010662820281654196
10031,0.0023187922061548858
10032,0.013346128925214976
10033,0.005463807892471882
10034,0.002628994295241788
10035,0.047030877653684085
10036,0.021878814420698816
10037,0.0013402159955667253
10038,0.0019045007325034376
10039,0.15383590492270902
10040,0.0038269763070357056
10041,0.005010705137212204
10042,0.12048801471027432
10043,0.17351299723344968
10044,0.0034187450953666334
10045,0.001961791075474804
10046,0.0014061027817088311
10047,0.0021459277087185103
10048,0.001588914504026443
10049,0.007380449008210455
10050,0.005957094214478972
10051,0.0015539048696372481
10052,0.010889689539070277
10053,0.0016842969592968052
10054,0.0623471704892699
10055,0.0019110475944618575
10056,0.0017695843422682973
10057,0.0009977331494227168
10058,0.00663781867437618
10059,0.013442104535153645
10060,0.2468087212189131
10061,0.0335676442767889
10062,0.094977118775815
10063,0.0010164281051757216
10064,0.0010470597898137857
10065,0.10733534664820804
10066,0.009793451666388365
10067,0.008351223341859034
10068,0.011278047689000774
10069,0.042304839036181534
10070,0.009175452358376399
10071,0.0072741506034981265
10072,0.014557989698245856
10073,0.016900779397120883
10074,0.0011534427212473366
10075,0.0029259586973668095
10076,0.07365699633911374
10077,0.07872142968598064
10078,0.0021316726777685173
10079,0.15140146579158414
10080,0.0009887873717806003
10081,0.17198578306052495
10082,0.0057989058117267735
10083,0.005738289523368864
10084,0.013288490396611796
10085,0.004570497668732611
10086,0.060438569462523385
10087,0.007261701453096773
10088,0.09995086659839561
10089,0.005506405783082477
10090,0.08662009815066528
10091,0.02483652277951142
10092,0.14417163392318127
10093,0.0015706045522157611
10094,0.01276976492140877
10095,0.0020015677689620088
10096,0.009880233051876013
10097,0.003977888486211553
10098,0.00855518133714671
10099,0.0024547932798411392
10100,0.07365101858305027
10101,0.025809958699882715
10102,0.01032949494477504
10103,0.0017259003174065718
10104,0.18614491144764503
10105,0.1515107576037354
10106,0.06545305414808715
10107,0.006471998033497074
10108,0.09839768989645097
10109,0.1817764094242179
10110,0.0040670873220634085
10111,0.03925747015001799
10112,0.06441584030261892
10113,0.001842764621416785
10114,0.037472421584117094
10115,0.07315567679589133
10116,0.01641829094013556
10117,0.06106279773416364
10118,0.07557387933927351
10119,0.0016679802510484844
10120,0.0010747622561964024
10121,0.0011470716400366334
10122,0.001069818516919662
10123,0.1059120884520132
10124,0.015547515312971681
10125,0.001170669911971092
10126,0.001069818516919662
10127,0.0039790682007841294
10128,0.004239433819602095
10129,0.09200241153267508
10130,0.0023768013169741422
10131,0.0038006835045219837
10132,0.2532906505592501
10133,0.0011352561896191538
10134,0.03819687200400666
10135,0.316954431330102
10136,0.266976853611253
10137,0.0018222478708610904
10138,0.0011789192091418291
10139,0.015519274529111072
10140,0.012001265290114915
10141,0.0010180760249487576
10142,0.0010164281051757216
10143,0.001272403942950917
10144,0.0011474644055726162
10145,0.03510491986896856
10146,0.09125432424424813
10147,0.14329206708377196
10148,0.006378723169648353
10149,0.0039060066397580244
10150,0.0009808755609010506
10151,0.11713937063462888
10152,0.01993931623761227
10153,0.15379200820942188
10154,0.002035698040920571
10155,0.0020558217892598114
10156,0.0012278187668254752
10157,0.001039992865700764
10158,0.023666940644612968
10159,0.0012814751649401423
10160,0.07039989130124971
10161,0.13912727690244925
10162,0.005993377117958195
10163,0.5775440171273329
10164,0.04719266878700694
10165,0.07768617092915785
10166,0.03237209559461205
10167,0.19051387831143177
10168,0.0037396574154931034
10169,0.0018666254053499786
10170,0.31975954095437326
10171,0.06683178954525533
10172,0.007120524427514277
10173,0.002931441212062087
10174,0.026324221934989032
10175,0.0011043890384941461
10176,0.07814240787765707
10177,0.10634930230023179
10178,0.010093375363906998
10179,0.00979264062348125
10180,0.0018820732245392719
10181,0.004333305064663157
10182,0.0016933297341494252
10183,0.006702897145634805
10184,0.029661616617389766
10185,0.10729273758117099
10186,0.007126311088944393
10187,0.0018965997959035019
10188,0.023539289413233508
10189,0.1660520171223261
10190,0.4448919080961713
10191,0.06809770764268587
10192,0.510897450993348
10193,0.02025557815388246
10194,0.14126325181494137
10195,0.10843983055054364
10196,0.01885019041089006
10197,0.005005894870532391
10198,0.03463249037485961
10199,0.07482316659328664
10200,0.23893085678397114
10201,0.14283348518053712
10202,0.00376687107156795
10203,0.08712374067304018
10204,0.006661184729182736
10205,0.005908523423828797
10206,0.27981827157144573
10207,0.12739400199729312
10208,0.12093649708352713
10209,0.22895078976073985
10210,0.011632996451072321
10211,0.0031885947540779684
10212,0.006829484686991791
10213,0.018321668744976073
10214,0.28433324196736925
10215,0.1761596643459948
10216,0.051093696089622546
10217,0.005480754611346594
10218,0.07186773909868692
10219,0.0010971054147185613
10220,0.006517959105355406
10221,0.023789941382090694
10222,0.2332235038032709
10223,0.20272104549916592
10224,0.13030834214158232
10225,0.3748500496836487
10226,0.02065674580572387
10227,0.031273244052008285
10228,0.05075494944628671
10229,0.004034614532883081
10230,0.10048334088541916
10231,0.0113211406927625
10232,0.002358099819439422
10233,0.0012190497871523492
10234,0.001764666280517709
10235,0.002427961174959136
10236,0.00405009144206709
10237,0.0019021270781823475
10238,0.10542956688434346
10239,0.0011399021638612895
10240,0.0010423889079495777
10241,0.033258817175439756
10242,0.0010540959300278665
10243,0.13282239318426112
10244,0.5796864365900897
10245,0.005610071096154677
10246,0.0051318110924789126
10247,0.05140114589141159
10248,0.005480720624903992
10249,0.45012981773245353
10250,0.5894866396884137
10251,0.0009752563889731715
10252,0.3460010327309431
10253,0.00479725505695101
10254,0.057334266412428316
10255,0.05137003042213741
10256,0.007440793333138553
10257,0.0065731725780437695
10258,0.2661671598101488
10259,0.21054300791751532
10260,0.03593341316909055
10261,0.17840319242125324
10262,0.26140097570000154
10263,0.08813460392370719
10264,0.0023359018046997366
10265,0.027558275665573735
10266,0.14494519090446847
10267,0.0016128457299864677
10268,0.0008841947725975543
10269,0.02343261528450239
10270,0.00951221128526612
10271,0.06864002892279447
10272,0.009114829981017857
10273,0.041406347589386105
10274,0.13988206755067142
10275,0.001204288670307134
10276,0.06928691901883649
10277,0.0063457681895748436
10278,0.0009813973386995406
10279,0.01895822506223854
10280,0.0010727268308060231
10281,0.023839116787348073
10282,0.0887896727889213
10283,0.0009932250140582942
10284,0.005867210951933069
10285,0.046811507458076995
10286,0.020511989451149373
10287,0.1773980483496126
10288,0.07874371433486405
10289,0.02033211596323378
10290,0.0011312966998569673
10291,0.0019756467411300035
10292,0.04280642032224849
10293,0.013114527481806457
10294,0.0010208212568296093
10295,0.0018337220560489028
10296,0.005004256338458494
10297,0.0010540959300278665
10298,0.02703602424068144
10299,0.2031805715110497
10300,0.0013957822250871615
10301,0.0011397957662065185
10302,0.015320615094494136
10303,0.0010576546096385075
10304,0.027907209400019624
10305,0.22904478261598835
10306,0.05071299479028975
10307,0.5846862201652745
10308,0.062105821170359524
10309,0.3761863114187704
10310,0.14763010176327387
10311,0.07657958386175848
10312,0.012848360884354471
10313,0.005063216310355182
10314,0.2850894748177489
10315,0.0010164281051757216
10316,0.014937332120072122
10317,0.059335245093446266
10318,0.0009666781429671569
10319,0.0009978318422613605
10320,0.03895076539657067
10321,0.0271689707637768
10322,0.3195150247245079
10323,0.048596144261217396
10324,0.0009670301597039465
10325,0.19166184688875737
10326,0.10577508191251833
10327,0.0016005260408147345
10328,0.09804868141316499
10329,0.02829644483574596
10330,0.4717195775552279
10331,0.019852158194477342
10332,0.5219321996825944
10333,0.007772035408009731
10334,0.002417549069197585
10335,0.0043306611354434026
10336,0.1470603198467961
10337,0.04337248094191065
10338,0.06946248037514363
10339,0.005034788141397412
10340,0.030109727664862414
10341,0.008611994145298214
10342,0.01732132852348249
10343,0.033613371635186434
10344,0.0012449431654196737
10345,0.001058630460929458
10346,0.011130491462104637
10347,0.06871620569029682
10348,0.20820418438236307
10349,0.007065414008592266
10350,0.0021176778634776966
10351,0.06911273698983336
10352,0.004025990683978411
10353,0.24838066458960095
10354,0.036682467585914764
10355,0.08041205613294183
10356,0.036177124928212775
10357,0.5989787775355132
10358,0.0010313964020575788
10359,0.019384372791302767
10360,0.38806775599363436
10361,0.42552099484742145
10362,0.010251906845441429
10363,0.04868051703734964
10364,0.006814198190581925
10365,0.011836879738139034
10366,0.09206683080826668
10367,0.0789313274304611
10368,0.00685326165822556
10369,0.013451331703907688
10370,0.004167794220390141
10371,0.23183285176045815
10372,0.12391633055442614
10373,0.001601193881224339
10374,0.0017643229079308703
10375,0.0011680268502572103
10376,0.14988790734758958
10377,0.25783214085825523
10378,0.001803004144841474
10379,0.0012097588657824837
10380,0.0037707736209153454
10381,0.09978645078730786
10382,0.0012294264387366501
10383,0.013242662724454634
10384,0.0010164281051757216
10385,0.0021663045582051266
10386,0.008377856777768304
10387,0.3932794227967318
10388,0.0010094786084487437
10389,0.0010353287672424149
10390,0.00844277851345501
10391,0.008526425839351773
10392,0.027482190098853828
10393,0.1047010343153883
10394,0.01123063748008425
10395,0.08678988471853862
10396,0.11124733783871185
10397,0.0010807554412258264
10398,0.0031740384956703066
10399,0.0009567659334406973
10400,0.04393031063520607
10401,0.5969241667642988
10402,0.1840006661638659
10403,0.07428801154747681
10404,0.41019185119193097
10405,0.13467211367417523
10406,0.1266346622687776
10407,0.0941555188697415
10408,0.0010581630944749244
10409,0.0009393636082559015
10410,0.011667150420150152
10411,0.011268768519787843
10412,0.02499289940669102
10413,0.003154066379051898
10414,0.015060678647431902
10415,0.0037430141746696826
10416,0.018471953388240682
10417,0.22786761384309542
10418,0.002051099444471837
10419,0.0010164281051757216
10420,0.0010308321467420276
10421,0.032013113084549655
10422,0.0043135070208827255
10423,0.0009550966483002464
10424,0.1492984979574188
10425,0.018901678125121623
10426,0.008703722353037421
10427,0.003597772742377994
10428,0.09689851537656692
10429,0.001462673192216237
10430,0.1634607227127605
10431,0.038548056107737094
10432,0.001065896614739974
10433,0.023804707635412425
10434,0.023484713095393565
10435,0.012047263600751052
10436,0.006546866682179898
10437,0.0071356465381337796
10438,0.001749840548937565
10439,0.0016446986688434893
10440,0.016067483979467483
10441,0.005163262754215819
10442,0.027732513077941966
10443,0.0011337641652364235
10444,0.0032890821726218387
10445,0.0865675951372849
10446,0.0010313964020575788
10447,0.0011006603113820346
10448,0.22649175728147666
10449,0.002983439239583847
10450,0.008392177203644626
10451,0.023530645954715483
10452,0.011530113610580968
10453,0.06327444100647783
10454,0.03435688345326037
10455,0.009235321245454358
10456,0.3493467970761783
10457,0.39962275706675277
10458,0.02294181509353854
10459,0.028183530867056106
10460,0.0010914575575685375
10461,0.1842641949931729
10462,0.08964718079516125
10463,0.00817963257664421
10464,0.007436116361246143
10465,0.05255111050165133
10466,0.1672740468767918
10467,0.18669143441236696
10468,0.010425426466993858
10469,0.025648539839902937
10470,0.0011065542142701095
10471,0.006520125344677635
10472,0.03480541026906767
10473,0.030512201645030834
10474,0.012028597365638839
10475,0.010569228562291975
10476,0.10919928255811254
10477,0.0009447029579177555
10478,0.013983891911200967
10479,0.011303331157145631
10480,0.031796969749035356
10481,0.005230973319557591
10482,0.06431971696125441
10483,0.0023684986861823654
10484,0.041419072368659396
10485,0.016077957260063728
10486,0.0010534723217841902
10487,0.0011124056051365799
10488,0.015140487096475643
10489,0.001578195401116629
10490,0.003992150215066687
10491,0.038730467291387065
10492,0.06148325690353098
10493,0.0010164281051757216
10494,0.00098895050654641
10495,0.00107145077524131
10496,0.041717483262521546
10497,0.028730092557163446
10498,0.07941215091802978
10499,0.038046242204945464
10500,0.1789797893448604
10501,0.3965475731278538
10502,0.18469726801024028
10503,0.0013589805784510293
10504,0.011396157055488926
10505,0.015957712044743232
10506,0.006585399917548341
10507,0.22691565031596514
10508,0.11750012827611515
10509,0.013628238179089477
10510,0.024487200462982823
10511,0.000965464786019254
10512,0.009837250515796186
10513,0.011656525586813382
10514,0.08868259709459161
10515,0.011146063566662333
10516,0.7061937852748076
10517,0.0914331047877474
10518,0.1900424888917716
10519,0.08637352652392113
10520,0.522740766683009
10521,0.0009153795909012805
10522,0.0011564583617268088
10523,0.0010499056859784215
10524,0.016486553704749853
10525,0.07858473907146515
10526,0.04357274868626609
10527,0.0026276369006501075
10528,0.0028585891672609173
10529,0.056547024340835306
10530,0.4854823498688378
10531,0.19649812500903424
10532,0.001005580698600732
10533,0.005217363115135477
10534,0.0014440187694897992
10535,0.03737682486046278
10536,0.03594133985788612
10537,0.0015521956856308905
10538,0.3241589518344597
10539,0.0037849398352391545
10540,0.011609942207536233
10541,0.008162436227998737
10542,0.04962245450923872
10543,0.05311402353460976
10544,0.1124078805223178
10545,0.005784427310344665
10546,0.00171834699301959
10547,0.0049538522707827945
10548,0.0055842395299046865
10549,0.003918179461392107
10550,0.0018476451326905287
10551,0.011692531530117619
10552,0.0021065729172176444
10553,0.0018318490492643068
10554,0.001990674283105682
10555,0.14774310963464268
10556,0.09319123860397513
10557,0.030159569135103117
10558,0.00099281589616275
10559,0.0018771630896935957
10560,0.3265575017274802
10561,0.042341901846366554
10562,0.030896217983098852
10563,0.1244736129077954
10564,0.010049617068094848
10565,0.036069604829218706
10566,0.0011944624994782015
10567,0.008018168260700731
10568,0.03994338439118917
10569,0.0013572058124967856
10570,0.001185131705880125
10571,0.03994833104594383
10572,0.17188179364191125
10573,0.005492333789306217
10574,0.033281078936232396
10575,0.001080740052961512
10576,0.06450583980795456
10577,0.005709891328214705
10578,0.004405991317070291
10579,0.0013426213239277468
10580,0.01630134644379113
10581,0.0010698562446939542
10582,0.37787427544357716
10583,0.010973898887346482
10584,0.0028016440522450766
10585,0.11771557752224215
10586,0.04065418436855231
10587,0.035127992405728364
10588,0.0949283160762727
10589,0.09701141136174231
10590,0.012863751456914761
10591,0.0018455958613993809
10592,0.47807304239527443
10593,0.011840928203332594
10594,0.006545604715927442
10595,0.035077142637445886
10596,0.0072268588793022665
10597,0.0032160017847260203
10598,0.0024084186340464623
10599,0.19929829489333217
10600,0.011561556091282413
10601,0.007151851534813538
10602,0.19173232491734865
10603,0.0045484240444380025
10604,0.3025302917192552
10605,0.004841570952424457
10606,0.005772052113889424
10607,0.28062149475754666
10608,0.2459955437000835
10609,0.0071949118712904166
10610,0.0012766360345473414
10611,0.0011397957662065185
10612,0.010792749376535111
10613,0.00355390174780029
10614,0.6144207613463406
10615,0.20052334032621275
10616,0.049635541789400814
10617,0.0026068898621368374
10618,0.0932144416086365
10619,0.0011898222173144046
10620,0.29681294129659275
10621,0.08600605119635923
10622,0.0048115447134509
10623,0.05163858056310276
10624,0.0038791362910375483
10625,0.0038195646297001836
10626,0.011114121052233465
10627,0.039623198650513246
10628,0.9223380542475909
10629,0.26092749713525304
10630,0.004574055039876827
10631,0.0012087689040331524
10632,0.0024368507023410303
10633,0.0010045294617610826
10634,0.017072416570991705
10635,0.004923868299159872
10636,0.01401692552654501
10637,0.021801184654239306
10638,0.00962050619671586
10639,0.07710356660664663
10640,0.2966831714506469
10641,0.05383304204032269
10642,0.08305970476426558
10643,0.001017480651093649
10644,0.10041547738783005
10645,0.5708680970987062
10646,0.0021811513496931305
10647,0.0011654269267832647
10648,0.01628998517474033
10649,0.26654644714241094
10650,0.004602610539919288
10651,0.3050444878021745
10652,0.07001886555472993
10653,0.0015427692728935433
10654,0.06680559722351234
10655,0.18344314866176
10656,0.24144814684708987
10657,0.011115743366036459
10658,0.0051658746711156075
10659,0.33759085197465916
10660,0.00421493639116982
10661,0.005746779756055565
10662,0.092724175843568
10663,0.0016438984777551848
10664,0.12629727839579355
10665,0.8781681622249607
10666,0.010827993178413396
10667,0.06399731815141123
10668,0.013670232238509621
10669,0.10769608259233791
10670,0.0635694583732067
10671,0.0017284353682891463
10672,0.0012208962042713118
10673,0.0821603506096499
10674,0.04049831644669633
10675,0.0010771190699028583
10676,0.06990585162540687
10677,0.008972551843445007
10678,0.030524037430302565
10679,0.028791319288975905
10680,0.009620634092046857
10681,0.0956471481267057
10682,0.574426446174758
10683,0.8291858300667159
10684,0.0009121971330116763
10685,0.010208447609613713
10686,0.03350514756985679
10687,0.07120852744613415
10688,0.009775527670879221
10689,0.1982105947262513
10690,0.011616576734345933
10691,0.013357007236046107
10692,0.008232524474520319
10693,0.030615046520959054
10694,0.04109984205245649
10695,0.5870722127878717
10696,0.018647471759918287
10697,0.014580903632649012
10698,0.12000759145038686
10699,0.000965464786019254
10700,0.030903758949920077
10701,0.03142917323213888
10702,0.007490559112458397
10703,0.0031491548461556385
10704,0.005495904925339572
10705,0.3259296795658122
10706,0.0009077729787359848
10707,0.04611891969671655
10708,0.004203786886491127
10709,0.012912235569208686
10710,0.009067757267391724
10711,0.012412630142921023
10712,0.06716299659338106
10713,0.018048090272273564
10714,0.23653117741636992
10715,0.3780268438487166
10716,0.054372469072997955
10717,0.003775438300118455
10718,0.26131983966371747
10719,0.3809986721496963
10720,0.09771642370472326
10721,0.007317586779334029
10722,0.0009491643374031022
10723,0.013811529489710078
10724,0.005086061282264842
10725,0.002685904760644743
10726,0.010213342830646845
10727,0.0010270253860032033
10728,0.0011147217323637807
10729,0.07426798094153085
10730,0.3010796168512626
10731,0.15092968037027632
10732,0.0364797878988006
10733,0.0014004005429867432
10734,0.012839935602315397
10735,0.017395745384305494
10736,0.04404306469028491
10737,0.010074515056324541
10738,0.10413505762476283
10739,0.0010673908834595808
10740,0.04562878994737798
10741,0.1759292805553624
10742,0.014924005837278797
10743,0.053307898509930236
10744,0.020327929020894735
10745,0.18727139812926188
10746,0.00643218618821557
10747,0.01304209607285781
10748,0.013756939372362489
10749,0.002049610660149306
10750,0.03037191163475905
10751,0.048805883902236016
10752,0.009351899515108442
10753,0.0036325155804549057
10754,0.0025306505356010537
10755,0.0024776462752817384
10756,0.18631614079122907
10757,0.03471958710041105
10758,0.05253534813754944
10759,0.017098005770054013
10760,0.00747371176941921
10761,0.07865449545420543
10762,0.004086418320042759
10763,0.008867378757583833
10764,0.0054983444146621124
10765,0.002371249606088772
10766,0.0028029229176145896
10767,0.008654059991069465
10768,0.009052856782034937
10769,0.19191088122026917
10770,0.003974230837234614
10771,0.008458451621229657
10772,0.1158986287843849
10773,0.6441176724303648
10774,0.16910189039939869
10775,0.011169568469431408
10776,0.003949447274900182
10777,0.02528212182092826
10778,0.12161107792001724
10779,0.5069385774107784
10780,0.07314232215595856
10781,0.00527365591237829
10782,0.0016835747437822606
10783,0.0008367874154275533
10784,0.009620397253498827
10785,0.21142712223132434
10786,0.03417994439721398
10787,0.029488989991378493
10788,0.5809651476358979
10789,0.646764345424756
10790,0.004610431672709857
10791,0.0010362437796674763
10792,0.0013086663354206544
10793,0.017498261894590292
10794,0.46072581471344853
10795,0.14158977429923753
10796,0.0011185163458220417
10797,0.0032434661101474107
10798,0.047653856699871086
10799,0.05729234325127854
10800,0.0872903266371842
10801,0.010373462006946364
10802,0.010650298268571844
10803,0.6092143756981119
10804,0.10763327677846837
10805,0.012881838214607911
10806,0.027541769948876235
10807,0.03823334950222443
10808,0.04119436711104934
10809,0.43527673203066186
10810,0.10021408641081084
10811,0.07336851093904422
10812,0.017431433033738442
10813,0.017763268614842537
10814,0.0935386749313207
10815,0.02400210415120864
10816,0.0016610396916567026
10817,0.0010164281051757216
10818,0.028856040908716015
10819,0.0012636509760529015
10820,0.0013509334086165006
10821,0.0016695805094057523
10822,0.0027809543076745126
10823,0.086661104494576
10824,0.17330236225351153
10825,0.008876536121334154
10826,0.003929926370731217
10827,0.0499157243511258
10828,0.03496978918047719
10829,0.013109313011848566
10830,0.07223979744807107
10831,0.043386473872875586
10832,0.13495486175058927
10833,0.058348779967577605
10834,0.005331465535169241
10835,0.018221695482551228
10836,0.16696751138552884
10837,0.18726068810722038
10838,0.35767376191465566
10839,0.08318386435567475
10840,0.22747781390826396
10841,0.25680113470939764
10842,0.5830546281097169
10843,0.376418757561929
10844,0.026832621624508664
10845,0.2917866733202219
10846,0.06419488821120414
10847,0.11978972653377143
10848,0.48710724034118674
10849,0.10659730500923563
10850,0.05963536664675121
10851,0.1138950542915181
10852,0.0020397989554628085
10853,0.011216786168338704
10854,0.015203297279961659
10855,0.005622150899444834
10856,0.0027374977832993717
10857,0.006491384666014224
10858,0.10825348576349487
10859,0.06920951431805773
10860,0.001034575600989784
10861,0.17614820329333866
10862,0.014245583701719362
10863,0.14818237595683054
10864,0.08480970815194049
10865,0.022161487682615805
10866,0.007617732733190298
10867,0.017777719640992767
10868,0.0018107886786619615
10869,0.006783501258220627
10870,0.01434449610777419
10871,0.4381062071022089
10872,0.002905863238666728
10873,0.2784252362777979
10874,0.007813332889570375
10875,0.07476167921504438
10876,0.010045521817027133
10877,0.0022995975521145993
10878,0.001546980767370358
10879,0.01795380267185466
10880,0.08548247481357013
10881,0.038377513161238906
10882,0.17683992866819315
10883,0.003994398420243993
10884,0.0011749951463712529
10885,0.37429486974372955
10886,0.005333714782061789
10887,0.10790733073886115
10888,0.011360555971976246
10889,0.05701377943239325
10890,0.003260234716162441
10891,0.31914309378692524
10892,0.02341769877169686
10893,0.23993753089541645
10894,0.0009652910469877295
10895,0.001177363614841023
10896,0.002298758214368082
10897,0.001651002099416214
10898,0.23299500705028273
10899,0.5819986244577418
10900,0.023202480913566408
10901,0.10971278169438749
10902,0.028614346995998997
10903,0.04582532517028918
10904,0.07187703996127859
10905,0.13841567011167133
10906,0.23156340522244243
10907,0.00694160287882773
10908,0.0050153466515418755
10909,0.38971248293533634
10910,0.000993636598277202
10911,0.005621327231415766
10912,0.035993617182869565
10913,0.00525074732648349
10914,0.041192776370197054
10915,0.4724963012188667
10916,0.001931682027271859
10917,0.3099228097479143
10918,0.0068875991815129526
10919,0.09292517413047378
10920,0.01874383101354854
10921,0.04879989870902813
10922,0.049865803544562416
10923,0.004724148380862997
10924,0.26826334397515544
10925,0.05711038272111985
10926,0.04411049024840266
10927,0.0018769806507020204
10928,0.026243581958963695
10929,0.11203507461204129
10930,0.04529732857810911
10931,0.005698834453280952
10932,0.011229999971369418
10933,0.007368534813618525
10934,0.03902890482720051
10935,0.00568447542007066
10936,0.0020503766716454506
10937,0.007078213085342041
10938,0.02219360368815932
10939,0.010353409610223826
10940,0.03399143201929492
10941,0.009203567603484177
10942,0.016132456517619555
10943,0.08525696000030519
10944,0.08530221488962932
10945,0.012444294421176776
10946,0.03179043237805651
10947,0.0010208212568296093
10948,0.09438015321449485
10949,0.2881857124109598
10950,0.012716439666519766
10951,0.09272152354002874
10952,0.2831149866715691
10953,0.3634906683573648
10954,0.003050167964750857
10955,0.007767800071350461
10956,0.05365381005160183
10957,0.03960414292973881
10958,0.019065959756070297
10959,0.030697725324412985
10960,0.002363297841727382
10961,0.0009048798691727105
10962,0.0022116716179769952
10963,0.017081333031622285
10964,0.007161875100270722
10965,0.042157628848174394
10966,0.0013309394279590065
10967,0.7047329181992209
10968,0.007390804549244115
10969,0.18617651873156799
10970,0.010748837763396236
10971,0.10818539469736514
10972,0.16421409302318865
10973,0.010612625903749489
10974,0.0019212144468769166
10975,0.12117281972375084
10976,0.13231454941559584
10977,0.3341116953818881
10978,0.08097940023126798
10979,0.9915914775473622
10980,0.015207103427911081
10981,0.11186210972186343
10982,0.029550071747481928
10983,0.017576039128296223
10984,0.19765631298693198
10985,0.027939560264278573
10986,0.006051191426574629
10987,0.06808938539741616
10988,0.010023787717274649
10989,0.004415757337195652
10990,0.012679546466435751
10991,0.19499223355818723
10992,0.03777611796785994
10993,0.0012976143838679048
10994,0.6890312595423174
10995,0.0028262175103915387
10996,0.19103101318757776
10997,0.2260721785826212
10998,0.16524870135671926
10999,0.001149490018367841
11000,0.0016480313828617355
11001,0.9906110558975458
11002,0.08123336605135939
11003,0.012498000137743747
11004,0.001644566685376751
11005,0.003371476910411837
11006,0.03721186104949568
11007,0.28907914853831246
11008,0.05511717125304668
11009,0.04241815542573098
11010,0.13535642767213027
11011,0.04358688372912679
11012,0.029011869862907023
11013,0.11409679472671233
11014,0.002555913444968305
11015,0.0009682535210213166
11016,0.1957137004960172
11017,0.004170845833485483
11018,0.026963532929216782
11019,0.0009483916632966103
11020,0.037223142560508564
11021,0.004916211608654639
11022,0.0012477284112301053
11023,0.0014265971688347035
11024,0.057340348033660365
11025,0.10695797668776313
11026,0.001002963257094095
11027,0.036474362238461386
11028,0.008966725936312907
11029,0.008685157141434655
11030,0.015078845070694135
11031,0.015323238417214634
11032,0.019836306574861944
11033,0.6187612416660291
11034,0.0010358541818075075
11035,0.046843775833406924
11036,0.04521370675072795
11037,0.001600731237399223
11038,0.01730328933003896
11039,0.02112959050509763
11040,0.001958264185381938
11041,0.000850339189715862
11042,0.0008697636332892921
11043,0.020908648835136313
11044,0.007560289042862243
11045,0.0010899270637818534
11046,0.3456823621840853
11047,0.02727193129224993
11048,0.029256492517391406
11049,0.014383210978324052
11050,0.003776573855676426
11051,0.0036863408970048937
11052,0.408973330961462
11053,0.10267912922089358
11054,0.020774967104800424
11055,0.41787050816493
11056,0.14051556508853072
11057,0.015079646308184686
11058,0.001130832524420562
11059,0.036520848727256285
11060,0.04534019492792861
11061,0.2094411653939784
11062,0.003161867623682568
11063,0.001070020751602046
11064,0.022386011639340665
11065,0.017144951255740445
11066,0.034728657343358345
11067,0.023734292888325546
11068,0.11014289049806197
11069,0.3489031400287163
11070,0.11390009458542419
11071,0.3780304491046847
11072,0.015176848187419956
11073,0.05457578707121706
11074,0.023401992674346134
11075,0.020744738509409257
11076,0.20811988924738645
11077,0.008132752362082813
11078,0.0036852985250997155
11079,0.15498929301927875
11080,0.0039069508872694655
11081,0.0018108923972638567
11082,0.09305598694813237
11083,0.06234549287919408
11084,0.0020362875170179032
11085,0.0010674426119752524
11086,0.025537956635860393
11087,0.0322234342479505
11088,0.25884181057739336
11089,0.07550620331906616
11090,0.09865888631320179
11091,0.09311220393598188
11092,0.008543618297125412
11093,0.05980294143228677
11094,0.004821525181149006
11095,0.004483223824612875
11096,0.33693321685457006
11097,0.01040885074301658
11098,0.02112392907824893
11099,0.0732302659942958
11100,0.009873094624549248
11101,0.46700493605082716
11102,0.005010692383341957
11103,0.020299865480035033
11104,0.12144504520497343
11105,0.02594901212533601
11106,0.16973970223029713
11107,0.016975227115846928
11108,0.2671860082440035
11109,0.0009854040644700802
11110,0.0639536109529575
11111,0.007893139224418488
11112,0.10160878375810586
11113,0.003964166702671822
11114,0.003419101442308007
11115,0.07306033710051008
11116,0.030933508312654182
11117,0.4299289098438729
11118,0.01917779989150186
11119,0.2565238578107845
11120,0.2196808175063646
11121,0.0024627518355537807
11122,0.06503331498189353
11123,0.00957841786572277
11124,0.10960289633552667
11125,0.5531071839326442
11126,0.14850730621714164
11127,0.2638809985052722
11128,0.29258059678013043
11129,0.004723017049100586
11130,0.007026328413832508
11131,0.0062706165324194025
11132,0.010418124751395263
11133,0.20831944831084093
11134,0.03840883150061329
11135,0.0647814900297392
11136,0.28243996827618373
11137,0.006491693929716117
11138,0.0019293591723585646
11139,0.004043931916941462
11140,0.0375405590247334
11141,0.08225154737723989
11142,0.03268150723873786
11143,0.1652986515390765
11144,0.0980208983169957
11145,0.010232507466130783
11146,0.03544624436242699
11147,0.31239396654933194
11148,0.00375077093356733
11149,0.009568675554334188
11150,0.014488198232834594
11151,0.1174965643933152
11152,0.09902171312875302
11153,0.03048408545060636
11154,0.21015609673649885
11155,0.0019903351843367028
11156,0.07431625293040782
11157,0.006958803410785533
11158,0.0068586092118369
11159,0.13634306416694633
11160,0.0022057597114725365
11161,0.001252361564289685
11162,0.0012853621274070935
11163,0.003419951808233384
11164,0.009819563670379937
11165,0.0009631891702231354
11166,0.02605335697180213
11167,0.023936105647532357
11168,0.007684750138820188
11169,0.0032014553592774513
11170,0.001186717511959047
11171,0.45934763920380944
11172,0.003924544980460076
11173,0.008499251146125725
11174,0.4687053426122152
11175,0.0078080685669885685
11176,0.007468715509541431
11177,0.000995775556519316
11178,0.013578577669139074
11179,0.002869946486470017
11180,0.002042193962601603
11181,0.008256516331492247
11182,0.027157137268152103
11183,0.48795863506463066
11184,0.004800316400147174
11185,0.002220993338360253
11186,0.4464210582160814
11187,0.601193977097225
11188,0.0029815985981597737
11189,0.00700546593877926
11190,0.0034765472545416048
11191,0.49903889656317313
11192,0.0012020971621543033
11193,0.0011350645788198274
11194,0.013082591589318808
11195,0.1406551849950688
11196,0.004341527308559838
11197,0.001070794829790357
11198,0.014325357060856006
11199,0.18839199969406306
11200,0.007425536469053354
11201,0.004201677962434881
11202,0.14604056833631288
11203,0.004172619256414272
11204,0.0036515085767074387
11205,0.0415210038440831
11206,0.5800100348612235
11207,0.0032620013117412162
11208,0.005084187051025813
11209,0.2222538190978739
11210,0.00308560943993258
11211,0.0013193208412427262
11212,0.007467662057453504
11213,0.0029043088202370644
11214,0.02008322580488978
11215,0.04343873905819793
11216,0.0041222506943201336
11217,0.0033526899733094784
11218,0.03145362613989509
11219,0.010962035912401042
11220,0.047560543102152915
11221,0.2945180422236098
11222,0.011982886207464046
11223,0.013737198357537103
11224,0.009884306421048747
11225,0.6771871590066998
11226,0.23121165169709962
11227,0.0038278222561783765
11228,0.00577249966153026
11229,0.5048008118864846
11230,0.002169185191624539
11231,0.07168372328473861
11232,0.12095334732092729
11233,0.011720910463630042
11234,0.01879237826971099
11235,0.0012785207956089231
11236,0.006206797988175313
11237,0.050787259097380924
11238,0.03022662056860031
11239,0.022710881092028477
11240,0.010509329371349817
11241,0.008211572047909262
11242,0.012825593256646934
11243,0.04600784945263654
11244,0.0019191780959847997
11245,0.0029406620597977463
11246,0.14197135755181672
11247,0.044839627646929385
11248,0.01851546265227209
11249,0.18344426098879288
11250,0.0010237364369394702
11251,0.025177440463389055
11252,0.006473764834818425
11253,0.22233390550627938
11254,0.045399934532511406
11255,0.0012284079498930181
11256,0.01599116341726048
11257,0.10457974681513818
11258,0.02228671346512632
11259,0.3476237750902136
11260,0.06466222990728888
11261,0.2648903400391573
11262,0.10824774896163401
11263,0.0011285418670887522
11264,0.001746306596579516
11265,0.03618260615302021
11266,0.32652786507077997
11267,0.14334963236428594
11268,0.19431153390944017
11269,0.009067645973914287
11270,0.014155976160955552
11271,0.32026240123702954
11272,0.2841755849166139
11273,0.009613237768553957
11274,0.10872622675884634
11275,0.03096369670219414
11276,0.0730631794424454
11277,0.03951484275326774
11278,0.14197808390751784
11279,0.0008960210944586451
11280,0.31555415854584307
11281,0.4888887709730205
11282,0.006256667859320484
11283,0.011588154039777329
11284,0.01668631115840392
11285,0.016703906503510328
11286,0.0016160247223665641
11287,0.013285997552875291
11288,0.007016501267966254
11289,0.0122384373083956
11290,0.00513173142094977
11291,0.04316222431086661
11292,0.0017288116886201702
11293,0.03548751446277808
11294,0.02917049083925686
11295,0.0010890386883702155
11296,0.0013100835328265583
11297,0.040365316490070476
11298,0.6877204159478073
11299,0.012075967549443243
11300,0.08009866812556221
11301,0.6814698868423731
11302,0.026058907074296832
11303,0.07157410615058565
11304,0.02136476177021592
11305,0.0023792985854122653
11306,0.04746463195514561
11307,0.17587401244367162
11308,0.0025920960092855236
11309,0.0014270856129560792
11310,0.021563328633375775
11311,0.14509020104210343
11312,0.007338792398930434
11313,0.001236512784761646
11314,0.0009808781863201675
11315,0.0035713639282389884
11316,0.047438936630737616
11317,0.060168684786963106
11318,0.001154037007587702
11319,0.12934370596368785
11320,0.04848667827636447
11321,0.02599914181189509
11322,0.06862893944855376
11323,0.004381193169927564
11324,0.27449948982787786
11325,0.0011094424461615398
11326,0.1382224226482994
11327,0.00726354516139194
11328,0.010963269559784914
11329,0.17056632481992157
11330,0.00170979805130396
11331,0.01840802197639503
11332,0.08611946447984994
11333,0.01151678092864983
11334,0.024281257161708206
11335,0.019500242098007062
11336,0.011606797842573777
11337,0.5446161234122169
11338,0.17323703584756714
11339,0.05511293471622999
11340,0.004756836403250615
11341,0.06714560397472165
11342,0.0028612707161841822
11343,0.001005580698600732
11344,0.0012858005772378599
11345,0.009526432747663082
11346,0.040231435298046535
11347,0.0742321655981893
11348,0.019988736151185793
11349,0.012500588472330527
11350,0.047793087057874335
11351,0.2481484629876149
11352,0.044952267351352486
11353,0.07698925813728275
11354,0.046117343176033505
11355,0.22852511466335115
11356,0.035636836312139146
11357,0.03968811792734974
11358,0.015118325773710124
11359,0.029458868555924562
11360,0.46567996615778473
11361,0.0036665674491794774
11362,0.04361719475198103
11363,0.014749660345148696
11364,0.02608036511487509
11365,0.03997677483209553
11366,0.0019518580651681642
11367,0.34823980913190233
11368,0.008769071801910432
11369,0.051850849479954705
11370,0.0012747168009028178
11371,0.028253078602847717
11372,0.0009403359259305937
11373,0.023613138219844513
11374,0.012040356422021342
11375,0.02181434974246753
11376,0.0036429643010231876
11377,0.01395910277732484
11378,0.0026176878714118824
11379,0.015832760578528976
11380,0.0010964111071597965
11381,0.00503681580496926
11382,0.0038075192626652733
11383,0.016842731056325777
11384,0.10703237983351045
11385,0.05005536075329079
11386,0.0012390794699432622
11387,0.013408461739318527
11388,0.23114884010905393
11389,0.175223683991114
11390,0.10478056349347412
11391,0.05294907712384637
11392,0.0013097712027462095
11393,0.3885230241469767
11394,0.3603209281683334
11395,0.0028628484103543988
11396,0.028486767928423216
11397,0.07918725846921731
11398,0.28618461818511726
11399,0.0036987660322220155
11400,0.002857040711090014
11401,0.004637703487739569
11402,0.00479173940571714
11403,0.05086709605554169
11404,0.7228023506592611
11405,0.3808502237477014
11406,0.005254028698496247
11407,0.06239008095997257
11408,0.6940681769792438
11409,0.003390187369698017
11410,0.0069061124760810035
11411,0.008108188789952892
11412,0.18113047679373687
11413,0.0497307500242039
11414,0.002732551815472797
11415,0.01287748186361537
11416,0.07743097967506955
11417,0.0025524334945865334
11418,0.002243392843919763
11419,0.007448370121604484
11420,0.007016975389805324
11421,0.0013479246951222262
11422,0.06157671768481889
11423,0.08103314623745093
11424,0.04157721983494797
11425,0.002124376891171349
11426,0.1687022311372432
11427,0.001764562738987295
11428,0.022349575550455632
11429,0.004635513784174586
11430,0.21943134866337846
11431,0.0045149499308940145
11432,0.6647758186752397
11433,0.03976707692544596
11434,0.2909851386843112
11435,0.014888997369167179
11436,0.019103108428499774
11437,0.011660848329722195
11438,0.13387850021138684
11439,0.2819343999611289
11440,0.011097275153847405
11441,0.27973956990984855
11442,0.009217283282600233
11443,0.21252336072188976
11444,0.22304826568744018
11445,0.30310790175219576
11446,0.01315451191530596
11447,0.00516227625367078
11448,0.09041777895264284
11449,0.03696088764574775
11450,0.2506887062171265
11451,0.002516042170746005
11452,0.023028901116497587
11453,0.44867610588862256
11454,0.003950421468633829
11455,0.0010990585312925846
11456,0.051842192741817006
11457,0.024354969130726555
11458,0.003848127575606943
11459,0.0029941994696504395
11460,0.0849798822460525
11461,0.20445920660201705
11462,0.0035489675535836157
11463,0.008016721557111002
11464,0.1592934130697118
11465,0.0009393636082559015
11466,0.010112697769131112
11467,0.0040959823001776325
11468,0.22958172766260299
11469,0.037141691702220196
11470,0.061830934222678165
11471,0.018083258537227337
11472,0.055628982272565755
11473,0.04754929741457647
11474,0.8326189412889291
11475,0.05081422782203292
11476,0.03132326270543675
11477,0.0089847859778215
11478,0.010067661118025732
11479,0.006120056837751666
11480,0.0030443637113201005
11481,0.009171966363987987
11482,0.26484054625511244
11483,0.004076576320608387
11484,0.047049737539908175
11485,0.0013941834360498085
11486,0.6180215565561278
11487,0.0031851737472136377
11488,0.04613575262888151
11489,0.03300872318307084
11490,0.011105152394385646
11491,0.011773402234759487
11492,0.06569820800840624
11493,0.0057485532121586795
11494,0.009753883091166714
11495,0.10967615048328445
11496,0.020733866326985213
11497,0.01985822505998852
11498,0.11437139342074201
11499,0.6383490850813544
11500,0.009916627276351194
11501,0.05555187542121771
11502,0.001877997437947499
11503,0.026451548764746587
11504,0.08732771323547583
11505,0.052093515606987696
11506,0.3670430229963659
11507,0.03462610424787099
11508,0.01884956538941008
11509,0.00899436973109638
11510,0.0029351176295874157
11511,0.009727930635877385
11512,0.007364690279459931
11513,0.006680162386458906
11514,0.6297243843793133
11515,0.0131875635266974
11516,0.04384088620037474
11517,0.02086661512124833
11518,0.005229074959254713
11519,0.22127832272130174
11520,0.0011048482556751816
11521,0.0024798197711353746
11522,0.0010293922004836684
11523,0.009210705483520439
11524,0.08529044675298329
11525,0.0013647614644463316
11526,0.12657226852207012
11527,0.0018491686756683902
11528,0.0256411505884551
11529,0.5475800899374479
11530,0.0038839240587307416
11531,0.0041712857131733175
11532,0.0009058850876118612
11533,0.0032218404089531566
11534,0.03506802781422686
11535,0.0019150818017480843
11536,0.0009932250140582942
11537,0.19369679844114202
11538,0.2283785928834496
11539,0.01517960678330202
11540,0.006367759628726716
11541,0.0012857984355770092
11542,0.0026983655936644218
11543,0.00581292787349457
11544,0.015316315865287814
11545,0.010630089172337941
11546,0.0012985567944232268
11547,0.08213471899776971
11548,0.004748353287240589
11549,0.0069265399153718415
11550,0.007577840268874857
11551,0.04740547758013417
11552,0.001213596867717332
11553,0.10373838918469891
11554,0.003141822854567971
11555,0.051137628374766826
11556,0.038256926787144985
11557,0.05810953728488839
11558,0.0788055480610755
11559,0.003741606683229989
11560,0.0018287312544914417
11561,0.15820973511935033
11562,0.011451736923556855
11563,0.6707867956294917
11564,0.007258335506654414
11565,0.9898970498326505
11566,0.009059371370979289
11567,0.002367879671651449
11568,0.003725005015798216
11569,0.0026410304066761692
11570,0.0397411445363336
11571,0.0012326038877751946
11572,0.04174166010805471
11573,0.004885184612690985
11574,0.0017351277930466216
11575,0.5564877553677724
11576,0.12641878460528486
11577,0.004910088351165957
11578,0.5569004416442225
11579,0.00815726305480677
11580,0.006837203812918959
11581,0.0033526533781561077
11582,0.011730787678620333
11583,0.0013072173945821634
11584,0.008877921778804058
11585,0.006103663774233218
11586,0.08958002618873834
11587,0.0027055716349695547
11588,0.1607584284776505
11589,0.04531585069722522
11590,0.0011848770056172514
11591,0.020745800482529535
11592,0.0037688247933897936
11593,0.004909661149448189
11594,0.16511279462375777
11595,0.24146357732378285
11596,0.006376774652614339
11597,0.0021521759826027545
11598,0.03934314479243588
11599,0.001261123941592829
11600,0.10010097488549177
11601,0.0011533774712040518
11602,0.49767190841502257
11603,0.46646954792443174
11604,0.3764789467373688
11605,0.0011200854040355327
11606,0.0012250964986763066
11607,0.03756064324143665
11608,0.07431075475795695
11609,0.04277115653950123
11610,0.0012240805632451242
11611,0.0009998135899565086
11612,0.001736349453735826
11613,0.001265661484514556
11614,0.0011960456224519014
11615,0.0017291972650459147
11616,0.0012041529468847572
11617,0.7256019139176734
11618,0.0348751099462985
11619,0.0011205222828881004
11620,0.055806823043673154
11621,0.2792563626646634
11622,0.0011051315387919766
11623,0.0015996022297990657
11624,0.005926329219018121
11625,0.0025040955426282123
11626,0.003986358939119742
11627,0.0010363092217606294
11628,0.001128961070527222
11629,0.0015207492495351123
11630,0.1385646181493205
11631,0.005813758987231296
11632,0.03162112121686848
11633,0.46620173107594204
11634,0.3637734971065257
11635,0.06387830252261764
11636,0.0014848476497211559
11637,0.001061555773295349
11638,0.0010164281051757216
11639,0.0011679619850194502
11640,0.003087806874484151
11641,0.08331791738261468
11642,0.21057960598755
11643,0.0011393491150579655
11644,0.6803021835192259
11645,0.369390077480806
11646,0.0011136323301050082
11647,0.0010221703957922965
11648,0.0011054612941283932
11649,0.0010074444267691156
11650,0.0011105160448731026
11651,0.013755374344047184
11652,0.0023016112425289594
11653,0.011609460359355365
11654,0.0012422004288441823
11655,0.0009833501766546443
11656,0.0011165270009267218
11657,0.14060708483764497
11658,0.0010367527101528928
11659,0.0047928931580690495
11660,0.00204750896631976
11661,0.001000503135482829
11662,0.17269343756258104
11663,0.0009697494369879938
11664,0.0009850960941991968
11665,0.0010030336614704532
11666,0.009583261843820188
11667,0.001226488885279442
11668,0.003822488967373501
11669,0.0011370303336572807
11670,0.011262565459767365
11671,0.0018121333529955285
11672,0.0051782601340347335
11673,0.0016315578168019868
11674,0.002916684259834864
11675,0.002056729797191162
11676,0.003865966931280726
11677,0.0011936510279218686
11678,0.0011116171233660204
11679,0.001543038228148397
11680,0.0021938154869634444
11681,0.0021584308401543027
11682,0.002497111199261511
11683,0.0010112106588366484
11684,0.0014314892609761684
11685,0.0018973183264676629
11686,0.001131479831799142
11687,0.0019790229501011397
11688,0.001826689098813732
11689,0.013231484711572069
11690,0.0010917306173602729
11691,0.001235667445555993
11692,0.0031440115226358664
11693,0.6396529872723031
11694,0.050096922420623864
11695,0.0009048798691727105
11696,0.0011301810551492212
11697,0.11465095951295147
11698,0.0015690370460734978
11699,0.14826558484809274
11700,0.0030120708430615858
11701,0.0010107815029460534
11702,0.0021449671748281405
11703,0.0010006540415029995
11704,0.09528389177423756
11705,0.6896369331555646
11706,0.037753728609798996
11707,0.0009584832870317791
11708,0.004318562432739186
11709,0.007197011622367994
11710,0.0026868904420722334
11711,0.002268422297327785
11712,0.0015967012837843153
11713,0.006883514975829577
11714,0.02362804616737937
11715,0.0012632774729870592
11716,0.005474657759453338
11717,0.0009580908531195978
11718,0.0010484379083317591
11719,0.0014569829587958117
11720,0.0010326525003343662
11721,0.0012039023068678367
11722,0.2650110699945639
11723,0.004090559668283191
11724,0.006160963447731747
11725,0.008490977501677707
11726,0.0017388471419661742
11727,0.005082319170031706
11728,0.0009972859310801896
11729,0.0931937514915176
11730,0.007176013486523402
11731,0.0066535175605916845
11732,0.044019343046866666
11733,0.10695592229238275
11734,0.04426566332904816
11735,0.3832063850243394
11736,0.007914646012422219
11737,0.0034783529202420064
11738,0.002835528384443709
11739,0.0010890777956218244
11740,0.3025450598947957
11741,0.006131735838406325
11742,0.0010867566170348797
11743,0.0010212065828487241
11744,0.001292949030036221
11745,0.0019619349501944095
11746,0.0019996691187101545
11747,0.04646644980128198
11748,0.000965464786019254
11749,0.0010217643931313954
11750,0.0009773100181862853
11751,0.0009953246904100175
11752,0.001897975658334875
11753,0.004712912787686764
11754,0.07878131785364197
11755,0.0009844170518310122
11756,0.0010208212568296093
11757,0.0009542007194831691
11758,0.0010235244865852994
11759,0.35942057458054233
11760,0.0009522368776687563
11761,0.00119230918143911
11762,0.025194159086133972
11763,0.002243323340010612
11764,0.0033711889834650045
11765,0.0010282975697272793
11766,0.003448693001696866
11767,0.0014068290792286387
11768,0.007420304869298769
11769,0.002652646912729078
11770,0.0019040914353705412
11771,0.0011543377234697742
11772,0.0024721153688717834
11773,0.00111871754947085
11774,0.0009600727846967852
11775,0.0012539131934963797
11776,0.002047984510380132
11777,0.0016005947533506803
11778,0.06348618364913641
11779,0.4406497697557096
11780,0.3297734923112328
11781,0.08060117339168071
11782,0.0659653732872631
11783,0.009328674003165149
11784,0.18047419954699945
11785,0.09884221589362256
11786,0.0011943364587786091
11787,0.004422902718727609
11788,0.05443994249629038
11789,0.005483311426902575
11790,0.0011303975757415243
11791,0.0026932984750236864
11792,0.0025649893541703386
11793,0.013403397914321087
11794,0.021343894365139945
11795,0.006650423902550991
11796,0.003089190335000158
11797,0.7641631124132153
11798,0.002153887926322451
11799,0.019078502096248676
11800,0.0012649355882878234
11801,0.0009621160278462584
11802,0.002616045313840147
11803,0.02136498094277394
11804,0.07740066155982653
11805,0.2671788802557539
11806,0.0010760252340199982
11807,0.0057624073692135545
11808,0.11304904984003497
11809,0.424699621870593
11810,0.0050739592497298135
11811,0.0020720432308007327
11812,0.001695702622011362
11813,0.0012684983481745873
11814,0.0010331898971128364
11815,0.0009552267185978696
11816,0.15811357653114871
11817,0.08238512934791246
11818,0.001136457234222784
11819,0.0025737568519094553
11820,0.0055103165856034315
11821,0.0015195671131816551
11822,0.0010194892813264603
11823,0.0009824444663530678
11824,0.034459121977509874
11825,0.0016134078779252263
11826,0.0018668291611884146
11827,0.040554460463070326
11828,0.0037485041122830185
11829,0.005677765561685399
11830,0.0161375031357059
11831,0.0018638242893863617
11832,0.06963230230475971
11833,0.0018013334521058872
11834,0.010354857085177329
11835,0.0015065610418170275
11836,0.003767713961218783
11837,0.0046703739510183155
11838,0.0009609230317990804
11839,0.0015778266299569907
11840,0.0012476648495690344
11841,0.01680592787892851
11842,0.001109215908095851
11843,0.01722325327282256
11844,0.003862988752051906
11845,0.0009000721952757473
11846,0.002526339077707896
11847,0.001974203419848552
11848,0.0010404912966424477
11849,0.0012339331601171441
11850,0.0010129711768209696
11851,0.16510451610271423
11852,0.004016640381958873
11853,0.017300138683422162
11854,0.008925410938153593
11855,0.002175676481514684
11856,0.0021746104584959487
11857,0.00220940800656603
11858,0.0012602114775918034
11859,0.0013509319692355344
11860,0.0013223809030929233
11861,0.0012618336828525516
11862,0.0010979039546498647
11863,0.0009990309954970545
11864,0.0025435015445203018
11865,0.0020825581751986763
11866,0.002031536340536613
11867,0.0026927175354391417
11868,0.08897524870510444
11869,0.04269459141959077
11870,0.1198003599062276
11871,0.00673154410322697
11872,0.0030283164102781635
11873,0.0020740789977863683
11874,0.009463740731982204
11875,0.0025744188926243392
11876,0.031016726441761365
11877,0.003267212767283856
11878,0.014524909240570552
11879,0.0013225896843564106
11880,0.003126826472446285
11881,0.0014499930375371426
11882,0.0009944803932025433
11883,0.15108705500308342
11884,0.2318459606089398
11885,0.0010526190084116274
11886,0.0021107249900440927
11887,0.010506233197475434
11888,0.2682251774087437
11889,0.41903513570674716
11890,0.19549943607723957
11891,0.020187358324038947
11892,0.0046421359901843325
11893,0.0010020540566722767
11894,0.0023269133645639167
11895,0.0025538780945285294
11896,0.018328973606587338
11897,0.002833340600559559
11898,0.01202446441555754
11899,0.0010695190593546092
11900,0.004516263183429017
11901,0.011981239675730683
11902,0.006810907056885273
11903,0.09065505183130616
11904,0.0026043574697410497
11905,0.0010316351777773052
11906,0.001294513825199669
11907,0.005125735113392919
11908,0.009478709280478878
11909,0.012790867544453013
11910,0.002021590412166347
11911,0.002864408868306598
11912,0.3797656029461912
11913,0.0013185763319558637
11914,0.0014472702112300433
11915,0.4036793114775531
11916,0.004421445559936073
11917,0.003910157849721325
11918,0.0016287406996668289
11919,0.001407574912022232
11920,0.0013195361644506745
11921,0.0011887067578857317
11922,0.004036088827611112
11923,0.002056630442038738
11924,0.001367427598891398
11925,0.0014671174200727494
11926,0.0014415571111081895
11927,0.0034751953541784244
11928,0.0010180760249487576
11929,0.002104066334019659
11930,0.002242488657200428
11931,0.1366887246147229
11932,0.06814652087621853
11933,0.0010619128946611777
11934,0.001010831987184719
11935,0.003935388308576474
11936,0.014394818372548718
11937,0.08239986106535699
11938,0.001952886220385483
11939,0.6883224285725046
11940,0.0036477822449757376
11941,0.00297099478666038
11942,0.012401076773682972
11943,0.007663654924013538
11944,0.010303465414593918
11945,0.0029884792233533064
11946,0.0017464532656118472
11947,0.007606499863175867
11948,0.03496753979926911
11949,0.025181130075412367
11950,0.0010060396892355428
11951,0.0019095820188966537
11952,0.0013401126010016604
11953,0.05428193003262505
11954,0.0018212627353914614
11955,0.001028680569980477
11956,0.001552412254992599
11957,0.010376165792132208
11958,0.009593986768276754
11959,0.0012515045951265718
11960,0.0009474574062066927
11961,0.0011519970817321756
11962,0.0010367718863630094
11963,0.0013390205186931637
11964,0.12099515309862609
11965,0.021821809376322963
11966,0.0017542358199419887
11967,0.0010075098512615872
11968,0.6061462490649784
11969,0.06399174019651305
11970,0.0016895633265976522
11971,0.02504631577449964
11972,0.5759827013382152
11973,0.012249614855255345
11974,0.0435777642000513
11975,0.01657428659786668
11976,0.0009514582798949804
11977,0.057145654949303494
11978,0.001208866569560777
11979,0.003937967653949863
11980,0.0019397451644935886
11981,0.0022808605577559183
11982,0.0010844511011038245
11983,0.3592355733579669
11984,0.5279588987551334
11985,0.0016640214512820867
11986,0.04983391246432123
11987,0.009233248192962033
11988,0.0019835180508787813
11989,0.0013994186806753444
11990,0.004473208376034317
11991,0.06802300744586533
11992,0.006624120136213711
11993,0.01465591310196183
11994,0.0015585363895100717
11995,0.0029758592116729326
11996,0.0011003996565734787
11997,0.0008685680484607868
11998,0.08822167408361868
11999,0.02195129381627702
12000,0.06732302270295544
12001,0.0011073328219316238
12002,0.0014335040313100446
12003,0.0013707427564095733
12004,0.0009848944410923003
12005,0.0018437031887115001
12006,0.0857695885481287
12007,0.7427684889080997
12008,0.11405622116233335
12009,0.07709402306613504
12010,0.011341095533182063
12011,0.07426531310351843
12012,0.011119711106303259
12013,0.004992463773242318
12014,0.00488580272845237
12015,0.0011630332788415158
12016,0.0012785307018964983
12017,0.06976877736693068
12018,0.13392079298843318
12019,0.0010623248583860837
12020,0.008864609654503666
12021,0.24273061291030776
12022,0.04408134668203067
12023,0.0019040914353705412
12024,0.014777627995538653
12025,0.0009524895359024912
12026,0.0011109032782835482
12027,0.015600411428202062
12028,0.0009958839866455104
12029,0.005469266644435861
12030,0.0012906141872454687
12031,0.9563170966028179
12032,0.00098895050654641
12033,0.00397451361709103
12034,0.2064240314953854
12035,0.01284363933479328
12036,0.001274765496616303
12037,0.001547852284653222
12038,0.0009637156873587918
12039,0.0010389738026185603
12040,0.006095628896296172
12041,0.011341141198784694
12042,0.001250305825514467
12043,0.00113691416966136
12044,0.12371359531409885
12045,0.002312900004358728
12046,0.001116131236548637
12047,0.0022513833421099897
12048,0.0016013323769979398
12049,0.193686400738781
12050,0.07612835041760298
12051,0.0049297753127105996
12052,0.19274211944607597
12053,0.004718436737769254
12054,0.006079894390355606
12055,0.0010194892813264603
12056,0.0019684186484801736
12057,0.012313813563914717
12058,0.0009166425078824197
12059,0.0013888643093735262
12060,0.0010872390929437552
12061,0.002395276646396244
12062,0.0010164281051757216
12063,0.07927631131420454
12064,0.22792729731445588
12065,0.10109449929142021
12066,0.0010067027760131645
12067,0.00699801671594682
12068,0.010435001207732495
12069,0.003866256688651811
12070,0.001364519153703564
12071,0.0669977134800731
12072,0.03836776725373792
12073,0.0014621693136199388
12074,0.002015085311816445
12075,0.07189655529389255
12076,0.4209778043653715
12077,0.14066193352771564
12078,0.0009670301597039465
12079,0.0015108594493866302
12080,0.0012446856192915659
12081,0.047894523533435644
12082,0.028876759228944653
12083,0.0018720106354201424
12084,0.0015914360409607317
12085,0.0069233591922989775
12086,0.0023442904922408004
12087,0.0014196342128733087
12088,0.0015353526389455046
12089,0.0021079047782027703
12090,0.0016902801451074902
12091,0.3106009638255542
12092,0.0037581405689125187
12093,0.041632622274955094
12094,0.002789422474153494
12095,0.0012398458673723999
12096,0.0033304738340926964
12097,0.43165337375572177
12098,0.11857754211960155
12099,0.0038973616276167695
12100,0.0036489774769507544
12101,0.0029712582938512784
12102,0.002790651091471927
12103,0.0036557192889594297
12104,0.01981883669683798
12105,0.011081446413418124
12106,0.20308226009522112
12107,0.002874245785186331
12108,0.13431778673368697
12109,0.15903483852695535
12110,0.0847313002637888
12111,0.0035125127487350347
12112,0.015320291104815996
12113,0.013140501714163038
12114,0.027751385358232007
12115,0.024688738774832186
12116,0.008926198121862265
12117,0.06734111991871713
12118,0.0066885010595635645
12119,0.0168488662214551
12120,0.00921896468786279
12121,0.0011642784352406683
12122,0.012816794786988165
12123,0.0033894816699646573
12124,0.0016222069177822603
12125,0.22180059499919813
12126,0.09641149151666821
12127,0.026792821696097355
12128,0.0014997550938648312
12129,0.006867612284363848
12130,0.000997533670867144
12131,0.20536682530895586
12132,0.009438073235500888
12133,0.005192292784623157
12134,0.02245284303464948
12135,0.0912338231087998
12136,0.01547828032512112
12137,0.04970341675475974
12138,0.0014535106104343906
12139,0.0029954433497026093
12140,0.0029266254378803322
12141,0.0009567659334406973
12142,0.00098895050654641
12143,0.0014931695456576956
12144,0.005372807032480126
12145,0.001731668830919386
12146,0.0312636957972053
12147,0.07529926775888382
12148,0.00990776722606625
12149,0.0035791671702654596
12150,0.30680180919299116
12151,0.0757569725658016
12152,0.0013376743176537927
12153,0.025222539860004216
12154,0.0036686365907914035
12155,0.18863803789012185
12156,0.0010641051039375848
12157,0.0012599660799762114
12158,0.0023457407614999944
12159,0.0011869844620276946
12160,0.001072192341383052
12161,0.0069009695252597895
12162,0.00646140792215557
12163,0.0019352337315481066
12164,0.06582115968037756
12165,0.0014671174200727494
12166,0.18057526620031247
12167,0.40330659861963597
12168,0.0039708984786278115
12169,0.000994576540705573
12170,0.0013097115960451439
12171,0.017109835020463416
12172,0.16379747783280316
12173,0.07386818446029124
12174,0.0022487223847761414
12175,0.002811556012652933
12176,0.01818341504657307
12177,0.022705347663781544
12178,0.0012088719552986993
12179,0.28879078643818457
12180,0.0015519290391500932
12181,0.0021788719875531913
12182,0.12608849589500673
12183,0.04423410693966858
12184,0.005254559046542834
12185,0.0009993951097277628
12186,0.006488087188426654
12187,0.00705347988632589
12188,0.010788521551143437
12189,0.0019298117483846561
12190,0.13117910269037805
12191,0.03789413773834268
12192,0.02670994582570448
12193,0.0020123807628530267
12194,0.0017989129130506294
12195,0.0020807863188618235
12196,0.0012576175080625655
12197,0.038168155088928034
12198,0.003820575334114795
12199,0.05747131834318589
12200,0.002005936339147068
12201,0.0012785307018964983
12202,0.0010518224135452545
12203,0.26264203052686624
12204,0.0014364063688127038
12205,0.2308794925300618
12206,0.0031054831725483645
12207,0.30673967945510594
12208,0.17930041525707455
12209,0.0010165490030358449
12210,0.0011549148894839435
12211,0.0013015395826857547
12212,0.0027496825285330023
12213,0.0016402749538608045
12214,0.0060922394240773
12215,0.0011896102101306748
12216,0.001206670361131511
12217,0.0012005583652167794
12218,0.7458026716475598
12219,0.0015703358866162817
12220,0.012847115229587768
12221,0.0019361018967580569
12222,0.0438871714657749
12223,0.0010347514964741233
12224,0.002198421577293384
12225,0.0047561030845444125
12226,0.004111171691667815
12227,0.001004429414299526
12228,0.0010557093198483288
12229,0.004235691395616405
12230,0.05568724747519827
12231,0.026164941207877615
12232,0.03630390133703554
12233,0.00821451279286048
12234,0.1296339710132202
12235,0.0010056590476641952
12236,0.062435104880958506
12237,0.1534501425345084
12238,0.0024330871044525386
12239,0.060101419339631056
12240,0.006484962434923633
12241,0.10761536134626157
12242,0.0036030349896496628
12243,0.005136066947842963
12244,0.0013017170800470347
12245,0.007995648064447131
12246,0.12619530428515907
12247,0.01979705286943033
12248,0.0009988831962772539
12249,0.04425577249195989
12250,0.001069818516919662
12251,0.6216595333771782
12252,0.13013615782279211
12253,0.0023090521828662658
12254,0.0015082525699780037
12255,0.0012899290631113503
12256,0.0038975136616024256
12257,0.0012873774146217052
12258,0.0015493105410225865
12259,0.006156829781274174
12260,0.11097594308673613
12261,0.017225267431258712
12262,0.5686380542204718
12263,0.0037460871555913
12264,0.004271349515428902
12265,0.10792132948984844
12266,0.019142745199881888
12267,0.0009111845581990506
12268,0.0018059919887174628
12269,0.14211623406488616
12270,0.002696004761979136
12271,0.05314289111576988
12272,0.04576413772106762
12273,0.007764174920886314
12274,0.871204451057996
12275,0.0009735683424679781
12276,0.003106650144815485
12277,0.0031214076400897864
12278,0.5221710623204733
12279,0.0009393636082559015
12280,0.050435516056335915
12281,0.035130904081702816
12282,0.0010047153323054865
12283,0.004506824511113926
12284,0.2024859810721359
12285,0.28920621811261504
12286,0.24671183598024232
12287,0.059625816692165295
12288,0.0038888137908865044
12289,0.005388964073376863
12290,0.019664823784601673
12291,0.08590098985317564
12292,0.7558233873144237
12293,0.6201404506801295
12294,0.0024271558113592648
12295,0.024517669392199144
12296,0.001292326090143015
12297,0.0012858005772378599
12298,0.05741239055693468
12299,0.0019009240816001392
12300,0.0023331622429832288
12301,0.01947374647408819
12302,0.0031305415827510854
12303,0.006825273872606977
12304,0.003985428207971196
12305,0.0017559655987886863
12306,0.01231737137246165
12307,0.005964865552545566
12308,0.0015557706451587569
12309,0.0038479874310372473
12310,0.0034261250994344237
12311,0.002236879094595891
12312,0.009063281990619475
12313,0.009181962847493107
12314,0.0016776113592484232
12315,0.0024906053405953734
12316,0.38719789999228854
12317,0.0017300667147258121
12318,0.008080968411809011
12319,0.0010993169819969867
12320,0.0013108019567139276
12321,0.003789745355011593
12322,0.002918816707016862
12323,0.0032767921441675214
12324,0.013231484711572069
12325,0.0025132831308298798
12326,0.07279801163099957
12327,0.006744334114752411
12328,0.0014781724150166185
12329,0.0014924272038001306
12330,0.0037282928822103332
12331,0.0010847537359053307
12332,0.13494228018058796
12333,0.0027732549598217457
12334,0.09942981977970708
12335,0.001305526032790803
12336,0.0016922322971222737
12337,0.01786336504014422
12338,0.02451733137805709
12339,0.0023936692171061106
12340,0.002964106219499799
12341,0.0014272731568850672
12342,0.0017811314751941482
12343,0.05469807156862297
12344,0.0014789777350502405
12345,0.007397663479988991
12346,0.20716137247817046
12347,0.0015976275929839127
12348,0.0030727592937902924
12349,0.0008674534033819707
12350,0.5029102677886986
12351,0.0010657085336490241
12352,0.0030564314060508393
12353,0.0009007730485896186
12354,0.001335222673316158
12355,0.011184277340712572
12356,0.13469596036460485
12357,0.21291584320690682
12358,0.014105276295286316
12359,0.0010786990358708144
12360,0.03822923954225024
12361,0.0043730639079762055
12362,0.0032823329823202818
12363,0.00563975809219201
12364,0.009345832873887329
12365,0.09722286299217825
12366,0.01965437515369911
12367,0.0013048862221653787
12368,0.003534576491396958
12369,0.008792619330548063
12370,0.0035169560500266255
12371,0.0064177573612312026
12372,0.002129970989596666
12373,0.11874567444691561
12374,0.008195376184945225
12375,0.028567347832868992
12376,0.004564330716582739
12377,0.00645115841948712
12378,0.004129092336971908
12379,0.0010744160755759846
12380,0.1689783210742235
12381,0.41701540582022867
12382,0.0016169061043388693
12383,0.015904830255778938
12384,0.0010209675381180987
12385,0.001125244585323883
12386,0.001059099665544113
12387,0.0009526956152367129
12388,0.025496153840048576
12389,0.020774638964928982
12390,0.22473169478961091
12391,0.06649197731734548
12392,0.3947015061056427
12393,0.14943953269633758
12394,0.013233214589571843
12395,0.08238512934791246
12396,0.0070384121933807844
12397,0.1294910901200232
12398,0.07535590275701178
12399,0.001414549535405473
12400,0.5631109380040106
12401,0.0014120137546154007
12402,0.002244852043326727
12403,0.28381166157781024
12404,0.0037839752146186473
12405,0.0011012436880790026
12406,0.029273123371992695
12407,0.0020428839521141203
12408,0.037435193140408544
12409,0.002814580187487736
12410,0.0016776960036645639
12411,0.0014990316085551198
12412,0.016203476705508316
12413,0.0009673339510202807
12414,0.6920060090108966
12415,0.25630608695158386
12416,0.06195330112362107
12417,0.10632747756618575
12418,0.0010473137919020542
12419,0.0011190105146728303
12420,0.0018610254212492639
12421,0.007407712441148525
12422,0.012678509317621827
12423,0.0025525461592689064
12424,0.035476306926608796
12425,0.011912814842566294
12426,0.3480243741470881
12427,0.010181752180208182
12428,0.2409696790742046
12429,0.0018275804448266892
12430,0.2888920285031822
12431,0.0022762614206109167
12432,0.0009620823321925875
12433,0.0010215364268213371
12434,0.595405931751722
12435,0.0013598652018326695
12436,0.10442009574365885
12437,0.00443910856054208
12438,0.16527142092788977
12439,0.0012671703823387067
12440,0.0010408489776148199
12441,0.004938398325249301
12442,0.7061736263024506
12443,0.001205771012121722
12444,0.0010840340133850782
12445,0.12978905166106708
12446,0.08928812409106313
12447,0.008602419713123194
12448,0.0026864170590659036
12449,0.2324019566369856
12450,0.004042168536395952
12451,0.2983688013511414
12452,0.14267323791228653
12453,0.20687269455010698
12454,0.006566890532491158
12455,0.0885203713569022
12456,0.03280218958096281
12457,0.035045741829156166
12458,0.007412204439063305
12459,0.014870015260758552
12460,0.1914230810217792
12461,0.05047759296299386
12462,0.02273465229460347
12463,0.04368814071207953
12464,0.001542539722255606
12465,0.002906850273490777
12466,0.0012238017017861698
12467,0.002618501721435943
12468,0.005968263019194674
12469,0.008986945456526806
12470,0.022082348311383972
12471,0.0010738887156586832
12472,0.3772476995735497
12473,0.0015943828880608062
12474,0.1145470311521532
12475,0.03361554032357751
12476,0.08142278530396804
12477,0.002540298258400151
12478,0.34448921386728015
12479,0.006517656736660405
12480,0.23796874521172073
12481,0.0013518555557386512
12482,0.051140930901122664
12483,0.0016290756780567373
12484,0.0017948208505052824
12485,0.00392321508919683
12486,0.03375507604237794
12487,0.08275712060635898
12488,0.0032416975083653073
12489,0.289453572575616
12490,0.5956642908715184
12491,0.0011672390546223193
12492,0.001725718660069154
12493,0.0031811444386870306
12494,0.0023946403586840373
12495,0.0013422016886550077
12496,0.0025842170074755542
12497,0.18783542934763722
12498,0.3132265698721771
12499,0.13202480185130708
12500,0.001508353103659909
12501,0.6048197170446686
12502,0.011081288233177302
12503,0.012832721743842678
12504,0.001288942323011412
12505,0.0022248185432673265
12506,0.0028928993288064074
12507,0.022818639229695414
12508,0.0024104373818288104
12509,0.22238067913694332
12510,0.09682631719765712
12511,0.00679612170453762
12512,0.002278603199244333
12513,0.0013721300442911862
12514,0.0022024090390574316
12515,0.4697954938616749
12516,0.0025635766358477453
12517,0.006391712185874077
12518,0.0017520520106125111
12519,0.008460747885607993
12520,0.034882499542138797
12521,0.4746893939711494
12522,0.001019784158500138
12523,0.001310144483566969
12524,0.052566010177509906
12525,0.6212309836005601
12526,0.0022592128242219876
12527,0.002155656977768351
12528,0.004817468010722101
12529,0.028781859764028982
12530,0.25808364597701344
12531,0.16270403792617044
12532,0.002920157721219356
12533,0.0018153242563897116
12534,0.4331947722892604
12535,0.002987909314337253
12536,0.003786672123417619
12537,0.0019788552903812536
12538,0.0011157921989098979
12539,0.09582330049972679
12540,0.0036294381288701884
12541,0.003054132434901597
12542,0.0034800089736704205
12543,0.005754439672285512
12544,0.007478712132223978
12545,0.31677548385932186
12546,0.0011765447895886847
12547,0.01009000652890177
12548,0.0019299025828586054
12549,0.3867479469434587
12550,0.4163678907225556
12551,0.024391949901123165
12552,0.006484228057137036
12553,0.03522078105819397
12554,0.001113425044604073
12555,0.006575627306810117
12556,0.05674423403097744
12557,0.00285817639000984
12558,0.0011769403382224414
12559,0.0016187573993231609
12560,0.0014085206012769945
12561,0.002388373385127999
12562,0.0011851259927037746
12563,0.002383094796168094
12564,0.095535632980193
12565,0.020009149523417775
12566,0.0037148219371930936
12567,0.09706744261531951
12568,0.005035433148467273
12569,0.2722200951263759
12570,0.5426196237708709
12571,0.004780758446135728
12572,0.030519918738069408
12573,0.003843116051300185
12574,0.1076377298068379
12575,0.001295101612326983
12576,0.002418003967456904
12577,0.014938570343526237
12578,0.011854252194815396
12579,0.21967146738077942
12580,0.0017626899465378828
12581,0.004452451235709425
12582,0.004938028913738529
12583,0.002477365192819875
12584,0.0013752012758095637
12585,0.0012648869988253482
12586,0.0046194076693706464
12587,0.07271052967240363
12588,0.06297717039099662
12589,0.0018231280410368612
12590,0.019761058049793563
12591,0.0030845013014847837
12592,0.004146193774260395
12593,0.0030226600557949237
12594,0.0015257435743286653
12595,0.03261362875514779
12596,0.005139810385185834
12597,0.2393948424837774
12598,0.003238856258008416
12599,0.001005580698600732
12600,0.015047416112121613
12601,0.009508509867829047
12602,0.4505120083502166
12603,0.037702304078982445
12604,0.0012576175080625655
12605,0.015793456211006054
12606,0.0012876744608100424
12607,0.016635583353346424
12608,0.01308622730356377
12609,0.01237149417264303
12610,0.0012478484369413884
12611,0.001388357150819458
12612,0.0022491559090386712
12613,0.0026642439638713995
12614,0.09778223128266612
12615,0.015416557289053376
12616,0.006764340531352686
12617,0.001415376271602359
12618,0.1174955894289163
12619,0.002153557447972068
12620,0.002577781518578905
12621,0.02182697992563087
12622,0.2943601872753448
12623,0.029875095648465053
12624,0.7584100079216228
12625,0.0029821918272627513
12626,0.0035795364568247403
12627,0.7885157472515775
12628,0.0010232877879743044
12629,0.15203269782868745
12630,0.0015172711725803128
12631,0.06338136452450027
12632,0.0383160179025177
12633,0.06303374446792655
12634,0.007508037382552454
12635,0.2820543267462057
12636,0.006840347233214884
12637,0.0037236486541345213
12638,0.0019388070783170153
12639,0.004009474196575985
12640,0.21408475013268047
12641,0.003639781659512836
12642,0.0009558358518749089
12643,0.006593837993930509
12644,0.0033014128640985463
12645,0.0014796361318350033
12646,0.004039295875558419
12647,0.006096090260189127
12648,0.0023008946865558794
12649,0.018809451382099898
12650,0.002322628118423491
12651,0.008179506395903428
12652,0.04247057549603218
12653,0.04553229249230056
12654,0.003513588510701115
12655,0.007530056999433898
12656,0.7011930849016361
12657,0.20104383251211588
12658,0.005447734593036064
12659,0.04904650427804148
12660,0.024612124746207706
12661,0.0038217927643244614
12662,0.019314949040260394
12663,0.0025640180723371974
12664,0.10160948511949477
12665,0.002971313521878309
12666,0.0022796516671661784
12667,0.008593121720334735
12668,0.003245618506701545
12669,0.07240269837467887
12670,0.000999755618930401
12671,0.0011041676035189252
12672,0.09079524558608533
12673,0.028558263013614055
12674,0.01917675010957193
12675,0.0010701630873998476
12676,0.002272908885868907
12677,0.0015176037858168063
12678,0.036454876962682084
12679,0.01072384646838915
12680,0.004651893331960803
12681,0.235867570390952
12682,0.005766122078718117
12683,0.0036622544867729143
12684,0.004188640700933114
12685,0.04896707353004072
12686,0.0023850557142701847
12687,0.020226671298828207
12688,0.011123004712088658
12689,0.001845321330422936
12690,0.07852132880380583
12691,0.001238938916959778
12692,0.003082816704801683
12693,0.002146233360546508
12694,0.0016435851852766514
12695,0.09639766168786694
12696,0.0012307473743264855
12697,0.0024926815968732224
12698,0.0010702932649398345
12699,0.0012214453762357214
12700,0.002298327570013821
12701,0.004817683528631989
12702,0.006483735348283572
12703,0.016441288109869764
12704,0.041097753322218725
12705,0.0030028173325311555
12706,0.012314094714618537
12707,0.0021414478087687914
12708,0.0021361065474345795
12709,0.000957596529213061
12710,0.0018297004736765668
12711,0.004116091953585047
12712,0.044878580913981024
12713,0.001082430706754057
12714,0.001014193055476477
12715,0.04313991984193252
12716,0.001305526032790803
12717,0.4424551896557453
12718,0.00923734594489644
12719,0.0012785307018964983
12720,0.2911458267991287
12721,0.012586849766833682
12722,0.15347076200202164
12723,0.009001204644613538
12724,0.2273049752268754
12725,0.17482407410803164
12726,0.089581164699815
12727,0.17009234221990302
12728,0.12126554089118202
12729,0.26480572209841513
12730,0.27019924907955484
12731,0.007304775045655396
12732,0.004787756657266524
12733,0.00112650450474714
12734,0.201694236599872
12735,0.001072936229865762
12736,0.0056667013818828636
12737,0.0012488410658888331
12738,0.011357013459754527
12739,0.0010461599983893504
12740,0.0020285602939818168
12741,0.10737394486710757
12742,0.0024466357235302266
12743,0.008226935125919804
12744,0.04858010010269556
12745,0.002658981297343209
12746,0.04864516909155605
12747,0.35140817808183855
12748,0.0011542075630627756
12749,0.001301048755302914
12750,0.0009856931677698743
12751,0.0013816440211644537
12752,0.06999868488748873
12753,0.0053071883285396824
12754,0.09795103267316684
12755,0.08415183560931691
12756,0.4355703088043142
12757,0.11611127883114546
12758,0.0021088144042940905
12759,0.23981576530969426
12760,0.015903479382941215
12761,0.0009856277614845933
12762,0.034891521523077444
12763,0.5372656377828223
12764,0.39487150919194114
12765,0.24880665539520108
12766,0.019242963004208212
12767,0.47523339609144394
12768,0.0019584535430171514
12769,0.020577654095574494
12770,0.007880017495435801
12771,0.011792466181086049
12772,0.37083749345710654
12773,0.005485362646699015
12774,0.16838464861303507
12775,0.0010999065939473647
12776,0.003246621224212924
12777,0.017042625131697593
12778,0.0010869494430724872
12779,0.0010612321947124554
12780,0.39517073771385924
12781,0.7549661476223705
12782,0.09853233481072188
12783,0.0011430853102815802
12784,0.007896579262437005
12785,0.0023873645772942544
12786,0.0025427535251680657
12787,0.004447588859946741
12788,0.0022568354210401554
12789,0.14962824531376379
12790,0.001155841240005668
12791,0.004832557824086264
12792,0.0014187470759499114
12793,0.7712257227654373
12794,0.002230352245096532
12795,0.166679954651876
12796,0.0009741106572583831
12797,0.002778537014925844
12798,0.0024770942180718327
12799,0.001323224287536706
12800,0.05025643218795994
12801,0.011702741636070919
12802,0.5288599928463127
12803,0.12142967219062942
12804,0.0010343536987491137
12805,0.005363315416062369
12806,0.008544654776333087
12807,0.0010789153905056813
12808,0.4151959486693328
12809,0.07499236759904516
12810,0.03526004737231118
12811,0.0013343226264487746
12812,0.0061370327204132045
12813,0.17400997485769454
12814,0.012054589258200906
12815,0.010506048508060107
12816,0.6388297976018603
12817,0.003712721186806175
12818,0.007212321286765397
12819,0.0014924896814070675
12820,0.0012307473743264855
12821,0.0012980154110782316
12822,0.004765046709500812
12823,0.1848889111438674
12824,0.002641789358267196
12825,0.0010883919613657168
12826,0.0010774300734769265
12827,0.004739862106199681
12828,0.0030773109377983747
12829,0.28276869468302995
12830,0.036670480325534854
12831,0.005520082245969342
12832,0.002216611396324436
12833,0.0010949843053578584
12834,0.0057510165556326626
12835,0.0010447978759647758
12836,0.0042564551084645266
12837,0.0009886668255555998
12838,0.004873917931825825
12839,0.01188792660331829
12840,0.001155722570417525
12841,0.00164353511482343
12842,0.1146279638184923
12843,0.0011772923744200595
12844,0.040781101339662965
12845,0.05048326341184921
12846,0.0016776452425121666
12847,0.006068812696092595
12848,0.003368737583376241
12849,0.0025101050804990587
12850,0.0009763955554811512
12851,0.004739439105588238
12852,0.006688474947929273
12853,0.43228994029521467
12854,0.0011983894881774657
12855,0.0010959245969995254
12856,0.002158624149883367
12857,0.001345973394212055
12858,0.005311839560502749
12859,0.030753299923470333
12860,0.0011101349422362444
12861,0.005908950897912214
12862,0.0010686963338728205
12863,0.002110683036996929
12864,0.002258083804674562
12865,0.001061026362734863
12866,0.003016478701391818
12867,0.0035979567190894493
12868,0.0299464214753884
12869,0.003084483444872073
12870,0.002202869280380861
12871,0.00228265184407193
12872,0.0652427735133553
12873,0.9231735025948555
12874,0.006689604691529477
12875,0.00175134139159442
12876,0.14542854345949854
12877,0.27561762638668724
12878,0.19684025108309244
12879,0.02021150183192409
12880,0.0018214726868125062
12881,0.0020842485889653434
12882,0.03302925510026183
12883,0.0011143745865341813
12884,0.0115350744653982
12885,0.013227218514430357
12886,0.005992246375750005
12887,0.0012715969494379283
12888,0.0009333849308481116
12889,0.00111379654615392
12890,0.010937958843185021
12891,0.0011753305985885208
12892,0.001072345946800891
12893,0.006800122912039275
12894,0.002067501695874278
12895,0.006853344862125934
12896,0.002304536741169991
12897,0.00665181620341838
12898,0.0142885342543986
12899,0.7354007883690538
12900,0.0030063580960690596
12901,0.004706427215041137
12902,0.0033587614946727013
12903,0.0034600445037143166
12904,0.0011600367247456588
12905,0.0012199519703848588
12906,0.003245805984826589
12907,0.0020480620165918735
12908,0.02021342588473855
12909,0.0018914018515507442
12910,0.004572035268774379
12911,0.00340541806602784
12912,0.08559768012773948
12913,0.002155571269545312
12914,0.9184951666010972
12915,0.08228398437755165
12916,0.0045866903473646475
12917,0.008443543182742687
12918,0.017361438015531326
12919,0.02096555750206167
12920,0.002056745726965771
12921,0.0028842662715722017
12922,0.16151643910271538
12923,0.001354717911976645
12924,0.0009372580297673437
12925,0.001272934850552832
12926,0.08393511793903624
12927,0.0010685510636777359
12928,0.006984315925328017
12929,0.002863765259605136
12930,0.0023262999568320324
12931,0.0009830308117780746
12932,0.0031324829250688486
12933,0.0012331323261063523
12934,0.004715572066013571
12935,0.0024658318657470395
12936,0.0032747096875882288
12937,0.00634657034150898
12938,0.011076213772005121
12939,0.0016811406674300238
12940,0.0036672384299701413
12941,0.015010424827432287
12942,0.0029646289810917326
12943,0.004965433138448461
12944,0.0024387008636056057
12945,0.0010564445911583817
12946,0.0028246768004242416
12947,0.004437452158123645
12948,0.005397989182791894
12949,0.002356748536393172
12950,0.0016111770849009915
12951,0.01400813666235991
12952,0.0033654617853767664
12953,0.0036259106979787685
12954,0.002394522627029572
12955,0.974607909794099
12956,0.00371837869412147
12957,0.013509288912984134
12958,0.035676234419751186
12959,0.0060866807713608985
12960,0.3781915924808726
12961,0.2988837291308313
12962,0.0038326358643383006
12963,0.0029743598460555206
12964,0.003797664732847728
12965,0.010319283805541249
12966,0.00171934578065781
12967,0.006701850525613732
12968,0.07472961964886737
12969,0.0011569441247722702
12970,0.0010257017307097986
12971,0.01892855002406346
12972,0.1723234993198341
12973,0.002030842507261202
12974,0.07419348002542549
12975,0.028555143071529034
12976,0.0048420340490130265
12977,0.0030858042425318554
12978,0.0017640553292463358
12979,0.7645180913240682
12980,0.7538097843983341
12981,0.01652670518930452
12982,0.06815973881736385
12983,0.009145786457795149
12984,0.0010919500455727818
12985,0.005114530667988788
12986,0.13314914956245652
12987,0.002150369368291043
12988,0.0023908728876118426
12989,0.19495976606945328
12990,0.3369459886405151
12991,0.003525433537203794
12992,0.02736284935442145
12993,0.006352327038941678
12994,0.003133684124913068
12995,0.0010801590596611198
12996,0.0030320755840935
12997,0.2587441486491442
12998,0.871618382936144
12999,0.006753609773458713
13000,0.11481579146682118
13001,0.5653030793440526
13002,0.006137080890341139
13003,0.0015295268643865983
13004,0.0029359189434428343
13005,0.010033897136008236
13006,0.001434142540550388
13007,0.0016294851081010238
13008,0.5883834907903893
13009,0.034722470249430364
13010,0.14683191684680463
13011,0.0033124890773161652
13012,0.003793567691020041
13013,0.018013984548474207
13014,0.13215493741559892
13015,0.0009687210419666442
13016,0.001981201878190395
13017,0.0021559725995786197
13018,0.0039090845830018145
13019,0.0034450105549682325
13020,0.002750999409767418
13021,0.0018792236740242559
13022,0.0011614853669852808
13023,0.001055594959670501
13024,0.004757413362185158
13025,0.0035426807780172417
13026,0.0020444725176806604
13027,0.001871806105542428
13028,0.008585607082039204
13029,0.0010812784548739436
13030,0.004244078265456092
13031,0.003112813472553965
13032,0.003202359229588089
13033,0.002816018722540409
13034,0.006161094009639913
13035,0.1407234888159514
13036,0.5945662666372042
13037,0.004470633515625953
13038,0.6483506198765945
13039,0.007105269832188029
13040,0.001067010234168477
13041,0.016985919554274018
13042,0.0021968272924075233
13043,0.004421771894785473
13044,0.0034343993249378755
13045,0.016626065173354
13046,0.010776058734698404
13047,0.0023934166165749293
13048,0.08483815444767802
13049,0.011803763241775646
13050,0.11582553625205999
13051,0.003614037460717199
13052,0.16361924207474024
13053,0.002503219636491654
13054,0.0995644861873066
13055,0.011362882880268562
13056,0.025415017279066296
13057,0.004002411496528243
13058,0.005341267785479228
13059,0.0030315215347333437
13060,0.0056358388810298955
13061,0.8982305603185995
13062,0.0029965547342430962
13063,0.0038807334404296285
13064,0.005007051304926588
13065,0.007259380147002844
13066,0.3631491066870139
13067,0.004701359079159367
13068,0.003554439455415709
13069,0.0011523438232508487
13070,0.001070609012044785
13071,0.0031885827202871937
13072,0.0016803853107235798
13073,0.0018301751866805992
13074,0.029484975401925184
13075,0.009982933867186612
13076,0.0028214509010917686
13077,0.030158435997225175
13078,0.0021364012601550572
13079,0.4982513228665091
13080,0.0009930547996045119
13081,0.0010793413218746018
13082,0.005718747575833293
13083,0.0019306782908779267
13084,0.003231834956257042
13085,0.0037092890938674058
13086,0.06535146217518557
13087,0.006125331076863094
13088,0.040483639612610894
13089,0.0011210636615332046
13090,0.002169316814150898
13091,0.004380704175167987
13092,0.0009768120848406066
13093,0.6464865870443957
13094,0.002816519484571121
13095,0.0017447640413030985
13096,0.003496881304279091
13097,0.02130866364837859
13098,0.03332747939354663
13099,0.0235943941948478
13100,0.003223584722944393
13101,0.0009461675570359479
13102,0.0014297668518350821
13103,0.4651405146725027
13104,0.0010799462803385076
13105,0.0012057973878445193
13106,0.001094405381158584
13107,0.19608689448939431
13108,0.012078094591832447
13109,0.0017664971201622217
13110,0.019030468194564713
13111,0.012665730197285587
13112,0.08988815203084907
13113,0.8412321063514953
13114,0.002832921412364669
13115,0.006704043047872678
13116,0.0009563922555394315
13117,0.00431244448704642
13118,0.06067300872618529
13119,0.0011297694489764555
13120,0.00507586771662641
13121,0.003251398973364016
13122,0.02041341880552159
13123,0.001253815933929024
13124,0.0012768891718549385
13125,0.0019328029059893551
13126,0.05292842846422384
13127,0.0011822006178758581
13128,0.10298344946496293
13129,0.003834176611937484
13130,0.0044058645525956635
13131,0.15979912115501563
13132,0.39092728784363934
13133,0.3919591523158708
13134,0.4019959630635246
13135,0.01088348041754208
13136,0.0034256964053124743
13137,0.003677030599969239
13138,0.0010134525442921474
13139,0.001383441357195091
13140,0.004781359068889885
13141,0.0041336474718935805
13142,0.01472494173337398
13143,0.0011391953664866197
13144,0.012000190592939873
13145,0.0055686322443731055
13146,0.0040448991375456435
13147,0.018429972277935365
13148,0.16844135458731208
13149,0.0024119454841848645
13150,0.0020549424546021425
13151,0.004064269440142214
13152,0.0012159602708826222
13153,0.00947234692795463
13154,0.0060866277060438725
13155,0.006538496896681335
13156,0.014331730902780233
13157,0.0014083930010362709
13158,0.3872059759087429
13159,0.06615080902449214
13160,0.010745522750085052
13161,0.0074414611393852715
13162,0.002426119424810248
13163,0.0030269271550610252
13164,0.0025478949210238043
13165,0.0038674999583462187
13166,0.001597646037153708
13167,0.002308759049921262
13168,0.01202341787304187
13169,0.0012458085540392612
13170,0.0016943240580665517
13171,0.0022919602656157737
13172,0.006639379469551172
13173,0.0025096540372246206
13174,0.02310532881913547
13175,0.0011387848465644152
13176,0.002597040184536832
13177,0.003394315516915419
13178,0.0016130024934496111
13179,0.006063524880118673
13180,0.002939476391964383
13181,0.003677769980997887
13182,0.003584013027336985
13183,0.002721073223927938
13184,0.004430294239763605
13185,0.5859540037789602
13186,0.205883678797611
13187,0.005441885972822794
13188,0.0009706094431331788
13189,0.0027390548292874086
13190,0.0014974334340429674
13191,0.0018058899437392135
13192,0.005056983682142256
13193,0.0027816490197800415
13194,0.7169787709602905
13195,0.2689516291662237
13196,0.0016524914722077446
13197,0.005080250885711825
13198,0.003828978789737586
13199,0.0017215473948048753
13200,0.03955255037350265
13201,0.006748166519131765
13202,0.002516997637184758
13203,0.0024340522804050637
13204,0.0038846842861841855
13205,0.0037953567863798416
13206,0.001444682878785285
13207,0.01616362260599828
13208,0.003219024467263579
13209,0.0033629223555427866
13210,0.01825095331518384
13211,0.0011286576444752778
13212,0.001104903117680249
13213,0.004196970999153074
13214,0.3875808524419932
13215,0.0012225865473735919
13216,0.014867939371480936
13217,0.02478754417649307
13218,0.0037630798816425236
13219,0.004035969291784521
13220,0.0846335634424942
13221,0.1476272164627204
13222,0.006986364772167291
13223,0.003958342741908121
13224,0.0032649393281093207
13225,0.0025347966280036167
13226,0.0020395481003265196
13227,0.004661016905403634
13228,0.0015677903931483146
13229,0.0035695806749419965
13230,0.007972931694637827
13231,0.002918111575719752
13232,0.00588853402130603
13233,0.0067529249795038665
13234,0.005877772945981382
13235,0.005117230714404974
13236,0.03500048895582828
13237,0.0016396390411238923
13238,0.02661964124704852
13239,0.0038152422690256446
13240,0.39376609415013974
13241,0.003897253056311977
13242,0.01285885163551048
13243,0.009422500221827996
13244,0.0010932736024201579
13245,0.008938202591811958
13246,0.004561920899491514
13247,0.0012514363138789108
13248,0.0012132001269015296
13249,0.0036442104489000727
13250,0.020238277064904497
13251,0.004112218864569828
13252,0.0035070082525325797
13253,0.005478893140286804
13254,0.0010196913258476324
13255,0.001378984663213103
13256,0.14045885302542493
13257,0.11769392084454586
13258,0.0013181245336202356
13259,0.0014483010995328955
13260,0.004946586794240607
13261,0.0036815214070519135
13262,0.016510358016508287
13263,0.01026348400127174
13264,0.0016213047976462258
13265,0.0011087017294996435
13266,0.00401935260480164
13267,0.001549188442867186
13268,0.005546088173884571
13269,0.32064750412509074
13270,0.006417548503657388
13271,0.0028448120802421458
13272,0.005679556676360946
13273,0.010600094284741495
13274,0.0038031227618003185
13275,0.0021750928651661405
13276,0.0027565452516617045
13277,0.0033630351856168725
13278,0.003940552457985943
13279,0.0031446051052627156
13280,0.001894578592240956
13281,0.005145829516029965
13282,0.0010979005918860883
13283,0.002875845384159763
13284,0.00160847563988784
13285,0.00635346258834083
13286,0.001879854697217677
13287,0.03808045148229547
13288,0.008011806497565001
13289,0.005760764069599157
13290,0.002888361686492123
13291,0.0019990628912645845
13292,0.004302998258118361
13293,0.003072962248317331
13294,0.0014289619233165947
13295,0.022341829539316557
13296,0.003989569587534676
13297,0.0030087749366173064
13298,0.001960972730686429
13299,0.0013205389853733753
13300,0.0018607460635997985
13301,0.004158958143230323
13302,0.004847278298104111
13303,0.0011224745486043423
13304,0.0031793243132274464
13305,0.0013211634700177703
13306,0.00229918413884717
13307,0.0014388284441470929
13308,0.011226248064414392
13309,0.04337855778611087
13310,0.004596418920935853
13311,0.1433666346639524
13312,0.0020006228490747737
13313,0.0025284336867599944
13314,0.0038492004421315116
13315,0.00259531193164721
13316,0.0018237883885445468
13317,0.001204930197456799
13318,0.018324460699127812
13319,0.0023096465136726125
13320,0.0038843688293705423
13321,0.001907088647172469
13322,0.003223948411372366
13323,0.0023956457469456317
13324,0.0032142730627828763
13325,0.0037555729951561597
13326,0.05868504267233053
13327,0.020974823580048853
13328,0.0033199053641565037
13329,0.0010895694922294192
13330,0.003871214927827494
13331,0.0011644545488551069
13332,0.03992689774173835
13333,0.003153498177910436
13334,0.0012095135800946424
13335,0.02734938993220648
13336,0.0011648740571349866
13337,0.0011236090954121376
13338,0.5184970528344027
13339,0.002300245939899653
13340,0.0038664182573743024
13341,0.0070713914747917595
13342,0.0034340826164318402
13343,0.01787273396236825
13344,0.005271312147872526
13345,0.0023368808774278283
13346,0.0016419010281759768
13347,0.00407273869749413
13348,0.27092619719589994
13349,0.003983538697933113
13350,0.0012321606696605735
13351,0.002437374885270949
13352,0.0010685510636777359
13353,0.0010891310375868582
13354,0.0013676614525488045
13355,0.0021114551175058314
13356,0.002363260692665308
13357,0.0011685953606569122
13358,0.005037949095954715
13359,0.0011282645634336807
13360,0.004443612012053163
13361,0.003075560215016681
13362,0.0021641529025288888
13363,0.0010844943730590002
13364,0.010808248692162289
13365,0.007067965110771049
13366,0.0012073238121151845
13367,0.0015936491720332125
13368,0.004981660061730728
13369,0.06444892209277045
13370,0.002674979080213179
13371,0.00453853748252221
13372,0.048704731918725166
13373,0.011727332869477188
13374,0.004683727444774307
13375,0.0011685953606569122
13376,0.09742391650487178
13377,0.004474547050602774
13378,0.22850251828434387
13379,0.001234691948776404
13380,0.00153612538512959
13381,0.001260611617697268
13382,0.002249028004646092
13383,0.001230069703138579
13384,0.007055333901773176
13385,0.011423014423203572
13386,0.05060141173958407
13387,0.00341554907681793
13388,0.05621729458377255
13389,0.14594579559344528
13390,0.5593532520192691
13391,0.003859446419103837
13392,0.01772997198850208
13393,0.0011417002712686883
13394,0.002788642616955164
13395,0.0012511452547813214
13396,0.0011186164844772643
13397,0.00529039368249633
13398,0.0024758940227342964
13399,0.0011268628230400532
13400,0.004052874159339287
13401,0.005972934266317261
13402,0.006277813564786616
13403,0.0029121819662599052
13404,0.017150083230208585
13405,0.003954187255303219
13406,0.0013011535591956583
13407,0.0041685461948316885
13408,0.0037480714914487484
13409,0.003201827904462203
13410,0.0010438130988901656
13411,0.012775303142021771
13412,0.135500609880935
13413,0.001050068265748332
13414,0.0012541573782412832
13415,0.002476898009669745
13416,0.00607140565357685
13417,0.0382053811589769
13418,0.003038557918911947
13419,0.0022559202048023884
13420,0.0014176391535370178
13421,0.003593355431810227
13422,0.0011210636615332046
13423,0.003812119391986275
13424,0.004290377998205147
13425,0.02932483756320423
13426,0.019245401972765145
13427,0.0011100154044792236
13428,0.0036804494936817367
13429,0.002313623690352885
13430,0.003816383554612869
13431,0.002309647266790111
13432,0.002919315311110323
13433,0.00444074545864793
13434,0.025630343401544624
13435,0.002730821485700535
13436,0.001133408169452687
13437,0.02395332713175222
13438,0.0027523490995965674
13439,0.0032188661438304835
13440,0.006545634558027478
13441,0.006077349752955736
13442,0.0012079612016804191
13443,0.007100710690816224
13444,0.047697805697731424
13445,0.0029087101202100074
13446,0.34096470173391863
13447,0.0032523496697297438
13448,0.004198949501382607
13449,0.05050547843029023
13450,0.01900381361873032
13451,0.001520468974374212
13452,0.0023790517974210277
13453,0.004643148658485614
13454,0.09019611006019579
13455,0.16806348718505565
13456,0.02005432539805396
13457,0.0023931781078064237
13458,0.0010732993306811934
13459,0.0011713206102836843
13460,0.09825350306915182
13461,0.003689217405007446
13462,0.003533779483423515
13463,0.004049008324473622
13464,0.003101776271554311
13465,0.001072936229865762
13466,0.0011100154044792236
13467,0.006343258829308947
13468,0.004530823140024469
13469,0.0038312531935326046
13470,0.0018704819578138382
13471,0.0018834610744420956
13472,0.0010732993306811934
13473,0.003359721232595302
13474,0.002296288610706983
13475,0.0036697705386793573
13476,0.002687567935677653
13477,0.008911733638168114
13478,0.006418621668005524
13479,0.007168432197050538
13480,0.014359556549776853
13481,0.004191195128311187
13482,0.004730802873446938
13483,0.017628197870157045
13484,0.04991101880602847
13485,0.2622981057735003
13486,0.003584702958897901
13487,0.0031483397223911955
13488,0.002670957153786721
13489,0.004519105124125163
13490,0.0012459291890316896
13491,0.006357614448909304
13492,0.004307002912173709
13493,0.0035643315286065487
13494,0.0022409114212096153
13495,0.0011799443951827878
13496,0.002073031604660088
13497,0.0031637644661489826
13498,0.028673360484123233
13499,0.008931993095152932
13500,0.0038983320184479446
13501,0.003985687624266347
13502,0.002074668417696542
13503,0.004067526237446965
13504,0.0026148762367575727
13505,0.0016616614702964021
13506,0.13153490727494507
13507,0.00255147313772345
13508,0.002100240664966112
13509,0.005539414162233015
13510,0.003655217229845722
13511,0.002416622051038395
13512,0.003056591912306293
13513,0.0022027847812937915
13514,0.0032247709858738895
13515,0.012979210135894946
13516,0.001727627873315791
13517,0.003909515850008258
13518,0.007999065893070362
13519,0.003614397881767195
13520,0.008777686129100732
13521,0.002265929108653127
13522,0.002330876277441796
13523,0.001165339832351713
13524,0.0042029469234211355
13525,0.001790759256355929
13526,0.003943482395463796
13527,0.0017142748306939314
13528,0.0019044991817867441
13529,0.002778593180781357
13530,0.00184842157183885
13531,0.006749493821840944
13532,0.005353864316439571
13533,0.001137751605518967
13534,0.0035834807356383237
13535,0.007540705838955323
13536,0.0013019252223426864
13537,0.0017074625387990022
13538,0.0011607873152991376
13539,0.0010294893194969948
13540,0.0024431493754401676
13541,0.0011251479294753734
13542,0.0011050924047360019
13543,0.001034258056732399
13544,0.0032715535875771397
13545,0.0010155954641966377
13546,0.0009777492442311145
13547,0.0010705220496296445
13548,0.0010771763569895738
13549,0.00428615910817741
13550,0.0010244327259294852
13551,0.003929094800570651
13552,0.0010863725382551624
13553,0.0012762801704508612
13554,0.010700475712924758
13555,0.0010127844847030358
13556,0.004483876503849958
13557,0.0012767127458174295
13558,0.02051990837891621
13559,0.004615301723187653
13560,0.06633080958490974
13561,0.175124385327504
13562,0.027732245591476468
13563,0.001608576861008637
13564,0.002185613881884799
13565,0.005892621871643803
13566,0.004165270858323706
13567,0.0011280882019169087
13568,0.00113062303581111
13569,0.0010452969475192857
13570,0.0010500258239926371
13571,0.01631887328387603
13572,0.0023513700672072005
13573,0.0011345828120800066
13574,0.001104704329209263
13575,0.0025555173802443254
13576,0.001114913516362832
13577,0.0013186764490987354
13578,0.004785122478615145
13579,0.0013689438401724558
13580,0.001186976301751624
13581,0.0009859436381513388
13582,0.005620666244199926
13583,0.01419072572019833
13584,0.008580712511852936
13585,0.0011593103417303797
13586,0.058075564467048056
13587,0.0032483227793755304
13588,0.0011103476348841865
13589,0.0017117728920681106
13590,0.001104704329209263
13591,0.0009502737377680417
13592,0.0010540959300278665
13593,0.001056764765890672
13594,0.0016894166316858631
13595,0.0016265650970400721
13596,0.013974271268836108
13597,0.00857359897389827
13598,0.0010226267850825255
13599,0.000970983822424126
13600,0.021476200935159288
13601,0.0015588249775574923
13602,0.0017685442173697935
13603,0.0014058687451931442
13604,0.017641106248141275
13605,0.0011136392340456436
13606,0.0013615178987927369
13607,0.15418172117560203
13608,0.07509383492728444
13609,0.000912601523827442
13610,0.001139949327362536
13611,0.005388555367462598
13612,0.046461197689509647
13613,0.005240714461687217
13614,0.010654229318910647
13615,0.05523889416946281
13616,0.0011902401082819634
13617,0.0016855111417018566
13618,0.001131243926984556
13619,0.0011225776773949787
13620,0.0010257391042313702
13621,0.0009413310199511967
13622,0.0027364156040293997
13623,0.0010963006484761442
13624,0.004735977806234713
13625,0.0009861171307589743
13626,0.03588427699712064
13627,0.012973722168488664
13628,0.008915019777659712
13629,0.0012304043981659553
13630,0.0014708789655064412
13631,0.0011224745486043423
13632,0.001732006670539168
13633,0.002743638104964109
13634,0.012556078690326702
13635,0.06798290962510359
13636,0.02024908484871913
13637,0.0009926800345938605
13638,0.0029340440624340087
13639,0.015012882056930524
13640,0.0011846416607209588
13641,0.001225014791173037
13642,0.0013049733136658664
13643,0.0011335077175925387
13644,0.030766018591372558
13645,0.036883317796989105
13646,0.0009998174663977256
13647,0.0011108946480868846
13648,0.0016156147619344043
13649,0.005274770295400393
13650,0.1169487878709759
13651,0.1670624865546946
13652,0.011358000128853128
13653,0.013404343740213185
13654,0.0011051315387919766
13655,0.06758603131484464
13656,0.0012626539500633293
13657,0.001262062883168482
13658,0.003317138303271979
13659,0.001183187199504731
13660,0.017863418631027257
13661,0.0037953444937533095
13662,0.001699245480761526
13663,0.014914873306550645
13664,0.0029410834185513855
13665,0.0018035505951184815
13666,0.002183994874800672
13667,0.0010603880180790402
13668,0.0012708431940579312
13669,0.013137822968394856
13670,0.0037709829094082067
13671,0.002077899445740913
13672,0.0021642196463617872
13673,0.222200872415291
13674,0.18923888992598067
13675,0.0010341061984200945
13676,0.001214030482817633
13677,0.0015088257606977735
13678,0.0014383266981531008
13679,0.006571444745720477
13680,0.0015145752948512365
13681,0.005480558047125902
13682,0.4825670614909595
13683,0.012317118137103055
13684,0.09335488169026758
13685,0.0013666781798854508
13686,0.006698888345727933
13687,0.010921722220050466
13688,0.004841380284318532
13689,0.0012337172811903415
13690,0.006991103350016209
13691,0.07231788197510172
13692,0.0020770575777457495
13693,0.000976518176306583
13694,0.0008929741060702733
13695,0.0015904736766853343
13696,0.00139554647103288
13697,0.0017794010171916911
13698,0.0014757723445816603
13699,0.0020528366054715277
13700,0.020862961468856155
13701,0.0010023398373925818
13702,0.001727543790287793
13703,0.0010375485583531796
13704,0.0009652417054606234
13705,0.0010194892813264603
13706,0.01203402604732982
13707,0.0010526066860356803
13708,0.0010477476060421396
13709,0.001184283321742272
13710,0.007958867864322415
13711,0.0017776947193521141
13712,0.001422372700922245
13713,0.002269962660230993
13714,0.09128990213095077
13715,0.4905039232843044
13716,0.021266347049614713
13717,0.011514797473745873
13718,0.06599461490667294
13719,0.002189953989804315
13720,0.0011046621452756224
13721,0.006090299459229804
13722,0.07037055711751386
13723,0.003192017069152515
13724,0.012008602268195749
13725,0.008451053633499801
13726,0.0012414595638562881
13727,0.007697501567703796
13728,0.001585629393870754
13729,0.002142730466041606
13730,0.03321360843922183
13731,0.0051103970555350505
13732,0.0036295744181618892
13733,0.0021986068063243555
13734,0.03193943347675031
13735,0.0011501211357344686
13736,0.0013153278078255385
13737,0.014299091768936064
13738,0.00106003533051096
13739,0.0060549849129480785
13740,0.00832687496101023
13741,0.021615380321731097
13742,0.0016803990922318651
13743,0.0010767652157113838
13744,0.011871040748943244
13745,0.0053734683920353184
13746,0.006730210604457671
13747,0.0011422708400361495
13748,0.0011168126395671397
13749,0.0011450848204918032
13750,0.0012462998217388915
13751,0.001290769686868494
13752,0.12419812047118653
13753,0.007381745686380588
13754,0.00467349412148517
13755,0.027469819173018155
13756,0.00757148369809975
13757,0.18496523114538727
13758,0.0022544996352911227
13759,0.011310551990447941
13760,0.0012382735792065731
13761,0.033421722418099035
13762,0.003914764657378673
13763,0.012833799285317892
13764,0.0011490197151662288
13765,0.001189634952809791
13766,0.0013767394393522983
13767,0.014198251072040587
13768,0.01463907056822416
13769,0.0010012458533669032
13770,0.001151689550874783
13771,0.0010475026678483299
13772,0.015154517464956063
13773,0.05918897206412132
13774,0.003718627447105824
13775,0.001158608840965179
13776,0.028550025599967475
13777,0.06477726612021922
13778,0.4622193553957184
13779,0.0010689613704625658
13780,0.0011330085804548654
13781,0.0010354020473349458
13782,0.015835936809254166
13783,0.01604339515630918
13784,0.01362064504946163
13785,0.0011167480030777489
13786,0.001125505569032642
13787,0.0035373343152789736
13788,0.0011291663105024293
13789,0.00243016106788548
13790,0.0028096847128438306
13791,0.004308545353927131
13792,0.008542754028675836
13793,0.14181812905990365
13794,0.07729182084899118
13795,0.004271170674607163
13796,0.06811175189015223
13797,0.0010926215451805294
13798,0.003135234635983561
13799,0.0012500786417924345
13800,0.0013523849197146992
13801,0.0011862151645348816
13802,0.004998041822073827
13803,0.0011013732021740883
13804,0.042272647128283436
13805,0.0026414255432391366
13806,0.007427730408361248
13807,0.0021417780318726824
13808,0.001170716350286158
13809,0.01544144595580294
13810,0.0013001898464564505
13811,0.0011392002428585177
13812,0.0562684947735221
13813,0.0026206478833500626
13814,0.007286894876995982
13815,0.05728634268993691
13816,0.0010222849324588031
13817,0.0010714666261063498
13818,0.0012054463964927392
13819,0.0013124242590499206
13820,0.0008695225092899507
13821,0.0009332895719704692
13822,0.0011266837466970027
13823,0.0013025490372975393
13824,0.0011758112933496737
13825,0.0014383621771878153
13826,0.32535096220084503
13827,0.002113525887178643
13828,0.008700920326027544
13829,0.0029295816366681025
13830,0.06277949163697308
13831,0.008941197011074481
13832,0.15496262866046845
13833,0.0011671457631020866
13834,0.002258205376668243
13835,0.002575503713651813
13836,0.09028449007023166
13837,0.04836979317658024
13838,0.1275592860483075
13839,0.001175476071545679
13840,0.0013294721699995385
13841,0.0022311374376846843
13842,0.9705051711258217
13843,0.008644411933241706
13844,0.001985046404533153
13845,0.004452291518811285
13846,0.03073447443413084
13847,0.0011536850538308961
13848,0.004060544866672812
13849,0.45427621129716106
13850,0.07215117735804141
13851,0.0519969639253834
13852,0.000985792987995295
13853,0.0010444434997125718
13854,0.0009236621990498377
13855,0.0009094377603902651
13856,0.0023883707308828815
13857,0.01723303042804002
13858,0.00096684916716007
13859,0.0020165288935335528
13860,0.1654587826628119
13861,0.001318829581066113
13862,0.0013254817806323434
13863,0.021129325245634215
13864,0.24197693177630636
13865,0.0013304018373303263
13866,0.001272401341369854
13867,0.0009933855185639171
13868,0.006137626164813131
13869,0.0026580968681675283
13870,0.00912776093322323
13871,0.0012408668727653302
13872,0.003511454409846115
13873,0.001107755082409696
13874,0.0014933897301582367
13875,0.040188003725027906
13876,0.02653840696538631
13877,0.0011153061620653602
13878,0.0014967282050890793
13879,0.0013498768595602082
13880,0.002018733520771021
13881,0.010441927025416629
13882,0.10921149125765216
13883,0.0010647903242752602
13884,0.0017790098819940251
13885,0.01639801788069189
13886,0.0011261553271099134
13887,0.008259462028234113
13888,0.05874158155867062
13889,0.000988101380877723
13890,0.014341855536698037
13891,0.005188347943502808
13892,0.00478144121238494
13893,0.002431325406554915
13894,0.008347061821023682
13895,0.018464385915168906
13896,0.26133431638924615
13897,0.028838674725283536
13898,0.0020735326517539957
13899,0.0012209530202310272
13900,0.04070331971744277
13901,0.01040121994797744
13902,0.001118689390744148
13903,0.09644816716847117
13904,0.058277751223586444
13905,0.0011256932840216232
13906,0.0011053120053192715
13907,0.06361954489767646
13908,0.0017802777501867058
13909,0.002353513692720288
13910,0.0011041768888344042
13911,0.025469525515811886
13912,0.0026670999276963273
13913,0.02335425671422057
13914,0.003056512323506617
13915,0.02567697730349646
13916,0.05735193024436648
13917,0.0012750561550670405
13918,0.0015675918545533006
13919,0.004712228586397777
13920,0.005842328239766264
13921,0.005085145622137566
13922,0.0011162951824941678
13923,0.0038440981675947707
13924,0.022877704495707113
13925,0.027664000985024948
13926,0.001499274900271766
13927,0.0012106603579230034
13928,0.0015867379389258333
13929,0.005745513648748667
13930,0.0009948707409944426
13931,0.0014917409948152394
13932,0.029189080692039446
13933,0.001753132921260592
13934,0.0013097840938494196
13935,0.670805788652507
13936,0.09161914224412818
13937,0.005229383227908995
13938,0.002240388620293707
13939,0.03765190972048168
13940,0.006032526087323573
13941,0.0015462954205884413
13942,0.0017976514073828618
13943,0.07605672261321228
13944,0.0032116400632207897
13945,0.021973046647742103
13946,0.0018301055547641646
13947,0.001367425838240054
13948,0.28209152266114235
13949,0.0015952091079426418
13950,0.00243734591576579
13951,0.008317622773137629
13952,0.02213347837610571
13953,0.001044292525347826
13954,0.030687379363941895
13955,0.0015226692495303366
13956,0.006386814829730311
13957,0.0012689725338271762
13958,0.07138530132070091
13959,0.2001934347525354
13960,0.02577414303101826
13961,0.06589054786285704
13962,0.0012762801704508612
13963,0.005510993876113434
13964,0.0010732993306811934
13965,0.001115073805976899
13966,0.0010063708553933164
13967,0.4818791255916192
13968,0.011876506828488934
13969,0.0056097683439503875
13970,0.01200216337940035
13971,0.0010732993306811934
13972,0.08214240457184185
13973,0.17779992053858182
13974,0.003797858190521371
13975,0.0018372581891600026
13976,0.01102345264586853
13977,0.14572082003806194
13978,0.02193739268175759
13979,0.002493541094303767
13980,0.001283054431434285
13981,0.0025815629862252195
13982,0.0012500786417924345
13983,0.0011345449839190898
13984,0.006053266119254526
13985,0.011161174427929665
13986,0.0010890202359977663
13987,0.0010086552991458314
13988,0.07635986869996757
13989,0.0010607272764875115
13990,0.05379848510129862
13991,0.02776945819467846
13992,0.00448424042262438
13993,0.0010734730222637771
13994,0.05649990479807417
13995,0.03690875196926322
13996,0.00311856147363473
13997,0.09443628595471214
13998,0.0009567443128964346
13999,0.0009646703332928049
14000,0.021854010140690334
14001,0.03571529340540848
14002,0.0028088881602089367
14003,0.0029791641376245514
14004,0.007467801033029486
14005,0.0012960096955568247
14006,0.0010687267169459452
14007,0.0010250392843495328
14008,0.001592847544182321
14009,0.0044872869930530895
14010,0.09762190416681321
14011,0.003928960121601721
14012,0.02717501927900189
14013,0.024340259687982795
14014,0.0009994575924022833
14015,0.022515760205128285
14016,0.01657737258170243
14017,0.0016009929372796377
14018,0.009039573606658797
14019,0.0048030958418900154
14020,0.001911891163127132
14021,0.0014281566501798796
14022,0.0015851210808918881
14023,0.007774780233854347
14024,0.004466652665259901
14025,0.0013813030123282217
14026,0.001651861510152451
14027,0.0521078256219428
14028,0.21746644896400216
14029,0.009844207725743
14030,0.0010921179754688193
14031,0.001004127324928653
14032,0.01651717721549331
14033,0.0023205843362753206
14034,0.003302699145021849
14035,0.03833549470887503
14036,0.0018109653688339652
14037,0.0010535837945365746
14038,0.018857547818166988
14039,0.08517082961157038
14040,0.0023426970517530757
14041,0.003521104981835518
14042,0.014214763452308129
14043,0.009442132044546548
14044,0.006494221888024786
14045,0.015888795872212844
14046,0.0013312489715493576
14047,0.008109814346073054
14048,0.20028223371018194
14049,0.009513007956791051
14050,0.0010772680799334866
14051,0.16754270433637894
14052,0.0013959841071688817
14053,0.0012800273922859893
14054,0.17096680576498433
14055,0.001110663742936029
14056,0.004567476936125365
14057,0.010771627809698748
14058,0.001279313130224414
14059,0.01567603774350203
14060,0.015643911212094855
14061,0.15758120361030553
14062,0.0010591332782340142
14063,0.014976163253906
14064,0.35835895243930593
14065,0.17929037834066472
14066,0.0016048764724427072
14067,0.0015332764072001359
14068,0.46543777133085784
14069,0.016119393695116575
14070,0.0011942922922902606
14071,0.0017080135321867582
14072,0.0012525743695512663
14073,0.0011394007322929338
14074,0.001360616382495244
14075,0.00945591288803816
14076,0.0026262138599312526
14077,0.001100077546364285
14078,0.001081074427210342
14079,0.0010295313243915867
14080,0.0013089075329913117
14081,0.03849582168062357
14082,0.032321352044066685
14083,0.0016532054124391564
14084,0.09186353748467822
14085,0.0012673010700578885
14086,0.006666724654474364
14087,0.10243783548160952
14088,0.033132628888298904
14089,0.0012407676981044916
14090,0.0012239881941872948
14091,0.0010905187858095539
14092,0.08739669032996358
14093,0.08171112199904078
14094,0.007594771647805411
14095,0.0015712291267019171
14096,0.005007111408289203
14097,0.0008878280097934827
14098,0.06268217004026236
14099,0.09553623829811617
14100,0.5003505145058538
14101,0.005783863167771055
14102,0.0010542338083866906
14103,0.0016057472849386688
14104,0.01611844350406443
14105,0.0030783523768436933
14106,0.0026483023651863776
14107,0.001089567122766554
14108,0.0014412629188060174
14109,0.08859175551264584
14110,0.006852357713417776
14111,0.013644344779779775
14112,0.001394417675223178
14113,0.004948332061476806
14114,0.001187290675969986
14115,0.0014301844299780242
14116,0.007317561699658785
14117,0.0012162547162851097
14118,0.025338341433256275
14119,0.004211828492729373
14120,0.006186355706783863
14121,0.22679980457812912
14122,0.0009533303310660359
14123,0.0011847874877881645
14124,0.001377511288829335
14125,0.08693999901613496
14126,0.002253075488733572
14127,0.0014422660740755547
14128,0.0011616539731606078
14129,0.00412472402458598
14130,0.0009264958458136178
14131,0.0014450793198455933
14132,0.07655740053879077
14133,0.0010607272764875115
14134,0.0013196755054146483
14135,0.06912348476189344
14136,0.0012762801704508612
14137,0.0029110077364199235
14138,0.09799068032504164
14139,0.001276017896945472
14140,0.0043488796873536045
14141,0.0032689530981828384
14142,0.0052170383128566965
14143,0.0011024424078308465
14144,0.001314403790959295
14145,0.0011058237476446204
14146,0.001014812316694534
14147,0.017060023121203697
14148,0.0013676234524093967
14149,0.02746660293771955
14150,0.0057508857189385336
14151,0.002485349988631739
14152,0.0024611036898413313
14153,0.0012297936821591125
14154,0.0017277672906651344
14155,0.0010267632252217759
14156,0.0011832300670785623
14157,0.0011384817540792459
14158,0.06520947265102388
14159,0.0708581959233574
14160,0.003859689444074232
14161,0.013729033183166232
14162,0.002000595839512318
14163,0.0011553572586979525
14164,0.0029602746791691005
14165,0.009457405605898717
14166,0.0010732993306811934
14167,0.019733720097394443
14168,0.0011070373670946689
14169,0.0013872286771304083
14170,0.0022766454842839275
14171,0.001090224286534986
14172,0.001170716350286158
14173,0.03075966934165572
14174,0.003568747451001747
14175,0.03878922376634935
14176,0.006785797045609078
14177,0.012467992437881893
14178,0.0018812314158526328
14179,0.011820675294003862
14180,0.003401810440462747
14181,0.02464635181685626
14182,0.00865488555013887
14183,0.10599610094423743
14184,0.0022811356659681557
14185,0.00565545877951596
14186,0.0014951260355156408
14187,0.012231388404770359
14188,0.02242461857080257
14189,0.07652010586177076
14190,0.0021966625814229305
14191,0.018168912809682854
14192,0.015725050733396626
14193,0.013737600617030719
14194,0.3811181569462134
14195,0.01642529798241091
14196,0.027614004571056398
14197,0.008591451192287897
14198,0.004731839661176552
14199,0.01684889461987324
14200,0.052581086897706256
14201,0.06134972629893019
14202,0.002683209358180224
14203,0.0032881103831418684
14204,0.011327716019964686
14205,0.0016659855733925952
14206,0.014338845606730424
14207,0.014670989438725144
14208,0.0013678407849065431
14209,0.060019231425532074
14210,0.0012218530511261172
14211,0.0010700774023744179
14212,0.005012529722120728
14213,0.002969619041830242
14214,0.001170716350286158
14215,0.0873331311094244
14216,0.0011386195901026328
14217,0.02375937767789281
14218,0.38359144786894667
14219,0.001268598506449003
14220,0.0012167600446157639
14221,0.001306651134758854
14222,0.02813231137471831
14223,0.06826907145096969
14224,0.002406700193622145
14225,0.005292929291479065
14226,0.005382937892219966
14227,0.02125471318838484
14228,0.02056717645552694
14229,0.022256770076034774
14230,0.001534036320414238
14231,0.11458416116578429
14232,0.003780742006163122
14233,0.004065181809366816
14234,0.0027470333281577938
14235,0.2208990636186822
14236,0.04744037647081602
14237,0.01267558676440367
14238,0.0059488660495189945
14239,0.001008398040355817
14240,0.0010549182378863352
14241,0.040563695434051784
14242,0.012796603685783099
14243,0.24373988772590063
14244,0.43611415285351723
14245,0.003420574898595471
14246,0.016260190485627272
14247,0.0036343596538077057
14248,0.0019311581858134903
14249,0.020441033447372824
14250,0.006234359159272922
14251,0.029431545859480965
14252,0.0013572397260192316
14253,0.0012138321826514092
14254,0.3743812106625003
14255,0.16502105549074744
14256,0.04381021529168262
14257,0.004824897840231837
14258,0.001072936229865762
14259,0.0013155816294765407
14260,0.0013012193159255329
14261,0.013759726351266826
14262,0.03395245308846041
14263,0.00458584668005242
14264,0.0011898356040197157
14265,0.020780897420080494
14266,0.013137723270498
14267,0.001220745104054567
14268,0.003072925351606022
14269,0.001170716350286158
14270,0.10790699845567014
14271,0.0012244309901104633
14272,0.0011363831844907134
14273,0.0010674879715228095
14274,0.10702421649710962
14275,0.00333708182041583
14276,0.0015121412993498774
14277,0.596216466110105
14278,0.003225593841967083
14279,0.0012549421806231271
14280,0.005846685743681
14281,0.054150894051467224
14282,0.028494720915393543
14283,0.0011124851347821736
14284,0.0011582355791744333
14285,0.0045947656029964356
14286,0.006957126390045469
14287,0.001214753495229284
14288,0.3371338057819919
14289,0.0010590335312710365
14290,0.0011602491740310761
14291,0.0013339532177406067
14292,0.59701110321263
14293,0.0011034141207050922
14294,0.001170716350286158
14295,0.003632622054764411
14296,0.0048947781447306535
14297,0.17133222306626392
14298,0.0009684258007147893
14299,0.003617359287050074
14300,0.0072166952049516645
14301,0.02326884981590272
14302,0.008274169161745979
14303,0.0011719868139041254
14304,0.07317762200839145
14305,0.0011144807114381115
14306,0.007046928315539384
14307,0.34597425469169757
14308,0.029398968968459314
14309,0.017590050480782937
14310,0.0014079865791077363
14311,0.016397262642475773
14312,0.0022837269237373867
14313,0.0010732993306811934
14314,0.004776823807261628
14315,0.017997804030826323
14316,0.023696318670243126
14317,0.0011164248423818429
14318,0.0018469244554679299
14319,0.03968824291917494
14320,0.0014978468332849037
14321,0.00804528259680021
14322,0.07270254992498973
14323,0.0011166955341808875
14324,0.047566650231960404
14325,0.0015427121114681775
14326,0.003846577038917332
14327,0.006263324002614406
14328,0.001223224418352173
14329,0.009951346829152195
14330,0.0030617582114534597
14331,0.0011153898389010917
14332,0.20332609671303073
14333,0.07791211502381758
14334,0.0013738127230849993
14335,0.0012526964199697022
14336,0.0011274194173899845
14337,0.04036986619132454
14338,0.0013744720021947444
14339,0.003214500809351508
14340,0.003357741677516523
14341,0.007134042051776814
14342,0.0015696429609455336
14343,0.025152756344114572
14344,0.07163426347660809
14345,0.1426301232202456
14346,0.018196708832148394
14347,0.0009117516571884107
14348,0.006266447278692575
14349,0.001170716350286158
14350,0.03966014734642096
14351,0.09055404198637827
14352,0.06255958565371429
14353,0.0015181338538364177
14354,0.025931252700362773
14355,0.001535057974064049
14356,0.01383842517785049
14357,0.007432516912873068
14358,0.0024317810126454945
14359,0.03252008473010392
14360,0.06011358544385363
14361,0.028204797367047008
14362,0.21957232771271
14363,0.005943584593640998
14364,0.0010630859733617019
14365,0.011917056766826868
14366,0.1479551362391366
14367,0.03176846223762371
14368,0.24227616581451972
14369,0.000933971022512289
14370,0.0009141715089189122
14371,0.0027116686985373195
14372,0.04645875465931507
14373,0.015425572023720456
14374,0.17909531529382128
14375,0.0015890537588552273
14376,0.09785100665374527
14377,0.008360515179330431
14378,0.0631594907765021
14379,0.001487749274181215
14380,0.006633379226595799
14381,0.0013295791303534732
14382,0.001021274759387228
14383,0.0010604085732493205
14384,0.034980750352512156
14385,0.0043923412618797125
14386,0.007781670806109113
14387,0.015198000613565405
14388,0.0009530068350853521
14389,0.002225712002093172
14390,0.0012634325111567702
14391,0.004011314252891221
14392,0.05028589599722784
14393,0.013556468703425383
14394,0.003730372699707841
14395,0.002670566669472682
14396,0.0011335844322680753
14397,0.0026736038103760077
14398,0.07268327459347194
14399,0.010328951729566905
14400,0.0018260059994020085
14401,0.0016974877412472204
14402,0.0040283681709706734
14403,0.0019275324413672245
14404,0.000983401265708119
14405,0.017249482192952414
14406,0.0028947401403080883
14407,0.0009634988490816214
14408,0.34109129613900147
14409,0.0028313314981915647
14410,0.001314771978445098
14411,0.0011406412663438638
14412,0.0039478045115204285
14413,0.0011050117167238564
14414,0.0035836352706816593
14415,0.0030191254977932664
14416,0.0009810131558916232
14417,0.01874145499562274
14418,0.1986297133897362
14419,0.4446190590862705
14420,0.004621938256242009
14421,0.0009833501766546443
14422,0.0010698739426117422
14423,0.00327277375576486
14424,0.004570578734518025
14425,0.032575322934878574
14426,0.18582830368924755
14427,0.0009666503733941988
14428,0.0012959587485470052
14429,0.007161487005769629
14430,0.006710640648378623
14431,0.0666174633310483
14432,0.0034707668247202193
14433,0.008021733840627751
14434,0.0019401494361830165
14435,0.0040413308202856945
14436,0.002258702360872969
14437,0.002672362715713309
14438,0.001533847856688061
14439,0.0013545629545665514
14440,0.0009924250376836944
14441,0.0009247892047495856
14442,0.0015202497631298995
14443,0.0016319188303187265
14444,0.007857435186982785
14445,0.01514049957209446
14446,0.0013697813483139437
14447,0.0011027435050704668
14448,0.0011169835101873594
14449,0.00260266785824329
14450,0.06639317798597577
14451,0.8779359251915131
14452,0.0016673053578949223
14453,0.0012177951415758331
14454,0.001023856236276148
14455,0.0036026934275453495
14456,0.0023693631491012784
14457,0.0016079910228094605
14458,0.001022106717088063
14459,0.0022004824216865396
14460,0.03148872590636087
14461,0.0013746492293710778
14462,0.0014969774943275778
14463,0.0010628764677203819
14464,0.022291494644516494
14465,0.0011848164235211077
14466,0.0017022225588317372
14467,0.021637481425580044
14468,0.0012528770713938302
14469,0.0017004062013733431
14470,0.0015519287587421435
14471,0.0014310013025753702
14472,0.0012204145341983238
14473,0.001024459207579059
14474,0.010887724759649988
14475,0.001142449169806832
14476,0.0014218280565500693
14477,0.003501569717544
14478,0.0060373222882095096
14479,0.0022629288851913902
14480,0.001492048705195275
14481,0.03446126864197167
14482,0.0037945844584267286
14483,0.0018279803770741452
14484,0.05546694998589284
14485,0.0018879245236305142
14486,0.008517180067464014
14487,0.152860620817012
14488,0.00188582710726115
14489,0.4472747119760434
14490,0.0013161937279173163
14491,0.001075919743093168
14492,0.0016396717543517884
14493,0.02473879297106008
14494,0.34551053279567395
14495,0.00272909503882055
14496,0.02514186984712793
14497,0.0009151185542011823
14498,0.0015356441365016837
14499,0.001979628941636252
14500,0.00236225454330017
14501,0.030673774011324637
14502,0.001169035887037909
14503,0.001800426035004022
14504,0.001142449169806832
14505,0.0027258859130692144
14506,0.0034013221577932897
14507,0.003815084804267895
14508,0.002245927434772262
14509,0.1626359951473795
14510,0.008083789498564194
14511,0.0025405631609461644
14512,0.0009233051956825409
14513,0.0024507910093616307
14514,0.0009964556720160377
14515,0.0009845319435720862
14516,0.001028605943731558
14517,0.0017166866592827985
14518,0.0009884815329249856
14519,0.0025488337208179803
14520,0.015528370680078606
14521,0.032117802820898295
14522,0.05142399291766084
14523,0.0016572392132343438
14524,0.01963744394578426
14525,0.0018817878176873963
14526,0.0015084828670464405
14527,0.0013977710532177786
14528,0.0010608562174673423
14529,0.0020413824655893535
14530,0.0032494490829788098
14531,0.015536930329450136
14532,0.0012014926714324593
14533,0.0031376738245264654
14534,0.001424379913185616
14535,0.0009058275639647326
14536,0.0010571539130330401
14537,0.0011993795759151717
14538,0.08658437301922334
14539,0.0011437458245645987
14540,0.004210013534934054
14541,0.0009963225419153828
14542,0.006513439517448721
14543,0.25667970010727265
14544,0.005308183066148484
14545,0.0011072696105217678
14546,0.002554635547097408
14547,0.03576613818448826
14548,0.00914698698173765
14549,0.006522128318477347
14550,0.004981085588995716
14551,0.008559415334287848
14552,0.0015915001426167166
14553,0.007546388379895663
14554,0.002958739649831079
14555,0.013508326191276244
14556,0.0027086420146146344
14557,0.003307351958163337
14558,0.019911896275982003
14559,0.002180844195889584
14560,0.004956446912146027
14561,0.0016488553202235563
14562,0.002345838538865935
14563,0.007216480143116469
14564,0.004035011006692232
14565,0.0030211118151296573
14566,0.0009030955265432421
14567,0.0011390199764735578
14568,0.007579397820299565
14569,0.0009300237729626828
14570,0.001234569500248262
14571,0.001162373529386222
14572,0.004802861139567113
14573,0.0011051315387919766
14574,0.0015573499373636834
14575,0.0037523487662626405
14576,0.005155332952043196
14577,0.0036431377543582385
14578,0.0016677023393409688
14579,0.002718708775749267
14580,0.013786870250632185
14581,0.05979448682360375
14582,0.0016675946847683743
14583,0.013321778887893933
14584,0.16374245974571586
14585,0.005631507826618275
14586,0.00186083970564814
14587,0.1231096315354079
14588,0.002168174505818238
14589,0.0014436892688693473
14590,0.0028858874626606014
14591,0.001492062095471323
14592,0.003098327045545127
14593,0.0016406460513978243
14594,0.0022577384475950405
14595,0.0027614020448099904
14596,0.1407591582916484
14597,0.0017234799751518477
14598,0.001368032536947751
14599,0.009053987477915828
14600,0.005277341328800501
14601,0.0068689531147228455
14602,0.001368007497257325
14603,0.0022636963433394215
14604,0.004205982849113131
14605,0.00441921978684706
14606,0.0015816026867502577
14607,0.000979118125480783
14608,0.002630198243630244
14609,0.0009420942640511407
14610,0.000925392625516263
14611,0.038755583166353726
14612,0.0058397351887778115
14613,0.011337194764055513
14614,0.010972230717202625
14615,0.004611392826560083
14616,0.0021672460434064545
14617,0.001382231748879901
14618,0.003201034986639099
14619,0.002607780098167084
14620,0.0031794951745967555
14621,0.00862823904398607
14622,0.0016661611456670012
14623,0.007628111065812115
14624,0.0039455692323532325
14625,0.005494760496066665
14626,0.0027886956365709343
14627,0.003976652242206831
14628,0.006184716660413578
14629,0.009327207688500493
14630,0.001341150497282389
14631,0.00273978043681868
14632,0.001080555771861077
14633,0.0012550915605509371
14634,0.005029104718990543
14635,0.0031738341123386184
14636,0.003307354976048792
14637,0.0021652209379860606
14638,0.0015405688363631252
14639,0.0010544672085976764
14640,0.007329004134024849
14641,0.00697292039278973
14642,0.007178134015279832
14643,0.0009077729787359848
14644,0.001134837058433905
14645,0.003158067161870269
14646,0.003311953968262167
14647,0.007922663122046487
14648,0.008142299237362016
14649,0.004195861314687829
14650,0.001068741862131952
14651,0.006007556606382443
14652,0.0070113713341369895
14653,0.0009655502913835747
14654,0.0018573636074799935
14655,0.004390607239875041
14656,0.020196037394195808
14657,0.0016376210842668445
14658,0.054735334641874224
14659,0.007146037963981407
14660,0.0010153399924043788
14661,0.004092960044427198
14662,0.040424008096596166
14663,0.27118950803108005
14664,0.0010298557288105996
14665,0.001438745587040951
14666,0.0022423589541819716
14667,0.002078325934716468
14668,0.14956191752110373
14669,0.0044986900396819275
14670,0.061028439990912335
14671,0.1352090971573964
14672,0.0018515900098429196
14673,0.42912663271167545
14674,0.08313729606441153
14675,0.0047734779038032795
14676,0.07302967551900783
14677,0.002606436781392209
14678,0.0011501067294058698
14679,0.0013480654236965603
14680,0.061602819906046456
14681,0.02944215296507841
14682,0.06926499726960354
14683,0.29977559800587406
14684,0.12392514205960219
14685,0.0021041714403504256
14686,0.0016445797829610336
14687,0.0025025886270819654
14688,0.006548206605860476
14689,0.0015268564302733565
14690,0.009430267001886278
14691,0.012764950313738227
14692,0.012254550739145447
14693,0.002955589556267231
14694,0.001586696439985916
14695,0.03354249000831792
14696,0.10328193851264013
14697,0.0017480879823117148
14698,0.07820816463243511
14699,0.0010721508810208006
14700,0.0017767539964220083
14701,0.002430173524008878
14702,0.0036386428737773518
14703,0.0017079536898665366
14704,0.013461017883957248
14705,0.005961362758663958
14706,0.0009542007194831691
14707,0.004157146954070101
14708,0.0020899954672360032
14709,0.008472092882971943
14710,0.002626961940968174
14711,0.023615616171970444
14712,0.0027895139383013355
14713,0.005116280594895702
14714,0.0014885087273789044
14715,0.062247416827412035
14716,0.0014896644242526629
14717,0.0034761259901892167
14718,0.0029875950947573938
14719,0.04598783188261843
14720,0.013450064097485274
14721,0.0014068307264850292
14722,0.001706629949057487
14723,0.00885890524105118
14724,0.0009711637759034266
14725,0.0017819964357392707
14726,0.07268244281079728
14727,0.001950276003648041
14728,0.002353244489767342
14729,0.07929782402646836
14730,0.008699981059061383
14731,0.002436753512711495
14732,0.003611171593732114
14733,0.0011262697136406024
14734,0.016078616811724965
14735,0.001581187496353985
14736,0.002640886068069805
14737,0.001199045861219677
14738,0.007392923252261709
14739,0.14534390183977183
14740,0.03299498280121716
14741,0.0058074490349575136
14742,0.0013641112281704336
14743,0.002840707531677658
14744,0.0035209753385585293
14745,0.0010975406731898894
14746,0.005934547859196746
14747,0.18889075256228235
14748,0.0063767748290673824
14749,0.0029241276667968234
14750,0.006569922261070207
14751,0.0026156502240922202
14752,0.007409663647577433
14753,0.003829652910929988
14754,0.06065899193765081
14755,0.010576027769894612
14756,0.005173151783660575
14757,0.030734815924201724
14758,0.005886189876861872
14759,0.0014819587697537035
14760,0.003690583500790344
14761,0.00423606939334836
14762,0.0030770649329297803
14763,0.07712281043920062
14764,0.003862235259061878
14765,0.00640969637201783
14766,0.008567457430782875
14767,0.001517936956477956
14768,0.0015813368904815219
14769,0.0010521591444272056
14770,0.0013237950851976556
14771,0.06734268191870736
14772,0.006023002639320913
14773,0.0015771069038553807
14774,0.02789240304482031
14775,0.001365541557876636
14776,0.002115655575133832
14777,0.0023537361777858715
14778,0.03798241271457854
14779,0.018853159715206114
14780,0.11825050723578696
14781,0.0019781651471771993
14782,0.0031707496071520097
14783,0.0016130785054226699
14784,0.00090867434854963
14785,0.026611239223473162
14786,0.0019467617925634764
14787,0.1563662529287759
14788,0.0016986866004656102
14789,0.001808309487680266
14790,0.003257963467716687
14791,0.04154251386572338
14792,0.03542100450792371
14793,0.005262518222760644
14794,0.1610949018386939
14795,0.002343533708468364
14796,0.02474357304629353
14797,0.03347589396994057
14798,0.0052193333669170614
14799,0.0019877176660451795
14800,0.008082913320824552
14801,0.00214379773785906
14802,0.002130276054401975
14803,0.0010348889790129428
14804,0.010710160853141394
14805,0.015069819707713821
14806,0.0018586320800865128
14807,0.00512515840415211
14808,0.08178187959098998
14809,0.0016068282648591206
14810,0.0015813168355166662
14811,0.0028902209667099193
14812,0.0045835276127166175
14813,0.0029874725177721963
14814,0.005532736824727652
14815,0.0025362689158596186
14816,0.022310856662234167
14817,0.00364105006497305
14818,0.013596256387495972
14819,0.0036404526416933605
14820,0.2741504222701991
14821,0.0010729775250762376
14822,0.0424981711009999
14823,0.0238982925003095
14824,0.010210014344508196
14825,0.0016960812482722392
14826,0.000906274633981232
14827,0.0017637371145708244
14828,0.03647448745498475
14829,0.02382503562250934
14830,0.0073278316579671095
14831,0.009567152995777067
14832,0.0043580350355793065
14833,0.007112204878772256
14834,0.021423841831052334
14835,0.003690101000583025
14836,0.0032579073322601313
14837,0.008662591391774657
14838,0.0025623623774398154
14839,0.0030509497185045725
14840,0.004915765583483447
14841,0.003564850881744885
14842,0.004666535614482263
14843,0.0009214486941902175
14844,0.03211716349750706
14845,0.6280941964205808
14846,0.0018175968765752357
14847,0.0018911221128237292
14848,0.026027402738230763
14849,0.002913579590320767
14850,0.0037961566305484205
14851,0.003362513817724138
14852,0.0021265560831265325
14853,0.002681685726360271
14854,0.0015889141085904362
14855,0.0014338512562422434
14856,0.0011414277295738503
14857,0.004395364527186819
14858,0.0015807238471730939
14859,0.00097484925663229
14860,0.0016553223977029755
14861,0.002626554242536365
14862,0.0010883616473033142
14863,0.015063022245199018
14864,0.0011051315387919766
14865,0.001033585393729121
14866,0.0012628629261437275
14867,0.0017068624135627938
14868,0.0010969296468983755
14869,0.003625202952569744
14870,0.005115015059804102
14871,0.0011417937274534357
14872,0.0016753777664099713
14873,0.0018586031260488997
14874,0.0023392109384579047
14875,0.01607525213253801
14876,0.04486790902674212
14877,0.004770034743817504
14878,0.0013081856156665584
14879,0.0012381746941084802
14880,0.0035176915602303798
14881,0.014916586092704265
14882,0.0010652933138856667
14883,0.007397522680103255
14884,0.0015490796977636772
14885,0.0038709977977015057
14886,0.6421767074889252
14887,0.0011700018470682777
14888,0.011284319053194056
14889,0.001071017194131135
14890,0.0017547653318618962
14891,0.0012140968749448783
14892,0.0011535423241199713
14893,0.0018470819811503881
14894,0.012185743037981334
14895,0.006345214604901326
14896,0.34583409226323664
14897,0.9366285684418333
14898,0.20601563181728713
14899,0.0017400433450153456
14900,0.0010756436938424796
14901,0.0010646127929833543
14902,0.0018613820488941357
14903,0.0011901822341681021
14904,0.0025078164384255064
14905,0.002471344214247503
14906,0.026159282909031654
14907,0.0017768939371862692
14908,0.001080555771861077
14909,0.001142449169806832
14910,0.01905885860025467
14911,0.3720107435843712
14912,0.0015897260926371188
14913,0.0017565249561567113
14914,0.011782375326091426
14915,0.003253750251724509
14916,0.002712155431904044
14917,0.0012588897182280157
14918,0.0013317304827868324
14919,0.001305504123844057
14920,0.004205690660489508
14921,0.7118452598256624
14922,0.01230335206218758
14923,0.002017477440300614
14924,0.0018503436232205435
14925,0.0018542981578582572
14926,0.0015007378213427716
14927,0.0011271964708315344
14928,0.0009849445205491155
14929,0.0013417504146275637
14930,0.010702662924976096
14931,0.006010551064538859
14932,0.0031734199330588075
14933,0.001176841753826857
14934,0.0014028262928027619
14935,0.11157831230863453
14936,0.001461617949178119
14937,0.0012104073534499808
14938,0.0014573877853510098
14939,0.027123600076915978
14940,0.0024829333222435054
14941,0.0030366703515525267
14942,0.18068942523488724
14943,0.0015574226040673252
14944,0.009484101084450827
14945,0.0032047114258134247
14946,0.0014754973549588489
14947,0.0014547937661993787
14948,0.0013382510565475491
14949,0.012446867146022996
14950,0.001498006986045712
14951,0.004346520948842053
14952,0.001509515369921418
14953,0.0042898629285653715
14954,0.08258916165811189
14955,0.28272802468534625
14956,0.08331657795173326
14957,0.00567901933245516
14958,0.001311954134801633
14959,0.004455264862856589
14960,0.0970554890942404
14961,0.17384593376875004
14962,0.001418141124095837
14963,0.0016612408469269039
14964,0.0011000786769777046
14965,0.24150668159793034
14966,0.0011361701473940084
14967,0.0011350002892267072
14968,0.0017536556777437641
14969,0.0013619574610738273
14970,0.001037939223594925
14971,0.052446832565206526
14972,0.0015554371156407257
14973,0.0011131791908257013
14974,0.001495779012575855
14975,0.0010566678264098274
14976,0.001707374182111346
14977,0.0019771012688829114
14978,0.0025546147890300654
14979,0.004391582929791042
14980,0.030321637219336756
14981,0.012849736191772442
14982,0.00118211821894986
14983,0.0014224286130160662
14984,0.0042667691304557834
14985,0.005076324336405283
14986,0.006211156908070566
14987,0.0023935814322362326
14988,0.0017999323930464944
14989,0.0011700018470682777
14990,0.0017603729601936592
14991,0.0018079678312434189
14992,0.002022079567902072
14993,0.0018672777114424528
14994,0.2705888164284387
14995,0.0010598405870164396
14996,0.0018716950634991528
14997,0.0011475744881336914
14998,0.0018792108719067268
14999,0.0017398372699104691
15000,0.21842345092123483
15001,0.0013578699725240778
15002,0.0017291858980941852
15003,0.4969276608569114
15004,0.37188386179129806
15005,0.0009499293814880741
15006,0.0010208212568296093
15007,0.0010969296468983755
15008,0.0013905154272842804
15009,0.0018903843356432907
15010,0.0018699612201224997
15011,0.003592103157405451
15012,0.07479868145623832
15013,0.019917288586465853
15014,0.0010953222818447762
15015,0.01471541339433466
15016,0.10169584445601607
15017,0.4215504205762724
15018,0.0012586992370286923
15019,0.0017976074267357508
15020,0.0011224659261800003
15021,0.0010739208280174514
15022,0.0021120684436033393
15023,0.4433935040929157
15024,0.0020674394687322747
15025,0.0787143128994372
15026,0.0023647459896818123
15027,0.001218245914917803
15028,0.0010553297726196122
15029,0.0015669755609107037
15030,0.001640727616334059
15031,0.018555791235728352
15032,0.13903043690252392
15033,0.0014803035655167095
15034,0.0015122573894917396
15035,0.5778831117525052
15036,0.002492943204163583
15037,0.011650686772048637
15038,0.012876424836953483
15039,0.0017150188169269224
15040,0.0014745838751868655
15041,0.001114913516362832
15042,0.00110835048737652
15043,0.0011595220125634321
15044,0.1650605900842537
15045,0.009504638720847048
15046,0.002471131640593848
15047,0.005529399267627157
15048,0.0009858459779748933
15049,0.0013792516727376013
15050,0.001100439794182948
15051,0.001613035505206757
15052,0.03293422440779512
15053,0.0013906671026664476
15054,0.001149140414185273
15055,0.018969464140751187
15056,0.014054734593932243
15057,0.4539499296658655
15058,0.0011870308169429668
15059,0.014874362266613402
15060,0.07043524700360725
15061,0.0014026167444392875
15062,0.0011914842890929905
15063,0.003739480493826033
15064,0.005281238992920595
15065,0.005438761519906146
15066,0.003789465136783868
15067,0.001125776794397358
15068,0.12853682444540981
15069,0.0181299062947868
15070,0.01346494473878048
15071,0.11355101556495575
15072,0.0011373630686131657
15073,0.049467898294284794
15074,0.004348960408370876
15075,0.001200086132069697
15076,0.0010566678264098274
15077,0.0023704080765334147
15078,0.0015070311851806929
15079,0.00110835048737652
15080,0.0012880682403341038
15081,0.001204286031385261
15082,0.8224502979845427
15083,0.43230529212950336
15084,0.0016122456219274162
15085,0.0015899489142279708
15086,0.0010618945840907541
15087,0.0049407931749369085
15088,0.0010540959300278665
15089,0.009152956947169187
15090,0.005649100068338212
15091,0.32138945342253267
15092,0.20317275484772362
15093,0.14101242302285508
15094,0.0021583129843002315
15095,0.001162492425022838
15096,0.06562291692861656
15097,0.0014951036612582207
15098,0.0018652579699508553
15099,0.0010595141275686645
15100,0.007650353038475234
15101,0.0012598807111870445
15102,0.0012022690951078957
15103,0.0017358605093596069
15104,0.002525415159401224
15105,0.04984251408269167
15106,0.24477347907582295
15107,0.0011653826711080326
15108,0.002500842601571449
15109,0.002888417907563406
15110,0.006555455150514287
15111,0.10478262803551172
15112,0.012760842596019402
15113,0.0010926984064053374
15114,0.0011074945145274236
15115,0.0010891870018000377
15116,0.01194107887981813
15117,0.0011498201619922932
15118,0.001802837577805306
15119,0.0012410149931529099
15120,0.0009857475240087057
15121,0.028932098458404793
15122,0.6981637504382846
15123,0.0017024684213739624
15124,0.0012285468854358475
15125,0.0015481024323357089
15126,0.0014810351065300102
15127,0.0011352154779940558
15128,0.0011371580528396201
15129,0.002966356131263236
15130,0.04051161871388551
15131,0.0014888204266962153
15132,0.004722167476218267
15133,0.05756397215764483
15134,0.0014951036612582207
15135,0.005968810986623303
15136,0.028081951487046217
15137,0.10117331178449988
15138,0.014439089349510744
15139,0.0011550402904625648
15140,0.0010969296468983755
15141,0.0012525743695512663
15142,0.0013323604762253008
15143,0.0012956842714793818
15144,0.030327899382701966
15145,0.0010164281051757216
15146,0.0014810351065300102
15147,0.001032736787498957
15148,0.02410942682762707
15149,0.008872201459677143
15150,0.00733590114643071
15151,0.0017369183415122413
15152,0.000985115200763558
15153,0.0011753339806858706
15154,0.012738435978062526
15155,0.021358840860788174
15156,0.003954427958667492
15157,0.16568173476550552
15158,0.01259049096656842
15159,0.46035449529645844
15160,0.0026780715437612333
15161,0.009636123628593772
15162,0.0011034328862815448
15163,0.001195809682826346
15164,0.013681006825056866
15165,0.030308229524735237
15166,0.002591544396568254
15167,0.004466990474600875
15168,0.0018073648722161857
15169,0.0011225772601059455
15170,0.44651506987501915
15171,0.006077545305109302
15172,0.007157021467497379
15173,0.0030304603866847463
15174,0.0970236378733343
15175,0.0035185048545878575
15176,0.006661743198629537
15177,0.0019265871496814734
15178,0.0013550403242101412
15179,0.0024214592488517412
15180,0.013772476768212836
15181,0.0010394672725116763
15182,0.022528599409034157
15183,0.003971060618781324
15184,0.0011743823855913315
15185,0.003163266205543395
15186,0.0011331346538797826
15187,0.0015583677973245627
15188,0.003579047222915183
15189,0.010822425922129985
15190,0.0013567629817362859
15191,0.41589113851158405
15192,0.0010999134083114295
15193,0.0024188051494680304
15194,0.000976622632540026
15195,0.00187440431867051
15196,0.03123990728404802
15197,0.007975678570919572
15198,0.000997954633902351
15199,0.03564713213303288
15200,0.0033102345492969586
15201,0.0014930805224310137
15202,0.0014386935934037014
15203,0.003931834539127501
15204,0.039247709542252034
15205,0.0015552301199715888
15206,0.4137322707006452
15207,0.7793472510224969
15208,0.08250402722456306
15209,0.7819380068177471
15210,0.0030238399181862926
15211,0.0011475744881336914
15212,0.001737872100263974
15213,0.3768964850808241
15214,0.005318187049583273
15215,0.39800234983568444
15216,0.5650816932533299
15217,0.003912608601730453
15218,0.0032618756574237804
15219,0.008517027111662337
15220,0.0012197774586988593
15221,0.015543182922727912
15222,0.002303766496116197
15223,0.0011570892231941253
15224,0.004274879931539326
15225,0.0013529765185107737
15226,0.009892852213437654
15227,0.017291997718228654
15228,0.04079037742468201
15229,0.07986487684713758
15230,0.0013733072317263571
15231,0.0010969296468983755
15232,0.001463694586967301
15233,0.003091153504694027
15234,0.0054828013335866165
15235,0.001934204533822127
15236,0.0014097966539031138
15237,0.0012310198152761021
15238,0.010853059129533134
15239,0.002142197127221635
15240,0.019678142771708252
15241,0.0012246284081382103
15242,0.006996542996461698
15243,0.021566298019843253
15244,0.0011469603755302705
15245,0.011941143339980203
15246,0.007119211469124484
15247,0.001716194949883405
15248,0.0065759259813523
15249,0.0012056412417173618
15250,0.00588563229182137
15251,0.0020156362015761016
15252,0.001395410182955404
15253,0.2592384682601314
15254,0.0018071332766101834
15255,0.0018572606749956001
15256,0.005550719967433465
15257,0.008324795531880022
15258,0.6519650757087658
15259,0.0015708784745009962
15260,0.05405155128467884
15261,0.007604933450959486
15262,0.11158944007800424
15263,0.009327279327140016
15264,0.01864286961816488
15265,0.007087082502282211
15266,0.2859992357396021
15267,0.011518396808708413
15268,0.0013007801079319297
15269,0.0014200005055080391
15270,0.013894830438717117
15271,0.0017724707641052512
15272,0.0011708261664400668
15273,0.0012123212975499542
15274,0.0012638728928563968
15275,0.00622829257133819
15276,0.4138905808954595
15277,0.0014219321591211224
15278,0.030477325606471106
15279,0.0015523878866903658
15280,0.013475773263032764
15281,0.5565699962516506
15282,0.0012683517388469416
15283,0.005354697285391551
15284,0.002198204589025411
15285,0.009999765330293816
15286,0.1546277216607719
15287,0.0016938572261293858
15288,0.0011837273340742686
15289,0.00660270839422121
15290,0.3871635809423807
15291,0.002647226700913264
15292,0.0015935895754709513
15293,0.0012254415478963276
15294,0.003994726509348377
15295,0.002223713621061226
15296,0.010279635067284484
15297,0.0012727386509207063
15298,0.006279360439292784
15299,0.0017188282534089884
15300,0.001176586264244726
15301,0.001105455851254657
15302,0.014709673603818385
15303,0.0553574274881535
15304,0.0015017477639087625
15305,0.004120727972775585
15306,0.008206781486379806
15307,0.0012675093661586633
15308,0.14401564384843
15309,0.001338072188816736
15310,0.0032540349463098393
15311,0.024936687837437438
15312,0.016000414807209914
15313,0.001001659452492732
15314,0.009337791387568623
15315,0.006118182027645902
15316,0.010247916457539918
15317,0.3768017641299913
15318,0.001363712362632308
15319,0.06684791499511053
15320,0.19277916009528054
15321,0.01633292407465649
15322,0.0011154974081343035
15323,0.22824522033660152
15324,0.0010949303500413141
15325,0.005597145607728711
15326,0.037732349107653815
15327,0.0015465040955993047
15328,0.034753726697003114
