index,target
0,0.0009090731006103206
1,0.0022959254104290504
2,0.0013505765954054277
3,0.0007768636314961404
4,0.0004627140110168086
5,0.0004769975782905663
6,0.016662927664076115
7,0.0019111201954310566
8,0.00015931593318819267
9,0.0005407258773780162
10,0.00044040578778429455
11,0.0009001147563649628
12,0.0004044953389041469
13,0.00021901493385081922
14,0.00039107196937717656
15,0.0006953126864621782
16,0.00010265287434710873
17,0.00010590234100984661
18,0.0006708201737809512
19,0.0006920341941093365
20,0.005950789444654374
21,0.0007829463200302786
22,0.0003473368204045743
23,0.002385128794488799
24,0.0008320186499359572
25,0.0006399227464888638
26,0.0005538945388372139
27,0.0005943584661985463
28,0.0003951896677010307
29,0.9980559297973425
30,0.00043570447252913174
31,0.0008558066549532725
32,0.00044662144844562316
33,0.01113223196379374
34,0.0007721613800062751
35,0.0003501575846009463
36,0.0012672066905497496
37,0.00010052264411319018
38,0.0017536005337421678
39,0.009706925317144937
40,0.01772144306360665
41,0.0003025495482163776
42,0.0008582327358596413
43,0.00038744017208187833
44,0.0013637259693928406
45,0.0018335773893500835
46,0.001714921433329751
47,0.0016114636693135456
48,0.0005131401924004694
49,0.001316286011880021
50,0.0010311248621823733
51,0.0013451685315064538
52,0.000516172193731966
53,0.0003544035078879155
54,0.0003548453386639088
55,0.0028782294047420306
56,0.00021962647038973335
57,0.000707726349097556
58,0.00028370444469381543
59,0.0006487426405494537
60,0.0002431220828969369
61,0.00021977952314058006
62,0.012569700766735933
63,0.000283356371976649
64,0.0009141537089777304
65,0.0007274208243187577
66,0.005561157470135579
67,0.00033097497397602764
68,0.012043010267109572
69,0.0012337965387710858
70,0.0017631561353605003
71,0.000735876357622123
72,0.0006851678913379446
73,0.0006665250896648828
74,0.0009811650669657823
75,0.0013428029165477827
76,0.000531233787510164
77,0.002144470491370781
78,0.019673335078509855
79,0.0036695759471666576
80,0.002792807249215515
81,0.0004830486497970711
82,0.0004417790180866122
83,0.0003038204630401088
84,0.0023288466041732478
85,0.0032343160895207793
86,0.11240399207588622
87,0.11361771091476443
88,0.0014153335385341372
89,0.0022567013086669386
90,0.0010432456352209864
91,0.00022857199569784975
92,0.00018891068636967594
93,0.00010027120447053924
94,0.00011238694108528166
95,0.0005821138825572763
96,0.00011252789217345153
97,0.00010747708888879201
98,0.000419593037510817
99,0.00024300630775107417
100,0.002247247258813035
101,0.9980903321910795
102,0.0017729513226452838
103,0.0007921752200819542
104,0.00027231111002428657
105,0.00022844718422481526
106,0.001630031420093523
107,0.0012526343321237325
108,0.00047506354314328064
109,0.0001580931565302559
110,0.00014982954510570006
111,0.008856800535281189
112,0.00010194522950277123
113,9.4415162589376e-05
114,0.00013458656948625933
115,0.0009045890426436351
116,0.0022542535405971668
117,0.0005717037313596236
118,0.0006347680851210692
119,0.000561656815917866
120,0.00011143897935138804
121,0.030416751541128738
122,0.00030299660954649453
123,0.0001377842723935356
124,0.0008076536813007712
125,0.00042808838356136965
126,0.035668759194042755
127,0.025371900824558986
128,0.0003209606141653694
129,0.0625078462190268
130,0.02355409908890647
131,0.06764679902705058
132,0.9978871461566936
133,0.16055126425955674
134,0.006359943886536469
135,0.00039761669067637357
136,0.00024704655520186507
137,0.00022949948908791202
138,9.94026140290342e-05
139,0.0003698008714251311
140,0.002795896310269521
141,0.0009339654110991445
142,0.0014406862454811268
143,0.00018022468612545342
144,0.001317267137447593
145,0.00040446682290217785
146,0.0005635027955603455
147,0.008387769396788983
148,0.0007196621396156706
149,0.1403361949757676
150,0.21600494878206153
151,0.0004049483100567792
152,0.0012528333458382214
153,0.000587794276800409
154,0.00020079628457749438
155,0.0007018969645676102
156,0.0007551252195911915
157,0.0022782595230698135
158,0.28398075902436226
159,0.0010076438661365962
160,0.0007870049862357717
161,0.0221392737480895
162,0.04299492200606527
163,0.0008721606967788895
164,0.0016403053901467071
165,0.007334813550430605
166,0.7596246654557308
167,0.016761578408080947
168,0.0003512309147900793
169,0.00010261534882934599
170,9.722265681960604e-05
171,0.012223430352879119
172,0.0005797701642595318
173,0.0002343029512014194
174,0.0123243682737549
175,0.000799063671353786
176,0.0010281652473181013
177,0.014032323215123344
178,0.00012919416083290449
179,0.0003344453800627802
180,8.859845963903021e-05
181,9.955331676121287e-05
182,0.00045357734066310725
183,0.001441424927247832
184,0.0003974966331760082
185,0.00030134698067375756
186,0.0010206385794819274
187,0.00025935868252975033
188,0.010843086953722991
189,0.00037421470892232947
190,0.0009259488098773945
191,0.000516833992401396
192,0.0004778541430903487
193,0.009853085965061443
194,0.008885871076982419
195,0.005766782980207774
196,0.02291470364326552
197,0.00024048705374508716
198,0.0005436112552591718
199,0.0004293820939698579
200,0.0009036042115311629
201,0.000349595333626184
202,0.0004889194559102359
203,0.0007743577476844323
204,0.002042021848933033
205,0.00080668627656414
206,0.0002407195128438199
207,0.00025389376126329333
208,0.0002676689137746704
209,0.00020775649961473063
210,0.0009715319074544119
211,0.002094661354741835
212,0.0013217590455401643
213,0.008096218641442138
214,0.00021431525242328895
215,0.0003166612928090913
216,0.1454392924190023
217,0.000276481041594394
218,0.0005289049786800013
219,0.0002788430271188943
220,0.00013715438963802338
221,0.00016141877050177242
222,0.00015330959349102097
223,0.00032896682708175127
224,0.09157121447251751
225,0.07799993959805199
226,0.0002986837152972817
227,0.00016087359453121797
228,0.00019710468894702495
229,0.0005974469067822697
230,0.0003705965710847524
231,0.0010937042824673293
232,0.00029169960230695694
233,0.0003941019306947004
234,0.001219801192588282
235,0.0022325096348088298
236,0.0005972961137135828
237,0.0002807520508480149
238,0.9530635458427431
239,0.0006739867326189496
240,0.0015626580634131686
241,0.058282937235033194
242,0.018316517456799457
243,0.004096866304067415
244,0.0011580108700479594
245,0.019538576816664637
246,9.323008790858324e-05
247,0.00010014907309239878
248,0.00010616082504356263
249,0.00010583945448870629
250,0.0001141224031889968
251,0.0019822480740146363
252,0.0005166492273365874
253,0.07559576372353376
254,0.011841457694060777
255,0.0002388729956820207
256,0.00018484358904710367
257,0.0001939355641465324
258,0.000333604034778462
259,0.006737166636734853
260,0.001082775393040364
261,0.00024013949386557718
262,0.00098706543110804
263,0.0008264881741709952
264,0.00018493089728047733
265,0.00025985351749303035
266,0.0002872548675391542
267,0.00041215217943988883
268,0.0013673782991959057
269,0.006151986024857162
270,0.00011472106232317467
271,0.00010077302929970691
272,0.00010025895311244386
273,0.0002395283214794932
274,0.0021637806286503463
275,0.0002929001740343223
276,0.000934462427684975
277,0.00021395072535812542
278,0.00041495314914924403
279,0.0006555632170698125
280,0.0003122649209743704
281,0.011207989026576392
282,0.00033926432483321196
283,0.00010336811550140703
284,0.00010578620650014749
285,0.0019676807361266695
286,0.00014579666504839153
287,0.00015828207738159667
288,0.007991487366476266
289,0.006370440430444274
290,0.0011600498375919563
291,0.0002262926128226892
292,0.00020412305824057787
293,0.00028305949397305436
294,0.00019735018584527819
295,0.0009045755225288365
296,0.001674351920006208
297,0.004182573174719778
298,0.014001513729773749
299,0.0004730252144572622
300,0.000392503823908303
301,0.00029899560566248325
302,0.0010554873296495404
303,0.00010608889703970741
304,0.00010073873236815367
305,0.000496149359952231
306,9.423293604967625e-05
307,0.0006513982733495781
308,0.00017049173549469758
309,0.00022532349516748507
310,0.00030694658714949726
311,0.00030375011838853995
312,0.0008051060464857602
313,0.0002322688726970106
314,0.0073611601590137755
315,0.003057323880921249
316,0.00018305869923477804
317,0.009548345837710111
318,0.0003513116441686643
319,0.0006753002360066541
320,9.929798416623132e-05
321,0.00028885089921224714
322,0.00024951206013257055
323,0.0001372974843893699
324,0.00012926027406120433
325,0.0002911088218306282
326,9.378973202535263e-05
327,0.0004131440291583236
328,0.0004202083123942792
329,0.000445174757616154
330,0.0007754810148250387
331,0.001115017154367845
332,0.00013902052563962577
333,0.00045035886407029225
334,0.0006027129322129941
335,0.00021066189099771572
336,0.000244446528170482
337,0.0003699696732878247
338,0.0005177925851086954
339,0.00021309531465332152
340,0.0002437961490549534
341,0.0008192828192719687
342,0.0004590699162589047
343,0.013441125404571366
344,0.0053942841617012184
345,0.0006835427050722547
346,0.0009058383707221956
347,0.0004353612545770701
348,0.0011421997629798306
349,0.0008002737600893292
350,0.0006309559658502401
351,0.03388057621315206
352,0.10240838832828496
353,0.001290077436021847
354,0.0003572895846647902
355,0.000496064690665744
356,0.0007683271219187419
357,0.0023194245000291653
358,0.0006435042161254528
359,0.003531594842033877
360,0.005615931597819644
361,0.008877421937358342
362,0.00043123688247192343
363,0.0006691644885482715
364,0.0001935582416483056
365,0.00030290424613971256
366,0.002629392959328008
367,0.000491000405013726
368,0.00025236426347567404
369,0.009133619684955824
370,0.0003979834209084462
371,0.0003918347771691527
372,0.0005769056806868119
373,0.0005236150171452112
374,0.0004713849558944879
375,0.00010819745253851283
376,0.29382207135639604
377,0.0011760211257703487
378,0.017806278555599228
379,0.14983273089989138
380,0.0005150936914887669
381,0.0020007703627317663
382,0.0022260355436023805
383,0.000307923187258152
384,0.0007571645888037094
385,0.00030978538758462415
386,0.00010189159844843719
387,0.00029713927435018263
388,0.002297778525206435
389,0.014027783414999231
390,9.213994296825817e-05
391,8.190456531956142e-05
392,0.00019908963874520875
393,0.0001051381127071583
394,9.723247449089885e-05
395,0.00015167220350160025
396,0.00014098283700400544
397,0.018048721593130816
398,0.005631649271356889
399,0.0023204551798141873
400,0.001285375343231863
401,0.26124633328264163
402,0.1210191918331879
403,0.0016067478846483081
404,0.054820669840183654
405,0.05822217480348577
406,0.010873103221581377
407,0.00018715497770627199
408,0.0006215414978708795
409,0.0005018940998234127
410,0.0001896983096550667
411,0.0002619724516023153
412,0.00040741762735234215
413,0.00042606138852303995
414,0.00010570972296738504
415,9.996883527380434e-05
416,0.0020266010539402605
417,0.009115466670263039
418,0.0036692732351069346
419,0.0006281185749611668
420,0.00025984596848131774
421,0.002715313936814331
422,0.00024269283349297356
423,0.00012639621219914086
424,0.9811638489493074
425,0.0005578331020320876
426,0.0007830697901528794
427,0.0042022013107213315
428,0.00014345608115396541
429,0.00014404476718501456
430,0.0006253123124803537
431,0.010040850272500122
432,0.0009050175979995478
433,0.00010010873081157251
434,0.0005505156415347301
435,0.00921295105523479
436,0.00824182183142278
437,9.750433168305202e-05
438,0.00016824378342721136
439,0.00043852057882312064
440,0.000303779302628971
441,0.0003073848224259551
442,0.0010951660814955033
443,0.0008645394848241719
444,0.00022488498707957087
445,0.0015247379895626093
446,0.0008272737985741119
447,0.0003942019353839452
448,0.0002540839084119635
449,0.00026448568894864543
450,0.00035281584619080094
451,0.0009050766063528257
452,0.11382799692812218
453,0.06337771086853516
454,0.000732439080768261
455,0.0003120647134358595
456,0.00022720614863266578
457,0.0013915924874659004
458,0.00014782604883319144
459,0.00010051932051875629
460,0.0002718460746810742
461,0.000442894073728798
462,0.0035311505581854057
463,0.0015077493256076993
464,0.00012557526450912034
465,0.0001239160601949183
466,0.00010447868399251787
467,0.0002973901510927137
468,0.0012691077695478677
469,0.0007340632002017861
470,0.00016850469047283858
471,0.0011899928377308105
472,0.000252581801743969
473,0.00030953110225535017
474,0.0002855892324103859
475,0.008752105674091546
476,0.00041727801812231917
477,0.0031624705406042416
478,0.0010322667410425659
479,0.011348189332790378
480,0.003371930095169725
481,0.00042666254128886065
482,0.0005226064782866667
483,0.03810467337353529
484,0.000252693114318242
485,0.0014871440744267971
486,0.00022147793610495896
487,0.0003853676430529244
488,0.0010667417323876748
489,0.00034801766084967343
490,0.001140674230784216
491,0.0005637057218093853
492,0.0070975421042103306
493,0.00025460075053399683
494,0.00022074511771716108
495,9.309713858302752e-05
496,8.919437657374848e-05
497,0.0010978550808628848
498,0.0008971189927555955
499,0.00031358872670316667
500,0.0022233144276475303
501,0.000862976007380469
502,0.00035624175214494516
503,0.007542209299117597
504,0.0012075559521060274
505,0.0009192344500740376
506,0.0006480772984460593
507,0.0006067960758599177
508,0.0031051240354223603
509,0.0004108596837430877
510,0.0013003526439284872
511,0.00037467572023831467
512,0.0027646751588549
513,0.017628312096617624
514,0.0015789402856185171
515,0.0006142640116220396
516,0.00010124530441796066
517,0.00031976645875121787
518,8.758751560631922e-05
519,9.468573659111782e-05
520,0.19432508316248603
521,0.012229509618747058
522,0.0011529826264325396
523,0.0009497092087524898
524,0.0002310552579004157
525,0.0007188890006192041
526,0.00045683222014920334
527,0.0004754455450831273
528,0.004200604952041021
529,0.0009970803470749489
530,0.00015987613113787168
531,0.00014700642800254409
532,0.00133073777099474
533,0.0008190524303054433
534,0.0007126446530141458
535,0.009723857283040914
536,0.0003599083475852458
537,0.0004847653616504298
538,0.04588404924477231
539,0.061998441251404114
540,0.006389846571259567
541,0.002874885685559444
542,0.0006750686946431432
543,0.00021962689864873193
544,0.0029248055368973685
545,0.003541610969210339
546,0.00020184410749539533
547,0.0032185871078448613
548,0.0017125428173564452
549,0.0003496650673857491
550,0.0015684372600961026
551,0.0003650220771117938
552,0.00036449153783950394
553,0.00023645842871830423
554,0.0004179343332328941
555,0.0001451987532869612
556,0.00013830837845493928
557,0.0010286998945225612
558,0.000810168584483466
559,0.0002348119048107646
560,0.00042945504300029926
561,0.0006619640957618694
562,0.0004365761462597057
563,0.0003057345520465884
564,0.00022187920066914801
565,0.00032344645427780826
566,0.00010114093682690689
567,0.05419889214994487
568,0.0010424372529765401
569,0.0001425607248387924
570,0.004209107782305134
571,0.0006978911172552087
572,0.0004033048919086261
573,0.0002773695421998665
574,9.694673807139132e-05
575,0.0001001708278762749
576,0.9883821650665082
577,0.0002631114752415018
578,0.0009384793624184817
579,0.0006118704095132618
580,0.00015344154808399787
581,9.038566334587051e-05
582,0.001265867821423318
583,0.03048079559144089
584,0.0001870041159825598
585,0.0001581148795416284
586,0.6476002163129996
587,0.001420236015689592
588,0.00010963874491214507
589,9.049412438155369e-05
590,0.00031496900901319634
591,0.06792654829721792
592,0.025967768868021414
593,0.00036277208174648754
594,0.0009320447284847889
595,0.0016971471436345652
596,0.00010366654233317599
597,0.0005012269780019936
598,0.00014449023393524324
599,0.00010077635370100888
600,0.0001349225597055498
601,0.00013547404145576732
602,0.0001325803095224553
603,0.00012665761007329453
604,0.006828773554225553
605,9.371833988196396e-05
606,0.00010074568775916841
607,0.0008188678042039988
608,0.00021008385639346752
609,0.7567152613653102
610,0.0003357679682625893
611,0.0009651942834557937
612,0.0013506819270671477
613,0.0002961014667863959
614,0.9856543925326354
615,0.0017092600978165264
616,0.00032232162646832045
617,0.00011223814995510726
618,0.00011766387821836812
619,0.0002566006331761357
620,0.00200073014460785
621,0.0003586612041665073
622,0.00011076639093643913
623,0.000519830865826635
624,0.00010631035551534373
625,9.682572054231578e-05
626,0.0004427439375509241
627,0.0004902411898870288
628,0.000377051097181769
629,0.0001368727157056417
630,0.00019256968047898047
631,0.0035648220414436988
632,0.008024897285764596
633,0.1391661035921297
634,0.0017148341342533013
635,0.00043208981417688236
636,0.001053216845916024
637,0.0002850469830602206
638,0.001104703666936211
639,0.015016221184111745
640,0.0022807657482367873
641,0.0001462831080811152
642,0.00014393126390543115
643,0.00036900874862527255
644,0.0013214058332893005
645,0.000277606576702767
646,0.0017953047188761409
647,0.00010584561349255084
648,0.001011679516505507
649,0.0010184084788417134
650,9.90362938350049e-05
651,0.00010823284630939942
652,0.0006534926328456122
653,0.0010551494174970877
654,0.0006009720748209213
655,0.00010056774849118906
656,0.00010236560077408647
657,0.00019689587325020255
658,0.004597861530870379
659,0.0003907284892150766
660,0.0016388736741070067
661,0.0011614312632007016
662,0.00066286081179087
663,0.0670529765303087
664,0.007884229210681213
665,0.00017316296589664195
666,0.0009422893788070147
667,0.0018773229929558981
668,0.00042839818458819756
669,0.0005320147559540714
670,0.00038705370485494085
671,0.0527021152146652
672,0.012000516578142217
673,0.0036897757554847387
674,0.00023167700849162815
675,0.0008590036733945184
676,0.0004708901210170844
677,0.00041257529409699327
678,0.0007042500381942962
679,0.007720904199073467
680,0.0012329894854629926
681,0.0002589616550734739
682,0.0016505294194575956
683,0.0003493665651188913
684,0.0004696119943858396
685,0.00029605901306333995
686,0.0002960889883064633
687,0.0012744950085113514
688,0.017989554852114804
689,0.00043554898301166047
690,0.1475229164808372
691,0.00033322430260204685
692,0.00040502716284119633
693,0.01431509790135162
694,0.00024328439162550836
695,0.00027634965641625713
696,0.0010824781577773736
697,0.000777459757992532
698,0.0010587766652764927
699,0.00017274135083691967
700,0.0010288946109092516
701,0.0005436518001587598
702,0.0015219247123313847
703,0.0003320369975712113
704,0.00019105302953022346
705,0.0005954084398436283
706,0.0008190299497883239
707,0.0006658381607288162
708,0.003926274316921866
709,0.00026847794170317755
710,0.0002524572711091521
711,9.988668042804004e-05
712,0.00039715421106077144
713,0.0001985888981990126
714,0.0009656551910745225
715,0.0013046958720423674
716,0.0003111734046202331
717,0.0007462850133275274
718,0.0002123941180125404
719,0.00034205333478799066
720,0.0003797883779173824
721,0.029930679656518865
722,0.02975419907060258
723,0.0005948978405295893
724,0.00042148152987656366
725,0.000667561245535202
726,0.002082634319128685
727,0.00017764087570518104
728,0.0003126979316990395
729,0.0011146973662022413
730,0.33726313791699813
731,0.0009008927260640891
732,0.003617601740871569
733,0.0004297360953851801
734,0.018171146480039292
735,0.006489792086623961
736,0.001863115904895772
737,0.0002977237042445666
738,0.00014345684453147457
739,0.0006946170776770346
740,0.0003302119506582158
741,0.008036498512465868
742,0.0005069236354976731
743,0.0005582417631767346
744,0.00026967764666140835
745,0.0002197280242382142
746,0.004435101838034341
747,0.006983320057770144
748,0.06923827570207786
749,0.0012206184216942294
750,0.0002689226002537846
751,0.00021302472043923905
752,0.00034078207044344673
753,0.000394584854377701
754,0.0017412205475597665
755,0.0002034408319728441
756,0.000493896646954022
757,0.0025142970970831887
758,0.0007741009661017241
759,0.0005198423574244065
760,0.9989353409500094
761,0.0003482476836097571
762,0.0006113813100800585
763,0.0063629143762598695
764,0.02026387667348373
765,0.013824415368784416
766,0.0013532198841585271
767,0.00046470106840180503
768,0.00011521477370627767
769,0.00016475329489205737
770,0.004545735138939056
771,0.0002285614492213527
772,0.00048803172359543855
773,0.0002714744759273383
774,0.0005970389869744947
775,0.0005511944778560711
776,0.00139367621384392
777,0.0006375004139022656
778,0.0002377496037940539
779,0.0003549838281415061
780,0.16057007568886844
781,0.0006236459007979832
782,0.0002959660072836053
783,0.0010163601832440254
784,0.0005881273630054462
785,0.0003271421421766526
786,0.000530174164058477
787,0.00023078353702949702
788,0.00028211455221389096
789,0.00034988635309537856
790,0.07784050206224302
791,0.017701666468311915
792,0.0064649924096087715
793,0.002260434510214507
794,0.0007919332831408368
795,0.00015606174842834516
796,0.0007510558448136811
797,0.0001415351658130864
798,0.00022802309914960744
799,0.0022506734141968096
800,0.018359142174512462
801,0.00044988703827413413
802,0.00011156968939298882
803,0.10339026895763945
804,0.0004372712711450119
805,0.00016605341121279265
806,0.011740765676426746
807,0.0025624319866291716
808,0.0007542633479108208
809,0.07992824515733986
810,0.00010959838028699448
811,0.00023465304195868908
812,0.02676445893219772
813,0.0027006015618679306
814,0.049005338948220005
815,0.00035883168020555843
816,0.0004918802412799469
817,0.0015185035608830375
818,0.00015369879836058263
819,0.0001465048698844317
820,0.0004650874946499216
821,0.00014020069948289006
822,0.00012289909007205286
823,0.11274386498112346
824,0.0002736646380024635
825,0.1353464358411261
826,0.00035372616132250414
827,0.016143727376827354
828,0.0010049327004146695
829,0.0027479970402187995
830,0.003543097557803384
831,0.0008469289846335659
832,0.0005558684089578743
833,0.00034413899419147504
834,0.0003611503854201028
835,0.00031596729625119616
836,0.0002089792628372945
837,0.0007686599449520011
838,0.0015951710643840988
839,0.0001071068206079782
840,0.0017352106520973937
841,0.0005048328934692765
842,0.0011824535810887617
843,0.00056476533028327
844,0.004088849635414434
845,0.0001573717228207756
846,0.0006976331442692079
847,0.0006330049845321565
848,0.00015438769490664197
849,0.00023250960331009564
850,0.0015918170847148514
851,0.0006642463864998513
852,0.0004913335510344753
853,0.00023988830677997144
854,0.042455773113082296
855,0.0002896892983265532
856,0.01212086734768802
857,0.017056620109723093
858,0.0011257520665433932
859,0.0011584803183358745
860,9.75798821874189e-05
861,0.00027012034514115285
862,0.00025720065498109867
863,0.0002443845018528009
864,0.0003639311821866239
865,0.0007206765752228806
866,0.007164101037103775
867,0.0002434325604046732
868,0.012325061316390882
869,0.001977032166319327
870,0.00033062446757244345
871,0.00038753407773987555
872,0.00037628168170494066
873,0.0002481024184689686
874,0.001212692134401305
875,0.0011802406496565806
876,0.00019746851689917623
877,0.00023929396843379476
878,0.0005808583422287699
879,0.0002949074091177856
880,0.0003125996497231547
881,0.00021520250057198556
882,0.0004792807787355239
883,0.00010794325418855525
884,0.00012191486853321601
885,0.0006971522637585087
886,0.0003669273748785421
887,0.0001779299954752629
888,0.000967520194522104
889,0.0013354192964655973
890,0.00036662287740620166
891,0.0008260292015379511
892,0.00045217502843805874
893,0.0005627903963630918
894,0.0003369962475099659
895,0.0003992033463210134
896,0.022742354537355004
897,0.0005033425287471349
898,0.009332054805734815
899,8.84018863435969e-05
900,0.001217063579152849
901,0.00024667568435560085
902,0.0006189686731144317
903,0.0015675252341905567
904,0.005251615475516306
905,0.0005377432011820346
906,0.0014369414609711802
907,0.00033948771859843263
908,0.0010265003297285024
909,0.00012940744113715909
910,0.0002020988594210401
911,0.00025194346273804506
912,0.00019293725235706543
913,0.0019981943327739057
914,0.00035546224168305846
915,0.0003571312957455039
916,0.015976134222254725
917,0.0003335076407865226
918,0.00043170030048221705
919,0.029195068342526564
920,0.002634667917639169
921,0.0021314992372541103
922,0.011643141988099235
923,0.19332241075569562
924,0.013580747398078111
925,0.00010838397117909973
926,0.0010035809880820565
927,0.04720966082325949
928,0.00028393066846941806
929,0.0036574347442320564
930,0.0007367520789675519
931,0.0105890646921024
932,0.022512410790727227
933,0.0001625741799118289
934,0.00011000374969302028
935,0.0006628994959759037
936,0.00019374831536085236
937,0.0002693154773964934
938,0.0007492344381577647
939,0.00020745636540752204
940,0.00010384992054937119
941,0.000100171755288295
942,0.0027320704281224074
943,0.0003446190661792636
944,0.0005629744788447633
945,0.00023293078295575075
946,0.0008937784120539034
947,0.0003077851910851856
948,0.002162038486070164
949,0.0009048690075897454
950,0.00014749183780263876
951,0.0009186857963911386
952,0.00010655430881834275
953,0.0005462731382842919
954,0.001235695971025042
955,0.0001258873366461088
956,0.0005304271899483836
957,0.000769334942426406
958,0.00024064714470497804
959,0.00010319555787103973
960,0.001190225166307159
961,0.0006135350301875674
962,0.00043711014183926597
963,0.0005428210072789183
964,0.0005612041806384294
965,0.00010787802234281454
966,0.0019355894914316577
967,0.008173108056613762
968,0.0007882803677095391
969,0.00012952194122288355
970,0.0014924342799370772
971,0.000564268394899361
972,0.0007214828607278636
973,0.0002750865387663256
974,0.01697214788745071
975,0.0022209104485206195
976,0.0012547488210609297
977,0.0020612021083446916
978,0.0011599874415879976
979,0.00016277535570850493
980,0.0002287923807174509
981,0.00013589016289530039
982,0.0016288081171604162
983,0.0018440321900189457
984,0.0014445419585737231
985,0.0004191009141517291
986,0.0018487256840842563
987,0.008001801170233401
988,0.0007074826737767734
989,0.00042916271668714775
990,0.013529451574438623
991,0.00027160250729476085
992,0.0009786413751560778
993,0.0002868176373652531
994,0.00013781205965557336
995,0.0004234342342980973
996,9.538648474037247e-05
997,0.00026660192760364
998,0.00044033917386798337
999,0.06882200445770283
1000,0.000502645090305909
1001,0.00040853482026671566
1002,0.0006750651431065707
1003,0.0004580738582083084
1004,0.0005040618335636856
1005,0.0009899724500538648
1006,0.0005470165420400637
1007,0.0008382145449349133
1008,0.00015928338199314683
1009,0.00014392800840298822
1010,0.00031971988242693636
1011,0.0009972497087513872
1012,0.0002475539297814132
1013,0.0005815231561073201
1014,0.015719990943797685
1015,0.00023705571426077508
1016,0.00035747059175723634
1017,0.013078217906544532
1018,0.0005561218994698521
1019,0.0007322063366989889
1020,0.00010142685516007189
1021,0.0017926777348809015
1022,0.0008525522349228547
1023,0.006985181118020245
1024,0.00014741547981954247
1025,0.00043180223589994634
1026,0.0010691089632185436
1027,0.00021020719358174651
1028,0.00021126027042617964
1029,0.0004770265379487203
1030,0.009985854161078871
1031,0.0006968324347647674
1032,0.0006511736478247473
1033,0.0011940779876581402
1034,0.0007387515297104045
1035,0.0009124928443929485
1036,0.0001494212126982344
1037,0.9971875433226176
1038,0.0014652299348099878
1039,0.0003391161053107981
1040,0.00022019743594687673
1041,0.0005118993027385412
1042,0.1795430922947363
1043,0.00019436281458957077
1044,0.0002863591456803061
1045,0.0001322995637994212
1046,0.038428023357470906
1047,0.0006793438405520401
1048,0.00044295709869194964
1049,0.00035990435545128606
1050,0.00029013935715885384
1051,0.020445047994425255
1052,0.0008888372571905313
1053,0.0018800595053204757
1054,0.00010063028259462965
1055,0.00013895140148282504
1056,0.00023355450826136964
1057,0.00025204651205978175
1058,0.0006298512661805792
1059,0.015509593748541689
1060,0.0025874624565045672
1061,0.0019389143505313753
1062,0.001213116935727812
1063,0.00033245215721410475
1064,0.0004732124995829699
1065,0.03332260237852845
1066,0.0007229605899418127
1067,0.0008148868765618605
1068,0.0002487922806695904
1069,0.00016693974846392466
1070,0.0013359011313527859
1071,0.07558690911349139
1072,0.0017194256535341742
1073,0.0003175463558193018
1074,0.0002148751075090669
1075,0.011565690013587971
1076,0.00018609167836305726
1077,0.00022076708499953827
1078,0.00013857968560833
1079,0.00047170949532532037
1080,0.00020313364108233623
1081,0.007414193686366821
1082,0.0008154288971755254
1083,0.00963781612401968
1084,0.00021887811796566332
1085,0.00021757085206589827
1086,0.0005601691284692823
1087,0.008160813884988686
1088,0.0009838855779919955
1089,0.0003987317731376151
1090,0.0005451415878054518
1091,0.0007088056095261782
1092,0.0009906825338909509
1093,0.0005845788699567723
1094,0.0003839810380047985
1095,0.0034277768339079986
1096,0.0005812478059680537
1097,0.0013773511238725426
1098,0.00019329450426207082
1099,0.04376583328833542
1100,0.00024403113067364177
1101,0.004566170802790153
1102,0.000339178250458736
1103,0.0011817110391501796
1104,0.00011465227622427768
1105,0.0001318631000438477
1106,0.00021282353909496252
1107,9.437955144655092e-05
1108,0.0004756792115042827
1109,0.0013115984711024303
1110,0.0003315235729297437
1111,0.00025254119861854946
1112,0.000332828199728037
1113,0.01121631751346115
1114,8.311967757798721e-05
1115,0.004753043762732291
1116,8.248863829143929e-05
1117,0.00017888539907509515
1118,8.908612852944893e-05
1119,0.00025773976196866795
1120,0.00047303330400316095
1121,0.00025806767130740084
1122,0.00014679672307753733
1123,0.000988846206882697
1124,0.00014025584368524265
1125,0.000536181371434806
1126,0.0005633885491987949
1127,0.0003182998919997194
1128,0.0004290732205792363
1129,0.0005969223968360274
1130,0.0019048332628309752
1131,0.0004786508448008554
1132,0.00036098680594284733
1133,0.001794452267493509
1134,0.02604023606256987
1135,0.9981181898512475
1136,0.00032674828738712855
1137,0.012554504010205086
1138,0.00031199271477911494
1139,0.09187384587118222
1140,0.0563146519687463
1141,0.0002106655500248464
1142,0.00015474123873825417
1143,0.00024823741217705567
1144,0.004904516376086067
1145,0.001776594905322971
1146,0.0016817586717705348
1147,0.0017028723072325621
1148,0.00042930714209904203
1149,0.00027242735516074776
1150,0.00026383606860679867
1151,0.00014871143493894398
1152,0.0002812337744737475
1153,0.00012693596767421496
1154,0.11404533428523334
1155,0.04289652023511105
1156,0.013655466460938487
1157,0.0035365889662899996
1158,0.0004300875954904344
1159,0.0029721358176059043
1160,0.0005031348893444838
1161,0.0006569116359551707
1162,0.00019210763490861752
1163,0.23020416914700664
1164,0.00022965303615695215
1165,0.1392892394044106
1166,0.0003677351673786358
1167,0.00577179321726981
1168,0.053374391172965066
1169,0.0002827843312456341
1170,0.0008329923442122291
1171,0.0011195600642347806
1172,0.0024226374250865385
1173,0.0005745030969458349
1174,0.0006465753529997507
1175,0.001201376130120935
1176,0.00046434287822403713
1177,0.0025664754759335603
1178,0.0004304838640383367
1179,0.00042418277226806964
1180,0.0005936312546434235
1181,0.00026109242190797464
1182,0.0012716914066073395
1183,0.033722878353903155
1184,0.009298409761369338
1185,0.0005094920294752886
1186,0.00011166125019367531
1187,0.00042734320153589
1188,0.00208059046403702
1189,0.00034802240854115075
1190,0.0004594505936501259
1191,0.05005702510190021
1192,0.0002453754182851505
1193,0.00022896148486667745
1194,0.0008606196103375771
1195,0.0026943892559487715
1196,0.0006344368993078286
1197,0.0011701659391828198
1198,0.00019604760973338209
1199,0.0006359815455298193
1200,0.0010296690220522042
1201,0.0007450482936562685
1202,0.0008258641508645019
1203,0.05361020279099604
1204,0.00035138023135380134
1205,0.0002313938497669075
1206,0.002670274198033059
1207,0.0002723976772894395
1208,0.989134691112578
1209,0.0005052500561361351
1210,0.0020612308798630915
1211,0.00037004648252398937
1212,0.0030766753426953396
1213,0.0003044926914490153
1214,0.0005340663518217945
1215,0.00028747175297698174
1216,0.0003478431762379209
1217,0.0011063832231314574
1218,0.0002664068719718612
1219,0.001518641507342632
1220,0.015984176496063714
1221,0.0024091130598657006
1222,0.000721387690923484
1223,0.00028976206369695564
1224,0.0006747022261950273
1225,0.00023005245443808863
1226,0.0006937340257457253
1227,0.00021130929286157607
1228,0.000724967905057844
1229,0.00028808245213759597
1230,0.010709152960267984
1231,0.0004156748912375229
1232,0.0001389571066315398
1233,0.003404293197903413
1234,0.0004716808400190101
1235,0.0005685967600568091
1236,0.9948844895860107
1237,0.0013024091486700893
1238,0.9993150789813475
1239,0.03426921621414628
1240,0.0004358356183241694
1241,0.006803922117845475
1242,0.003586608339009713
1243,0.08110266857333744
1244,0.0016652078806692068
1245,0.0002984776666569941
1246,0.0004636966316794328
1247,0.00041007008317747566
1248,0.0012636779866974145
1249,0.0007328147710606486
1250,0.006997661472822683
1251,0.00015677775604833638
1252,0.9979982070263882
1253,0.0003540353190313099
1254,0.0003983590579443688
1255,0.0005582391130883075
1256,0.00033597624981380016
1257,0.00023135113619658702
1258,0.022261321044034395
1259,0.00038247999893268366
1260,0.000217510807440851
1261,0.0006244315630382656
1262,0.0005030122325433177
1263,0.0007389839244229021
1264,0.0006343835877930312
1265,0.00040542326633428657
1266,0.25991431756402983
1267,0.0001492301008957161
1268,0.0001638871194071042
1269,0.0006245970845101175
1270,0.00022488355854608893
1271,0.00013865853094896928
1272,0.0006350246926557249
1273,0.0031054188556667237
1274,0.00048275068909080546
1275,0.0025107075968923134
1276,0.0002391284586272821
1277,0.0003295687922210595
1278,0.0007639773551782297
1279,0.0007841080374779112
1280,0.0008827747744062598
1281,0.01739527429205567
1282,0.02081195349015395
1283,0.0010525572616014343
1284,0.0018211857252338481
1285,0.0004758367080724156
1286,0.0016159459510995768
1287,0.9284172595959198
1288,0.9978975281989785
1289,0.0004366327638771336
1290,0.2014040660793933
1291,0.9993168502098303
1292,0.011732831623012368
1293,0.0062139798129454155
1294,0.0003346084804359725
1295,0.00034668822311428947
1296,0.0015782843320650934
1297,0.0002846872705246181
1298,0.0005636645507679698
1299,0.00044619426860856927
1300,0.003868679429242127
1301,0.0007187475463658561
1302,0.00023384723315184142
1303,0.00030321774732608225
1304,0.9972645898580683
1305,0.0005019542940569447
1306,0.9993019171881778
1307,0.0001975769155986798
1308,0.23173654537072821
1309,0.0031379656535450175
1310,0.00033552243855237854
1311,0.0002340155714276319
1312,0.00039299817616894806
1313,0.0001399202287514339
1314,0.0001399202287514339
1315,0.0005248928209716983
1316,0.002472177572554084
1317,0.04418606206282184
1318,0.0003334845895418648
1319,0.00042771368753729953
1320,0.00047708581264901473
1321,0.0005434451890306283
1322,0.00029629090309371217
1323,0.04806027121211491
1324,0.0007119538634632355
1325,0.00040582028926011194
1326,0.0004832673929062163
1327,0.0007403722701406571
1328,0.00010733000790734678
1329,0.00012052310716577663
1330,0.00022063575049200527
1331,0.0002855620940439114
1332,0.4108634061354032
1333,0.5759733196346555
1334,0.9990502298924782
1335,0.00042840840012652417
1336,0.0004009261321986734
1337,0.00041077167149208073
1338,0.0003071797825518002
1339,0.00013386044925876587
1340,0.043832365031809775
1341,0.00040993810125541366
1342,0.0007007901660751044
1343,0.19461841066818844
1344,0.0004021195947427293
1345,0.00018622699551502567
1346,0.0002890974015258798
1347,0.000248267902827832
1348,0.0004634067000119053
1349,0.00023384351816855184
1350,0.010404337993342203
1351,0.0004258528312164783
1352,0.0004353699341056552
1353,9.62116297479164e-05
1354,0.0002824038008923884
1355,0.008894828292887073
1356,0.0005090072316255585
1357,0.0009421279102362764
1358,0.0002880883695489604
1359,0.00018861409494616064
1360,0.0008731027999998595
1361,0.0005548113012027229
1362,0.05386687465584272
1363,0.03321128612377987
1364,0.00030048424741328165
1365,0.001152034358801382
1366,0.00029168227539202177
1367,0.010008959048054595
1368,0.004753985572437202
1369,0.00034709902402246627
1370,0.0004050120418595168
1371,0.0003673218322094544
1372,0.0006213986322184858
1373,0.05220435284033885
1374,0.998994378696412
1375,0.00015001928316276026
1376,0.0035517001146026994
1377,0.00832425910055159
1378,0.0006646680755952462
1379,0.022728343357862116
1380,0.000309329625645157
1381,0.0007535562423897654
1382,0.00032074315047917265
1383,0.00021126622635088077
1384,0.034917566211629975
1385,0.0014783937705705823
1386,0.0013662628645271947
1387,0.00021977487508056313
1388,0.0003328893114829406
1389,0.00022620211437768847
1390,0.00032100311656090886
1391,0.0003033972382924071
1392,0.00018092589060105758
1393,0.00010558289062297928
1394,0.9986824319534415
1395,0.0007682400065851146
1396,0.000530516161968271
1397,0.03803958657944741
1398,0.0019350057643737462
1399,0.0008976939249561753
1400,0.000882974509697871
1401,0.0003276131758247661
1402,0.0003375811741939987
1403,0.0005617541983908449
1404,0.0014402871780090664
1405,0.0007890027695242585
1406,0.0011396806601103138
1407,0.0008622123235006055
1408,0.0003051349753830289
1409,0.00043928672433503346
1410,0.0005583740152478624
1411,0.9989051878768244
1412,0.0010278662165047407
1413,0.00014165021396338686
1414,0.00039842846921645545
1415,0.0008611692695904491
1416,0.164076993355264
1417,0.00011864965312728977
1418,0.0010591889863734503
1419,0.00037871972008525896
1420,0.00014001971299505976
1421,0.06194116648910207
1422,0.00036706610777530977
1423,0.002971992230736277
1424,0.0007527643291485727
1425,0.001265739418851716
1426,0.00033711474097717796
1427,0.00013004667507135055
1428,0.0006789070190556642
1429,0.0006263899827589515
1430,0.00021564926027307354
1431,0.0007497158838019515
1432,0.03283482729509964
1433,0.0005743100788500169
1434,0.0011782782339502336
1435,0.007082353195290084
1436,0.00017384651985390392
1437,0.015909431120299834
1438,0.00559342270687152
1439,0.0016645755955740354
1440,0.0007170981422010756
1441,0.00020299799486125607
1442,0.00024929511263575735
1443,0.001497518398155772
1444,0.003301587872338018
1445,0.0004594761522884377
1446,0.00026107494244488713
1447,0.031833582955651876
1448,0.0064896465989018
1449,0.0006293685859304081
1450,0.00033736296933330087
1451,0.00024831976545695465
1452,0.0005242000398812841
1453,0.0007747105968631458
1454,0.027012312013590244
1455,0.0005284213698070108
1456,0.0006983158087272469
1457,0.0004057735654638828
1458,0.03449834984927035
1459,0.0018942009116426513
1460,0.00016543340438617094
1461,0.000358542685402072
1462,0.0003889356731786831
1463,0.0010041450741376955
1464,0.00761407576421058
1465,0.0006202898482286863
1466,0.00044309791667060714
1467,0.0009199365193639335
1468,0.03375601170519202
1469,0.0005058033742174692
1470,0.0010414012593243616
1471,0.013584905301306714
1472,0.00033781114535832237
1473,0.00021698768660828631
1474,0.9986383081451458
1475,0.0005834838075480228
1476,0.00047340782820941556
1477,0.0002053734031482491
1478,0.00028262603817866624
1479,0.00023445403306158034
1480,0.0015331662460761342
1481,0.00029658907015587047
1482,0.0005497016442933689
1483,0.0005188599618420765
1484,0.0002886676755578685
1485,0.0033757888873361666
1486,0.00028972497014350854
1487,0.00011447982721849363
1488,0.0011588354091902815
1489,0.0003952612890233263
1490,0.00022317085631625534
1491,0.000342230091872853
1492,0.00029155292678190615
1493,0.005393075945607692
1494,0.0029135412636735344
1495,0.00021611789161490145
1496,0.0004874918256405172
1497,0.0007015914810375483
1498,0.020252096218875117
1499,0.0006583021128198792
1500,0.00014703350550432574
1501,0.00011022322608903029
1502,0.0005010269854817035
1503,0.0593773873699643
1504,0.0006807736599051494
1505,0.000706919726092206
1506,0.000779369874161969
1507,0.00028583977835232197
1508,0.002998608897699119
1509,0.00022542885044335675
1510,0.00027393553165328433
1511,0.0007960870204051403
1512,0.032997524850435764
1513,0.03493024645193811
1514,0.00018835662958567888
1515,0.00023057785506318162
1516,0.0005082162031850411
1517,0.06283915358217171
1518,0.0011313017231524148
1519,0.004181654877424323
1520,0.0001435213124726696
1521,0.00029988167880271553
1522,0.01285786102329373
1523,0.00025891603649167257
1524,0.0005573360387632891
1525,0.0010568740120180037
1526,0.009559627141879551
1527,0.00017243484353458223
1528,0.00045621640865964335
1529,0.00037134240781272156
1530,0.0014535585558926474
1531,0.00032628225705142193
1532,0.00013535735792282212
1533,9.586661614030174e-05
1534,0.004412273016048561
1535,0.00107430218336532
1536,0.00023652445210950692
1537,0.0004295541855912534
1538,0.0002925411387443207
1539,0.007742910939189067
1540,0.01947067873827308
1541,0.11758877126546725
1542,0.0031243247889545635
1543,0.0002836591837532123
1544,0.013804130976267348
1545,0.00015284129768845697
1546,0.0002435944587966474
1547,0.0001280192835461632
1548,0.0003386717869887098
1549,0.002205840513517432
1550,0.0006592848965699781
1551,0.0005633335263286659
1552,0.0002018229640185546
1553,0.00023072445588845193
1554,0.00123014803405793
1555,0.04132311782719526
1556,0.009351180813617145
1557,0.0015900386850354387
1558,0.00026674954860303
1559,0.0011397186396956607
1560,0.0001805520397071524
1561,0.00034179973676329675
1562,0.9988526017895529
1563,0.0002684419075714201
1564,0.0002733414603914499
1565,0.00867876295929533
1566,0.00018403019767088084
1567,0.00035801088201810197
1568,0.00023939365880672634
1569,0.000831652377667296
1570,0.0002827125654000572
1571,0.9985841477985178
1572,0.0003138934002475366
1573,0.0010392949482331982
1574,0.0007546216799493087
1575,0.00016607896866246245
1576,0.0010711108313189457
1577,0.00034219346042048724
1578,0.001379606194266163
1579,0.0026780059166447412
1580,0.0006440405288145805
1581,0.0028537534784326716
1582,0.0005060827713213253
1583,0.00029792038600939797
1584,0.001059675878326794
1585,0.0005985020267580293
1586,0.00020334385845512557
1587,0.0002189323260341743
1588,0.09106766208942108
1589,0.0005098875542715619
1590,0.0004764508162545134
1591,0.08443186526505533
1592,0.002751908529025644
1593,0.00038311387450210086
1594,0.04530352072501194
1595,0.08838832509743391
1596,0.0008245144569781129
1597,0.0010123023716543534
1598,0.0007148962145055841
1599,0.0008476628164362631
1600,0.0004099507066941695
1601,0.0003712052775851274
1602,0.00028720700715171785
1603,0.0002609714098440769
1604,0.009151618650989284
1605,0.0003321317156037
1606,0.00029551610340246813
1607,0.0008430415807703671
1608,0.00044969895114599725
1609,0.08025280563207432
1610,0.0003001503590909985
1611,0.00034276996758578145
1612,0.0003264800476480118
1613,0.0009231549285431698
1614,0.9878915786032444
1615,0.0005849844128356817
1616,0.0005232255171363267
1617,0.0017782901538398877
1618,0.017327500480591014
1619,0.00034089621336299127
1620,0.0002646581962729797
1621,0.00021622458334678418
1622,0.05005864914570614
1623,0.00035451152458003106
1624,0.0031782345250909935
1625,0.00012843846424978651
1626,0.00017882452553776327
1627,0.974760434016613
1628,0.0007121146895562846
1629,0.00026083548387186234
1630,0.0007604626751997296
1631,0.011563789942809766
1632,0.00031876308225908215
1633,0.00021655984378455661
1634,0.0008101644409461682
1635,0.0002567394116387824
1636,0.0013610387690602588
1637,0.0001409141481893354
1638,0.00029712099909915394
1639,0.00028242443902884337
1640,0.00024220626353788907
1641,0.0009398441077390632
1642,0.0005840996164044466
1643,0.00028431120791975025
1644,0.0038668230701840835
1645,0.9981253957005418
1646,0.000322748090162875
1647,0.15005810185356178
1648,8.938261061739972e-05
1649,0.0013233803324345242
1650,0.0010993723524304415
1651,0.00023437477996037445
1652,0.00010029162824879608
1653,0.0004340141741890083
1654,0.0018261883745649902
1655,0.0002724104364934053
1656,0.19462821355170537
1657,0.0005793733823624225
1658,0.0010636932353711864
1659,0.00034798952457375904
1660,0.0003365162653379433
1661,0.0035693665559455206
1662,0.0005175423775441034
1663,0.00030751192330497214
1664,0.0002099340395354886
1665,0.00034412314171779993
1666,0.0001772894303631871
1667,0.0005447013016097948
1668,0.0006660879761353031
1669,0.001175224650681168
1670,0.00046610721663689625
1671,0.000271853607875446
1672,0.0012084536099345971
1673,0.0022458649428936583
1674,0.9989697666362284
1675,0.0013596656587294268
1676,0.0002651831796673305
1677,0.0003296488391265531
1678,0.00035853912482057803
1679,0.0002160889653826071
1680,0.005705969278989099
1681,0.00019476041833097046
1682,0.0005603149575967787
1683,0.0020986451840916956
1684,0.0041951891330406586
1685,0.0004471010075026558
1686,0.0001510960671306063
1687,0.00023409844010260661
1688,0.00023534439808746264
1689,0.006473619697070668
1690,0.0007171369935937476
1691,0.0003716745079611397
1692,0.00042832090932432747
1693,0.003539355317441943
1694,0.00020557960088361536
1695,0.00569926418429579
1696,0.00019810015370321795
1697,0.0009379919361018838
1698,0.0004811916249480055
1699,0.00026732226466371863
1700,0.0005866766664416581
1701,0.000301306348977459
1702,0.000447506796809825
1703,0.00032024693646727487
1704,0.23778231884524392
1705,0.00016155327768961858
1706,0.017313411836650444
1707,0.9992812919571339
1708,0.9888860418064127
1709,0.0002019256148151895
1710,0.0001747401045925531
1711,0.00021441255429908288
1712,0.0004530132482774096
1713,0.00020311239329769425
1714,0.0004365634309743887
1715,0.00036199139332740947
1716,0.00041147005294954063
1717,0.0006880510326510952
1718,0.0005326265808525806
1719,0.0002055138679466065
1720,0.000271081057281484
1721,0.9838088777024027
1722,0.9992670453836563
1723,0.00025466924242623985
1724,0.00020472200892607462
1725,0.000837571676636425
1726,0.0002601601356725115
1727,0.001674156616682275
1728,0.08794119597062898
1729,0.0015778503739412898
1730,8.903378187044851e-05
1731,0.00010441387568016294
1732,0.07697173532097332
1733,0.07034266189064313
1734,0.0013288952716052874
1735,0.0013412878251015405
1736,0.0025936475447278554
1737,0.0002603441957166848
1738,0.0004482766761890731
1739,0.0009772707511886834
1740,0.0002312748466620828
1741,0.0002015886053952865
1742,0.00011689692687535071
1743,0.00010730487871366734
1744,0.0006651311675287202
1745,0.04775897593908279
1746,0.008156342265787408
1747,0.0004175762958007913
1748,8.832300553663429e-05
1749,0.9909798514382502
1750,0.0003742471190858039
1751,0.002120157808537555
1752,0.0040501313802353825
1753,0.00036096325337104204
1754,0.0004572364346543742
1755,0.00011912521527975302
1756,0.00015395680730312576
1757,0.00021387672666010947
1758,0.0001648600820873496
1759,0.00023484362293354127
1760,0.0002052946818251522
1761,0.000262408123091266
1762,0.000162826453253677
1763,0.0013721433653816407
1764,0.00014269636081253845
1765,0.0010183072479229701
1766,0.0001253071799896677
1767,0.0001400435273432343
1768,0.004765607737861914
1769,0.7734553580148595
1770,0.022480704064929444
1771,9.876598133081542e-05
1772,9.324369974398838e-05
1773,8.93460475382966e-05
1774,0.00039865444923781234
1775,0.00027082004577332747
1776,0.00030588463679415254
1777,0.0002498603510058228
1778,0.0002563174632707511
1779,0.00022904138444645913
1780,0.00030239803692995
1781,0.0025461612275355684
1782,0.0005497027854518843
1783,0.0011952293855038143
1784,8.2478115418158e-05
1785,8.47653762865207e-05
1786,0.0002568598645556062
1787,0.00037133896139464643
1788,0.0003799421038115246
1789,0.0005096173144926695
1790,0.00025625029720420533
1791,0.00020400440998737357
1792,0.00032977005175543756
1793,0.00038147178146802666
1794,0.0002782690126984292
1795,0.0003167301381787447
1796,0.00032494322598025096
1797,0.010852685627044462
1798,0.0007148856291922187
1799,0.0001090112899633865
1800,0.0002444445636935169
1801,0.006915440855649384
1802,0.00030783719487156787
1803,0.0073767619575124165
1804,0.0016736443050908406
1805,0.0007131495851765165
1806,0.00036902559675601443
1807,0.00026197297535297484
1808,0.9992963006824434
1809,0.0003007606524314841
1810,0.000298875691906992
1811,0.04249733105507909
1812,0.00010138700267809655
1813,0.0015719146381873946
1814,0.0011131518752956668
1815,0.9973427742370801
1816,0.0004510297522082746
1817,0.010598043188297986
1818,0.9959394914397601
1819,0.0007402207285240007
1820,0.0002505068196709677
1821,0.00027541947340014607
1822,0.00025231765034811824
1823,0.00019901248444034123
1824,0.000232917444908992
1825,0.00020250563798679885
1826,0.00024074592358229755
1827,0.0002569360265015236
1828,0.00031156162538712644
1829,0.00023991521380156466
1830,0.00023238103596410036
1831,0.0002891174221735042
1832,0.00015498554813938174
1833,0.0004776528557955885
1834,0.00012490223051111825
1835,0.0001037806373792492
1836,0.019781249914445232
1837,0.007819191053256338
1838,0.00032823380665832216
1839,0.00027020456504027175
1840,0.0004996138874187143
1841,0.0002875070556193758
1842,0.03625409193386449
1843,0.0008649719802892747
1844,0.0001317877447763663
1845,0.008094709920231525
1846,0.0009284105753920215
1847,0.00038836059100061013
1848,0.0012161930863256259
1849,0.00019422653483853344
1850,0.0003374851418333618
1851,0.00011188042753041132
1852,0.008437535551759434
1853,9.485659169431544e-05
1854,0.00022284754214957925
1855,0.0042070907232225644
1856,0.0003047613100600633
1857,0.00023752541867420483
1858,0.00010758361200095961
1859,0.06071893940914377
1860,0.010343310310298861
1861,0.00020545255630148685
1862,0.00025825082034945787
1863,0.0002760106462690947
1864,0.0012935554010820387
1865,0.00021637031911556458
1866,0.0010658276432050022
1867,0.0012973262203676045
1868,0.00032289252101634424
1869,0.0001473279400553157
1870,0.0004098169123297633
1871,0.005836567260742281
1872,0.00044473946861832496
1873,0.0003324219105454598
1874,0.00019537328064540664
1875,0.0002617277437956692
1876,0.00019293383179421985
1877,0.00029568866507884384
1878,0.00035748169292904323
1879,0.012153691772855541
1880,0.00025887769228801437
1881,0.00023188682435453352
1882,0.012384558369596222
1883,0.0003104687120303962
1884,0.00010552935632403145
1885,0.0006997714956733278
1886,0.0002316532226108845
1887,0.0005416428483436044
1888,0.0009567450085206815
1889,0.015022984176103668
1890,0.0001015393442045708
1891,0.00025494720990264957
1892,0.00025036588517941003
1893,0.02068965238817741
1894,9.620903656958048e-05
1895,9.848609786973325e-05
1896,0.007462125334526748
1897,0.001116242879951926
1898,0.00012731321707139777
1899,0.00025163669343063205
1900,0.0006867946851169223
1901,0.0002936977979725743
1902,0.0021877750745985607
1903,0.0001044038739757568
1904,0.0004904251914731957
1905,0.00025708567668423707
1906,0.10806510820709406
1907,0.00020690152507906638
1908,0.0002535939150491582
1909,0.00024804018155294313
1910,0.001132202054020844
1911,0.0016719965515125134
1912,0.011987926105728507
1913,0.00010675015525144369
1914,0.054172364887687605
1915,0.0018631609931320813
1916,0.0004159778700264308
1917,0.0002405033565084666
1918,0.00024561044881855947
1919,0.00101958820241697
1920,0.00010292763412308344
1921,0.00011504383391623967
1922,0.03013666315995519
1923,0.0002624532740006327
1924,0.00020403825698397902
1925,0.00023925868322578
1926,0.00015890392488963914
1927,0.0001786632370661971
1928,0.0003845673456794173
1929,9.258681455296731e-05
1930,8.61499037284146e-05
1931,0.7233500351875206
1932,0.0036801176222142733
1933,8.884282245331522e-05
1934,8.182398223324227e-05
1935,0.0016556111201290469
1936,0.00022690244756369527
1937,0.0008525490011624928
1938,0.00017033301155724377
1939,0.0017499175137080324
1940,0.009023195874431357
1941,0.00010001172001093752
1942,0.0001793080756531519
1943,0.00011651185019357087
1944,0.0001943808349768854
1945,0.000324273258117236
1946,0.0004376725058796966
1947,0.00025622696564317905
1948,0.0001805918153035649
1949,0.00039492083118967643
1950,0.0002861464122189103
1951,0.00045949685033114024
1952,0.0006443358851001139
1953,0.0003655152449386686
1954,0.00013930139701419928
1955,0.0001524529019827459
1956,0.001915707986104937
1957,0.0010077756525722409
1958,0.0010111531687096095
1959,0.998187296163336
1960,0.026132678418264516
1961,0.000222796589134964
1962,0.0002835940878496437
1963,0.00041980993937411494
1964,0.003939116592121715
1965,0.0004484865755085268
1966,0.0909520186749182
1967,0.0001644629739734062
1968,0.0001545315006536722
1969,0.004177772569726854
1970,0.00021110723173939968
1971,0.007817489399729932
1972,0.011177898514897925
1973,0.0005275890293317119
1974,0.0013093229142664823
1975,0.002813258106044009
1976,0.00014263623837557885
1977,0.00042466096885750637
1978,0.00021011636729648315
1979,0.00020375355723917737
1980,0.0011486096691274948
1981,0.01686137032243086
1982,0.9988226771891288
1983,0.0006185161262712938
1984,0.00020614374529650447
1985,0.0003183968355282137
1986,0.0002291731981682701
1987,0.013021566799210132
1988,0.0001384031967980169
1989,0.0019561201651351265
1990,0.00037758508576917556
1991,8.527389347882385e-05
1992,0.00011412807566168653
1993,0.948904502466511
1994,0.00274820269798328
1995,0.0002153771665702334
1996,0.3914444008469339
1997,0.00042720802385325335
1998,0.00026246891759375843
1999,0.00017029780493805133
2000,0.0010663477112909082
2001,0.0018057286667090076
2002,0.0009255194025430954
2003,0.00035180286251754037
2004,0.8423349092663484
2005,0.00045289531940534265
2006,8.889704833927999e-05
2007,0.0001596898907941906
2008,0.00017831624270798146
2009,0.00022303258860278258
2010,0.0002713060745668799
2011,0.00017172578505322538
2012,0.003881006182732031
2013,0.027706840465750802
2014,0.00030302886710862806
2015,0.00034845249413503044
2016,0.00013578191562558947
2017,0.00020697119989884451
2018,0.00013904805897970124
2019,0.0002128577067834178
2020,0.0005976725514261493
2021,0.0007192767532775715
2022,0.0005306882745968333
2023,9.546608341044871e-05
2024,0.0007005404322585946
2025,0.0006644972519932778
2026,0.007386340960918679
2027,0.9989501483510059
2028,0.00017999336263466783
2029,0.05748362726723718
2030,0.025179621358780165
2031,0.00026037997948950825
2032,0.0006403320606567986
2033,0.0002964058948536751
2034,0.0003862255255612064
2035,0.00013730593522026237
2036,0.0011149569691460796
2037,0.0001116754712500268
2038,0.0026265670435464262
2039,0.0003689361961094032
2040,0.0007198374553998666
2041,0.004390858686850631
2042,0.00011114771830588012
2043,0.0003328034168977185
2044,0.00048067500238210294
2045,0.02535277713426487
2046,0.024782389563013017
2047,0.00029849862994964086
2048,0.0003292261641585705
2049,0.008794543544557895
2050,0.9877663394318146
2051,0.0001737108892045648
2052,0.00031632302084861713
2053,0.00043106179678961156
2054,0.0031221491954280395
2055,0.051821572952210085
2056,0.00034015809535230463
2057,0.0026343108103444183
2058,0.0009075533257669532
2059,0.00077713795838661
2060,0.00040012421384398486
2061,0.00011481314165800213
2062,0.010521183301190333
2063,0.00019973965842418306
2064,0.0001301358958922961
2065,0.0003750772972378992
2066,0.0007967850616769417
2067,0.00028587404845545355
2068,0.0005622089520363066
2069,0.0003496859082984001
2070,0.00035359983973862425
2071,0.0007769073349628636
2072,0.00032951080930586005
2073,0.0002960869639698385
2074,0.0006299138703011983
2075,0.00012867468065880125
2076,0.00010643821687342688
2077,9.892830701000524e-05
2078,0.000318041929856371
2079,0.0002885611830885104
2080,0.0001506105872293233
2081,0.00041783184023505934
2082,0.010841994346483617
2083,0.017481546290770988
2084,0.00019892976740792912
2085,0.0003242984042971048
2086,0.00036474179720257486
2087,0.004800441722864332
2088,0.00024953711988769665
2089,0.9824286347677706
2090,0.00020929509592686963
2091,0.0005073259212949564
2092,0.00035186016915549865
2093,0.0008419164004689426
2094,0.9987937929454367
2095,9.127074860081561e-05
2096,0.0006788327979971266
2097,9.527375420660697e-05
2098,0.0013578568328585982
2099,0.0001978835518303767
2100,0.6474633229980047
2101,0.9991221127150751
2102,0.005608806486792387
2103,0.00011770278961228505
2104,0.10834513996892606
2105,0.9993318437298058
2106,0.00016375911484852417
2107,0.00024258399789729642
2108,0.9978999882377891
2109,0.0012625726800236654
2110,0.00023166893252842737
2111,0.00013912552815578997
2112,0.0002807071677420593
2113,0.00025277479566756486
2114,0.3110954704970991
2115,0.000486130587466649
2116,0.034461569620326225
2117,0.0004258716915671243
2118,0.0005053544262676987
2119,0.00020905907699841184
2120,0.00873441637462962
2121,0.035757204851682614
2122,0.00025173315178437036
2123,0.9991245186072122
2124,0.0013728913821163466
2125,0.00033471621945444733
2126,0.00020255251997803531
2127,0.0008281510718482245
2128,0.0005743357493376164
2129,0.0003109522092084826
2130,0.016978367259896935
2131,0.9981626360786043
2132,8.76997516032463e-05
2133,0.010743484885658806
2134,0.0041284267786139885
2135,0.0003117872159610907
2136,0.027750089362156487
2137,0.00013337417298142648
2138,0.04457100837811843
2139,0.0009495794029315274
2140,0.010871874214465536
2141,0.00017037549566767247
2142,0.00017056804998804757
2143,0.00015162159237369212
2144,0.00449323998676667
2145,0.000169036735345954
2146,0.9974976567391625
2147,0.0002173927268444197
2148,0.00018809758605259913
2149,0.0004809297954119503
2150,0.005693740177706065
2151,0.001603398714734037
2152,0.00011671920053049525
2153,0.0011693459875031635
2154,0.07514895348488093
2155,0.00047633097823425365
2156,0.00013135824331064996
2157,0.0003942307237481377
2158,0.00010460810630064264
2159,0.001885955520175313
2160,0.0003351179170170544
2161,0.0002643756716227216
2162,0.00045767191662126076
2163,0.01874226027320088
2164,0.3653140800973859
2165,0.0016786529299293016
2166,0.00019004016006001406
2167,0.00014820927297464325
2168,0.0001912087654262864
2169,0.004067450345847819
2170,0.9991565859753433
2171,0.00015540390095447734
2172,0.00021553105348924342
2173,0.00028385389892132993
2174,0.0002947347025624823
2175,0.0003047870749662375
2176,0.9977853022969638
2177,0.000586707847082494
2178,0.00018095683746925897
2179,0.0003825142439133684
2180,0.0004120230904323079
2181,0.00017510795593112056
2182,0.00025500501381330845
2183,0.04425900555209435
2184,0.005350280639839053
2185,0.0004681526911242782
2186,0.0001342498912495155
2187,0.00034853245516281936
2188,0.00031688282550427875
2189,0.00013748884778747473
2190,0.0009317286747352133
2191,0.0006773856184426558
2192,0.9932614672170057
2193,0.0002756444401310448
2194,0.0009391371265742349
2195,0.00725178037584129
2196,0.0002857199443802418
2197,0.0005018526919070411
2198,0.0005574000262886837
2199,0.0002825905502612623
2200,0.0017931279599040565
2201,0.0007426603268392052
2202,0.0008967108918169636
2203,0.00040950800091053174
2204,0.0074391109856337375
2205,0.00011259421772709067
2206,0.0005425700519111761
2207,0.00023247356132914893
2208,0.00022943298065842183
2209,0.0007167088354952559
2210,0.0002151495320846731
2211,0.0004283411004246733
2212,0.016580700221360198
2213,0.00041374551469575886
2214,0.12855385522865193
2215,0.00010208880524524704
2216,0.0006939803179167303
2217,0.00020019595228453523
2218,0.00023010583572060506
2219,0.00018656076385803325
2220,0.00017965490855277087
2221,0.9896742037752043
2222,0.00037070638063779174
2223,0.0009736952106334174
2224,0.13347353869533032
2225,0.0001860910774125344
2226,0.0003857973558774627
2227,0.9981809604465652
2228,0.0006945997950763789
2229,0.0003865505525305729
2230,0.00021162344925512423
2231,0.0002566057765570214
2232,0.00029579058214349794
2233,0.00018428596154806937
2234,0.00011954629144799854
2235,0.9887070662305149
2236,0.0003241308071886028
2237,0.00029846968801191257
2238,0.001211837374109819
2239,0.017162295624570216
2240,0.009329318247585986
2241,0.00010917093586047932
2242,0.9938578804973739
2243,0.0031611749636208213
2244,0.0001837201170756982
2245,0.005333029232695086
2246,0.00035231224202369234
2247,0.0003075613583730264
2248,0.0002540291328468817
2249,0.05773528264215044
2250,0.04316426168567734
2251,0.0001129476971732485
2252,0.0023349446042513254
2253,0.00017976755379509035
2254,0.016466068880578548
2255,0.042524452046437636
2256,0.004275335137661339
2257,0.00016512542947440744
2258,0.00036007497919380833
2259,0.0003041434405506689
2260,0.9984145046688514
2261,0.02276028599475146
2262,0.00028349090419592187
2263,0.0002988580447288181
2264,0.0001032877643392805
2265,0.0003124231300121732
2266,0.00015583284892024647
2267,0.0001848033084601564
2268,0.0001973387739397924
2269,0.00017457173720177613
2270,0.01626425969020524
2271,0.13125265250538004
2272,0.00021620719813371402
2273,0.00023425596786814782
2274,0.00033845555177010924
2275,0.00034940737564545765
2276,0.00045251614160603324
2277,0.9980907484750681
2278,0.00029345318386680784
2279,0.0001287359210973284
2280,0.0002959787713778665
2281,0.0003587774622405112
2282,0.0002333233589287916
2283,0.9991118011563678
2284,0.0013402217899671205
2285,0.0004280916747597905
2286,0.9879466812484559
2287,0.0001163643570835758
2288,0.000229223751434352
2289,0.0002768805232396849
2290,0.00024235887549025513
2291,0.0003919989006337655
2292,0.00789291150140981
2293,0.0007175539896588625
2294,0.006519795735371444
2295,0.0019868628930472263
2296,0.9984362851917694
2297,0.00015924313165707862
2298,0.00017474662547320202
2299,0.001275544068529881
2300,0.014683937615742623
2301,0.0007441934405589566
2302,0.00029295424604077976
2303,0.00039323005657444804
2304,0.00010126650070509539
2305,0.0006834889653895986
2306,0.0007611929862917047
2307,0.00029850412891998043
2308,0.9984258096976919
2309,0.0003089551493081091
2310,0.00017773229657924096
2311,0.00026126111071916034
2312,0.00013580778197840143
2313,8.544852580844712e-05
2314,0.00024685772984953824
2315,0.0002469658453765803
2316,0.01102987221594153
2317,0.9884096338225502
2318,0.0015492430594946898
2319,0.00010106757353440035
2320,0.00015026959170683042
2321,0.0049840933759752615
2322,0.00015427974923853239
2323,0.00025968805113411604
2324,0.0002587240257429302
2325,0.016933713604520517
2326,0.9988484062479775
2327,0.0003032778202930039
2328,0.00023028925284561755
2329,0.03693910804097229
2330,0.0019851008482810557
2331,0.0015591335116578553
2332,0.05142464985967674
2333,0.0002767288797937132
2334,0.00024763258619256575
2335,0.0002403855637793571
2336,0.0011115117381914265
2337,0.9989790264326253
2338,0.0003302266247640247
2339,0.00028579889942934765
2340,0.9983680794202051
2341,0.00023128200298677646
2342,0.0002548907159286073
2343,0.0001274022509717678
2344,0.0003263832883956492
2345,0.004649765413918817
2346,0.00022130618659481826
2347,0.9948546891516982
2348,0.0011578962923264751
2349,0.972989825138658
2350,0.003261996039568355
2351,0.0003894996569229933
2352,0.9724323213208412
2353,0.028051991254680227
2354,0.02796995527736203
2355,0.0007709295790563347
2356,0.0027040444728115365
2357,0.9969620785891831
2358,0.0023668854359386792
2359,0.0020279310241905495
2360,0.8857559382129608
2361,0.0008731931365280547
2362,0.985759496240236
2363,0.00030626193516857257
2364,0.00032804396798259884
2365,0.9956000744637927
2366,0.03962751304833365
2367,0.008155020724289322
2368,0.009370415644149682
2369,0.0030235557809162256
2370,0.00015183256405954822
2371,0.0001541618705152053
2372,0.16892073361157203
2373,0.0002981040267547375
2374,0.001096908024693447
2375,0.00033153559238422917
2376,0.5545882342133263
2377,0.06999268702970397
2378,0.998031996891614
2379,0.4723035426562599
2380,0.9983682770550406
2381,0.005026687209725706
2382,0.0001932997084146729
2383,0.0032223104882411523
2384,0.9981917083874949
2385,0.00038201708300477993
2386,0.00020027130281395178
2387,0.9987861582678516
2388,0.00031497989261809804
2389,0.000332970809119702
2390,0.00014168864999481188
2391,0.005002157360078322
2392,0.0028402444105652055
2393,0.00017593117448069283
2394,0.0001983526505196144
2395,0.00033538927138352596
2396,0.003241461476056398
2397,0.00010150853597171961
2398,0.9979943729140699
2399,0.00019243366151125302
2400,0.0006066384670082491
2401,0.00048602396628315227
2402,0.00011297448026880836
2403,0.0003202828339067676
2404,0.9970384713827031
2405,0.00023935665906657072
2406,0.00023869521964705893
2407,0.0008017003461885805
2408,0.0002976212438155307
2409,0.00016734911552656676
2410,0.0006146805246121151
2411,0.00117235071364802
2412,0.00032893561849573416
2413,0.0002539973197744149
2414,0.0004891713545238459
2415,0.00043934418086898915
2416,0.008798384255761644
2417,0.0002859919087323912
2418,0.00041505923808774197
2419,0.004901723058229765
2420,0.0002024618261536576
2421,0.0002687659311362536
2422,0.00030465856789194026
2423,0.0002922156373042377
2424,0.9956745905907421
2425,0.015396056288652529
2426,0.016768303356601913
2427,0.00018581988575753998
2428,0.0003206127078509201
2429,9.45240517653272e-05
2430,0.00032410058461114467
2431,0.00031788781857471603
2432,0.0002525039281496222
2433,0.00026339694698670904
2434,0.0010373540658676873
2435,0.0004489134989857608
2436,0.0004194277397750098
2437,0.9978038216062421
2438,0.0002070110886070584
2439,0.0002517176407040596
2440,0.00025302435279163366
2441,0.00026150737555438817
2442,0.0002288130411939687
2443,0.0002313460955352611
2444,0.8557312153363557
2445,0.9989452887487774
2446,0.00020304415065672542
2447,0.0001710764506789117
2448,0.00031557162187104024
2449,0.06158200530087572
2450,0.019771575479233472
2451,0.006305711268833123
2452,0.0001815784919489174
2453,0.00022146897273562707
2454,0.00037002866643636454
2455,0.04002125701080652
2456,0.00042155807026996963
2457,0.03070398160263845
2458,0.0007076722733371636
2459,0.0002697088456570529
2460,0.00013233196464099245
2461,0.004668830994428638
2462,0.013648315058508451
2463,0.9984088248734574
2464,0.0002578865482634117
2465,0.04781100599439603
2466,0.0009263051853572726
2467,0.0004763129408867646
2468,0.00012947467290409508
2469,0.0027898346796787084
2470,0.017641645273523177
2471,0.00019326310941714917
2472,0.00010993767046325732
2473,0.022502931437932645
2474,0.002212663324389806
2475,0.003356290809227972
2476,0.0008471443926676722
2477,0.0020877496715829237
2478,0.9591916134845251
2479,0.000534511176268724
2480,0.0001786001474589598
2481,0.0002029754638113719
2482,0.0006682709379325233
2483,0.9982404555937835
2484,8.60042434202395e-05
2485,0.00044543157220843443
2486,0.00022402520786577959
2487,0.0002936764028149467
2488,0.0002574992105748781
2489,0.00035050142091698407
2490,0.01927711083011442
2491,0.0008240515622294084
2492,0.00020653364606447057
2493,0.9744648170941315
2494,0.0001557299626533304
2495,0.00016753103877029893
2496,8.821261606371086e-05
2497,0.998408428530043
2498,0.00011029029011963272
2499,0.0002994367460148707
2500,0.0001530757477430865
2501,0.9982382926895712
2502,0.10273539741813228
2503,0.44784261102835454
2504,0.00013200723674019644
2505,0.0015877723006231241
2506,0.0001955444364510105
2507,0.015294738686409345
2508,0.0002466320462010043
2509,0.0003617769827426425
2510,0.004069941496790625
2511,0.001918646411659776
2512,0.0007229237918602889
2513,0.0002347828444509364
2514,0.0003015018817965937
2515,0.00017959781386401512
2516,0.00018102023935776814
2517,0.00037041141257532505
2518,0.00022916301342952358
2519,0.9974004911030372
2520,0.0002806590302382796
2521,0.00023533573562667726
2522,0.00043987053723681366
2523,0.0004982132086045783
2524,0.0009623137528393902
2525,0.9978545940330058
2526,0.7718217641033445
2527,0.000134800961524642
2528,8.91362820285698e-05
2529,0.00029057091886670167
2530,0.0003521884720521304
2531,0.00013903815715037425
2532,0.0002185011642533557
2533,0.9983911187615945
2534,0.08379732254103714
2535,0.01893711343277072
2536,0.10315322177152161
2537,0.0007970701487795397
2538,0.00030743872980988125
2539,0.0004018313224071284
2540,0.0001402087212892023
2541,0.00041862066943114943
2542,0.0002996480030028106
2543,0.0017533694411518096
2544,0.00024001025600829418
2545,0.008008517469033107
2546,0.059729902965657625
2547,0.00028233872183460287
2548,0.0003109786335773568
2549,0.00011231767205466421
2550,0.0007370777298448348
2551,0.0003492127184379661
2552,0.00026090041239027574
2553,0.0003124080604608091
2554,0.00030809876055398977
2555,0.0036575800897866474
2556,0.9987303668062972
2557,0.0002576337083840652
2558,0.00018274249213544024
2559,0.92195592201594
2560,0.9983963290380521
2561,0.00035407962304930365
2562,0.0006489995899150011
2563,0.00029027063485812687
2564,0.00039302707608415856
2565,0.00020527790758465602
2566,0.00013988862550498265
2567,0.00026891607875834843
2568,0.0002584416703848095
2569,0.000340917811816203
2570,0.00023431948134579596
2571,0.0002262123013855043
2572,0.001858452381902511
2573,0.00022115127037928496
2574,0.9707243834532534
2575,0.0010770526407138637
2576,0.0001842607885768494
2577,0.0004102193106552335
2578,0.00029893830461077086
2579,0.00021756145568938576
2580,0.00024782440322047644
2581,0.014883291077000302
2582,0.00017878783683788183
2583,0.2150280460221486
2584,0.00022747601629585098
2585,0.0009044817886479965
2586,0.0003087824029075154
2587,0.0001753380434085743
2588,0.0005985089798349146
2589,0.00024956091934816413
2590,0.06282138712564664
2591,0.00033562856957819584
2592,0.00025147494062402714
2593,0.00024325309259575785
2594,0.0001514547333260754
2595,0.0001514385127063451
2596,0.0009112114169198713
2597,0.0003278210063767012
2598,0.00028268410950087354
2599,0.00034989477874163537
2600,0.00022961692487798911
2601,0.00024410117108609677
2602,0.9965205121880087
2603,0.014918356246710543
2604,0.02623677850265952
2605,0.9734659222897368
2606,0.8922068765184497
2607,0.01986964734801356
2608,0.001845771841478194
2609,0.00020918572166093676
2610,0.0002516444530959766
2611,0.9963082331103331
2612,0.006152029103086205
2613,0.0003420910964003597
2614,0.0002798699229433573
2615,0.00044528350885435116
2616,0.0002653135800956874
2617,0.001299141129601699
2618,0.9760392291877696
2619,0.0001937933865531532
2620,0.03432925464595547
2621,0.0037079978329626617
2622,0.0014982144745527269
2623,0.0002253679968307587
2624,0.0006762302124724509
2625,0.9947891955732251
2626,0.00029887307328234635
2627,0.00038199316327304874
2628,0.9891470801511988
2629,0.00020733572187258163
2630,0.8062567731953433
2631,0.00010079138721170167
2632,0.00022076804643322926
2633,0.00014901089148314624
2634,0.9975850207200032
2635,0.9982827793819032
2636,0.00170525662670208
2637,0.00019408832338253823
2638,0.0018055673982414605
2639,0.0003203840620701547
2640,0.0002340597097923181
2641,0.0002185482171457988
2642,0.00018152596852075904
2643,0.0003585632173671776
2644,0.00036306227289259496
2645,0.0001434541462311547
2646,0.005379286068446928
2647,0.006034481290976945
2648,0.00027204290910485716
2649,0.8341714380067298
2650,0.00040181726126735563
2651,0.0001975132602793547
2652,9.941161623489842e-05
2653,0.9971792875352792
2654,0.00027086997855430743
2655,0.00022053624275714047
2656,0.0046987264646773125
2657,0.04219024757798931
2658,0.000279387945446544
2659,0.0003207512850385074
2660,0.00017668739002795782
2661,0.0014013266758022972
2662,0.0015535249589244044
2663,0.0002440949579897617
2664,0.9936955013765228
2665,0.00036863757183099326
2666,0.000439886531475013
2667,0.00029236114495020656
2668,0.00031786045981030544
2669,0.0002455369804236503
2670,0.9885358707915601
2671,0.0003484953676496279
2672,0.00023255285171190775
2673,0.0027545312083143156
2674,0.016744130546147068
2675,0.00026386754660032044
2676,0.00023990558296180714
2677,0.00027947127923689917
2678,0.0006557265825046365
2679,0.0003945315561518916
2680,0.00020801978679608514
2681,0.0002813589080190272
2682,0.9990475755822483
2683,0.0008961511557157017
2684,0.00245574454076442
2685,0.9797711568363408
2686,0.0005301219167342002
2687,0.022281001421543836
2688,0.00012259112266345586
2689,0.0002662003596109133
2690,0.00032670803107841983
2691,0.00013268744665651365
2692,0.0003473457968951554
2693,0.00026401364527167356
2694,0.00010912426536703705
2695,0.002501801657817845
2696,0.0002630243073332509
2697,0.001693007941993685
2698,0.00020765541007429616
2699,0.00020627890765156784
2700,0.00016951296045841395
2701,0.005604480092925948
2702,0.0003183148128348815
2703,0.019621836542621084
2704,0.00038265709713078573
2705,0.0010773196777426667
2706,0.0003237516115826226
2707,0.000891772835131598
2708,0.00031101424888853866
2709,0.045984319445601815
2710,0.0009356954635176693
2711,0.0001791291114998001
2712,0.0013130273018185795
2713,0.0002052887258117765
2714,0.00041286393883714883
2715,0.9757215158185059
2716,0.00018404992273954136
2717,0.0002269800201423784
2718,0.9989770242014911
2719,0.0001878380337039513
2720,0.00024394066194154267
2721,0.0003350734550697441
2722,0.9882707044053873
2723,0.9959744776133157
2724,0.0002571597806493512
2725,0.00019182499836092735
2726,0.0002364883380297301
2727,0.003547689059254188
2728,0.0003373192681101194
2729,0.00010598590434781423
2730,0.00011901359751186264
2731,0.00026098650508114775
2732,0.0003418415142810918
2733,0.013971969379532895
2734,0.0029127529427456283
2735,0.00028836219698562016
2736,0.0010135404633615573
2737,0.00012877508663898602
2738,0.00022839851748032526
2739,0.0003714021088318792
2740,0.0002495688928433373
2741,0.00019115443978384635
2742,0.0002260530748054422
2743,0.00029705720804565724
2744,0.0003305399074010387
2745,0.00029518082716055346
2746,9.283953781101414e-05
2747,0.00013887195828150622
2748,0.0002451802324966538
2749,0.00028862617083861625
2750,0.00022103678217336048
2751,0.00034851000857068107
2752,0.9937299482853661
2753,0.0004079611169400082
2754,0.0005440970995521266
2755,0.9981405534214887
2756,0.998299653746782
2757,0.0003208551688003267
2758,0.00023382045993156284
2759,0.0015403045347973023
2760,0.8903114448032834
2761,0.9960895220446007
2762,0.9986694724368366
2763,0.0004818767019667736
2764,0.0003469674214321517
2765,0.010221198379546065
2766,0.0021391974623411166
2767,0.995747794433299
2768,0.9975078617118237
2769,0.00029937545202396123
2770,0.0002563996000717523
2771,0.00015715137618203733
2772,0.0003795427813953765
2773,0.0003233109127628171
2774,0.0001566511127887357
2775,0.0007304780933064149
2776,0.00033930203893493
2777,0.004605216890815598
2778,0.0006859070567693348
2779,0.0002674135943699814
2780,0.00024001385385330468
2781,0.000253386326023221
2782,0.00031183960967509134
2783,0.01160175393104325
2784,0.0011499414661088683
2785,0.9980096943289654
2786,0.0014064395567742216
2787,0.00015232163251893308
2788,0.9830684212240834
2789,0.0007499744570054845
2790,0.00014872972010077917
2791,0.00022389703412043697
2792,0.1368054204736834
2793,0.00036111503130234913
2794,0.00028246815278950806
2795,0.010905145618353176
2796,0.00031319020083267143
2797,0.40494039062219767
2798,0.00029846369480709836
2799,0.00028027281633075525
2800,0.020967668457071254
2801,0.0015970381569131334
2802,0.00015214147991181323
2803,0.0003421766300141673
2804,0.0005457490291848005
2805,0.0002396538300779326
2806,0.9983287180531969
2807,0.00020554389877710223
2808,0.015204568423608034
2809,0.015877674895641024
2810,0.2995810501131924
2811,0.00031759745353860693
2812,0.00866229063058289
2813,0.001709780330374893
2814,0.024460687246678745
2815,0.00028604147729812144
2816,0.0027973711644007212
2817,0.00018713258912330142
2818,0.0003640858059461986
2819,0.9989077794479977
2820,0.00014577899754536234
2821,0.00021272197728662334
2822,0.0006085822543924343
2823,0.0003346457749460076
2824,0.0004041400519951423
2825,0.000105411844565892
2826,0.9976534009478163
2827,0.00010700889837827497
2828,0.9722381907896427
2829,0.023358751477702895
2830,0.0025882437258505893
2831,0.000885698959252269
2832,0.9791352252197602
2833,0.00022716926920088618
2834,0.0012088766467812403
2835,0.00013368187519006609
2836,0.00039991948325769617
2837,0.000273068727183717
2838,0.0002631248799938713
2839,0.002276532044865766
2840,0.19243322874101768
2841,0.036567834153311565
2842,0.00014854539909829942
2843,0.0030842489924443072
2844,0.00035236721224249595
2845,0.00032749466347691914
2846,0.0017318086291458253
2847,0.0001878691278421692
2848,0.996929747307395
2849,0.9957612223383089
2850,0.0003647183565796988
2851,0.00027621956726730796
2852,0.00021255969336519653
2853,0.00017089688598423135
2854,0.003154420767401763
2855,0.004717180671166743
2856,0.9706324821948972
2857,0.00023602769531442914
2858,0.01148625447788096
2859,0.001077891961017629
2860,0.0002826058766757752
2861,0.00024269996575827774
2862,0.00023714005615450267
2863,0.0012670753603537537
2864,0.07243326970229783
2865,0.00010650135264661279
2866,0.00430480373116985
2867,0.00013844429250952506
2868,0.9948077074919768
2869,0.00024339009664385813
2870,0.002749227368479877
2871,0.0025544189404352853
2872,0.24689952717476465
2873,0.008176793502954003
2874,0.0011243959800652985
2875,0.00037896899422690673
2876,0.0016581073410609766
2877,0.0032460517888271167
2878,0.0011776926599805426
2879,0.0007628249616732371
2880,9.369921410980257e-05
2881,0.9979931320305034
2882,0.002486676266131232
2883,0.0005315013298158708
2884,0.007629515831805332
2885,0.0002907076190183288
2886,0.0002450045057760285
2887,0.00021429141637698148
2888,0.07989676139547608
2889,0.0002522028293910288
2890,0.07587753610920625
2891,0.000512764782911687
2892,0.9718931220905315
2893,0.0015663950592554085
2894,0.9786422169495836
2895,0.0003496220895343533
2896,0.0006255169097584362
2897,0.001450730642588712
2898,0.00030807346627869417
2899,0.00261090152621277
2900,0.007948177954105679
2901,0.00047121799736590445
2902,0.0008516780782751012
2903,0.0003768826688101361
2904,0.9896075524425936
2905,0.9965334397534917
2906,0.00022661097105106364
2907,0.00039188497986506415
2908,0.0001348688243697265
2909,0.008102213964295375
2910,0.00868731216912592
2911,0.009353192645675596
2912,0.9982929277549955
2913,0.007348305082705078
2914,0.00032715390340344597
2915,0.007532149908710364
2916,0.001209286084399149
2917,0.00013851906980916128
2918,0.00037031205023271076
2919,0.9791779007444674
2920,0.0003154293576852314
2921,0.0007145150756653321
2922,0.0003668911704695244
2923,0.9793952497632432
2924,0.00010263104609553666
2925,0.6287878172665583
2926,0.00019839484159386682
2927,0.005022085514957831
2928,0.9861712599760949
2929,0.00040161129057849525
2930,0.9794381234786502
2931,0.0005012541797651756
2932,0.9831725170689507
2933,0.0007925926492833932
2934,0.000294070254198942
2935,0.0003536070452788998
2936,0.0015066927063824556
2937,0.0018437591982127966
2938,0.00036980481661225584
2939,0.002617866579984131
2940,0.002293960045171655
2941,0.00045789601195743017
2942,0.0002705305185575036
2943,0.0890528335164156
2944,0.0018962207610507913
2945,0.0005243367394211513
2946,0.0001416748254308204
2947,0.00027078176307427087
2948,0.0001979056320700642
2949,9.838671157126326e-05
2950,0.0003056241562294834
2951,0.9965110798110499
2952,0.00017444196315803497
2953,0.0054252395498336214
2954,0.9725883662442054
2955,0.0007992185067159472
2956,0.0009078443916373626
2957,0.0005385661809782048
2958,0.0005078824516713901
2959,0.02872332744287165
2960,0.94797364406155
2961,0.0009911393825447858
2962,0.0002150907048260835
2963,0.0003049548558882884
2964,0.016565939603917744
2965,0.007162469563591149
2966,0.00014539965832943274
2967,0.00011480967614671603
2968,0.00018127313935199993
2969,0.00019532848468134593
2970,0.0001234780897298978
2971,0.9967483702997562
2972,0.9967409883085931
2973,0.0522185926411924
2974,0.0017119854903225589
2975,0.0025433319900058783
2976,0.00011854832369097916
2977,0.0001672251610080539
2978,0.0005585516138890294
2979,0.00020718072843535466
2980,0.00019764767374030865
2981,0.0005544206434399561
2982,0.006617665999252287
2983,0.012345560080736348
2984,0.2761215296219758
2985,0.0002468954610235271
2986,0.00028533868825352687
2987,0.012405611598073296
2988,0.0004482696119854154
2989,0.00010811290838301595
2990,0.0001856644321923985
2991,0.00014611414808969372
2992,0.0008450249374359868
2993,0.00023610664447114787
2994,0.0002042450136878349
2995,0.00017385568095930353
2996,0.0009365033279073308
2997,0.0001968904211354378
2998,0.00015775633350771542
2999,0.12341495379923399
3000,0.00011118826923929383
3001,0.00010035596976822262
3002,0.00010920212282977186
3003,0.009065350058571887
3004,0.0001964117843798816
3005,0.0002795068973736309
3006,0.00035766494225037825
3007,0.0018639877210949358
3008,0.00022633805372465656
3009,0.0002327799033996946
3010,0.13587102240731622
3011,0.9774893051764544
3012,0.00015026508162823676
3013,0.008492080198797868
3014,0.009039997967473914
3015,0.018152315106652293
3016,0.001670400462228375
3017,0.007780163339283543
3018,0.000372473858017153
3019,0.0981516731644474
3020,0.00023349174890507685
3021,0.00019542239763714256
3022,0.00013608156069959559
3023,0.0001693781219097541
3024,0.00016092117931411487
3025,0.00017285948149691274
3026,0.0031781598366190005
3027,0.0001587610935398667
3028,0.00018013575516118304
3029,0.000143896624428791
3030,0.00018230925453686068
3031,0.00012724080598790232
3032,0.00012150833634013492
3033,0.00019078728730617176
3034,0.0004275530475206884
3035,0.00022584707188323593
3036,0.0003709269835623937
3037,0.052455929910370805
3038,0.06125477123361108
3039,0.03952116532327305
3040,0.00020768073370943085
3041,0.009867870089044438
3042,0.00039781669251388467
3043,0.0006362305959650772
3044,0.00015193773268759098
3045,0.00015418688272516058
3046,0.00042905138501588686
3047,0.0001580160270805664
3048,0.00016641013369729914
3049,0.008536246244304258
3050,0.0003352111626203356
3051,0.0507380860041927
3052,0.033364303864393555
3053,0.00018571748874874608
3054,9.927213027320243e-05
3055,0.00014323179048709414
3056,9.998539556895179e-05
3057,0.0001470445628550863
3058,0.00022062395328759755
3059,0.0001612183336378186
3060,0.00012116998415232099
3061,0.007411568724679138
3062,0.00017632336951529866
3063,0.002163706708015433
3064,9.576348125677842e-05
3065,8.026074565916123e-05
3066,0.0003158563545906293
3067,0.007187316108587663
3068,0.008350667412692523
3069,0.00010134069603562386
3070,9.601139950470166e-05
3071,0.00014717870103330728
3072,0.00014446116808316086
3073,0.00017672375506036075
3074,0.00023520575094790908
3075,0.00016806272269055875
3076,0.00018663289336958935
3077,0.00016212202714168926
3078,0.000771387398366113
3079,0.025522534687279358
3080,0.00012977668072363283
3081,0.00015989363312964575
3082,0.09542535901932833
3083,8.342417669079626e-05
3084,0.00010402935007281704
3085,0.000157490961882087
3086,0.7213680809663702
3087,0.00018298621699833786
3088,0.0001505691251077611
3089,0.00010068643205821649
3090,0.0008285536294326878
3091,0.0030115240104034422
3092,0.044761430589378606
3093,0.029600485796494203
3094,0.0003886735028580158
3095,0.00012432411559631392
3096,0.00020235832761819936
3097,0.0006319010542782238
3098,0.0003410109083382825
3099,0.9891618745862683
3100,0.2596590682956513
3101,0.0016715167972272114
3102,0.0002606004642266173
3103,0.00019135686736424448
3104,0.00019736746227424937
3105,0.0002887989866780296
3106,0.00030657349385185284
3107,0.00014396814990825347
3108,0.00014534007957930329
3109,8.583515523733439e-05
3110,0.0002733920326503388
3111,0.00020086040145311175
3112,0.01256066261145749
3113,0.00015249115025383437
3114,0.00018541062237919262
3115,0.00015769307900314065
3116,0.00026797322427030336
3117,0.00015904860398093765
3118,0.00015401728042115068
3119,0.00012734565252191214
3120,0.00019001639685271447
3121,0.00024652934076558784
3122,0.00033265291532650915
3123,0.00010124590082408859
3124,0.0002967158384770358
3125,0.00019666607934035632
3126,0.0001879161882615128
3127,0.00015289466558364459
3128,0.00017676996701958356
3129,0.00013756933917707505
3130,0.003272132892301909
3131,0.0037807377245099305
3132,0.007052681296843356
3133,0.000520605597631771
3134,9.434445117220744e-05
3135,0.005395554310450896
3136,0.0001473641071299499
3137,0.00015673766112932652
3138,0.00013107439307524766
3139,0.036085511529185356
3140,0.011108371070358279
3141,0.014311674783080671
3142,0.00022978372123960922
3143,0.00023467318204703182
3144,0.0004479845966621456
3145,0.0012596404542712517
3146,0.011096971661320797
3147,0.011060361230938414
3148,0.0001455918143787825
3149,0.00016815845116828506
3150,0.00011445368494410104
3151,0.00015763974880064817
3152,0.028604779349349574
3153,0.0874873213089155
3154,0.01881417233776804
3155,0.00020317997417576943
3156,0.00016999399033589967
3157,0.009340711005716719
3158,0.018565941671714624
3159,0.00011611154760886892
3160,0.0001903951738742716
3161,0.008319138095839394
3162,0.00799777223542004
3163,0.9859302137065257
3164,0.004921634350561031
3165,0.0010497652634460953
3166,0.048533708087608006
3167,0.005947559736892281
3168,0.0018756979743095113
3169,0.00017100694415402132
3170,0.005175054228304299
3171,0.01641024558931466
3172,0.0007469730838544573
3173,0.000152989538819066
3174,0.00010151399715057293
3175,0.00030561033469050317
3176,0.00023489991541412103
3177,0.00022059919933735896
3178,0.0002250843699910625
3179,0.0002503648970097903
3180,0.01190907836900586
3181,0.004969463757536334
3182,0.0003697779222129637
3183,0.0003465064718365237
3184,0.0001543788164535645
3185,0.5251640108364383
3186,0.9258190607382959
3187,0.0004457602973921695
3188,0.0008360682354278563
3189,0.0002287088226028043
3190,0.00026001027870297067
3191,0.1686832738396063
3192,0.00014256316931423246
3193,9.861050609790678e-05
3194,0.0002704295714033205
3195,0.009057761330778218
3196,0.026373305218042174
3197,0.9880365200166574
3198,0.0012616695901206218
3199,0.007997837703957188
3200,0.05368215397289523
3201,0.0003018050668410604
3202,0.9835451031119682
3203,0.00017592900635336587
3204,0.00013932007394516847
3205,0.0001075066729284004
3206,0.00022222827731595025
3207,0.000128372941630808
3208,0.04582596886603759
3209,0.00018325305687595292
3210,0.00020197230650571013
3211,0.00013038901803587045
3212,0.0001450522816045791
3213,0.00915587261578667
3214,0.00022996239817810752
3215,0.0001974890099061605
3216,0.986122462342286
3217,0.00026232324442563605
3218,0.0016829633725573127
3219,0.0011137704714410837
3220,0.010497954651461985
3221,0.00016823475276576285
3222,0.029874629277152315
3223,0.00034242968280053063
3224,0.9922117473373561
3225,0.00015276375681115266
3226,0.00016465819008234516
3227,0.9966758302102432
3228,0.00035892980537333537
3229,0.00021683094043471697
3230,0.00022328928635815875
3231,0.00011963102878682827
3232,0.0001362400312420225
3233,0.0001312736674781558
3234,0.0011822049670717598
3235,0.9723524263152955
3236,0.00028423892079840543
3237,0.00015978815655372938
3238,0.0002422924240239416
3239,0.00012450336333117505
3240,0.7798419948224152
3241,0.003210695030466359
3242,0.00018772303872203035
3243,0.0001756449381293944
3244,0.0009037109694815411
3245,0.00013611820329421608
3246,0.0001794717140343312
3247,0.9956959879384071
3248,0.004535635120426708
3249,0.0201066351840663
3250,0.017176456934010396
3251,0.00018599643634976569
3252,0.00016329084017923886
3253,0.7149883374047474
3254,0.00015124418633412655
3255,0.000170001517168156
3256,0.010601318430965354
3257,0.010581178106697451
3258,0.004811739843534718
3259,0.012270092727386158
3260,0.03442013509693183
3261,0.06841515343953361
3262,0.009206682993753912
3263,0.9983044774558365
3264,0.00012816073899706888
3265,0.00014033085169702118
3266,0.9797564044793916
3267,0.0001761780902408135
3268,0.00027491429295171184
3269,0.00012891707830247387
3270,0.024662734433254004
3271,0.0011835934547018048
3272,0.0001039066860314723
3273,0.00020206527026140082
3274,0.0001690247285411715
3275,0.0004934403629600038
3276,0.003037306957048601
3277,0.0001441160855247237
3278,0.00018835254400323154
3279,0.00019818988536190113
3280,0.00016441853655702754
3281,0.010775748464191857
3282,0.0003418665779001969
3283,0.0010947040653937615
3284,0.0003206269897452633
3285,0.00019377327415641375
3286,0.00015601167371195765
3287,0.00016859845853813943
3288,9.947471007523765e-05
3289,0.0008316315298167677
3290,0.00036524983386555007
3291,9.795521146370929e-05
3292,0.01101292474503913
3293,0.009127844820171408
3294,0.004642004510234966
3295,0.0028793437796006288
3296,0.0015811917282856085
3297,0.00017266394317406102
3298,0.00015311465643898773
3299,0.0014268151008278386
3300,0.002187510671959618
3301,0.00014824701004752624
3302,0.00015658253781412234
3303,0.00039015844622030044
3304,0.00025064798621466066
3305,0.0008056276215183992
3306,0.00011978582118997941
3307,0.0001299497619688107
3308,0.0032447768656063336
3309,0.004882612100815258
3310,0.0002099821905693612
3311,0.0002533174359722859
3312,0.0011040586153048585
3313,0.00019779700889402467
3314,0.00020595302833544595
3315,0.0014409939076190758
3316,0.00034479052724606515
3317,0.00023843416318975927
3318,0.00018978172061582673
3319,0.0002828779612415872
3320,0.00022858805224797865
3321,0.00015182470671398765
3322,0.00020932971919595994
3323,0.00015809011513276554
3324,0.00018046636181979415
3325,0.00022529050007754278
3326,0.07510688107004178
3327,0.00039621135787342826
3328,0.0002234070154372233
3329,0.00017417406071789087
3330,0.00018891146499566585
3331,0.014890919629816457
3332,0.008393130578018743
3333,0.010523370551886683
3334,0.00017589953986574838
3335,0.00029785890276116646
3336,0.0001581944887070833
3337,0.00016637120807501028
3338,0.00013969680684343703
3339,0.00015972321195375285
3340,0.00020287404032979197
3341,0.0001265701918810047
3342,0.012151929241184278
3343,0.00037039395411777605
3344,0.0001789868274163547
3345,0.00015365193389181567
3346,0.00015418571649466285
3347,0.00021509842988426338
3348,0.00014062833903862488
3349,0.00016125458921018701
3350,0.0001687737446242975
3351,0.00020390427226237517
3352,0.00014431162091628176
3353,0.00014203259968381478
3354,0.0002421032030368744
3355,0.03002564040285561
3356,0.007338725766303271
3357,0.003299343930378097
3358,0.0001485896287358885
3359,0.00015136214849135232
3360,0.0004788833178697658
3361,0.9733195916809066
3362,0.00024697908008044513
3363,0.0001692171751620215
3364,0.00016040852807390563
3365,0.00017808637548154138
3366,0.0002062898052107587
3367,0.02401053216940836
3368,0.00011448649718208125
3369,0.00014254864282410413
3370,0.0001451273245625707
3371,0.004057976616703489
3372,0.017160336027511647
3373,0.010216783993312358
3374,0.0035552410519599973
3375,0.0026675097507340476
3376,0.00028846728685493503
3377,0.00014553194371205762
3378,0.997096254738592
3379,0.0002671298717677439
3380,0.00015001590985732298
3381,0.0001385401945183656
3382,0.00019458759325903402
3383,0.00019093015385488363
3384,0.00017973965191192987
3385,0.14324357092819356
3386,0.005571274033614858
3387,9.874703210395153e-05
3388,0.00022597103772160947
3389,0.00029427364164663264
3390,0.00013980302539724843
3391,0.00011409910581637857
3392,0.0001430854759213496
3393,0.008320731271929305
3394,0.9984598515329892
3395,0.00012246197075103826
3396,0.0001397932044265368
3397,0.00018920655874790602
3398,0.0011778376563487739
3399,0.00030968514875733954
3400,0.00021341389857334453
3401,0.00023354249192148705
3402,0.00019675300375446704
3403,0.06429587805466923
3404,0.00026500207493031366
3405,0.008927306441843466
3406,0.000575916490540461
3407,0.00016754840989660887
3408,0.012266716149369607
3409,0.006940547067359038
3410,0.00010283000371505947
3411,0.08439222847655029
3412,0.002869352546736822
3413,0.015174060470205326
3414,0.0001891869191229136
3415,0.0002173613982038376
3416,0.00012320278747607625
3417,0.00014295285046388948
3418,0.01147168401022411
3419,0.00016494385935235498
3420,0.00015221173389996616
3421,0.0011357193153945836
3422,0.000704717006956007
3423,9.577865527926113e-05
3424,0.00016146231867886823
3425,0.9968035859197645
3426,0.0001443111969469318
3427,0.00015414330654080354
3428,0.0002597059329839333
3429,0.0011154806086575227
3430,0.0003117670502128256
3431,0.03725789677842728
3432,0.00018533481152140064
3433,0.0001980354938359694
3434,0.0002198414412497878
3435,0.0002546195769510413
3436,0.00021252638227260945
3437,0.0002293902351363114
3438,0.0001974226392020466
3439,0.00016525774516856938
3440,0.00017028220646211743
3441,0.0001702121809689265
3442,0.2901643296993722
3443,0.04565647712464686
3444,0.00014354991240001525
3445,0.01298745378821837
3446,0.0002864628849897119
3447,0.00015526148682692688
3448,0.8252051319467393
3449,9.932712867811851e-05
3450,0.00012774903503896638
3451,0.0005843878904251292
3452,0.0001386831594609939
3453,0.00011541791527208674
3454,0.0064248592208027006
3455,0.003394718685794513
3456,0.0012110509201943853
3457,0.00017642759224049208
3458,0.00019385065326061728
3459,0.00015192334033869477
3460,0.00030326135866944954
3461,0.0001590666518450383
3462,0.00015772033496507198
3463,0.00011536546608328399
3464,0.0004079344824303043
3465,0.0012232155588495573
3466,0.010403217344645808
3467,0.00016936097338020052
3468,0.00018038354905716516
3469,0.00014248922974255857
3470,0.00017223312642610783
3471,0.00013804105981201769
3472,0.011072759633302698
3473,0.00018995684742522656
3474,0.00015928597092594831
3475,0.011165293761475509
3476,0.00017257716422423367
3477,0.00045867954211786506
3478,0.00020743645896813707
3479,0.00017591949855256297
3480,0.00027699939379765415
3481,0.023366027240789337
3482,0.009885786977434693
3483,0.0004021823192060176
3484,0.00020178762929237422
3485,0.00017909003933921458
3486,0.00014281219261483
3487,0.0001421271992841007
3488,0.00014952687408429017
3489,0.00020744723212052016
3490,0.0008995433227357951
3491,0.7545972012911338
3492,0.9984106518888737
3493,0.00014828669327747882
3494,0.00018980296975276839
3495,0.9879042290080321
3496,0.007708732547150909
3497,0.0003134460080088478
3498,0.00013327500337889585
3499,0.00015846004917833553
3500,0.00015693973572920476
3501,0.00029282457539895007
3502,0.016661234855745603
3503,0.0005559749603335125
3504,0.00015189362023724167
3505,0.00016964632453962127
3506,0.00021215019551604282
3507,0.006076294749270494
3508,0.00023598814108432607
3509,0.0004132533707636154
3510,0.00016688668718252715
3511,0.09249750854192926
3512,0.0002030653255227484
3513,0.005114627339372995
3514,0.00018309383861310258
3515,0.0337762700369569
3516,0.00010996624643139948
3517,0.0008686718317640476
3518,0.015255128433632017
3519,0.062310369770910715
3520,0.00015793091468640819
3521,0.00016654764610902424
3522,0.0006346796005822169
3523,0.0001464173150150814
3524,0.019912234450461468
3525,0.01645062151688398
3526,0.0005224925133188665
3527,0.010693762815516147
3528,0.00012166421867661767
3529,9.971483133172656e-05
3530,0.00012450336333117505
3531,0.00020016962676189432
3532,0.00025363292855930654
3533,0.018535571106086557
3534,0.07257563700075129
3535,0.23647576298443726
3536,0.015243563231674384
3537,0.00017316429041691373
3538,0.039747227267385075
3539,0.0004756068222869893
3540,0.004081531981791346
3541,0.00016470048409091315
3542,0.00023476023003873603
3543,0.008533679815453799
3544,0.00015820973190267565
3545,0.00019715421623205196
3546,0.00023671198967614455
3547,0.11979035785177464
3548,0.0011934411811923065
3549,0.0011056863595579332
3550,0.01682045485334651
3551,0.02702591528315524
3552,0.00017654459283147276
3553,0.001599167152560391
3554,0.01614925749369809
3555,0.0010153615360501771
3556,0.00014950261654847924
3557,0.0001425078349696721
3558,0.0021949410096544887
3559,0.00012461116154045845
3560,0.00012286268609208197
3561,0.001237028482048256
3562,0.0008706771342952529
3563,0.00018293508975185602
3564,0.0001450386213333245
3565,0.00014416684086994116
3566,0.01643377034895837
3567,0.001181177404370852
3568,0.0002167531724241697
3569,0.00318820411029979
3570,0.00020483474768768993
3571,0.0001830601479168982
3572,0.00014863569381518975
3573,0.0001499802470447327
3574,0.003147903256109013
3575,0.00022560453471681536
3576,0.0001867678135601635
3577,0.0002409947549794155
3578,0.0002781401502666116
3579,0.00016553925117758378
3580,0.0001681030522443785
3581,0.0001634078271174741
3582,0.000190601198722217
3583,0.00018548701275040758
3584,0.17259167855615298
3585,0.0001978733147899051
3586,0.006756323898784585
3587,0.00010440775111324465
3588,0.09656976334628342
3589,0.0066945578477769245
3590,0.021864984765642782
3591,9.742280402183308e-05
3592,0.00020193835974255495
3593,0.00017075077568174724
3594,0.0008410845824404756
3595,0.00018710005433429322
3596,0.00020664666859474223
3597,0.00014981867959397812
3598,0.0003918142033881832
3599,0.01065254198283816
3600,0.005589411664444256
3601,0.01808285240215937
3602,0.0216781615125791
3603,0.0001839799386420446
3604,0.00012521867319385818
3605,0.00027520966550119815
3606,0.0044272825153167765
3607,0.00037842176998207093
3608,0.00018825359453995778
3609,0.9887116306854591
3610,0.00014516723221672336
3611,0.00031278799840303155
3612,0.00016160277151655502
3613,0.00044859851719445553
3614,0.00013195840987713297
3615,0.0025197177335315683
3616,0.0007728233012718692
3617,0.979350829790779
3618,0.00021740121233215556
3619,0.0014581701066624377
3620,0.0002344650275622306
3621,0.00020090079082434156
3622,0.02025056057677848
3623,0.00013922870632542206
3624,0.012365728136470824
3625,0.002124793160421784
3626,0.000211991242476445
3627,0.00011308011235452761
3628,0.0005031524005925131
3629,0.011231535825123342
3630,0.0002618655386566765
3631,0.00038848328503708504
3632,0.9880160255338051
3633,0.011600767170113279
3634,0.010391292947297875
3635,0.9871424442049866
3636,0.0002375222141086461
3637,0.00015376627849407053
3638,0.008316898770083698
3639,0.010511228946082286
3640,0.0002414291078634293
3641,0.0008399367756823202
3642,0.9893923643475867
3643,0.0026088746235481755
3644,8.517360685854251e-05
3645,0.00018906001061264125
3646,0.009331831949618164
3647,0.00015423413107404927
3648,0.00018392308457380223
3649,0.00023118655352412647
3650,0.07614976443074095
3651,0.00015166352839358265
3652,0.00020412883931534981
3653,0.0002140415149053208
3654,0.1826221653466474
3655,0.03846899449489657
3656,0.04009091206571038
3657,0.00014566843690637355
3658,0.0001647990568833102
3659,0.00024925720245931734
3660,0.00025210201262405434
3661,0.004884355518549227
3662,0.0001934176642282049
3663,0.07594498152589908
3664,0.5996017129286018
3665,0.9878865546340568
3666,0.00036280527968113676
3667,0.0009017922804128312
3668,0.009091983333005241
3669,0.0002970967920339109
3670,0.9728727704133068
3671,0.0003496535089321961
3672,0.00023487089712391048
3673,0.0002278304053844323
3674,0.9849340645430351
3675,0.00013904359637150078
3676,0.00022408825956409998
3677,0.00016486852904462195
3678,0.00043281755502505586
3679,0.009104267718453341
3680,0.00013730743054069357
3681,0.00026580543608198794
3682,0.32633409341063646
3683,0.00010730604429196641
3684,0.04227174711928329
3685,0.000968942990507546
3686,0.006938584862122396
3687,0.017246346602337287
3688,0.00015011640824160903
3689,0.00022081210534441274
3690,0.9948106136042038
3691,0.020377826247161657
3692,0.00012510373852656542
3693,0.00017922311699880534
3694,0.9766672596490789
3695,0.00018213801911909607
3696,0.015279928516331415
3697,0.00018338918095873313
3698,0.00015440167364837845
3699,0.030201311143308186
3700,0.031854093923958944
3701,0.0001374974481317311
3702,0.00022258005952534117
3703,0.00013785973327924174
3704,0.00017909035383477435
3705,0.00010996551174179202
3706,0.006129331913447375
3707,0.00018199232268327123
3708,0.00012854848069987135
3709,0.00019510071198815864
3710,0.00010918321740682796
3711,0.027028894439859334
3712,0.00041050656820588424
3713,0.00018048031943155245
3714,0.0029950547115261414
3715,0.0003391320363480297
3716,0.01517075388012184
3717,0.021054619820656224
3718,0.000142287662213722
3719,0.00017002342891213497
3720,0.004260779338336037
3721,0.0002630817342058321
3722,0.007023849733176002
3723,0.9958130815701122
3724,0.04434554794697667
3725,0.01411008554031796
3726,0.05444904906425898
3727,0.011928461696761969
3728,0.00018158374653565044
3729,0.07941221300353886
3730,0.00022217622020390148
3731,0.00013695963388489827
3732,0.00023000914014248988
3733,0.0001481635757726924
3734,0.008178902223188098
3735,0.01628513474917882
3736,0.00023042168414620263
3737,0.00019866620076902018
3738,0.00033826758017159296
3739,0.00020493089425846077
3740,0.0002147613941638901
3741,0.00017986558165017683
3742,0.00018432563697949052
3743,0.005394570685828848
3744,0.004382782151615564
3745,0.00017301186990245109
3746,0.00015916250819803744
3747,0.0013407083930371357
3748,0.00017978106369148346
3749,0.00013177874055279626
3750,0.017965582416131998
3751,0.9683320591213544
3752,0.0001387176452290944
3753,0.006293913573835394
3754,0.00020306974618392016
3755,0.0004705210407661975
3756,0.00021274998172118634
3757,9.783911733519252e-05
3758,0.0001813041883736611
3759,0.9870235033341231
3760,0.00016025861770926894
3761,0.00021850586756940013
3762,0.00016577673399406872
3763,0.00570373322951224
3764,0.0015241308289260598
3765,0.000283363699377095
3766,0.00023443633775071084
3767,0.9755705873620055
3768,0.00031380730006732454
3769,0.006313610592191957
3770,0.00021460846513859786
3771,0.00029103916993218886
3772,0.00010066380021747198
3773,0.0009624686625230033
3774,0.007974120735201635
3775,0.00027632710971033715
3776,0.16090956059992514
3777,0.00047907393540936097
3778,0.998105594059784
3779,0.0016983165486647675
3780,0.00011815264632709918
3781,0.00017475945687517742
3782,0.00016867595750148188
3783,0.0024558246075119315
3784,0.00016226210366381287
3785,0.002378026558231044
3786,0.00026122298493765826
3787,0.00017110347526601259
3788,0.026058973784369256
3789,0.00011451254338662243
3790,0.0001645919075051637
3791,0.00013205930582786216
3792,0.0001284024572839014
3793,0.00011679038240928058
3794,0.010897740637123883
3795,0.00014105846346991246
3796,0.0025246628780574757
3797,0.00663124855545114
3798,0.00015961671400493995
3799,0.00016308102413168917
3800,0.6827243541457623
3801,0.00015556958972621267
3802,0.0001807019437749918
3803,0.0008525921069166504
3804,0.006951933250684451
3805,9.858427298828716e-05
3806,0.0005177810760229976
3807,0.00020200332054751878
3808,0.000200413397312137
3809,0.010173892698910444
3810,0.014212535946820667
3811,0.00018219509897908888
3812,0.00018419437300714562
3813,0.0002485828005016047
3814,0.02763342903347296
3815,0.09473836833935433
3816,0.0071802880137651435
3817,0.004965119806022052
3818,0.00041631938692947046
3819,0.006054449620003819
3820,0.0018307689574554673
3821,0.9982151779941951
3822,0.00014579453777988695
3823,0.00013517865134308457
3824,0.016314980865778636
3825,0.0001996310470696518
3826,0.2567130313017613
3827,0.0002510077998891221
3828,0.00018049252733356032
3829,0.00019629043695150797
3830,0.33957572210569226
3831,0.00038519216207810703
3832,0.00016615589416655422
3833,0.00016677676530591932
3834,0.9817067885827475
3835,0.00020382119548440863
3836,0.010513723062621909
3837,0.016627463889400063
3838,0.007784504344996157
3839,0.005424703596478116
3840,0.009919108989104905
3841,0.00017734435641754144
3842,0.00023022719571780064
3843,0.00019820396527396974
3844,0.10325123425013083
3845,0.0002885986595445776
3846,0.00011370159495728326
3847,0.00011873823642287047
3848,0.004427984974484331
3849,0.0004359114420848553
3850,0.0001427800470604079
3851,0.0001236225746309163
3852,0.021532461560953457
3853,0.00497920082391799
3854,0.00040443052571713525
3855,0.02444175827035123
3856,0.002757993132702639
3857,0.002248044217279239
3858,0.036042334447225856
3859,0.0001958261973125536
3860,0.00010270029604666528
3861,0.00399714592808101
3862,0.021812458510037637
3863,0.00040621867610934274
3864,0.0003582203212820505
3865,0.04462015358226644
3866,0.9402508742159978
3867,0.0001914865952118994
3868,0.003326762837714982
3869,0.0001810816532481593
3870,0.00030392550677558366
3871,0.0007902332461144025
3872,0.01728351137351571
3873,0.01026478652132819
3874,0.9926961191782576
3875,0.03965456336650126
3876,0.0062796508362737355
3877,0.02670507841903084
3878,0.9974055768389094
3879,0.00016753615806550435
3880,0.0022476793132538554
3881,0.0031558301197828847
3882,0.0003725804308192881
3883,0.00013997061950168208
3884,0.00011366323462484764
3885,0.00511226189206897
3886,0.047691476565327705
3887,0.009880061564781587
3888,0.00018434045695995952
3889,0.0001761622287050866
3890,0.0036346601583033566
3891,0.0003814981024678228
3892,0.0001640017046388034
3893,0.000405158199769009
3894,0.0469423481254915
3895,0.00015388646949308327
3896,0.0004460150477015668
3897,0.00021563098395261607
3898,0.6581621088657584
3899,0.9966670583295025
3900,0.0002007313299807572
3901,0.0003000366645799915
3902,0.00014581370350628243
3903,0.00021717051736472206
3904,0.00017594339669890825
3905,0.0001560979585560999
3906,0.00020712654071747518
3907,0.0002919206265599388
3908,0.00020960714937492394
3909,0.002164628498706467
3910,0.9854964824213115
3911,0.00035230588141556155
3912,0.0004197334312544751
3913,0.00021287724522318457
3914,0.0001884913134110869
3915,0.00046604465573434875
3916,0.00017448870490914043
3917,0.006533964071606851
3918,0.00010376148944072597
3919,0.00023055736530703473
3920,0.20466424691735127
3921,0.0001739832166893582
3922,0.012540790111689482
3923,0.9690735396443714
3924,0.0003327143711313812
3925,0.0030604193386105654
3926,0.03500024887907961
3927,0.009588730934889423
3928,0.0005191132480621464
3929,0.0003323693040811647
3930,0.9973791155117848
3931,0.000137046285561485
3932,0.00012897874949862898
3933,0.00018352817564373322
3934,0.004197238969851198
3935,0.0030821508207704443
3936,0.007687515065882574
3937,0.006536041790418561
3938,0.006161005439726206
3939,0.00021746783808638832
3940,0.009488693234994556
3941,0.04140326756982839
3942,0.00013181413403688894
3943,0.047817249188144825
3944,0.0001636179656128109
3945,0.00023779014642169306
3946,0.9974135236612337
3947,0.0042284092750312224
3948,0.9867448979685198
3949,0.10580104789530834
3950,0.00023800626647304206
3951,0.0001812015153612706
3952,0.011637484215756309
3953,0.005215291903913106
3954,0.00022772841088834604
3955,0.08569617728494619
3956,0.0001617799271454498
3957,0.00015624186247006666
3958,0.00023037733666717922
3959,0.007603757352707026
3960,0.00025506258143983293
3961,9.768333910880177e-05
3962,0.0002999502251666712
3963,0.9963539390754417
3964,0.997750837145662
3965,0.00017944974587918194
3966,0.006229653686614106
3967,0.00014457909348084742
3968,0.0003601236928586396
3969,0.00037488564796789715
3970,0.0003787614783947978
3971,0.00018901771664697636
3972,0.00014799379412055438
3973,0.0002334934843703772
3974,0.00013825284868110586
3975,0.00012066534117588465
3976,0.00044801954825189025
3977,0.00016002203112361023
3978,0.013932378173394652
3979,0.0003255144475384301
3980,0.00022749186186260114
3981,0.0001840775818187039
3982,0.0001982211523489237
3983,0.9954914815749192
3984,0.00019688079360961514
3985,0.00012150127975285
3986,0.00025781605782963194
3987,0.0062836913547222985
3988,0.0030286958452258256
3989,0.00019611685954725542
3990,0.0003404189478192949
3991,0.0003141365079404382
3992,0.006792661893620865
3993,0.0001751169298205039
3994,0.0002076403107666521
3995,0.9980640761513575
3996,0.1593561935792978
3997,0.0002314239114761339
3998,0.0001616555955230113
3999,0.00021036043197606948
4000,0.003449116520283
4001,0.013446942466988071
4002,0.00017505272920179796
4003,0.00023136391198921603
4004,0.0002355552708375432
4005,0.002695813866862337
4006,0.033078960562111674
4007,0.002096902083994711
4008,0.0014973988273841912
4009,0.0002857352163170018
4010,9.101105407671904e-05
4011,0.9978566611413682
4012,0.00707269111558802
4013,0.00018129093158759065
4014,0.00017248155189684438
4015,0.0007611261423102143
4016,0.0005100147338719828
4017,0.007007648901641914
4018,0.0005675144863495574
4019,0.00016477244155060518
4020,0.3160132356375077
4021,0.0002292485585860972
4022,0.00018883586254184284
4023,0.041410148477076594
4024,0.00015363744459757548
4025,0.0002256289833341009
4026,0.00022480928342475192
4027,0.00015375100206671275
4028,0.00016679390992544745
4029,0.019294518872407795
4030,0.13019962666064008
4031,0.02045821221295645
4032,0.00022110808266816991
4033,0.0016399547456317335
4034,0.006066792212506347
4035,0.0004319697998687431
4036,0.0027388196048907546
4037,0.0023848074441273626
4038,0.9740999989797636
4039,8.98119266075881e-05
4040,0.0023220120600796765
4041,0.0006017479226117158
4042,0.0009655824840410869
4043,0.0011833444216818893
4044,0.0015806648512519405
4045,0.0021946134270297247
4046,0.000139777268502429
4047,0.00016028978914760963
4048,0.000385779659537001
4049,0.0009400964053940593
4050,0.00018052328634209094
4051,0.00046027477220272894
4052,0.005957747429971858
4053,0.0007377998372323584
4054,0.9648030320812172
4055,0.9985047376244978
4056,0.0001513836036278954
4057,0.000193179884008021
4058,0.00014238275906986605
4059,0.01219706198794109
4060,0.008583636955244169
4061,0.01138767415296885
4062,0.00015220249378554727
4063,0.00024900139999744266
4064,0.00016322815662568913
4065,0.0011640489754464391
4066,0.9976342234367979
4067,0.00023408339665111354
4068,0.5511721991541843
4069,0.0001387500054284184
4070,0.00017865746161607336
4071,0.00045045758329534825
4072,0.00016426622445517557
4073,0.0008015844355794575
4074,0.003100709438299677
4075,0.0002597275248190819
4076,0.00011665513051619262
4077,0.014474130275131347
4078,0.0002796758484793497
4079,0.00020864596480201482
4080,0.0002477225955049169
4081,0.00022468970976302844
4082,0.0003022452579235478
4083,0.00011068002703760568
4084,0.0007268434195072083
4085,0.17522897490175574
4086,0.0014382081967384162
4087,0.0003239045957450431
4088,0.00023046708539173634
4089,0.00011454813187137444
4090,0.0002735266040541797
4091,0.0003215113864196217
4092,0.00017596111294178535
4093,0.9867747448902986
4094,0.0002854707146472993
4095,0.018498449141668143
4096,0.00022767084028678386
4097,0.0003353558375873366
4098,0.015465379469550442
4099,0.002033820513982358
4100,0.010703952785175245
4101,0.00012618519050184234
4102,0.018918334742955047
4103,0.0005165622558184669
4104,0.0032079145526650843
4105,0.003963754131045968
4106,0.018029113018041193
4107,0.00012378880943870557
4108,9.479810874147348e-05
4109,0.00010816635780403322
4110,0.9115004211276976
4111,0.003244481489753636
4112,0.002885916036759654
4113,0.8951762683857352
4114,0.0006450671947751508
4115,0.9882556114545977
4116,0.0025318627162439354
4117,0.0038208243048795673
4118,0.0018232443358556193
4119,0.0001983667803702586
4120,0.00013858745456461673
4121,0.0003872847150355452
4122,0.9872262087357239
4123,0.0006000443739191837
4124,0.9820201391140069
4125,0.005148844501232372
4126,0.9853014495842043
4127,0.0022328440349843395
4128,0.00016293473476344502
4129,0.0007388401369253858
4130,0.9980222578937438
4131,0.025382190006482303
4132,0.001323645905483483
4133,0.003174525042772629
4134,0.002527344475240648
4135,0.00048435173445352626
4136,0.0017316487195669003
4137,0.0001421416837016315
4138,0.09869469166074948
4139,0.011753047834178226
4140,0.00033455135574369176
4141,0.12541194470302747
4142,0.0316328964541825
4143,0.0003863982282071458
4144,0.003156583929187455
4145,0.097148231911831
4146,0.0007730642402373927
4147,0.0003017584187108943
4148,0.00012156877532525234
4149,0.00016475642206797118
4150,0.00011321929790781798
4151,0.00026277412698579234
4152,9.92952771162767e-05
4153,0.0004530867506457372
4154,0.00013992093186600488
4155,9.689214079177522e-05
4156,9.16363464842586e-05
4157,0.0008301378681166633
4158,8.81972090545357e-05
4159,0.00012618307222879394
4160,8.643351598513753e-05
4161,8.901840714088587e-05
4162,0.0007918172202594487
4163,0.008607499109298245
4164,7.978600767769686e-05
4165,0.00220812812187005
4166,0.0005478669600355124
4167,0.0003296787514872617
4168,9.667351616200973e-05
4169,0.00016351597122204613
4170,0.001069594372195594
4171,0.000525202794813423
4172,0.00010047327319173678
4173,8.559804270207979e-05
4174,0.0005588977318586023
4175,0.0003591360705807689
4176,0.001378303910987032
4177,0.0031779999391345964
4178,9.934215779574247e-05
4179,0.0003129533284708332
4180,8.30701959188054e-05
4181,0.00026600057444774834
4182,0.002957277823667886
4183,9.91156439734095e-05
4184,0.00032160016437148177
4185,0.00042454060736719115
4186,0.00029532519886656133
4187,0.053871007765671344
4188,0.004435226890230046
4189,0.0018176737583308039
4190,0.0005083515783459912
4191,0.001710241137366535
4192,0.00034898768437812094
4193,0.0009859446600082344
4194,0.012119989125849107
4195,0.0003508303515521174
4196,8.344976645680401e-05
4197,0.06517881302187968
4198,0.22170550861674662
4199,0.0008814786195651741
4200,0.00629469667374481
4201,7.967408963565165e-05
4202,0.9983395106338913
4203,0.00023154689585389265
4204,8.544381950348947e-05
4205,0.0002994941319972786
4206,0.00032754084825768433
4207,0.00022363843117254246
4208,0.0009284760233451234
4209,0.00011313140020690262
4210,0.0002527505613623843
4211,0.00036885437250132607
4212,0.04540480120857858
4213,0.002598852459702175
4214,0.0005056754249720479
4215,0.0019222149982053936
4216,0.00018448770901550697
4217,9.693374090187302e-05
4218,0.0002623746363505485
4219,0.0017372326193252868
4220,0.007478961215334872
4221,0.01857479586959026
4222,0.00038661179913185544
4223,0.0007376664588146294
4224,0.009275834645419933
4225,0.0016360781430670827
4226,0.0033585643305759595
4227,0.0007092221480198482
4228,0.0017257973357508072
4229,0.00012179310881270428
4230,0.0012253327936782945
4231,0.38493308159981365
4232,0.006078901049587991
4233,0.00012221652359506913
4234,0.00013505651638198696
4235,8.753009380712172e-05
4236,0.012080144508185894
4237,0.00013302612698467555
4238,0.0027031747077511264
4239,0.00033598586524073465
4240,0.04206447142697058
4241,0.001612277010173566
4242,0.00029683189626081427
4243,0.0007024896359149938
4244,0.000306184055801127
4245,0.0002691007919910902
4246,0.0010917568593588373
4247,0.990214433835043
4248,0.00027324171253277293
4249,8.91966736408031e-05
4250,0.000402075686430722
4251,0.008498794236206484
4252,0.02354660562995834
4253,9.122713592670834e-05
4254,0.0008586049257221119
4255,0.0002494833277410292
4256,0.0005410385100793706
4257,0.00021627309897330571
4258,0.02562813940416563
4259,0.00017088916733187698
4260,0.00041600376190097647
4261,0.0004143429891683947
4262,0.0001885206134879546
4263,8.811468079095985e-05
4264,0.00018232116314886092
4265,0.0009621225470678004
4266,0.00902159224047298
4267,0.0027006276575158063
4268,0.04465509015122636
4269,0.003193240765556477
4270,0.0014912969349303025
4271,9.315016349708543e-05
4272,9.690632784570094e-05
4273,0.0005507759763076631
4274,0.0012793555195632724
4275,0.019608604435900404
4276,0.00044640506400405133
4277,0.00035480210122459347
4278,0.03935611758775924
4279,0.0002191236129096625
4280,0.007367992818576097
4281,0.00022619818338362197
4282,0.9969744814605892
4283,0.057436490619463786
4284,0.0002441763454520597
4285,0.00023522518383308245
4286,0.00043621662918012034
4287,0.007852670528592863
4288,0.0007713543271144144
4289,0.016255492620228334
4290,0.011347826550649318
4291,0.0004204851599417206
4292,0.00011873426678174828
4293,0.00029170205524675944
4294,0.09947636693138681
4295,0.0008720984123665395
4296,0.00012887306655217317
4297,0.009545475872939007
4298,0.028239294726548937
4299,0.00043193925752943235
4300,0.00037521217126554394
4301,0.0006884352573224984
4302,0.00026569673841547135
4303,0.003380364008978064
4304,0.11710607447192731
4305,0.00012500381070574775
4306,0.0024918391077336536
4307,0.00032841228022854435
4308,0.007481401265405625
4309,0.00019289471396529779
4310,0.07548186038933537
4311,0.00041187948248467144
4312,0.012566133240794109
4313,0.007386738319682895
4314,0.00549279258981285
4315,0.005694488515074509
4316,9.673383782507035e-05
4317,9.803354204453933e-05
4318,0.04538797525609069
4319,0.01569888810886131
4320,0.010545868415331446
4321,0.0004433584903156299
4322,0.9432258142919725
4323,0.000217734861031514
4324,0.006349266466006942
4325,0.00364612205415041
4326,0.0005718931230208119
4327,0.00023367281613106294
4328,0.00027043895899163455
4329,0.00032023290688982397
4330,0.0726570125095081
4331,0.00027066783859511353
4332,9.558295126852761e-05
4333,0.0032626439048880776
4334,0.0002327183563522901
4335,0.00010843645825738682
4336,0.0013807576150757284
4337,0.002598479796095762
4338,0.0007175352409181716
4339,0.0005430019963293755
4340,0.00039308385046503083
4341,8.676565031838394e-05
4342,0.0003707558560022665
4343,0.01240769138544312
4344,9.686598177234429e-05
4345,0.9921820925433404
4346,9.582259780607693e-05
4347,0.0014313451108814534
4348,0.05122037948260498
4349,0.0008349495426034136
4350,0.00028019510691100783
4351,0.003150934322193095
4352,0.039459476900605236
4353,0.00653016501497974
4354,0.0036920048593836402
4355,0.001097699262061471
4356,0.00042359505414309466
4357,0.0002529318534615508
4358,0.0005267429599497287
4359,0.0008765620661073757
4360,0.0003525845693448285
4361,0.0004348160834325361
4362,0.020048271901257016
4363,0.00035884217624293935
4364,0.020302140004445406
4365,0.0008272045687876815
4366,0.0009543068297790157
4367,0.003593120206918675
4368,0.0004645295802897266
4369,0.0001310812169715661
4370,0.01251326845414035
4371,0.001107263148878759
4372,0.0002733042387442146
4373,0.01929728367927954
4374,0.00035222297191907757
4375,0.0004070572216150018
4376,0.0020112885389853355
4377,0.00026051553872786745
4378,0.034280275641341715
4379,0.03997094743369305
4380,0.00020542161800695216
4381,0.0006506744434524852
4382,0.0004460333282549463
4383,0.334081041900128
4384,0.00858900931625346
4385,0.0013954447544602812
4386,0.0001658780850086423
4387,0.00011547237401450937
4388,0.0005655633643408706
4389,0.00035638680407232694
4390,0.0003466344830118953
4391,0.00892695752184045
4392,0.00810341988970087
4393,0.01207588851237622
4394,0.0016891962635314222
4395,0.002447435563670401
4396,9.639230893725986e-05
4397,0.00025944725932675354
4398,0.0007414870970798741
4399,0.0003336392972791518
4400,0.0002573742185537813
4401,0.9978809097904232
4402,0.00045313798409566785
4403,0.00029332660064996407
4404,0.0001007149518951837
4405,0.02916153786677688
4406,0.006111771748775156
4407,0.0005319001832235667
4408,0.005810323277539903
4409,0.000446143117022692
4410,0.002217545552828308
4411,0.0003637731855873129
4412,0.01247138810217409
4413,0.0012656389913883374
4414,0.034638529352011546
4415,0.00772356428463499
4416,0.0006636742897697447
4417,0.03467659783916815
4418,0.0010676267263730202
4419,0.00011910432984362793
4420,0.0042957777801024884
4421,0.0003303922961508853
4422,0.01082748136419504
4423,0.00019831868881867035
4424,0.0004504079067969984
4425,0.5792888810393315
4426,0.9985470155469167
4427,0.0005474854185160161
4428,0.00042374356179703454
4429,0.9981675422534169
4430,0.0005421622470592734
4431,0.001356302269506329
4432,0.001309040158034891
4433,0.03034039191983956
4434,0.00665987449206306
4435,0.010465258847708808
4436,0.00010191995315664722
4437,0.00026689235695543593
4438,0.004211317268283595
4439,0.002129617964243012
4440,0.02453784050929007
4441,0.0015439852155196647
4442,0.0001287635705957339
4443,0.0003659635855140767
4444,0.0002464809922381149
4445,0.04827086340019167
4446,0.00031358083310073634
4447,0.005629208217971056
4448,0.011499289244749921
4449,9.479215382910177e-05
4450,0.0009846227973704191
4451,0.0002021438632269702
4452,0.030034359325908762
4453,0.00012056140928767486
4454,0.012073310212889833
4455,0.006059391054638086
4456,0.005185828637953848
4457,0.007374604429346236
4458,0.000287223007886711
4459,0.002092871326310697
4460,0.001583216879525637
4461,0.010206826574380403
4462,0.15459151303416566
4463,0.0044208031603000545
4464,0.0066551160393077124
4465,0.0006123947910202446
4466,0.0031204051130366813
4467,0.006325616578898246
4468,0.019389907818145254
4469,0.11225023873450517
4470,0.0002877411845806247
4471,0.002290209948979557
4472,0.00020291455269170257
4473,0.0341801941611541
4474,0.0004499197727363716
4475,0.002731810750998467
4476,0.00019680982141432707
4477,0.003702057910696571
4478,0.0016263533296120096
4479,0.0025529799215254067
4480,0.0005009898979509782
4481,0.1403916364695818
4482,0.0019747052746933286
4483,0.00010175364747769422
4484,0.32350803261763644
4485,0.010285907982915418
4486,0.0004553862445094372
4487,0.021980233848067115
4488,0.0001087154565502938
4489,0.00013527276217329694
4490,0.002177410044960186
4491,0.005662374286163945
4492,0.0045039482265897485
4493,0.0017667633101875874
4494,0.0009184715573166777
4495,0.9873140864425629
4496,0.00039472343287924073
4497,0.0017959023175010934
4498,0.012616712267947186
4499,0.9899603651833786
4500,0.0006699776703290196
4501,0.0010740527983115595
4502,0.0002720739675847354
4503,0.004080227464814999
4504,0.0008848940747305147
4505,0.0004040232560374654
4506,0.00032547134558631946
4507,0.0028671448015075247
4508,0.002829224099403501
4509,0.00025452961719990054
4510,0.017734736941485616
4511,0.0019151719384355875
4512,0.997629304756933
4513,9.666700725390469e-05
4514,0.0016520563895891754
4515,0.0003814715917600222
4516,0.0004309163111948573
4517,0.10529553866264392
4518,0.00253876131411386
4519,0.009654207990840569
4520,9.00651142814796e-05
4521,0.07055828389965069
4522,0.0009690445727336841
4523,0.02718460418426467
4524,0.00013335478663518773
4525,0.0003466798080943198
4526,0.9914369989031728
4527,0.0031189485659458525
4528,0.00010464606707006128
4529,0.00033106662441954144
4530,0.001271276711601202
4531,0.0002608661664108228
4532,0.0029677340107780244
4533,0.0021762852489425797
4534,9.16165010814307e-05
4535,0.0006524331868272294
4536,0.0008747779220443178
4537,0.00012008436558180076
4538,0.0005417944913035067
4539,0.0013900495960310136
4540,0.006849813171249504
4541,0.000951543252737739
4542,0.0002700484824647204
4543,0.00520400987198247
4544,0.005996082799623751
4545,0.0003345794724454377
4546,0.0007860939454056518
4547,0.00035250808198770343
4548,0.006794732947567691
4549,0.015515031374874916
4550,0.005790707167499186
4551,0.00013811983845396942
4552,0.9978672129542575
4553,0.0002710297353830398
4554,0.004013525161908499
4555,0.9810541051674179
4556,0.0008053216210593288
4557,0.0001997044944392394
4558,0.00026917473270820217
4559,0.003395717953164244
4560,0.0022908530969023336
4561,0.003978530040916415
4562,0.027859922904942973
4563,0.012093019949659677
4564,0.0038221644921593405
4565,0.012162043342265073
4566,0.02031006842665061
4567,0.00027313934244155617
4568,0.002288274747355026
4569,0.003833967926091875
4570,0.9860981393919536
4571,0.0012451580579523921
4572,0.0022403005223764383
4573,0.7799445441680192
4574,0.0001522163751891377
4575,0.01212325680643062
4576,0.0034450018680651376
4577,0.008260777630918023
4578,0.004956882956482377
4579,0.04383682232038667
4580,0.020438333605587968
4581,0.0004423977523830348
4582,0.0006013797280194491
4583,0.04135352307064407
4584,0.030860603969117904
4585,0.01606881091641237
4586,0.002319364473167806
4587,0.0006171214303954828
4588,0.05540084375160399
4589,0.009598630833609114
4590,0.003016827632278173
4591,0.002811987499576641
4592,0.005596567696414865
4593,0.00022222981793681277
4594,0.0002917781540814141
4595,0.0058461001376517345
4596,0.10249827586673681
4597,0.00010402610537067571
4598,0.00021637227925007152
4599,0.006238301057831099
4600,0.0024181841099190733
4601,0.0001064395712885271
4602,0.00011410021958301656
4603,0.030209561193440683
4604,0.010204919782565889
4605,0.0017835137090791194
4606,0.5675791087003117
4607,0.00010860938568700039
4608,0.002805262621762582
4609,0.0002938400964410295
4610,0.011828309276561907
4611,0.003686748577011374
4612,0.011495056140281837
4613,0.004256019619853042
4614,0.00111082667024536
4615,0.00032217402097338806
4616,0.9944095564501524
4617,0.00033952429552412536
4618,0.00025190082975562147
4619,0.0004133757253522904
4620,0.0060900241181923095
4621,0.0019007647264639243
4622,0.0021070698569327093
4623,0.0001379177810090388
4624,0.000209757011100777
4625,0.0004100984891876338
4626,0.0032116923069101647
4627,0.0020826789197224533
4628,0.002873082608503047
4629,0.0003357809862823817
4630,0.0006823271449221506
4631,0.02396187217167437
4632,0.00014454624034929435
4633,0.00035794498868928215
4634,0.0103337679963136
4635,0.0006044122455423159
4636,0.01421637520947629
4637,0.0002790630849568976
4638,0.0025948501796512263
4639,0.00010222847672331054
4640,0.0004070877590143382
4641,0.0008009259981494963
4642,0.00010380405921489423
4643,0.00011698330930815938
4644,0.0005535874869031434
4645,0.009395655432511234
4646,0.013890551190253337
4647,0.00031873424975428544
4648,0.00024575353656504124
4649,0.0024518093218246556
4650,0.0008594537107230439
4651,0.00016910738782817015
4652,0.00632842287185473
4653,8.542758013422447e-05
4654,0.003398279839088879
4655,0.00473806114377777
4656,0.0003263474323425066
4657,0.00228234115258085
4658,0.014049787877388975
4659,0.0473406726673853
4660,0.00035993420771277435
4661,0.0020732830986226096
4662,0.0012366540667367169
4663,0.0002688794197098345
4664,0.00044080699722447175
4665,0.00028447258085184283
4666,0.01906788504344877
4667,0.004329260292396732
4668,0.00044655873757975276
4669,0.0003180846989032151
4670,0.0038610519059420626
4671,0.0003544111357624623
4672,0.0545084761972533
4673,0.0028218631810617485
4674,0.0002327773257941707
4675,0.02271171213711142
4676,0.013276364306616415
4677,0.0007426368791473818
4678,0.997775802883823
4679,0.9628733769326703
4680,0.9984645301941202
4681,0.9932259775001405
4682,0.0008683501204713561
4683,0.010502390173990397
4684,0.0031484661783415307
4685,0.008325463946030924
4686,0.0013629511467948777
4687,0.0016350317129621781
4688,0.027551337878671357
4689,0.018041860497766807
4690,0.0006139900214911086
4691,0.001194988160623601
4692,0.0019862589311658925
4693,0.00045516928705018435
4694,0.0009469098636173455
4695,0.0006882804125640864
4696,0.04031923142166032
4697,0.008455500128474524
4698,0.00863049393009672
4699,0.0007898683238297245
4700,0.02182385649539912
4701,0.0010048137235123239
4702,0.00011258247184442978
4703,0.0010799919561654547
4704,0.9434998301548635
4705,0.0006138945428764912
4706,0.021139607824192996
4707,0.00014269382423379103
4708,0.001020617618685976
4709,0.10299197864075302
4710,0.004099477298202601
4711,0.0077999686845028424
4712,0.005010424074203038
4713,0.0004144861386827192
4714,0.0006210659018567857
4715,0.0006288900456673156
4716,0.0005732880842684669
4717,0.0033282260322911408
4718,0.00028588680999597996
4719,0.0004579002378701872
4720,0.034621074299899114
4721,0.017339417976057682
4722,0.016626731343671635
4723,0.010480927955123582
4724,0.0004400391114447079
4725,0.0024406433836298594
4726,8.34838456523987e-05
4727,0.0020622264707388684
4728,0.00023598901514353685
4729,0.00035683261638212575
4730,0.00022940795168282445
4731,0.06228763194831349
4732,0.018340009045894216
4733,0.1589594521114443
4734,0.0002271165809821536
4735,0.00033571370003222594
4736,0.00034421242142275687
4737,0.0006136501637565693
4738,0.0017320174194281606
4739,0.024222811226208337
4740,0.01688018825263526
4741,0.0025333910987399458
4742,0.0050280105334750014
4743,0.042729972345151926
4744,0.0023801598135796795
4745,0.0009781118306333948
4746,0.0509318086616703
4747,0.0008607517748531821
4748,0.0018784153735418245
4749,0.0018897571097439582
4750,0.014646767420505746
4751,0.9975288402461334
4752,0.00035813147631365413
4753,0.035025854010604665
4754,0.00013270277732727948
4755,0.0003052995045400774
4756,0.04159694357402334
4757,0.005068989079408705
4758,0.0007190651426278473
4759,0.0008423375253040309
4760,0.008258942661504207
4761,0.0014275744131034183
4762,0.00010995766500916219
4763,0.0002357594862797163
4764,0.04400192127350954
4765,0.003876379051980689
4766,0.001802189111388728
4767,0.0016717897019410117
4768,0.0014725331689511994
4769,0.00013525782549358027
4770,0.00017655406248628247
4771,0.00012899466414106718
4772,0.0003711783670763861
4773,0.00029675213095497924
4774,0.21693718217076255
4775,0.008054889062958162
4776,0.9840675636291355
4777,0.9975163944202154
4778,0.00038908064992174233
4779,0.0017358317772115488
4780,0.002063851714849259
4781,0.0010274246990797928
4782,0.00031609271192939545
4783,0.0002129385776509762
4784,0.996230409559151
4785,0.000602254796328077
4786,0.00036046538307424867
4787,0.0005675508363691201
4788,0.0010511511450455794
4789,0.0009590368166945418
4790,0.0008583786823196397
4791,0.0002754809892182218
4792,0.8151802525338114
4793,0.00012341185883883675
4794,0.00036923837522057947
4795,0.6456413305258387
4796,0.9977630837879989
4797,0.01749076085623331
4798,0.0006166897387547068
4799,0.007056413378196974
4800,0.0005558605148674656
4801,0.0002801832868864672
4802,0.9965879444849369
4803,0.0823625598373798
4804,0.0010048238776821758
4805,0.003371613876595468
4806,0.0013662624162354964
4807,0.0012136177600192727
4808,0.000555092027199313
4809,0.0006474578711214969
4810,0.0003130429850061012
4811,0.07792121783616583
4812,0.020154115125445876
4813,0.006386023040675407
4814,0.00011377581701083785
4815,0.010511209310942536
4816,0.007143941983810302
4817,0.007186355650124532
4818,0.002173253857107237
4819,0.172929916089763
4820,0.00041543693265551004
4821,0.9160363309239191
4822,0.00144396647948702
4823,0.00012565469405519884
4824,0.00838404304671649
4825,0.000282545625939256
4826,0.00020032114361137254
4827,0.9347826017472306
4828,0.0024348904898968647
4829,0.004056035954497887
4830,0.0010255872706199508
4831,0.0006033991989808001
4832,0.9370293102589151
4833,0.0003373800171311066
4834,0.9975281946373789
4835,0.0007628560797785375
4836,0.9965548047369064
4837,0.9978193398742903
4838,0.12959901351514144
4839,0.00435867839585487
4840,0.0008281999304187374
4841,0.0002951210774351545
4842,0.000689016865610285
4843,0.0004213057278162189
4844,0.06347607540614625
4845,0.0009738915103409997
4846,0.8872634274708666
4847,0.9945558171756834
4848,0.002722813224191865
4849,0.005773700297764272
4850,0.005717737252410522
4851,0.0006292011249841736
4852,0.0001146701319798514
4853,0.00013502510527783134
4854,0.002255351279173031
4855,8.802910068675127e-05
4856,0.03891698508252282
4857,0.00032199656700128567
4858,0.0002583617475602609
4859,0.009767335132943467
4860,0.0010225224172827467
4861,0.002096941035432163
4862,0.00025346435863553307
4863,0.00023176861539628632
4864,0.00032374439377132945
4865,0.003927728730863108
4866,0.012522568363970688
4867,0.0003637327520122365
4868,0.016969357425577498
4869,0.0027837769793751495
4870,0.0002210140261324218
4871,0.010845412153006755
4872,0.00025709133101868646
4873,0.0022767081006480508
4874,0.002037930503904169
4875,0.00013090467133317277
4876,0.0006376391023766817
4877,0.002332670238135398
4878,0.960553391894884
4879,0.0010637203391014604
4880,0.003610743868498978
4881,0.0002585776801681382
4882,0.0001253844758286982
4883,0.00011501570147589152
4884,0.00013377335707413573
4885,0.0014123591651562183
4886,0.00430992722630633
4887,7.89611800319674e-05
4888,0.1943336051155447
4889,0.000494520715761112
4890,0.0012853502557732955
4891,0.011602717848180517
4892,0.00027340471111978755
4893,0.05330107389451022
4894,0.00527452646094264
4895,0.002534667526190425
4896,0.0017328524744942818
4897,0.0006915705822531953
4898,0.27420064097126906
4899,0.0019095606042659869
4900,0.002900485084961408
4901,0.0048736690226008905
4902,0.0037173649943582506
4903,0.014936672274301186
4904,0.00013672308448624393
4905,0.25126650628097835
4906,0.02523398873330491
4907,0.0003709121114931736
4908,0.0019343360228438983
4909,0.0004048001538560016
4910,0.0005342757768913751
4911,0.033532740944258725
4912,0.00035241516424672215
4913,0.0029195630568498512
4914,0.0010626873445651708
4915,0.0001995791240891398
4916,0.0003104131607440324
4917,0.006222420952842359
4918,0.0018156191705330875
4919,0.024479464637797113
4920,0.004201666936471542
4921,0.0020636088760244706
4922,0.0004126730413088679
4923,0.0005269147422975568
4924,0.0007568316353932928
4925,0.00214649262025231
4926,0.009223148940934678
4927,0.0015037753104296587
4928,0.005482296316165783
4929,0.005045740438639074
4930,0.003750486978152511
4931,0.0007806625078635429
4932,0.0018816845319071494
4933,0.0011438014678995044
4934,0.9979643597330783
4935,0.0003080322206254177
4936,0.0002723200421628439
4937,0.009813966855492209
4938,0.001959488991858475
4939,0.0005285403517616026
4940,0.0003337368666763693
4941,0.00025139851693781407
4942,0.018556077012710788
4943,0.00016337247824240977
4944,0.005062350133102312
4945,0.002298515752715595
4946,0.0003021676431498243
4947,0.0034588130291682956
4948,0.0009092867354935482
4949,0.005983935154710049
4950,0.9980444708241825
4951,0.0036781624156548365
4952,0.0018424451387780247
4953,0.0003505532662083069
4954,0.00019953108382158295
4955,0.0013611422457456381
4956,0.0018831889463762
4957,0.002056250723140667
4958,0.00023401869271348863
4959,0.01476016002906239
4960,0.17102738776991266
4961,0.0023559453645701
4962,0.002604829840491344
4963,0.11647199422414105
4964,0.007912087306967451
4965,0.0005756063178588381
4966,0.0036953922246405944
4967,0.021059629620402646
4968,0.00026743180516118186
4969,0.11497272778807051
4970,0.9962288917744031
4971,0.0005738577432042412
4972,0.0016392311594599185
4973,0.0022922482232015486
4974,0.00021003986825469202
4975,0.00522286577818922
4976,0.00023954421638731015
4977,0.0006271621273927126
4978,0.00026318393111944007
4979,0.006655714408229918
4980,0.0003086041852360444
4981,0.000497142652073697
4982,0.0021963460746753246
4983,0.000152883791436224
4984,0.0003404797436279698
4985,0.00012810104450479442
4986,0.0002666743855503937
4987,0.0002518387464928185
4988,0.0002329027510957409
4989,0.03949948371639899
4990,0.0002270166024779393
4991,0.030321432541255623
4992,0.021748691163978685
4993,0.005607582507146362
4994,0.0003581506540851192
4995,0.012536722982424675
4996,0.0006543656506435701
4997,0.008016754859517616
4998,0.033424147482033005
4999,0.0002975634632665366
5000,0.002162565687900178
5001,0.0020700731412892073
5002,0.0009856857981041449
5003,0.060004759511379
5004,0.007047202323341445
5005,0.0006414128071884139
5006,0.0005351399058408003
5007,0.00036132516658713836
5008,0.0002375636149368034
5009,0.0007936760128356889
5010,0.00021025677961378038
5011,0.0001956652174609916
5012,0.0007507231038006708
5013,0.03702663440376366
5014,0.7248222591114348
5015,0.000353744395508554
5016,0.0029781871078696804
5017,0.0003825686632385608
5018,0.0007896614606123272
5019,0.008936303948928087
5020,0.025280439962200234
5021,0.00041134284371531303
5022,0.0044440870535989736
5023,0.9961086433236591
5024,0.00015820980147761973
5025,0.0005655543915070929
5026,0.00023850425893840238
5027,0.0004093153595407419
5028,0.00024862830112586164
5029,0.0002507279321875324
5030,0.00021673687709178498
5031,0.018284489192396537
5032,0.00042884570072433307
5033,0.0003522042884542657
5034,0.005800185283935713
5035,0.02601143653959521
5036,0.00013533700848096492
5037,0.0018452526016868166
5038,0.0007679877778057264
5039,0.05594138845057467
5040,0.021059149220023377
5041,0.002215672651091404
5042,0.9949327863708941
5043,0.0002047292797613977
5044,0.0004319799977979636
5045,0.00032582121746649285
5046,0.9337209449280642
5047,0.0005021329635482829
5048,0.051655204411749464
5049,0.0015406407646312804
5050,0.0011351093776298092
5051,0.9978296629185828
5052,0.00011418463516933087
5053,0.03575314817245139
5054,0.03947344934105831
5055,0.009205843604526658
5056,0.00021921177881449111
5057,0.0010936307147671747
5058,0.1487998376061843
5059,0.006887308749719259
5060,0.0002505433129622022
5061,0.004221737087353951
5062,0.06373868399407899
5063,0.011188635980848146
5064,0.009996353378534797
5065,0.0032065906106279324
5066,0.001041012407347779
5067,0.0021945683939894114
5068,0.02546289050544437
5069,0.0003092655139159411
5070,0.012907750327169714
5071,0.00027076971295937396
5072,0.0009349344653718422
5073,0.017777929865325216
5074,0.0002939250140121379
5075,0.00019680469523921878
5076,0.0015592774113589174
5077,0.0010615456107963433
5078,0.011587945896028209
5079,0.0003281654482212174
5080,0.9263220590366791
5081,0.0009553734028659837
5082,0.00032588604003389455
5083,0.00025895988726504183
5084,0.02821826712849824
5085,0.0024417918788887673
5086,0.01599511765528181
5087,0.020140779140214095
5088,0.0003527094155007269
5089,0.0002520221754098382
5090,0.008137848065929449
5091,0.0003148465630467102
5092,0.0005670712929892712
5093,0.00034567260451573765
5094,0.9960562861389175
5095,0.11017295263441493
5096,0.00011546346307674857
5097,0.007112210553325246
5098,0.0012936094127218739
5099,0.012183517371358575
5100,0.0015644125907126958
5101,0.0002504512923132454
5102,0.0031524585690465142
5103,0.0021071080644764722
5104,0.9956426900764223
5105,0.0028634862898976573
5106,0.0002688792750033575
5107,0.06870443692005865
5108,0.0005208310505975415
5109,0.005837728815984337
5110,0.00035271148249649254
5111,0.24059712245728684
5112,0.004798107166028585
5113,0.9959084777411041
5114,8.935254924010764e-05
5115,0.010905521731619513
5116,0.0003872819920032816
5117,0.02282945761596496
5118,0.0008551089010183484
5119,0.0006222913588160385
5120,0.00017061259529808443
5121,0.9473142858470874
5122,0.0001891862471535937
5123,0.00032992545047801953
5124,0.00713142719900661
5125,0.032284289401506835
5126,0.019511178324434286
5127,0.0004396193568830995
5128,8.967626709546024e-05
5129,0.0002385551773900711
5130,0.9973453413509665
5131,0.00028400135617050805
5132,0.023847879594233325
5133,0.0007502845222828267
5134,0.0003927219126196134
5135,0.00027394969345819864
5136,0.002841182793139974
5137,0.00043689202999021466
5138,0.00025765932321578365
5139,0.0004437432502689065
5140,0.0021417614533436173
5141,0.0021776061312975916
5142,0.0001012609741450305
5143,0.0029601526318789326
5144,0.9970781187772098
5145,0.0010542055626813584
5146,0.6041994242612632
5147,0.2240991868052315
5148,0.0004346334646843916
5149,0.0003121404855763568
5150,0.015018719141606634
5151,0.0002176252085135211
5152,0.8251082833978737
5153,0.00015880063836251415
5154,0.0006706175490693172
5155,0.0004667212608396614
5156,0.001282981971229005
5157,0.08369286323342859
5158,0.000296802351272714
5159,0.00025044220388695205
5160,0.002101856118764023
5161,0.0009648230821122861
5162,0.9963401333242923
5163,0.0019571742947674877
5164,0.0003825142755923238
5165,0.11106557537359256
5166,0.0005136243735255517
5167,0.8131950926835172
5168,0.0003757663005072143
5169,0.8661518406879317
5170,0.00030714416994237574
5171,0.010599381119098542
5172,0.00029535275236884184
5173,0.0072893724713858216
5174,0.0001488106350233681
5175,0.037144729075170115
5176,0.0017580038915710674
5177,0.0015123964812636132
5178,0.005435999275212697
5179,0.0003051010195064466
5180,0.00028533927239614623
5181,0.00012778309070393562
5182,0.018188775892230984
5183,0.00013246391103902366
5184,0.00418715925990009
5185,0.00013648113003356831
5186,0.007434933103875646
5187,0.007759456932202656
5188,0.005843099685552005
5189,0.003208567863862669
5190,0.0005555026004517842
5191,0.0006338907581334436
5192,0.0002840492145765312
5193,0.005759367776578277
5194,0.00022424307762062976
5195,0.010189606604506662
5196,0.0003966904992149796
5197,0.0002909595459878101
5198,0.00039308933543058647
5199,0.9959116876834745
5200,0.00010481628870167045
5201,0.00037674426831727826
5202,0.00024993660057489925
5203,0.0007755612540231687
5204,0.00029106875163935494
5205,0.0003885636467471355
5206,0.0008451458173398842
5207,0.00019950388047656722
5208,0.00031099957864277666
5209,0.001047042849352525
5210,8.500264894312185e-05
5211,0.00010207135498163569
5212,0.010496533941931894
5213,0.0010575736390490067
5214,0.0002256901952960632
5215,0.004755655949470297
5216,0.0027875529541520733
5217,0.009600728659002935
5218,0.0025564566299140323
5219,0.005437881449834149
5220,0.0002533057459000551
5221,0.00011027819927986971
5222,0.0008119966887215434
5223,0.0038836869108109136
5224,0.012385251021687804
5225,0.00023866080000472934
5226,0.0005007452630959427
5227,0.00402035429667063
5228,0.001281392117493565
5229,0.007018598333513667
5230,0.0045657741249547435
5231,0.0029990853626440965
5232,0.000826110901754372
5233,0.9978409395750794
5234,0.0007967288733905884
5235,0.0002847569901878208
5236,0.005377582230616089
5237,0.005755064560339086
5238,0.007289217209788976
5239,0.0008572158515390248
5240,0.00022929299064508484
5241,0.00023544877764065673
5242,0.0006133665607215537
5243,0.001386296112618008
5244,0.00013844729906428363
5245,0.9977958071063693
5246,0.008110147234707182
5247,0.0004264150789815824
5248,0.013686246142257028
5249,0.0003532559691135618
5250,0.003274235578050217
5251,0.000285537427815339
5252,0.0016052341819983885
5253,0.9963318736304082
5254,0.0002955579449880437
5255,0.00012657341080209652
5256,0.000330143968936503
5257,0.0018193735212888719
5258,0.165313331757317
5259,0.0071664591797897855
5260,0.0006060495853000512
5261,0.0091649317708935
5262,0.005125425595854789
5263,0.0017712589407420294
5264,0.0004335434207368183
5265,0.05237310602358356
5266,0.0026111632875620546
5267,0.012418324021113245
5268,0.056709121795957496
5269,0.002799950323343557
5270,0.0021038480470555224
5271,0.08861380635794525
5272,0.9742153870022492
5273,0.00026494754167161687
5274,0.0006757303395154255
5275,0.0001421670783691454
5276,0.9974154654399087
5277,0.3317506176176818
5278,0.0029688184921732924
5279,0.004694212249773205
5280,0.06840855333180662
5281,0.006082284061894606
5282,0.06073173126144856
5283,0.006690010337643867
5284,0.003104661019522742
5285,0.00012150976519327348
5286,0.0003960663445668466
5287,0.0007042094260159299
5288,0.02371891481959068
5289,0.0001570036090211363
5290,0.000463989395760748
5291,0.1179913535094653
5292,0.004834459585776586
5293,0.0003078150205030455
5294,0.0002578088215704728
5295,0.00033694120945453764
5296,0.1878370918724412
5297,0.00041226299475336306
5298,0.0018894892545192725
5299,0.0007463722934315177
5300,0.9973481442285766
5301,0.0043335243606626266
5302,0.0017098564942264875
5303,0.02713149921020607
5304,0.0009263122346174039
5305,0.009810816876419905
5306,0.9986500700642884
5307,0.00027292878882275194
5308,0.0017293305831005644
5309,0.020653927221841374
5310,0.025663316303467947
5311,0.0003655150015387632
5312,0.0002564724175020094
5313,0.004800841080201236
5314,0.00024332574581559257
5315,0.0006497597653284976
5316,0.9969609690674218
5317,0.037461070749512805
5318,0.004038176989229429
5319,0.9907009314624255
5320,0.013652249690808232
5321,0.0003215039119220589
5322,0.00865990513653346
5323,0.002598643353809364
5324,0.0002207695685236902
5325,0.1917350651057077
5326,0.0032307693371157326
5327,0.005395357593818017
5328,0.9984823759620334
5329,0.004950068381999074
5330,0.0013651021231669623
5331,0.004859067250001873
5332,0.010360748291418167
5333,0.00028119171509254017
5334,0.013982872275950043
5335,0.0219631599531506
5336,0.0002563751704595446
5337,0.0022763995755043427
5338,0.004215994037431658
5339,0.00152573041352258
5340,0.010009009295093194
5341,0.995286790392209
5342,0.00029512583482931427
5343,0.014643151215909558
5344,0.0004951160811278181
5345,0.0002547733134665849
5346,0.000382538395980042
5347,0.04117109551755427
5348,0.0006516935331845252
5349,0.9977738231395584
5350,0.0005065358659818579
5351,0.9956964791101495
5352,0.00030061840429402556
5353,0.0005243120787945581
5354,0.0001791497714492526
5355,0.9976084172786044
5356,8.57963637012622e-05
5357,0.0008812243624880224
5358,0.0004078506906126291
5359,0.0031648449215860323
5360,0.0019706664694514706
5361,0.00010054125901426561
5362,0.012846296275820613
5363,0.0004886984954922862
5364,0.00012900178428867394
5365,0.0001762843846896379
5366,9.877855906658271e-05
5367,9.062772684142842e-05
5368,0.005632558070599208
5369,0.0046151668150598265
5370,0.0002359758057148775
5371,0.014188610624616436
5372,0.9980241428661337
5373,0.0005381100812554757
5374,0.00035787144479819735
5375,0.0009346136167593472
5376,8.985579357246988e-05
5377,0.001313815826970473
5378,8.574980359827417e-05
5379,0.10402580432504546
5380,0.0001464627826000051
5381,0.00014466893946902707
5382,0.004152701676078934
5383,0.0002198576925884414
5384,0.0006855742633486874
5385,0.0002042975826052825
5386,0.00023173757578549497
5387,0.013734551081105984
5388,0.009597250035713887
5389,9.999513499384947e-05
5390,0.025493425247221646
5391,0.0001864100251579697
5392,0.00027777357926751415
5393,8.912659143191278e-05
5394,9.766319692948572e-05
5395,0.000613507234937287
5396,8.71109452632645e-05
5397,0.0003477068868464933
5398,0.033704216531716416
5399,0.0012295520918704768
5400,0.2580607452327088
5401,0.0026196001321456075
5402,0.00015113935824081164
5403,0.0004055535858411579
5404,0.0006179979600710518
5405,0.008501140623865837
5406,0.00013718702224232532
5407,0.0007533962192653029
5408,9.399859634727273e-05
5409,0.9767587271935836
5410,0.002717161062537352
5411,0.009243313981844203
5412,0.00010635924711898484
5413,0.005008046550950528
5414,0.0015028158176877923
5415,0.00010463964683435196
5416,0.0005403093058954337
5417,0.00037819251028530074
5418,8.181166368253128e-05
5419,9.319002207967004e-05
5420,9.009975774393186e-05
5421,8.786954467168573e-05
5422,8.596391652685982e-05
5423,0.9898062323088375
5424,0.00012590334163949677
5425,0.00024352813724624187
5426,0.0014066785675420914
5427,0.00048657583522244003
5428,0.0002772365278889862
5429,0.00021512399128749518
5430,0.0001015423775589058
5431,0.0025041068265745418
5432,9.022878951250885e-05
5433,8.435242995535259e-05
5434,8.719991769013274e-05
5435,0.0005087708883284294
5436,0.8255125974457584
5437,0.0004887760313852426
5438,0.0011248492523649564
5439,0.00010628680072804915
5440,0.0012602955165016134
5441,0.00663321185042434
5442,0.001989536217961151
5443,0.0007432934251507906
5444,0.0005967320507061024
5445,0.00024100208507610806
5446,0.00029799055099140304
5447,0.06953702028689186
5448,0.0001376505733224743
5449,0.00373986997107734
5450,0.0026512631573216575
5451,9.9976998137417e-05
5452,0.00023786716297095266
5453,0.000508323491193097
5454,8.599417541519129e-05
5455,0.0018515011887469263
5456,0.0025155993708276215
5457,0.0001286453635734734
5458,0.0004822079866032356
5459,0.9966401109783982
5460,0.002271682232547677
5461,0.00028229278409760397
5462,9.854212554400926e-05
5463,0.00020393270864879572
5464,0.0001794509098797977
5465,0.00010265784130542838
5466,0.9954192972048064
5467,0.00010274230389186417
5468,0.0005887502997628097
5469,0.0018662011237446131
5470,0.019623323144075392
5471,0.00015888937782906537
5472,0.0007369766378122587
5473,0.0024654821627463435
5474,0.0008011346240575718
5475,0.0007455952872289274
5476,0.018816809296031224
5477,0.9853057072021152
5478,0.001814928148826184
5479,0.0009602806573597075
5480,0.003068281769166944
5481,0.00017916601440797286
5482,0.8103682901200668
5483,0.004875263209448956
5484,0.0036958284283842404
5485,9.991779991739358e-05
5486,0.006187625823563458
5487,0.003669448551688558
5488,0.0013277046081388573
5489,0.0020028022763055606
5490,0.011009512515950195
5491,9.553119968960229e-05
5492,0.00021101925136184497
5493,0.04876546946251265
5494,0.14121878155240788
5495,0.00015186198067217258
5496,0.05892049412673624
5497,0.0002656313694045908
5498,0.00033458905561500885
5499,0.0460354714354131
5500,0.001058483808495487
5501,0.0006174054318568956
5502,0.0017356138385677827
5503,0.001251056654044271
5504,0.005579592518081919
5505,0.006921108580071925
5506,0.0004188257702235094
5507,0.00010244767852909805
5508,0.00011711102739556039
5509,8.900786592437142e-05
5510,0.00573351326024098
5511,0.0013370142663565964
5512,0.000925191590768749
5513,9.749752348347437e-05
5514,0.0013042871167489515
5515,0.00010123910285267249
5516,0.0006104725480508301
5517,0.00032282897839463803
5518,0.0014595308348348175
5519,0.04045532449307527
5520,0.00673480045800392
5521,0.027069463309539177
5522,0.008660825633381174
5523,0.0001017285204695351
5524,7.458679694464081e-05
5525,0.00039541008267146756
5526,0.00011277388269043481
5527,0.00015331423902152603
5528,0.00027123003472177555
5529,0.00033715807606460215
5530,0.00017442296983077445
5531,0.0005841441558856384
5532,0.8098247797628101
5533,0.0008694268212514928
5534,0.005986378561171978
5535,9.966826871057165e-05
5536,0.00015429628855298272
5537,0.00028239745129020083
5538,0.00022031555300301218
5539,0.001931136201318643
5540,0.0007792429441192497
5541,0.00025197629677816866
5542,0.00045799716028486126
5543,0.00012248128971243644
5544,0.030047917387226352
5545,0.008213454196695228
5546,0.11945100238050196
5547,0.0022773008215141153
5548,0.00647755414743775
5549,0.014386138143191457
5550,0.0007584079364460273
5551,0.007466008356385172
5552,0.22620797738746906
5553,0.00015047497559196222
5554,0.002170912121439715
5555,8.783407458144294e-05
5556,0.010685677031046214
5557,0.00018786250861643094
5558,0.0006499485499982655
5559,0.008391733533830702
5560,0.00025317110682875077
5561,0.0002720706666258258
5562,0.00016462061778092237
5563,0.025928835393883354
5564,0.0001403253501159305
5565,0.00028285160855321436
5566,0.0006799625105492651
5567,0.0011597485995557782
5568,0.00032615074018420184
5569,0.0006694214580382173
5570,0.0013525675935753413
5571,0.03474477383323866
5572,0.9294524552591122
5573,0.9859260602102842
5574,0.0467958989967661
5575,0.0006985497154173945
5576,0.7688666578421296
5577,0.9977977178723275
5578,0.056966332370289016
5579,0.042038540034057
5580,0.000317008711582182
5581,0.0014599398988999431
5582,0.9692483932156717
5583,0.0001963024747764705
5584,0.005481497870724829
5585,0.00015042623027488412
5586,0.0006667717071779163
5587,9.996667946616966e-05
5588,0.001702725880134775
5589,0.0002450031017605327
5590,0.0012450822876445176
5591,9.794457419491039e-05
5592,0.022544492511987663
5593,0.00011133637443144704
5594,0.00116416393024288
5595,0.0048151856451058945
5596,0.003088942316755972
5597,0.0002375124639444189
5598,0.0008676370963394284
5599,0.00348233280319163
5600,0.0006280655686447747
5601,0.00010436938312343137
5602,9.146902858165882e-05
5603,0.001027940679867704
5604,0.00014537765679951937
5605,0.0019661850892899414
5606,0.0003834492097995928
5607,0.0002756881993944778
5608,0.002361504275361072
5609,0.0029193866743754903
5610,0.004719780077396156
5611,0.0073759765582858215
5612,0.00017876971195723227
5613,0.0002561594481487703
5614,0.027423564396693505
5615,0.0025082198810501524
5616,0.0003837807222193056
5617,8.758594319176092e-05
5618,0.10099249666924352
5619,0.023610325657341412
5620,0.004354533425111031
5621,0.0007017202645796374
5622,0.00027570566002342204
5623,0.0002446683846626874
5624,0.0009339484158234927
5625,0.00010043529842684686
5626,0.00014872232394497865
5627,0.0009301083102556685
5628,0.005642250753246925
5629,0.00022421193122295745
5630,0.00045197832354110684
5631,0.00013090833105681895
5632,0.00023905878126492206
5633,0.0009560538875379159
5634,0.00010407218363614251
5635,0.00040643564779204946
5636,0.0003451712995031976
5637,0.0004669706572592553
5638,0.00027071709913187466
5639,0.00031991067185044335
5640,0.0009672486551424514
5641,0.0015838913708315409
5642,0.9755933610269214
5643,0.0002801443937040177
5644,0.0019437930866991443
5645,0.0002700381427054262
5646,0.014625195180131303
5647,9.319819185344915e-05
5648,0.00014771831539145123
5649,9.373117653947035e-05
5650,0.00017375239176137738
5651,0.00017169271558242934
5652,0.0008408526871975186
5653,0.005125925828563767
5654,0.006440381727179758
5655,0.0005323831874848657
5656,0.0002659220806108597
5657,0.00023641613935478241
5658,0.012266003575271541
5659,0.003612714941603814
5660,9.768385930119432e-05
5661,0.00018165163095851334
5662,0.00045003558491594765
5663,9.990075663183056e-05
5664,0.00192412968996011
5665,0.0005166464161425253
5666,0.03717721212147659
5667,8.303077998475667e-05
5668,8.463579929571176e-05
5669,0.0703201873322939
5670,0.00033634910493544786
5671,0.0028546039578114463
5672,0.09031949565116085
5673,0.01742241016162472
5674,0.997195069210082
5675,0.00011461076265206055
5676,8.166746305544916e-05
5677,0.00010323295103204888
5678,0.0049623228494109235
5679,0.00015183076864511033
5680,0.00010506979564198161
5681,0.00027769975679894823
5682,0.0001495809107376527
5683,0.0002340093301696869
5684,0.00019667484875362604
5685,0.006762287148850271
5686,8.63451025627214e-05
5687,9.507304414316578e-05
5688,0.003611156355292959
5689,0.0017949080032111122
5690,0.00011056436603318443
5691,0.004901314813701837
5692,0.006020824666602082
5693,0.0007266296367352873
5694,0.8232307989713472
5695,0.01194132760170794
5696,9.24892161903369e-05
5697,8.493365629047929e-05
5698,0.0011619209729228544
5699,0.0036318334642726365
5700,0.0008505902308258527
5701,0.0005100118411080152
5702,0.0031880391459802176
5703,0.0010489710076138122
5704,0.002950286429488816
5705,0.0026619648327748328
5706,0.00012336266044571078
5707,8.575185113958417e-05
5708,0.00026968366546931854
5709,0.00033984552161125454
5710,0.0008953037010861007
5711,0.0019289265701133928
5712,0.03369669612934052
5713,0.005354162102535207
5714,0.0011580795352473087
5715,0.0001640554547256958
5716,9.498873647359795e-05
5717,0.004120303140106634
5718,0.0956858871061739
5719,0.008848345649118251
5720,0.0021191995070079924
5721,0.00024351811301877207
5722,0.0014704550268088438
5723,0.00016111763720325572
5724,0.0009540252363170936
5725,0.0003943605712178425
5726,0.003081609816832936
5727,0.002271723912743228
5728,0.004681125097785836
5729,0.001133232701637041
5730,0.017467616209539665
5731,0.0078880164948058
5732,0.9907156737104014
5733,0.00020111248869029551
5734,0.808839429650142
5735,0.008539932552740812
5736,0.0015257542397824927
5737,0.00010101546925657973
5738,0.0002713586583439231
5739,0.0003291769173382058
5740,0.0006850888590472133
5741,0.00206039795662314
5742,0.0007356676590159645
5743,8.710077824892088e-05
5744,0.0007613699257875334
5745,0.001818635377263761
5746,0.0037768022509618465
5747,0.00011174574949321873
5748,0.0022665900443103923
5749,9.779364699543783e-05
5750,9.898781924964595e-05
5751,0.014359244158200394
5752,0.0019859049776468204
5753,0.9967888644350446
5754,0.03361806364157069
5755,0.00022354057647376398
5756,0.00019646979598241781
5757,8.959192542133787e-05
5758,0.006168243732806713
5759,0.1216933842712111
5760,0.9968383502792667
5761,0.0025341883417320773
5762,0.004229467194092016
5763,0.004939554843606131
5764,0.0021950376955027365
5765,0.0038390709700958994
5766,0.00039831560118415795
5767,0.0003440234524019616
5768,0.0015049788702326088
5769,0.00041565259514707244
5770,0.0017254442075214857
5771,0.0012343836431408053
5772,8.455502106313876e-05
5773,0.003478090049315602
5774,0.767357413776765
5775,0.9971445068267553
5776,0.00033435899197002217
5777,0.1969537200919936
5778,0.0005912015686621518
5779,0.00029575940489121017
5780,0.024497712844100003
5781,0.0008733559581867459
5782,0.0018391359506459617
5783,0.010213367776482827
5784,0.001880069387002039
5785,0.0017446667612894457
5786,0.9978219276961839
5787,0.00010376883031759203
5788,0.0005629018942045966
5789,0.0010492147175766467
5790,0.00015493334349266758
5791,0.0006570101101286294
5792,0.0016433823002816466
5793,0.0010340989415767816
5794,0.002304533622381412
5795,0.01328045296321365
5796,0.0006309532317305235
5797,0.0014845049367389039
5798,0.002289035133868823
5799,0.00019819813891789576
5800,0.004635479822575399
5801,0.0006573697761044096
5802,0.00023545103879257017
5803,8.95432400572496e-05
5804,8.397809783242551e-05
5805,9.293817592316797e-05
5806,0.00020298343906241168
5807,0.0017125318102929876
5808,0.009051884813612625
5809,0.007619626496266435
5810,0.0002152866976694139
5811,0.011381421457704722
5812,0.0004363386518269118
5813,0.00809805205869009
5814,0.002072219539665712
5815,0.028852991220183765
5816,0.00010562124216952774
5817,0.0003025883394184451
5818,0.009014049380472674
5819,0.0030817476586914995
5820,0.0016062244717566065
5821,0.3353572352705334
5822,0.000106066255022263
5823,0.0020004777360004057
5824,0.0011491993600905542
5825,0.000252312708115211
5826,0.00047993114422092574
5827,0.00031347203214853066
5828,9.608273131170036e-05
5829,0.00016729751650995027
5830,0.011530680373264374
5831,0.0001062149387742533
5832,0.9969381405530594
5833,0.00016497675152660153
5834,0.015427816021261514
5835,0.000799868896794924
5836,0.9767125510676846
5837,0.000696393611231394
5838,0.04961144788330433
5839,0.00019787056933702024
5840,0.9787425423995202
5841,0.0045111383333730866
5842,0.21138035852842516
5843,0.022807299554578865
5844,0.776859893149019
5845,0.0002254076017071221
5846,0.00028634678662489
5847,0.0014637518145208012
5848,0.31333329522148023
5849,0.00029737916139352464
5850,0.0002744478478539382
5851,0.00018007081299010243
5852,0.0002614280569867376
5853,0.0020906259987876217
5854,0.00020841024936728197
5855,0.00024295588032852117
5856,0.00010130893678471393
5857,0.0018623083878764317
5858,0.019974842137441527
5859,0.00020877376513542332
5860,0.0030114645663667375
5861,0.0006742511386150408
5862,0.0004772243079958369
5863,0.00042269664063393486
5864,0.0003323907859054796
5865,0.0008687100677941146
5866,0.99292297870991
5867,9.830735079617693e-05
5868,0.0026167946998437034
5869,0.9952536889616926
5870,0.0010708332297680824
5871,0.058226799843294416
5872,0.0004647609234092475
5873,0.001375180898940505
5874,0.004496829202136927
5875,0.9892497891876391
5876,0.0144780044838975
5877,0.0001940908268746742
5878,0.0002743276434057276
5879,0.0005977580125640694
5880,0.011743571153264163
5881,0.001667694910757568
5882,0.0024981547765795297
5883,8.81676121900822e-05
5884,9.011819407033738e-05
5885,0.010010784980593677
5886,0.001464221787886803
5887,0.02157513059847957
5888,0.0006655877524073654
5889,0.001295484183464994
5890,0.05335124131984755
5891,0.00010655464788482207
5892,0.0007382395477119167
5893,0.0021711889553543617
5894,0.0019614939679979473
5895,0.9500348585756484
5896,0.9969135132617997
5897,0.996146117735212
5898,0.08657293952928369
5899,0.00048494866419384523
5900,0.14260321580996943
5901,0.004445383794711945
5902,0.003344960364551703
5903,0.003403036523847991
5904,0.0001617322291171481
5905,0.00241534176348856
5906,0.003251732862751004
5907,0.000689282306048334
5908,0.0017166949533153452
5909,0.01755650732350285
5910,0.0002361759569747921
5911,0.9916633781279129
5912,0.0006575872380670154
5913,0.9949581498728888
5914,0.002296697785214955
5915,0.000667152269175028
5916,9.637785291862333e-05
5917,0.0002725021439573128
5918,0.00024785187108153605
5919,0.9951592416421022
5920,0.0009242509624832487
5921,0.0025030638708475215
5922,0.00027246252096472373
5923,9.995820904449185e-05
5924,0.0002578372959729007
5925,8.875326421876986e-05
5926,0.003803451474088484
5927,0.00034847809619021453
5928,0.13073854129965018
5929,0.0013233224634489602
5930,0.014613097796540148
5931,0.9870566925877304
5932,0.9950679606295371
5933,0.0002407678430190959
5934,0.0002466737294040408
5935,0.0009461033829927398
5936,0.00019571189445602297
5937,0.00038366008475483967
5938,0.0023489720264719327
5939,0.7101925683033753
5940,0.0008910967322158941
5941,0.0019396463050446442
5942,0.018184932622717604
5943,0.0002930548143567161
5944,0.007233378006530455
5945,0.0008340115914841521
5946,0.0062079680420086235
5947,0.00042913065455353215
5948,0.01012258255859504
5949,0.00019151392336740669
5950,0.00026902301560354825
5951,0.008725483545002678
5952,0.009050150035235308
5953,0.0014101482885060944
5954,0.9971438577789258
5955,0.0003216816831387645
5956,0.0002523258008948248
5957,0.011973487472188345
5958,0.0013264294929791224
5959,0.0010679407582230402
5960,0.0002842822970738704
5961,8.001690377450227e-05
5962,9.118279821928755e-05
5963,0.0007408747488583268
5964,0.0001416931889793691
5965,0.0001412243692534558
5966,8.569409802222064e-05
5967,9.256206706346921e-05
5968,0.00015061793286109783
5969,0.9942390334358514
5970,0.005527279939427034
5971,0.9168569421274922
5972,0.0037736040660780712
5973,9.596725687204832e-05
5974,0.008583566473101763
5975,0.00021336085890586806
5976,0.0002839869521059469
5977,0.02119753152466631
5978,0.000982779110704331
5979,0.0005470423075844456
5980,0.0007406724174822776
5981,0.0024474937259983155
5982,0.011337228379671039
5983,0.0017077968377216945
5984,0.9928942524239973
5985,0.0003620430825880733
5986,0.00038577502148374066
5987,0.0003377240877338925
5988,0.0010209762362914938
5989,0.00017435818430764299
5990,0.0030288391074497116
5991,0.00021351499214782832
5992,0.971925596658445
5993,8.069315100052484e-05
5994,8.790027533229063e-05
5995,0.00286923088801858
5996,0.0003051382416161254
5997,0.01064727139098232
5998,0.0008139736002238049
5999,0.0011884046641414338
6000,0.00048519999372968894
6001,0.004954316140261714
6002,0.0004227219403841515
6003,0.9791253893494737
6004,0.00023144318622978473
6005,0.002756066394174632
6006,0.004213690832402836
6007,0.9558837062807086
6008,0.00022598383614028908
6009,0.00040569596746821977
6010,0.00010308537385501485
6011,0.0006138894959743069
6012,0.017590184364310497
6013,0.0003242010547022569
6014,0.00023829712017595903
6015,0.0019858733303083167
6016,0.00015796804786611692
6017,0.001475539219722565
6018,0.022579665233939065
6019,0.0006257815450541532
6020,0.9946762405782831
6021,0.00026470305167264525
6022,0.0015374321084724407
6023,0.0027111284308542153
6024,0.9861484547446221
6025,0.00025012947780403877
6026,0.020108937647554483
6027,0.00023937364557857538
6028,0.00010052525843331674
6029,0.00047485505458771097
6030,0.0001426838722992225
6031,0.00025461541133770253
6032,0.016142939540725227
6033,0.011411979016173603
6034,0.005909561615121057
6035,0.02246236316342327
6036,0.01589359969914667
6037,0.00366880554493281
6038,0.0001553832353970675
6039,0.0014623117620158933
6040,0.0001143313088262013
6041,0.004655696972458289
6042,0.004283216638696276
6043,0.005431514154119529
6044,0.003161694487471175
6045,0.0002981105630726258
6046,0.0012607245078522973
6047,0.0007116664888961279
6048,0.00042910280559158075
6049,0.004708415974024715
6050,0.00021227982657745314
6051,0.9827348564311557
6052,0.00032978176078444154
6053,0.002293482260045781
6054,0.988549749099907
6055,0.00043878578208772934
6056,0.030778559516361603
6057,0.002928816587137068
6058,0.002608547046291218
6059,0.000365481635577495
6060,0.007933062470807078
6061,0.007285073608616707
6062,0.004515484065572168
6063,0.0004773100829061416
6064,9.262143799983096e-05
6065,0.00011154182944049705
6066,0.0014156059678316394
6067,0.9788641738794451
6068,0.0003988855415890881
6069,0.0015811153583042271
6070,0.00047296999742651064
6071,0.00037706121904654115
6072,0.034124849106760606
6073,9.112857801048607e-05
6074,9.967675299216942e-05
6075,0.0043625315693366995
6076,0.00021652290683689887
6077,0.002578281237996239
6078,0.0005051004695975357
6079,0.00015779873803687102
6080,0.0037429171365166375
6081,0.0003671589268249108
6082,0.0003508537981712519
6083,0.0002457840263215416
6084,0.028933107191022434
6085,0.0054169851476818616
6086,0.0009338798714911365
6087,0.0008535180608619398
6088,0.000592581733855513
6089,0.00013749762907059272
6090,0.9861824676346058
6091,0.00028059947313952715
6092,0.0004944738350423938
6093,0.0001465438538326523
6094,0.000493973650955407
6095,0.0012053327110272242
6096,0.0003397098387584064
6097,0.0001447063584643229
6098,0.0002162345806484557
6099,0.08940657532463606
6100,0.0009097777924803499
6101,0.9973391907354424
6102,0.0010214146326625276
6103,0.0024333297312022647
6104,0.0011943218092826157
6105,0.32536455223953187
6106,0.9007324116436392
6107,0.9770782725161421
6108,0.03345889879005823
6109,0.00027742928506228296
6110,0.0035328018693574687
6111,0.9978704060820233
6112,0.005134367805777815
6113,0.003596386314322994
6114,0.0013433126027645717
6115,0.0007352355906494473
6116,0.002255493377588693
6117,0.00012417338621435893
6118,0.00029525388015267247
6119,0.00020429539138440157
6120,0.9968421591216595
6121,0.0004300567683539616
6122,0.031778469442753095
6123,0.0010042570621519617
6124,0.007768283969089093
6125,0.0009209201794976061
6126,0.0007877563111087744
6127,0.0035223919352092466
6128,0.20618356384771727
6129,0.0007112755108424984
6130,0.00414484037697882
6131,0.00021576811727996569
6132,0.001633759539703583
6133,0.9970733575352142
6134,0.00348001078412027
6135,0.0010924040024780546
6136,0.00013103448262059332
6137,0.00015631541552469486
6138,0.02517622401313978
6139,7.982120779626656e-05
6140,0.003125137346188337
6141,0.0068510967903261276
6142,0.00031422034454598065
6143,0.014969250355476808
6144,0.014917577076458657
6145,0.0004964550752649491
6146,0.9595162377672486
6147,0.007092185555315546
6148,0.18526302597601546
6149,0.0005726682442052467
6150,0.0007753729973427892
6151,0.001126361423632067
6152,0.0006321873580738042
6153,0.022601005386645317
6154,0.0008262010192036685
6155,0.0018823241364085796
6156,0.0002941611750128303
6157,0.9636372115512938
6158,0.0008781736132762926
6159,0.9949941654835586
6160,0.004887402403807214
6161,0.003286118032017423
6162,0.015812623259394403
6163,0.0007632059035197118
6164,0.00013649757845660607
6165,0.0007637870108837603
6166,0.0005449332310819644
6167,0.9950856439192828
6168,0.00013433782515964715
6169,0.874264488985184
6170,0.0028937621268892073
6171,0.0011170220675168249
6172,0.9979297062858837
6173,0.00041418747988945304
6174,0.0018109360341786874
6175,0.005153043357365607
6176,0.007999205609279542
6177,0.0011766814793829478
6178,0.00030067546992005136
6179,0.8017175454840826
6180,0.006608811569819846
6181,0.0021194113728055736
6182,0.9969548739581932
6183,0.0009150322505417823
6184,0.003879989058391338
6185,0.0005024939170552432
6186,0.00014360394639615314
6187,0.0009714087484958457
6188,9.657634298019437e-05
6189,0.00016032665228131433
6190,0.0018325108505982766
6191,0.002977835399795094
6192,0.00032569673436772385
6193,0.0026626929090517973
6194,0.004040087450270267
6195,0.007849559517792783
6196,0.007672086601536817
6197,0.19431915572770347
6198,0.1013892046968781
6199,0.9970540171934072
6200,0.0020039444322477386
6201,0.00300493335217033
6202,0.009559763843077513
6203,0.9941262221358415
6204,0.0031984495180763573
6205,0.00046077037768169836
6206,0.0005032572760358628
6207,0.00015954481670717036
6208,0.009227237944370659
6209,0.002105479995149032
6210,0.012692676204896789
6211,0.9754965897363626
6212,0.0018228450144366025
6213,0.02789185651973409
6214,0.0002689240820611742
6215,0.00038016281598035373
6216,0.996342972085323
6217,0.0039500582237184815
6218,0.003802890420318345
6219,0.001551867174558665
6220,0.005991648059691281
6221,9.118279821928755e-05
6222,0.0003092892390919112
6223,0.00029746372447561555
6224,0.006027965184288019
6225,0.002242372585280242
6226,0.0016181691776981691
6227,0.0002455404334490999
6228,0.004284776509034348
6229,0.0027616114262690897
6230,0.7776692821578978
6231,0.003883920489495584
6232,0.035708318496784505
6233,0.0006292144007716009
6234,0.0024560088175154663
6235,0.005018038572976001
6236,0.0029972385142428364
6237,0.01658133436525286
6238,0.40425857320030667
6239,0.0017846330943993214
6240,0.0006330340520596247
6241,0.028027989450701524
6242,0.051296945381013904
6243,0.11965364366876245
6244,0.004278856169220748
6245,0.0007707603496550985
6246,0.995551119276411
6247,0.0018692787075573023
6248,0.016581829258577457
6249,0.0004536348101140238
6250,0.00280210638538599
6251,0.00016846713057534532
6252,8.998338930185227e-05
6253,0.00020960321271649412
6254,0.0017708216529803273
6255,0.0001452067052592327
6256,0.0003258981152035159
6257,0.00045222412734690335
6258,0.0005095650888189538
6259,0.07490842534102657
6260,9.118279821928755e-05
6261,0.01699333111337275
6262,0.00023397618700238382
6263,0.0003077431195904777
6264,0.008185611484363567
6265,0.00028290118671842854
6266,0.00022104819937730416
6267,0.00017961062504322808
6268,9.583253127433511e-05
6269,0.0009065394773965261
6270,0.9711306058042387
6271,0.00027187052754248047
6272,0.9908047981708302
6273,0.00012142785095329114
6274,0.0010677098545405074
6275,0.00015468837568696244
6276,9.303211092957543e-05
6277,9.308781929490122e-05
6278,0.0014531393711131617
6279,0.006374373692600829
6280,0.03993268936769878
6281,0.9983827981520026
6282,0.00918089019307572
6283,0.0007405602157456661
6284,0.006743981792282033
6285,0.0012992320671315414
6286,0.001180266799415532
6287,0.0013409486328558608
6288,0.000340067422522103
6289,0.00024357182005488773
6290,7.868995912833583e-05
6291,8.739288553224961e-05
6292,0.00041627264936111775
6293,0.004009579761017362
6294,0.01019454642184819
6295,0.0009132460378526294
6296,0.008226350159885178
6297,0.00021922588694871679
6298,0.029253135127244322
6299,0.00046072173879910944
6300,0.0002237907244906086
6301,0.00010402562020773653
6302,0.019756701864090488
6303,0.00029665335142628707
6304,0.00013046497789551983
6305,0.0003470802745862911
6306,0.0013441889894142253
6307,0.015014624711327345
6308,0.003751194829051238
6309,0.01500120058224332
6310,0.01180774279214098
6311,0.00014558120098301958
6312,0.027198931929536586
6313,0.020026672914214207
6314,0.0016349904862222385
6315,0.0033935739848003957
6316,0.0016654061899514215
6317,0.0001427074859810078
6318,8.900085157924632e-05
6319,0.001891269031767974
6320,0.004852453381364476
6321,0.0009326409785071753
6322,0.00038791216316786607
6323,0.014282757868719529
6324,0.010681284946311346
6325,0.01411450627536175
6326,0.98953976261142
6327,0.00016381599087395476
6328,0.9761034020229753
6329,0.00030634789280395034
6330,0.003844035702728188
6331,0.0002728127917627053
6332,0.0008392415362862612
6333,0.00014668487471515595
6334,0.0024822070668691154
6335,0.00010160923504933179
6336,0.0001805962574511376
6337,0.0006057630331970414
6338,0.9943107923338201
6339,0.0006342136685177261
6340,0.9969011124123647
6341,0.9446503391698571
6342,0.000352550046836367
6343,0.009329757082895762
6344,0.000637148542521032
6345,0.001150031656517929
6346,0.0006511121157194707
6347,0.0001582957700154241
6348,0.001438233216855922
6349,0.9651165417737149
6350,0.0006587858882188093
6351,0.0014453212693836255
6352,0.022809162503252756
6353,0.9979218676511202
6354,0.0002771388632388812
6355,0.9756033050865973
6356,0.010255095448453311
6357,0.0004207222996004434
6358,0.2770863700836709
6359,0.005681637866779166
6360,0.007550386490350854
6361,0.9965204169342193
6362,0.0003106993593921676
6363,0.9675838611861396
6364,0.0029407514819100376
6365,0.0030957340859317645
6366,0.0010403856864461825
6367,0.006616651583827017
6368,0.9280500840486721
6369,0.0005392083678737402
6370,0.010421505557702732
6371,0.997828026668112
6372,0.000132380247990501
6373,0.00045950702211973503
6374,0.00016355511621802442
6375,0.0007817828165252259
6376,0.003598408887398231
6377,8.14938778355951e-05
6378,0.0006905717615225464
6379,0.0006037001980105388
6380,0.00026603372867890746
6381,0.0006725110229574581
6382,0.05892004568618414
6383,0.0005677043878943526
6384,0.0013605385101063965
6385,0.004584750891227632
6386,0.0032984479482466925
6387,0.004824760081886703
6388,0.11681830483656905
6389,0.0010646608364719506
6390,0.00013329228731370941
6391,0.08193161024922334
6392,0.0002560517567697288
6393,0.010914008036418706
6394,0.9948821325555333
6395,0.023738512989623366
6396,0.020142762527472585
6397,0.0007522174799522467
6398,0.006906470953878122
6399,0.0021700450108853076
6400,0.0009870884407439946
6401,0.0003241732499620286
6402,0.00016199034638464594
6403,0.001051275124867545
6404,0.06345023869350623
6405,0.970771220305715
6406,0.004884142483302984
6407,0.9293537847418574
6408,0.006476563310024266
6409,0.00035494511059330796
6410,0.00016578066093439473
6411,0.99261383519944
6412,0.001150744762960516
6413,0.9976341676828511
6414,0.0004120720342519092
6415,0.14521916090477963
6416,0.0001474441012891737
6417,0.14061905430671315
6418,0.0005499265377520257
6419,0.9833215661907835
6420,0.020618752274064255
6421,0.00010494203060179234
6422,0.007791831652614743
6423,0.9974320303756071
6424,0.9757988174973168
6425,0.008685980901836811
6426,0.0010724251678961689
6427,0.3539684707746896
6428,0.007813612117365339
6429,0.0005624224332936528
6430,0.9765111869589763
6431,0.9956778272373263
6432,0.0007025290689690137
6433,0.0003019127784928083
6434,0.00016087175645183115
6435,0.9964223024064743
6436,0.009691741815594568
6437,0.025154962169854234
6438,0.0016892971693874715
6439,0.03981271984237809
6440,0.0005012730751095833
6441,0.0002790029405923158
6442,0.060215882902274455
6443,0.030969043542941582
6444,0.002328737262834804
6445,0.7221294944757576
6446,0.9751988414225121
6447,0.0028943358271001198
6448,0.00020260362385948928
6449,0.003473380413745764
6450,0.008221651302750372
6451,0.015484646728811858
6452,0.9948624498770547
6453,0.001931075060880382
6454,0.0001777839559862044
6455,0.0009818029563560498
6456,0.001393403894775164
6457,0.9383384322612196
6458,0.00020861752296965128
6459,0.0054510466953466355
6460,0.00015211017683641645
6461,0.40068853108974967
6462,0.001300200165311257
6463,0.0007597623672620035
6464,0.9955607700980172
6465,0.00016842199113456294
6466,0.0011078469064323482
6467,0.0013966898529139114
6468,0.9936849915790894
6469,0.9970429756265549
6470,0.988585193652885
6471,0.0006709193712282749
6472,0.0011336019452564592
6473,0.000670075550991565
6474,0.010205868270460758
6475,0.9767037875972553
6476,0.0002015030611791448
6477,0.0033826860922554548
6478,0.0004352156391865796
6479,0.0009119855358170684
6480,0.00018258145251878613
6481,0.00014197834176569342
6482,0.0030790788541650376
6483,0.0001123898602377065
6484,0.00042767085325463964
6485,0.04453744777501998
6486,0.008914165352153277
6487,0.00020901344060845686
6488,0.00010662593123765185
6489,0.0003686099074349084
6490,0.047997542123516354
6491,0.0005436060373881392
6492,0.0003398998572076967
6493,0.9321079466676225
6494,0.0003370494615757429
6495,0.00038125948706725133
6496,0.00024991007204021206
6497,8.414479356984916e-05
6498,0.0003358696787888189
6499,8.98683532505991e-05
6500,0.00032627926610534946
6501,0.00010529302191515197
6502,0.00033964074787078027
6503,0.0010125771220155827
6504,0.0023937593427541806
6505,0.37607721949079764
6506,8.807011193987553e-05
6507,0.00024950926439902093
6508,0.0007724690538469143
6509,0.0004860468388864222
6510,0.00023736463635421712
6511,7.997068346159282e-05
6512,0.0004752146259413302
6513,0.0001290494497142179
6514,0.0001718268967815813
6515,0.06265727384926076
6516,0.001159831085009475
6517,8.380727664449342e-05
6518,0.003944928960048474
6519,0.03434185769109658
6520,0.0007058973238617398
6521,0.010857407801655195
6522,0.0012796312920198673
6523,0.0005870518053136439
6524,0.00026055595096978164
6525,0.00022193079050746275
6526,8.479931072162771e-05
6527,9.349356686617915e-05
6528,0.0010172340743250235
6529,0.011141846994048217
6530,0.0002803456385761494
6531,0.00031787081003078614
6532,0.003010543964919451
6533,9.907049385853581e-05
6534,0.00013221667981550206
6535,7.477055693024559e-05
6536,0.0017260525548968228
6537,0.00010706134753892473
6538,0.00013765599004738558
6539,0.0022932592593511948
6540,0.9953277599434021
6541,0.0013047551997110074
6542,0.00030968595529857747
6543,0.000474486222306671
6544,0.00015041146217894375
6545,0.002337537996259519
6546,0.0020117754393350184
6547,0.00470759820228308
6548,8.362728494291469e-05
6549,0.00020604707953777302
6550,0.00010237589589240045
6551,0.00011322938159645398
6552,0.00029648555458393865
6553,0.0002504727915703122
6554,0.00027826188287348593
6555,0.0002634232375839596
6556,0.0006730338683329394
6557,0.0016327802266259818
6558,0.006603840532535055
6559,0.01591271762423336
6560,8.703771733576848e-05
6561,0.007599045740833946
6562,0.022843280845396236
6563,0.0006430857737274363
6564,9.221251291292501e-05
6565,0.000550037491649837
6566,0.00032282579807404695
6567,0.0013846926518028425
6568,0.00023344335097511064
6569,9.78810140045806e-05
6570,7.911480526678885e-05
6571,0.00030491707204427683
6572,0.001695453952088849
6573,0.00034979693266480214
6574,0.0008487068119648079
6575,0.9979599265431357
6576,0.00019490139447256432
6577,0.0002603067855531985
6578,0.002964947502865617
6579,0.00017526101291300559
6580,0.0016318552592734536
6581,0.0009201452180114152
6582,0.0038485263465566494
6583,0.00028716577974148826
6584,0.0006585595744038104
6585,0.00035387094541662655
6586,0.015862957265288247
6587,0.012264688901402797
6588,0.034346500395991575
6589,0.00035080143983445963
6590,0.0008557811315092947
6591,0.001078483432039128
6592,0.0004533995905888412
6593,0.0002888391475670395
6594,0.00021071620255853733
6595,0.00025270658595139304
6596,0.10002984455662833
6597,0.0012370856183935661
6598,0.01928564504871543
6599,0.00038680972860372553
6600,0.0003317579627640182
6601,0.9980367472356836
6602,0.0006736809553619123
6603,0.004515129364048171
6604,0.00023760441021525644
6605,0.0025202220040454067
6606,0.015393113908283318
6607,0.0008558068074146014
6608,0.0002993479874775562
6609,9.822282329113486e-05
6610,0.9978151496293718
6611,0.00019301759157413787
6612,0.0003332966392103418
6613,0.00012348358097771973
6614,0.00014137680661652062
6615,0.0014143723167602013
6616,0.00031491453201575135
6617,0.0004359565760084047
6618,0.009965487649028711
6619,0.0001383736618734017
6620,0.0002912164204753554
6621,0.0012359055930232015
6622,0.00027147142370335665
6623,0.0001315917852180347
6624,9.477707017672477e-05
6625,0.0003132253464498643
6626,0.00024027932726100083
6627,0.9981130223790409
6628,0.00023695986155780778
6629,0.0001175906032186292
6630,0.0002884750632844501
6631,0.0002978046202900183
6632,0.00010453256982014411
6633,0.00014141243500277888
6634,0.00021488721509123655
6635,0.000521538043806281
6636,0.03271153293327046
6637,0.000451746347198602
6638,0.00028006837727766144
6639,0.0005975461415339981
6640,0.04670992900123943
6641,0.0021543178144064153
6642,9.309767314794433e-05
6643,0.02765530812570597
6644,0.005463725238579131
6645,0.0003257526927399001
6646,0.0003513072434363412
6647,0.0013947456771808667
6648,0.0006227217839900865
6649,0.0002761720259457277
6650,0.024405837838747203
6651,0.00026915823660433235
6652,0.00015842884446986026
6653,0.000185279850206934
6654,0.00023759884578427034
6655,0.00013180058667930253
6656,0.00020243116244382373
6657,0.00566648318568265
6658,0.0009357409045022861
6659,0.0006326796595488161
6660,0.00025075691537888064
6661,0.9972731865613769
6662,8.450936903451283e-05
6663,0.0015575054556657422
6664,0.0015672286650756113
6665,9.7938249837312e-05
6666,0.00424513095739643
6667,0.9258174137370441
6668,0.01169033807205474
6669,0.08762493669773477
6670,0.041205453935082924
6671,0.0007578453616041561
6672,0.0005106304112413639
6673,0.0017742006255434032
6674,9.962045062288228e-05
6675,9.360227676274575e-05
6676,0.0028395018250020085
6677,0.00014408290582737477
6678,7.526331930474497e-05
6679,0.0007074296137648831
6680,0.0006616887599568443
6681,0.2022854465438643
6682,0.037418017245695684
6683,0.01676491147501678
6684,0.001438864002032449
6685,0.0001470423589620807
6686,0.00011944141129107694
6687,0.002933234681398737
6688,0.026973568395932873
6689,0.000300510284904948
6690,0.9981574926977768
6691,0.0001522645278134652
6692,9.393816332714793e-05
6693,0.05624665022173808
6694,0.00027541692401799505
6695,0.006216122310541438
6696,0.00010872332237205358
6697,0.0004947041747207407
6698,0.00034921819031898566
6699,0.00010701552375695593
6700,0.002745474686727914
6701,0.00021533404117378795
6702,0.0024656686152990472
6703,0.00018048791507211607
6704,0.0015560490956634462
6705,0.9979731726966541
6706,9.268685492845507e-05
6707,0.00030816865187403435
6708,0.0003180272020016047
6709,0.0006713705455801911
6710,0.00034557588467341524
6711,0.0004664328419511477
6712,0.00032597695314295916
6713,0.00024007621049895739
6714,0.002946742922330073
6715,0.00023209070606990977
6716,0.0002752558172607389
6717,0.0005707877166044466
6718,0.0004971943784363673
6719,0.00564600600122938
6720,0.0480262369488641
6721,0.0002615759639206721
6722,0.007924492712793718
6723,0.005290495527890301
6724,0.00019412711671819288
6725,0.0002543730965787677
6726,0.0010976724334736318
6727,0.012875687769786395
6728,0.9980212831543103
6729,0.0066742573462100305
6730,0.996044673116779
6731,0.00035248173529455753
6732,0.0003642778480903811
6733,0.003457293285919684
6734,0.00015429623821494625
6735,0.0034678881396524746
6736,0.03858941227120002
6737,0.00016307872514311438
6738,0.0020620750007569544
6739,0.011046463752017645
6740,9.557078422612972e-05
6741,0.019307043886562698
6742,9.716368258990165e-05
6743,0.0005370263218652434
6744,0.003848936030953311
6745,0.0029841475444068247
6746,0.00041404269040144727
6747,0.0009650945368396866
6748,7.75688473752398e-05
6749,0.9985283200006361
6750,0.023477364999430546
6751,9.427608239286674e-05
6752,9.448312836662082e-05
6753,0.00031716146604281875
6754,0.0005057481091509018
6755,0.00032227423626291017
6756,0.00030526969458240287
6757,0.005925054962120501
6758,0.005347575450744364
6759,9.119783666082902e-05
6760,0.0001508638008782653
6761,0.0048491159848911254
6762,0.11855010893687119
6763,0.0005731871409555935
6764,0.0002336533714473794
6765,0.0018016050343787483
6766,0.030557374359828894
6767,0.00030105158265786996
6768,0.000484962253468025
6769,0.00013752978079353674
6770,0.0013110723157057755
6771,0.0009648515538659833
6772,0.0004960765765062651
6773,0.0039057965549781247
6774,0.0004276235005782644
6775,0.00028286666866423054
6776,0.0015702215888612331
6777,0.0036877554665191567
6778,0.003521634617345151
6779,0.9980702318957126
6780,0.061592370171487706
6781,0.0002613914404618
6782,0.00010668756683484835
6783,0.0006621937409258322
6784,9.524652347942999e-05
6785,0.0006262215735889097
6786,0.0003333413586586632
6787,0.9970716140727577
6788,0.0036111974132913274
6789,0.004231327246178229
6790,0.0019722115129499123
6791,0.0012284995770238034
6792,0.0038150023869985643
6793,0.0002676633788644297
6794,0.9843257755503684
6795,0.0004531242691476614
6796,0.9978895405107593
6797,0.00032172614167300947
6798,0.008013591189718543
6799,0.005164508167185206
6800,0.03376313454907105
6801,0.0025661333614785766
6802,0.0008763641260830406
6803,0.0015533065309568822
6804,0.032103010103762965
6805,0.051787561191429965
6806,0.9948891771192695
6807,0.00023165318091107487
6808,0.022361671627931658
6809,9.334160374745151e-05
6810,0.010634839098497665
6811,0.00019244223102872794
6812,0.0020525900164420153
6813,9.867899249494001e-05
6814,0.9151185543251372
6815,0.004910014120831491
6816,0.996544069976635
6817,0.00020220749988095186
6818,0.0010449887716113995
6819,0.00020390594901018125
6820,0.0039310254422928155
6821,0.9979966769985122
6822,0.9875445518965691
6823,0.995721807448583
6824,0.025600921649056037
6825,0.00033941000302869427
6826,0.9984104122435022
6827,0.9981112183196631
6828,0.00042981179982495176
6829,0.0002492666409933175
6830,0.06294570120816227
6831,0.0013015461489539507
6832,0.0016094028082410104
6833,0.0065665538116556526
6834,0.003638989028924307
6835,0.0022933972280396154
6836,0.0023343417701821812
6837,0.0005772235095525297
6838,0.9983124102408849
6839,0.008021262013433278
6840,0.005170892292758798
6841,0.025586675186877267
6842,0.036332238373834945
6843,0.0018841375371043683
6844,8.434814511774887e-05
6845,0.0017859479334282322
6846,0.0001621966209904569
6847,0.0004507973609629101
6848,0.0002978506688211115
6849,0.004091634118902102
6850,0.9979847678577393
6851,0.00034551840739858064
6852,0.0002534322566985056
6853,9.516592145479716e-05
6854,0.00010002812515143527
6855,0.0008661500200363746
6856,0.0005866721741213324
6857,0.0002907448590965955
6858,0.0003174033549402412
6859,0.00031494912167763896
6860,0.00036125615230741187
6861,0.0002697515918968274
6862,0.00018377638291512845
6863,0.0028538188585782677
6864,0.0024130266894585107
6865,0.0015473775405123993
6866,9.75740003283288e-05
6867,0.016250348117280933
6868,0.0001187505814967884
6869,0.1457094599885877
6870,9.422141018675164e-05
6871,0.0010651430128631731
6872,0.000769646635706997
6873,0.0002540504282182403
6874,0.0001600486910260143
6875,0.00016580221952714177
6876,0.9933487823657258
6877,0.9975310180001907
6878,0.004270992870909556
6879,0.00029583140800986616
6880,0.0003765108326014847
6881,0.9983737022212491
6882,0.0018360977200488119
6883,0.9421716401168944
6884,0.00027373859947943434
6885,0.030373996664195536
6886,0.0003118950721298677
6887,0.0026527203917599443
6888,0.0035211400479673027
6889,0.00028670097010682287
6890,0.0007952761603829087
6891,0.9984984413615475
6892,0.0002882514730812207
6893,0.005651958982029201
6894,0.0026893981353828117
6895,0.0001934206557452801
6896,0.00010375670669711722
6897,0.02131017793338059
6898,0.00030948001681028005
6899,0.023756756999687028
6900,0.02783419247774111
6901,0.9980036636067944
6902,0.0004515342577798122
6903,0.0019529025368522014
6904,0.0003396759657416974
6905,0.00025144469729982414
6906,0.0001338092128566393
6907,0.00018925638603524035
6908,0.0011710573477875133
6909,0.0005261848308989906
6910,0.002469267610429665
6911,0.0014230217575026218
6912,7.803967349574205e-05
6913,0.0003233770184933124
6914,0.0002779909324085438
6915,8.685786532827404e-05
6916,0.0030987856569428237
6917,0.9983197360715994
6918,0.0005212349384515245
6919,0.004890881748980631
6920,0.0243863345218644
6921,0.0003862715739253239
6922,0.0003271199467728363
6923,0.004971640911586634
6924,0.0002801852089128459
6925,0.0002588889900042724
6926,0.0002594885682650896
6927,0.0003067301285655555
6928,0.00015893910826584651
6929,0.00017704084537396438
6930,0.0001529574694998555
6931,0.0006586184024766374
6932,0.020372695956300882
6933,0.00020856688005493478
6934,0.0003400502054106872
6935,0.0002295593492551199
6936,0.0002304854064922954
6937,0.0032616559992702182
6938,0.0005241593149266772
6939,0.00016160059201677298
6940,0.04197535473996099
6941,0.00023532946831046142
6942,0.0003374911608268322
6943,0.0004000708111254743
6944,0.9958896722424362
6945,0.00025573352849344834
6946,0.0003821238720743793
6947,0.997585224384055
6948,0.009621800200287457
6949,0.030859130101679826
6950,0.0002558217579509159
6951,0.0021586499408036276
6952,0.008829690858935323
6953,0.0007886047111015348
6954,0.0002559625204380053
6955,0.003209025308104991
6956,0.000410943341939743
6957,0.00020148002914113596
6958,0.0005925529532681272
6959,0.9969226428995664
6960,0.0013850147449156018
6961,0.9958704216141786
6962,0.00020581732298748345
6963,0.16903243337903734
6964,0.9954683405390871
6965,0.0033033615939573836
6966,0.0004281245837997311
6967,0.0004142232918109267
6968,0.0030193186743939873
6969,0.0041401704119434155
6970,0.00029797255118748956
6971,0.00035499811115710384
6972,0.0009029763055225716
6973,0.0008337069618082107
6974,0.00023421332507129414
6975,0.00032237043598088496
6976,0.00020537935551586057
6977,0.0001035220835017339
6978,0.03802572694279839
6979,9.782675807999982e-05
6980,0.01130211351902566
6981,0.0027549844156217976
6982,0.0021578927488555308
6983,0.1283816137845813
6984,0.9975909561382552
6985,0.001990881799310172
6986,0.0001069779789407037
6987,0.056155450604816394
6988,0.01717646693658198
6989,0.01739289884568395
6990,0.00026195595696536824
6991,0.00022930609563568942
6992,0.002225989619086766
6993,0.004002408865007849
6994,0.9380757317406662
6995,0.9978233793575303
6996,0.00021765727267753198
6997,0.03924808211708654
6998,0.12031195505552728
6999,0.008846069346110883
7000,0.0011638420964866945
7001,0.9982044195734744
7002,0.0003096310903483435
7003,0.9980080269157204
7004,0.8769657796380825
7005,0.9981832613576852
7006,0.00018349886240273374
7007,0.005226059173242093
7008,0.0003770369484512491
7009,9.104332177564567e-05
7010,8.632692822289862e-05
7011,0.0005105081954409852
7012,0.0026485169203658188
7013,0.0007208603621118301
7014,0.9976971464524207
7015,0.0002495714535725401
7016,0.0011259736822376496
7017,0.00029953223703607006
7018,0.07869019102940245
7019,0.00013869362275113469
7020,0.00012157137155313555
7021,0.000755851368325189
7022,0.00395796057914272
7023,0.00021408495055797597
7024,0.020689523443708648
7025,0.01884550119102612
7026,0.00046463236040794403
7027,0.0003528018285038917
7028,0.00032280896610458896
7029,0.9985903820425562
7030,0.9963949789737596
7031,0.029760400671659172
7032,0.0003310672342943584
7033,0.9975016500746218
7034,0.0002720159558350841
7035,0.00026472894731470513
7036,0.005267546259349893
7037,0.00022508220315783662
7038,0.0005972694538229149
7039,0.0021220773844592817
7040,0.0013015592128600905
7041,0.0012401563019372335
7042,9.760964689010983e-05
7043,0.001896402209162186
7044,0.006563602209028721
7045,0.03962713777917248
7046,0.00021507620770389418
7047,0.001063258363379926
7048,0.005162691412794231
7049,0.00011965540470900752
7050,0.0040626905076356625
7051,0.009174352849432525
7052,0.00011587155166277788
7053,9.409666308540546e-05
7054,0.006772918020231245
7055,0.00038176188380960015
7056,0.0005413183153805036
7057,0.0035135100534376116
7058,0.020734417992591635
7059,0.0004119209536415518
7060,0.9978702385595263
7061,0.00032374642915984294
7062,0.0040220610531590505
7063,0.002436669359343422
7064,0.993055818933767
7065,0.0005929637819826806
7066,0.0002537487225635421
7067,0.0503503166597508
7068,0.0018709395271460014
7069,0.0004733989634166591
7070,0.00024126103814801366
7071,0.0012242231246931481
7072,0.008722551248307921
7073,0.0001993741366312704
7074,0.00026729545640506106
7075,0.37527151360547245
7076,0.00039438098247602117
7077,0.002327879972551135
7078,0.00607595772836767
7079,0.0004025676642845051
7080,0.9983402682469901
7081,0.00034513729076870493
7082,0.00011324258770699209
7083,0.00032873248445343937
7084,0.00012178024644099985
7085,0.0022060979361440613
7086,0.00011218421398030056
7087,0.00033700949883268424
7088,0.00028564974821566034
7089,0.12963930730903264
7090,0.00022404766747284962
7091,0.008152518335827495
7092,0.011564955610965178
7093,0.0046098583126639395
7094,0.0031233933956025003
7095,0.00035576025803786006
7096,0.07570968320364277
7097,0.027921790701844452
7098,0.1469461889129508
7099,0.0002453232843401233
7100,0.00016649606340462443
7101,0.0015421411805940425
7102,0.000630058580668488
7103,0.2817283994672589
7104,0.00034575289230076513
7105,0.6015210450349032
7106,0.00012240911295247758
7107,0.001111128443296076
7108,0.00012622415703984484
7109,0.0016349059791329196
7110,0.00042395422523776934
7111,0.0001027391245633302
7112,0.0005078508356553075
7113,0.0002606954376815052
7114,0.9944260776256124
7115,0.0003065494061970777
7116,0.016512600078855917
7117,0.00021632326626244326
7118,0.0001592139805539584
7119,0.011811974040288952
7120,0.9955253498059301
7121,9.394816556458441e-05
7122,0.0002847875029053282
7123,0.00024147630233678093
7124,0.0005397766588175043
7125,0.007029669155714705
7126,0.001908694800070744
7127,0.0343836062494058
7128,0.005732910985162107
7129,0.005545696771364209
7130,0.00020553060108266077
7131,0.0003121666536237401
7132,0.00018713391672273705
7133,0.00029655828339677067
7134,0.0009721161948517916
7135,0.0004057948945204814
7136,0.0014057362736036756
7137,0.00044618598310318077
7138,0.00025526260179683553
7139,0.9967206343952674
7140,0.0006186792006231707
7141,0.00023500411116596348
7142,0.0014114142003082146
7143,0.00013678259956010293
7144,0.0015402343499309268
7145,0.00032365481179321223
7146,0.16208818137221176
7147,0.013346071068603336
7148,0.00011031298889624813
7149,0.0002914762719618194
7150,0.0003771789275309564
7151,0.0001655888258854737
7152,0.9977317177560978
7153,0.9977597066258959
7154,0.022678095401369888
7155,0.0012411762038050242
7156,0.0009607232560926597
7157,0.0002240066499504022
7158,0.1260199915072126
7159,0.0001412067932563891
7160,0.00028968623891531076
7161,0.0002554742972505789
7162,0.00014690046905916693
7163,0.000235452187837011
7164,0.00015021028986032548
7165,0.00041314401998079664
7166,0.00026436938238401305
7167,0.00023792910820166955
7168,0.9982975478671463
7169,0.0022763598309677438
7170,0.019707733868475553
7171,0.00024860239698844803
7172,9.966823120630961e-05
7173,0.0017366511407633314
7174,0.0018483802489222254
7175,0.0001546562256854465
7176,0.0002129057774393929
7177,0.0003230522126312173
7178,0.00248505509241967
7179,0.00025564321239263853
7180,0.996571545064756
7181,0.0015345103579367538
7182,0.00037290865827726237
7183,0.000337906382425666
7184,0.009367540081389108
7185,0.12925178131684903
7186,0.0002927171824460576
7187,0.0006127297284630867
7188,0.001122287279679662
7189,0.0003341041528007394
7190,0.035685251346497
7191,0.0009014941499555342
7192,0.0005657648844489035
7193,0.00042560757960538283
7194,0.0021791576678812747
7195,0.0003607442070533692
7196,0.9962647168355208
7197,0.00028509960232520775
7198,0.0003007019106435075
7199,0.991502548676913
7200,0.0003362800736965311
7201,0.00024036121406746102
7202,8.188048165211688e-05
7203,7.865619874991355e-05
7204,0.00016723536409613872
7205,0.00766321999638189
7206,0.990895973615409
7207,0.0004833766607735089
7208,0.006999364530636524
7209,0.004231466906538586
7210,0.018872936403244184
7211,0.02307936741626959
7212,0.9157397780730074
7213,0.0061922184053370246
7214,0.0005616127962788561
7215,0.0003791825613609497
7216,0.00020166564099128762
7217,0.9980359568127908
7218,0.9983448844034694
7219,0.9980888312801992
7220,0.0002605090022218335
7221,0.9892256611212902
7222,0.9973397581014369
7223,9.412032400385447e-05
7224,0.00033166482807608043
7225,0.9956533089764832
7226,8.863464625769114e-05
7227,0.9984193376614685
7228,0.11564353352183798
7229,0.0032178042623218217
7230,0.00040879594707210807
7231,0.0011060112783440506
7232,0.0002703034630494997
7233,0.001615476501978165
7234,0.0012939318394350667
7235,0.9964271303567139
7236,0.0009759182027187262
7237,0.000360392060668855
7238,0.0002760455835250029
7239,0.0005330852072920712
7240,0.002218862333151686
7241,0.00016242368218757436
7242,0.001860417029695719
7243,0.00041571563284750486
7244,0.000980534905537042
7245,0.0002464614204384101
7246,0.0006247401641821113
7247,0.06197945589431
7248,0.003241913247809168
7249,0.0003337997382204999
7250,0.020803401245297774
7251,0.00026542113953198433
7252,0.0005206977736135022
7253,0.00976881820516941
7254,0.00037933031257720326
7255,0.9980247715040308
7256,0.001420362591289532
7257,0.0008405677553146434
7258,0.37939286690054913
7259,0.0003326828294988479
7260,0.0003974563395809417
7261,0.00010754329278954053
7262,0.0012885239198874988
7263,0.01615118450309544
7264,0.005525888135879289
7265,0.00027100099437777785
7266,0.00030680628588710963
7267,0.004344242644213685
7268,0.0024289935404568455
7269,0.0007843047137477668
7270,0.0002494493220204808
7271,0.0002488668206991587
7272,0.009140481146942733
7273,0.0003267170641548267
7274,0.0011988767183469808
7275,0.0019198373932546903
7276,0.0018907809262383407
7277,0.0002935431608017974
7278,0.0013814432465007035
7279,0.0002851332774752937
7280,0.0006066589333350518
7281,0.0007381177168731054
7282,0.0005192430768986
7283,0.0024626415882064963
7284,0.0033099446151960117
7285,0.00035187146059599496
7286,0.000354242866167868
7287,0.00025068347505528734
7288,0.003232618459040265
7289,0.01196220371551058
7290,8.849585426965816e-05
7291,0.000100484365036323
7292,0.9982071759057606
7293,0.00016768002075503148
7294,0.00023000562829499785
7295,0.0007881083686210029
7296,0.8952670213308263
7297,0.9979165881179698
7298,0.00010234744840974595
7299,0.004007370334546341
7300,0.02075432623179426
7301,0.006725404764875995
7302,0.0001201678107419914
7303,0.00024413486205116512
7304,9.35412454928527e-05
7305,0.000669996683218693
7306,0.9917305858818212
7307,0.013757771015373824
7308,0.0087139406727577
7309,0.005880560999257266
7310,0.020596203546947002
7311,8.460363096864806e-05
7312,0.2492891446560918
7313,0.00024386007710329154
7314,0.025186873677615677
7315,0.0023215076020470546
7316,0.0004463640016199418
7317,0.00039059327628887487
7318,0.012509287321538859
7319,0.0007022516922119467
7320,0.9635865335279494
7321,0.0007214416763514101
7322,0.000282766925214972
7323,0.03122589557680726
7324,0.00027484817094320773
7325,0.0002704192237955198
7326,0.00031146354722377454
7327,0.009310420132101958
7328,0.005550758381144735
7329,0.0003109850923296902
7330,0.000954151231181948
7331,0.00026365262469652304
7332,0.0003908848830123955
7333,9.98381821242371e-05
7334,0.00023486552781315376
7335,0.03594626775701355
7336,0.010822409504334685
7337,0.00016124656161160003
7338,0.0005552965620098018
7339,0.0007517544159707887
7340,0.00016644340417840256
7341,0.00014812380406799486
7342,0.0002600186890152398
7343,0.0015562904922797826
7344,0.0009304263045301433
7345,0.0002855704320638306
7346,0.002814243953752651
7347,0.001318480183605923
7348,0.015528181794453283
7349,0.0003235100658172132
7350,0.0004413488670575292
7351,0.00033035059604270795
7352,0.0005856863030655573
7353,0.01387656451932239
7354,0.002799071652398449
7355,0.00044917503946451397
7356,0.0002167143785321164
7357,0.002475451076693569
7358,0.0016865828614317196
7359,0.0003251697712411621
7360,0.0017201184532512302
7361,0.00033687673070812894
7362,0.005337377959250541
7363,0.004761505515501654
7364,0.0005219944265771955
7365,0.0003301693071367035
7366,0.00021190538880406048
7367,0.0001760620403416156
7368,0.0003230309829352279
7369,0.00015121452808539442
7370,0.0003209414275518803
7371,0.005340462369386041
7372,0.9978694875597338
7373,8.259369475014239e-05
7374,0.0075013328719027396
7375,0.9849664108317672
7376,0.0012950665222267073
7377,0.008241527696226113
7378,0.0004147897314020138
7379,0.011761717128259765
7380,0.0005515021759472826
7381,0.0004866924773888051
7382,0.00017483043079581772
7383,0.0020231827002054116
7384,0.00023334450728108733
7385,0.00048527555172810663
7386,0.0055459522888686745
7387,0.005564003330245337
7388,0.015502239037939089
7389,0.016734500748669424
7390,0.003609627112837765
7391,0.0024629733893628282
7392,0.00027746536010022694
7393,0.0016819856272384539
7394,0.00013354902843807818
7395,0.002488685147645422
7396,0.0005214771986007819
7397,0.000497014084830576
7398,0.0003193052480628538
7399,0.0003923077363418517
7400,0.08772013796707946
7401,0.000340828466062804
7402,0.00022335459015572997
7403,0.002755095700606866
7404,0.0002528079124020427
7405,0.006543791608128922
7406,0.9984855250584758
7407,0.00019726648287143048
7408,0.00030861510873006346
7409,0.00530720508537588
7410,0.004876343962893002
7411,0.0011128852313036974
7412,0.001742858174930135
7413,0.00013943797219926417
7414,0.00030032976019382575
7415,0.002683210210430232
7416,9.187198081860942e-05
7417,0.018362986891724276
7418,0.011008889441342606
7419,0.00018272164436845226
7420,0.05393536713702225
7421,0.015102421451500644
7422,0.0002498981307042055
7423,0.000360442142383561
7424,0.00010176914090513217
7425,0.015436938429640796
7426,0.0003513778347355741
7427,0.00030002802014272585
7428,0.02607570923010629
7429,0.0002623478569250126
7430,0.0001184229689106427
7431,0.9202695897964805
7432,0.9695989366785691
7433,0.003610486444671087
7434,0.000256704725817289
7435,0.00036366334782127197
7436,9.079284724298335e-05
7437,0.0016208694078212818
7438,0.0004645898778984279
7439,0.0006093736493140476
7440,0.003723757009740752
7441,0.00011740421131500739
7442,0.0073883439988158255
7443,9.342129538049505e-05
7444,0.00010355538161978099
7445,0.17483301418728842
7446,0.00024490075846862904
7447,0.00026600638125285757
7448,0.0016374592355590737
7449,0.9952344285512194
7450,0.0004959938533338243
7451,0.001430008799644417
7452,0.025079702753726722
7453,0.00024182921685988058
7454,0.00383112076019703
7455,0.05340452942842615
7456,0.00456714437788835
7457,0.15058266653788913
7458,0.9964265192475017
7459,0.00026171578539132466
7460,0.00022193519238979565
7461,8.27661519765893e-05
7462,9.247357447222391e-05
7463,0.0014441166148288238
7464,0.20821200717243316
7465,0.0016752420522998356
7466,0.0029447279856644687
7467,0.0003839292581678909
7468,0.9978630224938791
7469,0.0038896964671622154
7470,0.9977058665470991
7471,0.00033254285108854953
7472,0.011613028278610422
7473,0.0003397898003964895
7474,0.2105472619453546
7475,0.00025056739761152426
7476,0.0011113411424731462
7477,0.00022825718528754084
7478,0.00023798163973961354
7479,0.00020277702532590092
7480,0.00022766947716325761
7481,0.00012332255003971723
7482,0.00024731990985655763
7483,0.014167231918855855
7484,0.0011681579857112585
7485,0.00023151428216849112
7486,0.0001726735776117868
7487,0.00020909262946831528
7488,0.014950918935607332
7489,0.005804832654869904
7490,0.016093288216334392
7491,0.009445507600210488
7492,0.0007200090134327281
7493,0.0042327146544639095
7494,0.99822526626499
7495,0.0014339408145144041
7496,0.00028756485209458014
7497,0.004096213402888205
7498,0.00035540359723014475
7499,0.0010382597192517525
7500,0.0002536103783315502
7501,0.7267038851631966
7502,0.00011835674812332017
7503,0.007064146478947346
7504,0.00011865832371889635
7505,0.00029632828795089604
7506,0.00029027144858737134
7507,8.492117135230245e-05
7508,0.03261528478444041
7509,0.0002787220100855654
7510,0.003693537180769588
7511,0.8759343439187731
7512,0.9984702766305567
7513,0.0007949952985639511
7514,0.0006067078638081656
7515,0.0002827035093646537
7516,0.005291163791824054
7517,0.04749727237528033
7518,0.0057747629372740614
7519,0.0007338302195945363
7520,0.004387335585279247
7521,0.00013227216390923076
7522,0.00027447644513188177
7523,0.013908118103327932
7524,0.023630527910750397
7525,0.0003174821293332261
7526,0.0005444220076811388
7527,0.0001432586530228193
7528,0.0011464578789870334
7529,0.00262840587357128
7530,0.011759690658114826
7531,0.000199022694974113
7532,0.011708689483312412
7533,0.00087697999203499
7534,0.000238184471858853
7535,0.005258013183486078
7536,0.0008223528147737627
7537,0.0016030334002381426
7538,0.00026585347109243517
7539,0.00011856212257391912
7540,0.000312778494526703
7541,0.0014964154536904074
7542,0.0002413217544455227
7543,0.00034139021673987465
7544,0.00015382274235725625
7545,0.9417933581567631
7546,0.00026007709394449573
7547,0.00013951713178322395
7548,0.0024526115347879626
7549,0.001470078392036369
7550,0.00029730543281580944
7551,0.00024098918601430595
7552,0.0029485424922015536
7553,0.0012626230914374952
7554,0.0377183369157714
7555,0.12813674370151523
7556,0.000704838739926742
7557,0.0003297926439912068
7558,0.0002820360325099656
7559,0.00024270238206236674
7560,0.00035524931827212813
7561,0.00024067052879386336
7562,0.19937928871081576
7563,0.0003264753027331424
7564,0.00028303753182551584
7565,0.0004830328865982411
7566,0.9903010060362429
7567,0.0009728769182037672
7568,0.0003314207025686165
7569,0.0007926445412610455
7570,0.01236449517860655
7571,0.000253972382552971
7572,0.004732928332915015
7573,0.00012929341576153224
7574,0.00010646155620054162
7575,0.0003858595560806593
7576,0.0023974074378329034
7577,0.0015013788440054454
7578,0.0015424563086729106
7579,0.00030615747909680014
7580,0.0002406263655751225
7581,0.0002748415731483389
7582,0.9930646216396933
7583,0.00030503166738600615
7584,0.00010495563797967091
7585,0.0003765646223995454
7586,0.00014141887664644622
7587,0.0005843566320083833
7588,0.00017876861002593823
7589,0.00043677600156313937
7590,0.0036328369142323777
7591,0.0016733651314310987
7592,0.9970865985406929
7593,0.00034918433633540044
7594,0.020473023873215028
7595,0.00035214810223063015
7596,0.0017663815128917352
7597,0.00027641299784634117
7598,0.00012023043568657813
7599,0.00013647398961767285
7600,0.0003180766809291872
7601,0.00042904360155154067
7602,0.01236549511975207
7603,9.934118832755321e-05
7604,0.0003482320404973022
7605,0.00022952643652412422
7606,0.07368948855514021
7607,0.00020450757583499263
7608,0.0003735076820495936
7609,0.0002434019323479998
7610,0.00010409858577492106
7611,0.0003609010715862974
7612,0.00022885451762444045
7613,0.00028204831093897934
7614,0.0003300600997569468
7615,0.0002695453565879101
7616,0.0002718135478690896
7617,0.9975038800422752
7618,9.776237790192345e-05
7619,9.030513930687628e-05
7620,0.01463684835546816
7621,0.01415323633210785
7622,0.0002614276164301882
7623,0.0003059324024248459
7624,0.00031724863400553867
7625,0.009257442735108787
7626,0.0004207437238895993
7627,0.0005454186631224555
7628,0.9965173939994776
7629,0.1903150102635794
7630,0.00020506743356077774
7631,0.00030289230242472385
7632,0.006897849491701716
7633,0.009192337982572307
7634,0.00765653144466402
7635,0.00010180983659750068
7636,0.0009312044387063751
7637,0.0020146503533445656
7638,0.0013847283313370476
7639,0.00026298437210333693
7640,0.0007305445569731927
7641,0.00010557456749311556
7642,0.001637390578547799
7643,0.00032001406879306806
7644,0.011702287404614951
7645,0.15963757490129143
7646,0.0060180305503830635
7647,0.0007292996319922774
7648,0.00022036483344914213
7649,0.036253559683348244
7650,0.04105686847522123
7651,0.0023199745972509946
7652,0.0003946981952339827
7653,0.00025860356573299923
7654,0.008559850563578091
7655,0.20414408593348274
7656,0.9109167927656914
7657,0.0010959835228190697
7658,0.9951202461933433
7659,0.9982686361341129
7660,0.9336285138965502
7661,0.9931883203627034
7662,0.00038426347050104495
7663,0.0020694964774694686
7664,0.0011987337089286695
7665,0.005260373795441248
7666,0.8435145603461178
7667,0.0002203334108625984
7668,0.00033447441245784535
7669,0.00019646739715622374
7670,0.2125747049180185
7671,0.001312967695220661
7672,0.0005907510734654024
7673,0.0015618035496844575
7674,0.07691745696553794
7675,0.00021922162233043715
7676,0.00021874388763245064
7677,0.0004057372348015468
7678,0.0004663771476092273
7679,0.9960829949370913
7680,0.0004086996514181417
7681,0.007049240844052939
7682,0.000305394561124084
7683,0.0005725797755541943
7684,0.0031128598028826765
7685,0.003157226679321355
7686,0.0010031294287347393
7687,0.00038447280901133255
7688,0.00032792496515237263
7689,0.0005101862359532386
7690,0.07821466753979157
7691,8.302293653667954e-05
7692,0.0007739838661159973
7693,0.00030899937273725926
7694,0.0012493491007222308
7695,0.004813561505607632
7696,0.00010380447992184827
7697,0.009041888241418883
7698,0.004335960425079973
7699,0.9855416964100174
7700,0.006133363242325323
7701,0.0002094235381506461
7702,0.9508483608302839
7703,0.03156445174107227
7704,0.007266602293725386
7705,0.0021741167287403287
7706,0.00018238917337253064
7707,0.00035046422471697646
7708,0.004674819161751777
7709,0.006949568604912987
7710,0.009789009452745943
7711,0.0003070702890882195
7712,0.9044743245345999
7713,0.008957308613556644
7714,0.007866533624649888
7715,0.19380903062366373
7716,0.02932483502324198
7717,0.002829161916124048
7718,0.023632111390980363
7719,0.31907694474315623
7720,0.0003013135345256534
7721,0.00026679980504918873
7722,0.00035339957918674794
7723,0.013459177538427666
7724,0.036822598348996635
7725,0.006331188168102296
7726,0.008469904873111108
7727,0.02360476262676904
7728,0.00012116161840146201
7729,0.0007288883152740777
7730,0.00014224008604272825
7731,0.0015883821507272293
7732,0.042167584785363935
7733,0.0032474438908774196
7734,0.0026482712238658783
7735,0.0003149714814001854
7736,0.0002435752844806095
7737,0.19367517423294248
7738,0.007059349105896379
7739,0.00016414191170271612
7740,0.0003260291132720842
7741,0.00014834343172133107
7742,0.9879786135907047
7743,0.002621629317832737
7744,0.007496877561359054
7745,0.9972485011184448
7746,0.00428170226818457
7747,0.013605360449035792
7748,0.001412526688303228
7749,0.0007354902206823382
7750,0.009190327523469287
7751,0.006756258517383257
7752,0.0069213099996376535
7753,0.99714516548527
7754,0.001781580369697959
7755,0.0006504241555482914
7756,0.010949438088948577
7757,0.00013643607395519725
7758,0.00022313048058926601
7759,0.00044965014888610994
7760,0.0002615603320740796
7761,0.005664335267983224
7762,0.003419068275014814
7763,0.0002460156770570627
7764,0.00039797424621261567
7765,0.00016373265760415018
7766,0.00012897570929660548
7767,0.0005808994718147336
7768,0.00022525561255022278
7769,0.00031468174371996764
7770,0.01195928891079848
7771,0.0001646580488703002
7772,0.02718229459815132
7773,0.9965046643372455
7774,0.004998836811129351
7775,0.010176783933418098
7776,0.00576299764877034
7777,0.00013891286630826396
7778,0.10436330984095517
7779,8.523757464947007e-05
7780,0.00328213175243513
7781,0.001260595344008253
7782,0.22790871300132082
7783,0.0021358999243159915
7784,0.009733641352586603
7785,0.00013274815241201652
7786,0.0002216024380960697
7787,0.03501255742239201
7788,0.0001942308334459342
7789,0.9971271101946819
7790,0.00017483323459093028
7791,0.00015450062660500125
7792,0.00022877323970427765
7793,0.00018009273481153976
7794,0.00034419514868857664
7795,0.00033828953278580373
7796,0.029080268452761605
7797,0.0003368709364713192
7798,0.05167441571933127
7799,0.9892309904138683
7800,0.015407275042935206
7801,0.0004624784461300085
7802,0.0080818572772487
7803,0.007827029287457076
7804,0.007191313944272396
7805,0.9976759324771092
7806,0.00032540131661813266
7807,8.517985971468554e-05
7808,0.0004146724406473141
7809,0.00023806047532610306
7810,0.000917872005511584
7811,0.0032237211889394324
7812,0.04638204106985242
7813,0.03672698620658803
7814,0.00011041956813742392
7815,0.0003517424321182698
7816,0.9941439020531021
7817,0.0001825846205538722
7818,0.0002459091696555615
7819,0.9975740162312482
7820,0.00048060573809759346
7821,0.0003068951006922422
7822,0.0022482409870248085
7823,0.3406977535834059
7824,0.0003292280863369324
7825,0.0002532992137247522
7826,0.00022941331027675482
7827,0.9973535177384963
7828,0.009786737579592364
7829,0.012502332230477952
7830,0.00025701268889797657
7831,0.0002996195662472933
7832,0.010035975668215211
7833,8.742594594630852e-05
7834,0.5604618062769962
7835,0.2091501342317216
7836,0.0405892400220061
7837,0.007605345677012843
7838,0.0004043524161472923
7839,0.0013835616157218543
7840,0.0007947464039103558
7841,0.0035829187476497937
7842,0.002271043455955351
7843,0.00020821303214622493
7844,0.0003934057744444319
7845,0.006094084999364462
7846,0.00031151355414212316
7847,0.0002782185897400904
7848,0.00016821811068055322
7849,0.9952959229058347
7850,0.00018352634415742296
7851,0.005256397316321164
7852,0.00022456798239123467
7853,0.006707204482649382
7854,0.000291002311956806
7855,0.0002169772937090315
7856,0.0003432595143198912
7857,0.001623446046259421
7858,0.9974163828793092
7859,0.00014845055681470408
7860,0.00037895526163359716
7861,0.0022374230736529267
7862,0.9981637429033052
7863,0.0003361239480871344
7864,0.00028000821030020286
7865,0.1373123371149899
7866,0.004516212953345874
7867,0.00018154097768343673
7868,0.00028224834258193875
7869,0.00028162863999256233
7870,0.0002572711915268654
7871,0.00023790764265749077
7872,0.00014394096118667038
7873,0.0029553682582207736
7874,0.00023242085270657812
7875,0.8863870043131111
7876,0.001997858308704052
7877,0.013203659890169389
7878,0.014939116652229198
7879,0.9974963479362579
7880,0.0001390274981267612
7881,0.00030260748140425173
7882,0.9050689578721943
7883,0.00030851771896805904
7884,0.9961795322794578
7885,0.004214418557368493
7886,0.0007191116047339244
7887,0.99636738665598
7888,0.00043795182502056034
7889,0.0009102447405488027
7890,0.009565328091891543
7891,0.0002904429388833552
7892,0.008251348405143332
7893,0.00010860102645408164
7894,0.0006047282208135061
7895,0.0020719170206904237
7896,0.9978412304676242
7897,0.0001399812655753665
7898,0.00039021434427105605
7899,0.00022142277801713198
7900,0.001912847836766449
7901,0.024662497900457863
7902,0.9959123292716525
7903,0.9959718638439463
7904,0.038407656912489596
7905,0.15583120758192273
7906,0.0002575578798351514
7907,0.02295925337197683
7908,9.632776926495282e-05
7909,0.0002283006414050733
7910,0.0013235530307598928
7911,0.0018064201335028587
7912,0.0002047746944307205
7913,0.00019615787192534345
7914,0.0002492768239336802
7915,0.9964383954650475
7916,0.0005034792990794789
7917,0.00041423188345321665
7918,0.9983760922579015
7919,0.00792910833309916
7920,0.00028126349175705106
7921,0.014404575048708197
7922,0.015317821001570576
7923,0.0003317041362886822
7924,0.0008544139868533335
7925,0.00032576050143821693
7926,0.00022606358853225912
7927,0.0011652746226251183
7928,0.0010342814402624315
7929,0.9424626684326954
7930,0.00028630156111502097
7931,0.0003174033549402412
7932,0.00016758457498719333
7933,0.00020024886386195133
7934,0.0003820185452347379
7935,0.016844185791731518
7936,0.0006364323583124008
7937,0.0005927092846414213
7938,0.00026214599025631996
7939,0.004348234301340195
7940,0.002347821650819123
7941,0.0002336800071989875
7942,0.00012703280007155855
7943,0.0002128501512237148
7944,0.0002839692074648476
7945,0.9983967382707573
7946,0.00012216074420707263
7947,0.0004110781287503234
7948,0.003307659132842585
7949,0.014132612854914448
7950,0.0002415743335771364
7951,0.00027693737652779684
7952,0.0014098791552103825
7953,0.0006905775983025607
7954,0.0005761875531727753
7955,0.9500639517341775
7956,0.9972109489745712
7957,0.0004750289050933402
7958,0.0032980346289410724
7959,0.09921621342672343
7960,0.0015567329202467032
7961,0.0007445818363328961
7962,0.9979355966852985
7963,0.0024646479754790395
7964,0.002482489334698375
7965,0.00011113740704793867
7966,0.000139514011090723
7967,0.00012589791668400196
7968,0.00042273858192163884
7969,0.0001505580365220125
7970,0.0002642518374388248
7971,0.00019844513879747943
7972,0.00014079940582524474
7973,0.0003193796419465612
7974,0.018660671682605198
7975,0.00041440994952862513
7976,0.03283932614404806
7977,0.00020238033160655425
7978,0.0004372778672880848
7979,0.00013163173153428687
7980,0.00015846100322640437
7981,0.00035157211033012213
7982,0.0002524493734868481
7983,0.00013992276525113666
7984,0.00014858109928959383
7985,0.01915696589869388
7986,0.0003126826125865192
7987,9.900165504034756e-05
7988,0.0007161256227398034
7989,0.00012165195795434778
7990,0.000354553751885322
7991,0.0001761733147257884
7992,0.00028994251682157985
7993,0.03532179885211469
7994,0.005301052746444776
7995,0.00026245238085568427
7996,0.00016019657181866965
7997,0.00027064887518250303
7998,0.00504671020694677
7999,0.0002139827053447495
8000,0.00040710637073110783
8001,0.0002259208145936637
8002,0.022922047609357874
8003,0.0045688123306939265
8004,0.9980912669812877
8005,0.0003234768699136868
8006,0.19292006938611775
8007,0.020670007166150414
8008,0.00029586415308049404
8009,0.019175752950493286
8010,0.0009646171227141181
8011,0.00024126168640579184
8012,0.0002703692410431084
8013,0.0002685503669588641
8014,0.0001376327836542672
8015,0.0005206201700294025
8016,0.0006217919411788132
8017,0.0006480618047998002
8018,0.002989979995867962
8019,0.0030704246993903035
8020,0.0033427084577422215
8021,0.010008259321797953
8022,0.7555013405915593
8023,0.001114755777730186
8024,0.0003235365866896527
8025,0.039241771875427885
8026,0.00027534040343021925
8027,0.998128862112095
8028,0.00025772965036429546
8029,0.002126073270102588
8030,0.2948826168754316
8031,0.0028029023116623946
8032,0.00032040320288280314
8033,0.00014577781592614
8034,0.00011546851568525853
8035,0.001800855440017309
8036,0.0028233949988195795
8037,0.000236515462618167
8038,0.9983871716519245
8039,0.00015033049471505864
8040,0.9930409624137695
8041,0.015499655049130697
8042,0.00020975361284321262
8043,0.0075811587231801635
8044,0.0003807837646340656
8045,0.40121180991336497
8046,0.0003473724372977087
8047,0.9979641296436084
8048,0.9982762378899391
8049,0.0009096878264862175
8050,0.0003399775475881053
8051,0.00029143281197357247
8052,0.06530118895172966
8053,0.00031241381391600804
8054,0.004911962633277423
8055,0.001313112615316758
8056,0.14573745235646884
8057,0.00036848113537485595
8058,0.03575657330173713
8059,0.001853214919240425
8060,9.090937675454327e-05
8061,0.0006098719734837801
8062,0.9912324784123371
8063,0.011927559409469657
8064,0.9983854734748032
8065,0.0030175552586237868
8066,0.9982982472915648
8067,0.06526737170673125
8068,0.00018323077064327336
8069,0.0017977468302915862
8070,0.0018866201982274233
8071,0.0012977993638458693
8072,0.9940171049363933
8073,9.458793707173144e-05
8074,0.005657220797593399
8075,0.0029579770286062416
8076,0.0002274003297351625
8077,0.000316929305702101
8078,0.8321753775770236
8079,0.00040281172542028953
8080,0.00017764569990607292
8081,0.00015487641959202966
8082,0.00023678446474083067
8083,0.0005866575411869595
8084,0.0010833088864245658
8085,0.17035398630789564
8086,0.00040481600770542073
8087,9.370323522446834e-05
8088,0.0002647571593884366
8089,0.000349216402223831
8090,0.0019232279444701661
8091,0.00012886505763868054
8092,0.0001775124127916471
8093,0.00011202322358323548
8094,0.007710898162657691
8095,0.0021219901970993644
8096,0.0015211692460212465
8097,0.00036124041189989535
8098,0.9930506549965811
8099,0.00011519024964762228
8100,0.0001526353432597059
8101,0.014065778297242575
8102,0.0005307836911302374
8103,0.0005950898797658762
8104,0.0002732199323715205
8105,0.02053737496240854
8106,0.000306491855073496
8107,0.00026177511485916234
8108,0.00015127032852366049
8109,0.0021862258245688086
8110,0.0002444713197695897
8111,0.00023711159072223998
8112,0.00029931271281189744
8113,0.00031345178889799583
8114,0.00033337380599519667
8115,0.9970609984842606
8116,0.998419660113967
8117,0.0032622611430543256
8118,0.00021134104399687226
8119,0.00022400840980811866
8120,0.016758068489877036
8121,0.0002486053010376429
8122,0.0017078419898473162
8123,0.0002583648734988258
8124,0.00023155422266134132
8125,0.00021030567579081715
8126,0.02518151220394179
8127,0.0023679146815067573
8128,0.0002829698019684594
8129,0.0002946278151790172
8130,0.005486944501655952
8131,0.00023957962601077394
8132,0.0009426933681213993
8133,0.996849478692643
8134,0.013877126160113195
8135,0.9983329709346871
8136,0.000432132116455789
8137,0.00012622553593456988
8138,0.000202194464910366
8139,0.9980586051635729
8140,0.0002773814571056505
8141,0.0002420150663474079
8142,0.007600188775034644
8143,0.03271130583900855
8144,0.0003831468737990343
8145,0.00028013897689239904
8146,0.00020819875202036462
8147,0.0002975210814495113
8148,0.0015282519301981156
8149,0.00030155020858836396
8150,0.0007692681215256794
8151,0.0004575358214958322
8152,0.00021355979728804347
8153,0.00030615105412384256
8154,0.0004365844329440139
8155,0.014985696522782218
8156,0.004886600858821252
8157,0.0005043037212588833
8158,0.0003081647278817363
8159,0.02486890010012325
8160,0.00018980151085132142
8161,0.006735126564480767
8162,0.006626747289361032
8163,0.00024228041266088898
8164,0.0007076697613500199
8165,0.00020242655050494457
8166,0.0012572245829931493
8167,0.0002749164602956388
8168,0.0001380316755434953
8169,0.008653454490093072
8170,0.00012691277329310665
8171,0.0017627495085552184
8172,0.0002323517129792331
8173,0.00020222357654150173
8174,0.02553306784779556
8175,0.006369880081245524
8176,0.004440471826193543
8177,0.008822993976735657
8178,0.0005961656907756185
8179,0.02423096714748511
8180,0.0004676846517550876
8181,0.0010599114566020682
8182,0.00021643319968850535
8183,0.003811219315690765
8184,0.002643096172981636
8185,0.9922991220967772
8186,0.9859199905793785
8187,0.032929248686770565
8188,0.00027965723040456435
8189,0.0009304115625826867
8190,0.00034236914961691784
8191,0.9958469818998047
8192,0.0002956524808906941
8193,0.00019488794131261738
8194,0.00017538582958042718
8195,8.030287148842647e-05
8196,0.0004369436077255145
8197,0.0003699100870110194
8198,0.00013012931028891721
8199,0.9980921494941901
8200,0.0007189824141712973
8201,0.00010978035281672082
8202,0.00012948867360385784
8203,0.002501019899829261
8204,0.03464813254176371
8205,0.004337077878611042
8206,0.0004561668674750165
8207,0.00015668639486415478
8208,0.00021122876265534848
8209,0.014390322991915113
8210,0.9957569322082858
8211,0.9978540968514397
8212,0.00014846785200062256
8213,0.9978490411873858
8214,0.001148061469996162
8215,0.0010514441824974277
8216,0.0004952391002761961
8217,0.0053683482118589716
8218,0.005011040248690652
8219,0.00023900918762616505
8220,0.0627350983249276
8221,0.00036309309693981635
8222,0.000200574498769417
8223,0.9983626660108706
8224,0.00013222527364090592
8225,0.0002968991442212217
8226,0.3150868086388719
8227,0.0013378547417731098
8228,0.008675494394826892
8229,0.1264048455711341
8230,0.00017228057478809619
8231,0.03828637401873021
8232,0.9715300877602498
8233,0.00020508809065945675
8234,0.00034444649436045317
8235,0.0038010448831654877
8236,0.0006272020345681866
8237,0.00031062840046287875
8238,0.0002995387897302129
8239,0.00020802592715833245
8240,0.008351006464544706
8241,0.0001152089560526217
8242,0.0005537321437967819
8243,0.0002334309220012946
8244,0.0017982531827829863
8245,0.00039040876957483015
8246,0.0003745193175486685
8247,0.0003492078359455731
8248,0.00033528700993323997
8249,0.00024283157021750328
8250,0.0037135211668149386
8251,0.997438193308404
8252,0.01012713769608034
8253,0.012535054671849098
8254,0.004036149322824667
8255,0.009349024835656333
8256,0.00033560334455952714
8257,0.00034520104375209033
8258,0.0002348502797826845
8259,0.03810929039338913
8260,0.0016778662989778137
8261,0.03009156325575914
8262,0.0003425288289545398
8263,0.0007963461657573022
8264,0.00034132652881230615
8265,0.00021355092881571898
8266,0.0003547464606718674
8267,0.00015464493630208454
8268,0.00034679665249375197
8269,0.9984524666360521
8270,0.0008657380005563295
8271,0.004187921509633939
8272,0.0003725330661954496
8273,0.000294598721231396
8274,0.00013747087536050305
8275,0.00022021517755401016
8276,0.005136824063966127
8277,0.0014166089157232095
8278,0.00028859387564802985
8279,0.00031428100436809526
8280,0.0003508459530147004
8281,0.00020317895983691854
8282,0.00030977663327164335
8283,0.00046155117333721555
8284,0.006762368436897252
8285,0.9982493408314046
8286,0.9960595220826424
8287,0.9952208320908609
8288,0.0003031140469284413
8289,0.00022314627733156144
8290,0.030959264396356344
8291,0.0002914897688762414
8292,0.9980283577210244
8293,0.00015109397156070438
8294,0.0002464278603251498
8295,0.9948962905246994
8296,0.0013985101402867101
8297,0.010969773006413785
8298,0.0005152539232537557
8299,0.00038744711486064315
8300,0.00023892692298059054
8301,0.0002788605605363468
8302,0.9981061148715193
8303,0.0015322892187331519
8304,0.00015365106509329445
8305,0.00027346845396949423
8306,0.0001855458970266073
8307,0.005786005314255523
8308,0.015180876160204781
8309,0.0019413987326897032
8310,0.005324980674529122
8311,0.0003069345127093768
8312,0.0003706854216508802
8313,0.000948276169838639
8314,0.00020487036989535567
8315,0.0005538243900901344
8316,0.0033394198785478162
8317,0.0005646150251684098
8318,0.9976477965549803
8319,0.0002891342050199815
8320,0.04308434075701837
8321,0.0004274340033541316
8322,0.00021734902823321525
8323,0.00033923423372487864
8324,0.0053608156785305726
8325,0.0002470626494848546
8326,0.00025157452854466286
8327,0.00028990474359456733
8328,0.9977849624372098
8329,0.00025986942234495076
8330,0.0006566533565629752
8331,0.015424764304411424
8332,0.17525938467775848
8333,0.00033975902827460913
8334,0.30760764432937027
8335,0.00026683133078537157
8336,0.00022486597110357712
8337,0.01933559933267664
8338,0.001966695603635908
8339,0.00017621243606498997
8340,0.00012460934000712838
8341,0.001607935711130847
8342,9.286233871705297e-05
8343,0.9978258962326926
8344,0.002020659030472173
8345,0.04866826469709683
8346,0.5944118528033198
8347,0.027694906763601895
8348,0.0002623388172564529
8349,0.00029866157151107743
8350,0.0002416576770237988
8351,0.00023927129015800618
8352,0.000612151567379529
8353,0.00017192805894029368
8354,0.0005210426360837666
8355,0.7877807892876671
8356,0.0017367079063209134
8357,0.01648391959085024
8358,0.002289979183615221
8359,0.0002482361264437425
8360,0.9825084550710912
8361,0.00034382025639400824
8362,0.00022454247682803706
8363,0.004303477418904683
8364,0.0033440795006918628
8365,0.003739694836606847
8366,0.03710279725759409
8367,0.0013179995410972994
8368,0.00014777448939860458
8369,0.00036617624780974436
8370,0.0007816318671030415
8371,0.0002560697348883587
8372,0.4060564874153541
8373,0.010043932101067604
8374,8.805751283010834e-05
8375,0.00010926934944917996
8376,9.1913968871849e-05
8377,9.462895664271374e-05
8378,9.658314410141703e-05
8379,0.007907491383995501
8380,0.09833013809488875
8381,0.00027459142457419473
8382,0.00025986033773536804
8383,0.9824766858753489
8384,0.0003663265186202055
8385,0.0002949694697840641
8386,0.00041393432783627166
8387,0.00019953838860421467
8388,0.00029502125946638503
8389,0.00012451221286478902
8390,0.9981261329303589
8391,0.000267683426825261
8392,0.0003081245947194975
8393,0.00027805776703404377
8394,0.0007786902635641276
8395,0.00033089242936401776
8396,0.0004675155509903118
8397,0.00038684941170716113
8398,0.00027623328540924796
8399,0.0001082489432631717
8400,0.04679736723650575
8401,0.00034243290720426813
8402,0.9887462997659
8403,0.06488979333349112
8404,0.0008656757368008897
8405,0.002362185272684245
8406,0.00032901681472885275
8407,0.0007437836991847453
8408,0.008672129370381637
8409,0.00028613832768780464
8410,0.0005366991542324338
8411,0.0007332153316521486
8412,0.0004251272080615185
8413,0.0049304359540414
8414,0.000261326210269287
8415,0.0002597759645502984
8416,0.002928874370383408
8417,0.039045045452579266
8418,0.01289649045398245
8419,0.0031789619058662905
8420,0.012309898841040721
8421,0.00021893667205571425
8422,0.004151587750614337
8423,0.00036453275518030234
8424,0.00025054385282129296
8425,0.9973801050158739
8426,0.00020620076590440736
8427,0.00034512210330636195
8428,0.00024882693448942183
8429,0.00019593999099736564
8430,0.00012268045426224063
8431,0.00017808212529355614
8432,0.00010550363863146364
8433,0.004404885928282429
8434,0.0003330617120917238
8435,0.0002491781559704569
8436,0.17507116889280694
8437,0.0003389271387949245
8438,0.0002504450398933807
8439,0.0008113612315422258
8440,0.18328539622217338
8441,0.0003370220495663623
8442,0.00030052557019630483
8443,0.001984676244192049
8444,0.0005258884675550061
8445,0.00026496919784437173
8446,0.00035676919255805603
8447,0.0003727399028590939
8448,0.011102637854794267
8449,0.0004858452927776459
8450,0.00025545414112020494
8451,0.004243758410652559
8452,0.0003503112663475404
8453,0.0004151844435066744
8454,0.004471603129106958
8455,0.00038289064068907074
8456,0.987709281537407
8457,0.0002205903522786656
8458,0.00012884318972731178
8459,0.00400535051559885
8460,0.0002864174477913026
8461,0.0005360622903129381
8462,0.9938973697791995
8463,0.0003141250956850606
8464,0.0003147455218750386
8465,0.00044483331040045165
8466,0.006143770281567676
8467,0.0004099553548718742
8468,0.32403834148694405
8469,0.004855637322396328
8470,0.00023473997588154444
8471,0.00011392126887673205
8472,0.0001264175569965226
8473,0.00033342779306937945
8474,0.0011025128462063677
8475,0.9905525921454
8476,0.01851733768680113
8477,0.00641618887475284
8478,0.0002160304411334899
8479,0.01436876164796681
8480,0.06456240157015271
8481,0.02233463867981842
8482,0.00026006352047170414
8483,0.0001784810832741542
8484,0.000916719786627683
8485,0.00021889259728657772
8486,0.0010895327136143209
8487,0.0001502498276158332
8488,0.0011125545872020628
8489,0.0009165752316770299
8490,0.0002465861495228697
8491,0.007758675159581783
8492,0.00011254495520496913
8493,8.908133494291254e-05
8494,0.00020489375608356356
8495,0.0002850240441341672
8496,0.00020612040838523092
8497,0.0002923073664011356
8498,0.0004628499881763281
8499,0.0002590491802413948
8500,0.00020609556582060505
8501,0.0002600192594345697
8502,0.05901635402774561
8503,0.00041629072134048375
8504,0.00015515906760555647
8505,0.0002544820647863139
8506,0.00019383879993122016
8507,0.015571581039703622
8508,0.0002596749588910104
8509,0.008238806750324509
8510,0.0002965268283232182
8511,0.0003023938992872018
8512,9.61506543394708e-05
8513,0.0015242866332327337
8514,0.00011734538437715614
8515,0.000310338137510135
8516,0.024774686905053404
8517,0.0002484733577796142
8518,0.0009710143160911232
8519,0.00023804622173096579
8520,0.0002317758642069905
8521,0.00020231482786665822
8522,0.00034380951573148284
8523,0.9945660516424202
8524,0.005587396953683087
8525,0.0016029955258685872
8526,0.03805097925435791
8527,0.0002724262943794486
8528,0.9951533770906043
8529,0.00013186395724396955
8530,0.01144539054034598
8531,0.003946478937435056
8532,0.00023542716221465384
8533,0.0011301462322694951
8534,0.00018768988320551214
8535,0.0001594997199323349
8536,0.019666797345585053
8537,0.002516521848804476
8538,0.00011456262842507419
8539,0.6437128184353691
8540,0.0004119948966102483
8541,0.00015367240144561204
8542,0.0003095331752019717
8543,0.0007021935895858017
8544,0.001509850433908351
8545,0.00028356219603337346
8546,0.0002841084643629966
8547,0.9983029170347455
8548,0.0012684538249382149
8549,0.00037185032023969946
8550,0.00023022218506085404
8551,0.000594168131363453
8552,0.00022468386122236858
8553,0.9962043115154252
8554,0.038594813093902794
8555,0.061720982687012295
8556,0.00015390780197187677
8557,0.005510555034116096
8558,0.001365446086774081
8559,0.00028171485057432936
8560,0.00023977591176455797
8561,0.0027304684664903995
8562,0.0002984176696199607
8563,0.4046946657400701
8564,0.00035077059088869055
8565,0.010967735434288015
8566,0.0004492546061355388
8567,0.005720505755558378
8568,0.005130040842900205
8569,0.13844208264033966
8570,0.00024955180060668786
8571,0.00012555130327431197
8572,0.0003111888731945725
8573,0.00021309166401483904
8574,0.007763873089957784
8575,0.5054454840280693
8576,0.0001231172743065996
8577,0.00034615158148878475
8578,0.0002383650608287254
8579,0.00022502231292254992
8580,0.006752992483190988
8581,0.995353169282172
8582,0.008585906035638536
8583,0.9971720612052636
8584,0.0003875170466265756
8585,0.0003055667522550698
8586,0.0001894226447157308
8587,0.00036076159940249153
8588,0.006281653691010114
8589,0.0019870862422502866
8590,0.00012530502300827222
8591,0.000441422360490612
8592,0.0002392287317575569
8593,0.0013468336110559833
8594,0.000127843749945766
8595,0.0023358614918221427
8596,0.0008137776665123605
8597,0.0008342059348517297
8598,0.00034140336414520997
8599,0.0002135179126646021
8600,0.00042027490321047906
8601,0.00016990132072849901
8602,0.028030323559638352
8603,0.00043087963278357793
8604,0.00030666320181314425
8605,0.009020280934848806
8606,0.0003260621488054945
8607,0.9974074443113278
8608,0.00032410409271981487
8609,0.0005063818932263865
8610,0.0007954316402695486
8611,0.00020480346993351613
8612,0.00035115544539401824
8613,0.03577123344884069
8614,0.00044075122446767207
8615,0.0003880646787993877
8616,0.00022451154638749964
8617,0.00022279834654545657
8618,0.08326044717674412
8619,0.00017384826096346416
8620,0.00024050101558092133
8621,0.002478182821041689
8622,0.005823769713720434
8623,0.012179759378418384
8624,0.0003819839541314642
8625,0.011501317430186661
8626,0.5283386536498678
8627,0.0001880826954114688
8628,0.0003075216965650958
8629,0.0006315922140204206
8630,0.000600758709999107
8631,0.014533546566730698
8632,0.0007622044271633878
8633,0.00034980456147534506
8634,0.00030997430403349047
8635,0.5525072209517552
8636,0.0002642214786926742
8637,0.0004943426638867571
8638,0.00021588424886717113
8639,0.004520747959071104
8640,0.00016009608932802098
8641,0.00026299955991259153
8642,9.953259920915753e-05
8643,0.00215927676402083
8644,0.0002842374731408681
8645,9.915884298620646e-05
8646,0.0025964141750035993
8647,0.01615387828694889
8648,0.0018289201025454356
8649,9.718946214290952e-05
8650,0.0009233820714300012
8651,0.04473897635690367
8652,0.00013506909528223027
8653,8.082205618573932e-05
8654,0.0005017230374508603
8655,0.0008875109439953989
8656,0.0006049281100887803
8657,0.025823205731682414
8658,0.0008177837477194765
8659,0.0004349345476068993
8660,0.0016958365070528995
8661,0.0035275459955034687
8662,0.00023066972475772185
8663,0.0007411763934033232
8664,0.0009957970630039554
8665,0.001262643272903434
8666,0.00015414039249588354
8667,0.0007728157323307561
8668,0.0019772245345173857
8669,0.00029821249055938403
8670,0.00035869297700603757
8671,0.00020877827608293374
8672,0.0008063635791629574
8673,0.0006426206415821898
8674,0.0008716568315056026
8675,0.00270196967667091
8676,8.95651267037068e-05
8677,0.0004421538858460416
8678,0.001119007976986341
8679,0.0011375553749783578
8680,0.00035462964092627133
8681,0.00010060219340044964
8682,0.0065385696477210835
8683,8.48504013808878e-05
8684,0.0009756742520512184
8685,8.853200780406509e-05
8686,0.00024525392423299587
8687,0.00022329578629068657
8688,0.002010774996775284
8689,0.0008563543746548889
8690,0.0010457392633755423
8691,0.0017899284688697634
8692,0.000722151500248907
8693,0.0010665808156053445
8694,0.0007020415818106493
8695,0.0006047114815034557
8696,0.0003878469553345299
8697,0.00658966847562497
8698,0.008468945422922834
8699,0.0037849951245430757
8700,0.05331224500373305
8701,0.0001251173755586798
8702,0.0014625285882809784
8703,0.0010255231503071486
8704,0.00012040716178882535
8705,8.953182384274346e-05
8706,0.0006136793267122053
8707,0.009036014707842007
8708,0.05772760343096679
8709,0.000650796141662327
8710,0.000903313103399128
8711,0.0011513944533124976
8712,0.0008740363901243453
8713,0.0008294448798104967
8714,8.86785802743511e-05
8715,0.00010117027096030076
8716,0.0006623802733469875
8717,0.003021579645264446
8718,0.03373606235727966
8719,0.043344603109309654
8720,0.030811835751344573
8721,0.01131639055788412
8722,0.0007528226810281974
8723,0.030805830892481574
8724,0.07966865911357449
8725,0.001471361048577593
8726,0.028553373891976475
8727,0.003994227000367715
8728,0.0002668071118665761
8729,0.0039058908293388957
8730,0.00023962850483557203
8731,8.321344236138432e-05
8732,0.00189895187984915
8733,0.0004815287438665361
8734,0.003217820509653597
8735,0.00025984770506264754
8736,0.0007987201799319027
8737,0.008732821737149394
8738,9.48636470539762e-05
8739,0.0013639305056580813
8740,7.543498167167694e-05
8741,0.004299741891480631
8742,0.0017723608642996672
8743,0.1943419902014322
8744,0.002723330061259676
8745,0.002226549245384566
8746,9.612023907524335e-05
8747,8.568721289631061e-05
8748,0.0022325075454658343
8749,0.07050150029869723
8750,0.004972097813211087
8751,0.0003681699999469594
8752,0.0389480116386959
8753,0.00189267320766222
8754,0.0005072577935506226
8755,0.0003353799158972092
8756,0.0418220570569787
8757,0.001128330245466096
8758,0.0002992617422543476
8759,0.00041243183180036643
8760,0.0006623256535265585
8761,0.0009702702273262403
8762,9.661498265999411e-05
8763,0.02614287477359819
8764,0.0002164533853952273
8765,0.33050949976916905
8766,8.837210258663843e-05
8767,0.0012747890784680187
8768,0.00024820643865428526
8769,0.00010394937470980597
8770,0.003426681794627921
8771,0.00024186620612977168
8772,0.0041314755971238425
8773,0.0007466967707672146
8774,0.0001310975496487199
8775,0.001374713109101511
8776,0.0002477230503948922
8777,0.0012598649444755454
8778,0.014431570817807719
8779,0.00021934301839338668
8780,0.0013758924876921409
8781,0.0007190928740705748
8782,0.08132506653197533
8783,0.005915551315835191
8784,0.013082414646588141
8785,0.005691593024328333
8786,0.0006851065169775218
8787,0.0010327228618486224
8788,0.005043903472855969
8789,0.027630167772534037
8790,0.0003475501644448929
8791,0.0009081863761192674
8792,0.001970937423879571
8793,0.0016374013744595022
8794,0.00794485563111852
8795,0.006668006084642327
8796,0.0044560262009315805
8797,0.0008250035910509459
8798,0.000241263469571332
8799,0.00010555312175067229
8800,0.00043059828103332023
8801,0.0001707486914058999
8802,0.0013481287211221428
8803,0.001200615876557947
8804,0.00030567052288658827
8805,0.0007373967281019327
8806,0.0008099168861115301
8807,0.002763833415819823
8808,0.0008232729438692997
8809,0.0011342394244730114
8810,0.0006680328508579479
8811,0.0008675918769192386
8812,0.0058591671436020645
8813,0.001298150145330097
8814,0.008413766262431895
8815,0.005054995003979308
8816,0.0021186660568028293
8817,0.03351385445008677
8818,0.026240052921224333
8819,0.009652598598921659
8820,0.0005166108601320007
8821,0.0017336726996731715
8822,0.004426491717019422
8823,0.0006024905182473913
8824,0.00015324882047882657
8825,0.0010274723702190641
8826,0.000791662606407711
8827,0.0005230258569684715
8828,0.0003236529301175107
8829,0.0027142809279291484
8830,0.07817435678924471
8831,0.0012176076791057702
8832,0.0036132179708350106
8833,0.0004497429793486779
8834,0.00313638383337805
8835,0.0023288988250719637
8836,0.00859009738344801
8837,0.0002685526671985565
8838,0.00041046144722379173
8839,0.00242597722523288
8840,0.0009046377115230989
8841,0.00963199510878542
8842,0.0006780580215548062
8843,0.0005989940807667414
8844,0.00035855524712558517
8845,0.00840963982392548
8846,0.006372789137765196
8847,0.008634742573000448
8848,0.0007611787605844927
8849,0.0014772409557911544
8850,0.00013497853659531571
8851,0.0019953948483168848
8852,0.00032856808284253513
8853,0.00032323920398762314
8854,0.0008575444798337688
8855,0.0001423622597904268
8856,0.002213243375814325
8857,0.0011063121603069653
8858,0.043238325276610326
8859,0.0005203523671378604
8860,0.00040995418100015044
8861,8.350033994983798e-05
8862,0.004413151421203692
8863,0.00040311158534915456
8864,0.00039835721093590466
8865,0.0008811160924640024
8866,0.0016389695230198472
8867,0.00014358795198465496
8868,0.0004692860465047976
8869,0.0002873068483704278
8870,0.0004845270911443407
8871,9.997848796761404e-05
8872,0.0034232176712195917
8873,0.0022100524237338333
8874,0.0002729509114193969
8875,0.0007319899857710824
8876,0.0006209073613328998
8877,0.04029576983506035
8878,0.00030343969087573533
8879,0.0007107687260607164
8880,0.0011071545706647016
8881,0.0005909013318652441
8882,0.0009457837018415358
8883,0.0007133129144210146
8884,0.0077918779702381286
8885,0.0011881470937460418
8886,0.0027369461484735317
8887,0.003226041302974733
8888,0.0014533358361203124
8889,0.000454321070418257
8890,0.000300230294352692
8891,0.0033363484222317073
8892,0.00028833553182826504
8893,0.0003091160205016544
8894,0.0003208982373903232
8895,0.0010295571121573025
8896,9.968669926979746e-05
8897,0.0002829303061284819
8898,0.003159129720464387
8899,0.0003280294690089992
8900,0.003642275442144264
8901,0.0001737074190931642
8902,0.007895274209886833
8903,0.00021986076199170248
8904,0.0036942410842593365
8905,0.0013631474754383461
8906,0.00038609450776807847
8907,0.0005743282815895521
8908,0.002213098286757859
8909,0.004392754293118375
8910,0.0019309816578353804
8911,0.0017444610701089515
8912,0.0023935287960215935
8913,8.446747634704117e-05
8914,0.0007714932681543068
8915,0.00017188780757356592
8916,0.04373480242728024
8917,0.0001269838494121649
8918,0.005149020374602492
8919,0.0009914274348887305
8920,0.226198444318148
8921,0.0016898528831011859
8922,0.005372098124538044
8923,0.00026142667547390385
8924,0.0008931954301987543
8925,0.0038660044289537663
8926,0.006643659418273546
8927,0.0003220018046455335
8928,0.0005958818612282681
8929,0.0026059892947003387
8930,0.00011081604819969894
8931,0.001546875934965762
8932,0.000568102656203681
8933,0.0012367403414570125
8934,0.04023677239230365
8935,0.0003466799056822841
8936,8.973230893458877e-05
8937,0.0016371065341151316
8938,0.0016855450579516284
8939,0.0006398534375529612
8940,0.005466578768452098
8941,0.00025725109901141843
8942,0.00035804130233255767
8943,0.0003878553524885138
8944,0.001505773138960341
8945,0.00047659830459821303
8946,0.0007565332593805382
8947,0.00019345025110608342
8948,0.0025645766058024974
8949,0.008147559408170335
8950,9.512052715032977e-05
8951,0.0003201311944896884
8952,0.0122874924555885
8953,0.0003670992088829337
8954,0.022560680052466957
8955,0.024602907344884406
8956,0.0028304458810370714
8957,0.0005127585727633611
8958,0.0006915760982052237
8959,0.001101915619530217
8960,0.00033229483479022307
8961,0.0026100542869873455
8962,0.0005248912115224309
8963,0.0015530774619749062
8964,0.0014054552873060577
8965,0.0021757871518140763
8966,0.006713963759315528
8967,0.0010726246206411386
8968,0.00019610222595867042
8969,0.0006378556429640929
8970,0.0005931539050727361
8971,0.0011361821504555533
8972,0.009261963038142394
8973,0.06440162765109145
8974,0.0008871699708637208
8975,0.0013383035585508465
8976,0.0015940371017549942
8977,8.43677214004466e-05
8978,0.0007795543064088194
8979,0.00512116237267797
8980,0.002270063026751461
8981,0.0017495021260876716
8982,0.08546235082039101
8983,0.0005543258200436807
8984,0.0006070768454992076
8985,0.0011622780365027436
8986,0.08321800840841358
8987,0.0024407571590930434
8988,0.0002782181042942411
8989,0.0034601882996780063
8990,0.0003781354197604384
8991,0.0001055662599651379
8992,0.0018338871102306566
8993,0.002251051059450909
8994,0.023665473253352297
8995,0.0010826819037746036
8996,0.0006595333566979359
8997,0.0013471014716925685
8998,0.000958262221179107
8999,0.000739245599530718
9000,0.0005513692305546307
9001,0.016217284635969158
9002,0.003427657461649933
9003,0.00039118286373393947
9004,0.007914981833979724
9005,0.004368333515713342
9006,9.289345123833792e-05
9007,0.005167407532614599
9008,0.0033610781383243008
9009,0.00010834351166401003
9010,0.0002776874024063793
9011,0.08136869840639037
9012,0.413860698621597
9013,0.021211344421566452
9014,0.0012926761070292763
9015,0.006951657403823748
9016,0.005864314677629772
9017,0.0012088143060538254
9018,0.0001544146648306853
9019,0.005229051532687465
9020,0.00060079353932812
9021,0.0002906438818370023
9022,0.0005253158987060179
9023,0.015786610068392506
9024,0.0008105168390995999
9025,0.0017749411149160694
9026,0.001171307806160766
9027,0.0036599199643498107
9028,0.004943650373069915
9029,0.0010772331984634134
9030,0.0004896199291186201
9031,0.0003860816723184746
9032,0.000667881626226866
9033,0.00027693090020943043
9034,9.910429577727702e-05
9035,0.00010745265151168954
9036,0.0003586834758385202
9037,0.0010064933802332126
9038,0.0010998432353297217
9039,0.0035412998945135122
9040,0.0003073558834688995
9041,0.005709219485045829
9042,0.004302055492701981
9043,0.000863492215227247
9044,0.0015889635319444532
9045,0.00040563577068236553
9046,0.012674229638958003
9047,0.0024146319496114016
9048,0.0010737076875171796
9049,0.0015400263886764553
9050,0.0008466680585819417
9051,0.02812908112081261
9052,0.018092494623567386
9053,0.005052681635040985
9054,0.0028438365589879
9055,0.001383720323502083
9056,0.0012270965196559626
9057,0.0018316468622977685
9058,0.000687844969415175
9059,0.003116692653122558
9060,0.006452510957432907
9061,0.006894105000039107
9062,0.00034760785377398586
9063,0.0006982161832466748
9064,0.49777230827241425
9065,0.0018778416412854701
9066,0.00038296996213401426
9067,0.00048311893947688685
9068,0.008784227165554355
9069,0.0017923847776828762
9070,0.0015071320164339564
9071,0.0010690977680079972
9072,0.0023062115498117563
9073,0.00012433933995014093
9074,0.0002752846404347025
9075,9.36930218074787e-05
9076,0.0008022997036248444
9077,0.002489547252223692
9078,0.005334550721206395
9079,0.0012581882835622003
9080,0.00046052891952744245
9081,0.00036260482930755165
9082,0.0011271797603409873
9083,0.0024796803166291527
9084,0.04921957423877763
9085,0.025353795313948373
9086,0.0007355926433690107
9087,0.001674149369074256
9088,0.0181283147901126
9089,0.032423444265129726
9090,0.022228675040134052
9091,0.0008628077500673328
9092,0.0021260775738467575
9093,0.0003537711719236793
9094,0.0008966147436386851
9095,0.0003473582384518323
9096,0.36434324366050214
9097,0.06966678567526709
9098,0.0011652220132031743
9099,0.0002899883520884375
9100,0.0019581786614060333
9101,0.0019163476958518437
9102,0.0002461655616724574
9103,0.004226590295599649
9104,0.00834042109666533
9105,0.005160225951088291
9106,0.022774066983225757
9107,0.0006748942619068778
9108,0.0017604119154407012
9109,0.0015070803013490781
9110,0.003396937558744294
9111,0.0011545315446282625
9112,0.0030359107692091705
9113,0.0009460517002423065
9114,0.015729320479454474
9115,0.04708151240833654
9116,0.00011542149497031748
9117,0.011100184064817522
9118,0.0012594836102469784
9119,0.001018794476660663
9120,0.0012874308043163234
9121,0.004036486399707954
9122,0.00012603968420945693
9123,0.0007122516705924897
9124,0.0020089907356276265
9125,0.0033315920687252247
9126,0.02016339728239165
9127,0.0016305190677724547
9128,0.024860122944393576
9129,0.0014820037698576225
9130,0.0005837570090091324
9131,0.0034478363838578267
9132,0.0003350604589572166
9133,0.0010486562685070914
9134,0.12342162290586897
9135,0.0008597417216014748
9136,0.0006175670851136662
9137,0.0009688224575041673
9138,0.00039273419421619017
9139,0.0006152579904155811
9140,0.0009924797628766593
9141,0.00025364773186483964
9142,0.0013720488839273279
9143,9.78259836777148e-05
9144,0.0007346417960911923
9145,0.000436448428434961
9146,0.0008639660181877201
9147,0.0005446305984156275
9148,0.0006744965361784718
9149,9.144126879833531e-05
9150,0.0014681517353069989
9151,0.07187049264696216
9152,0.06361291823057517
9153,0.00011181771804836732
9154,0.003622048274485911
9155,0.004876346889883058
9156,0.0030307531713902177
9157,0.00227673771393614
9158,0.0009452026644516725
9159,0.000113655091098679
9160,9.720811433743547e-05
9161,0.014595184039261633
9162,0.0019927314877414286
9163,8.674722582360443e-05
9164,0.008657350057699336
9165,0.0006673328524296888
9166,0.0005774618059067312
9167,0.02746247746062595
9168,0.001694163577693484
9169,0.001998964754020876
9170,0.0012699232093071541
9171,0.000722435130005892
9172,0.002827514436019308
9173,0.006038888531024683
9174,0.021342965684315374
9175,0.013705468804083503
9176,0.007583282735502695
9177,0.024859449272809104
9178,0.002041703063981904
9179,0.003018264031286442
9180,0.0016116296053473758
9181,0.0004085205251511111
9182,0.0020359941146149496
9183,0.14160734769834807
9184,0.00037509653507466145
9185,0.0014518559858904437
9186,0.009390558937580284
9187,0.004827430965760939
9188,0.0017826200582676244
9189,0.00010384001936752563
9190,0.00010935144788466584
9191,0.0004472266948629336
9192,0.007972862463473219
9193,0.001146807068361367
9194,0.0008010931993970231
9195,0.0020702468351207768
9196,0.001740451859882832
9197,0.0001142591637049504
9198,0.003323612977007757
9199,0.0010567528604135251
9200,0.002763114289962566
9201,0.0005161158994831408
9202,0.0054659471778483555
9203,0.0017174810055835287
9204,0.0010073385804105052
9205,0.0002459908617639797
9206,9.414399004728261e-05
9207,0.00022172035062962203
9208,0.0014534428417166876
9209,0.0015060233665572305
9210,0.0008642740281755363
9211,0.017405362986833792
9212,0.0021154272177198582
9213,0.0011892515794883303
9214,0.0006622544310757036
9215,0.00040390061990638133
9216,0.00014806747702843167
9217,0.0018404433225060115
9218,0.001738985132246409
9219,0.001852172115434841
9220,0.0013095923897202882
9221,0.014593197218399287
9222,0.0018657124957403425
9223,0.002707288381711382
9224,0.009368061922580984
9225,0.007066992385192361
9226,0.034518436282529305
9227,0.01790901175816159
9228,0.0002698885134671935
9229,0.0007390952312771504
9230,0.029311269018242804
9231,0.0009853680333101191
9232,0.00014531580682766688
9233,0.0010729987770276212
9234,0.004824475640745797
9235,0.002348042461747904
9236,0.0026904442128549088
9237,0.06533355419152878
9238,0.0003033036181127674
9239,0.0016613617264806767
9240,0.0015315728597945215
9241,0.000206107412271106
9242,0.04208068297595785
9243,0.0010276928311551516
9244,0.0009179640572451284
9245,0.0008807117476049432
9246,0.0013581671575115712
9247,0.0005821932014995432
9248,0.0013754544287838762
9249,0.0014429635337880333
9250,0.0005880985142541999
9251,0.004786773477616467
9252,0.0012617071426245454
9253,0.007645551494988077
9254,0.0005841444448580884
9255,0.029704755647709143
9256,0.0060047175943191925
9257,0.0010761514063134451
9258,0.0006246145385281068
9259,0.0007274998000879497
9260,0.00021095780126421105
9261,0.0008040821058136081
9262,0.0023359683190012754
9263,0.0010951236649282899
9264,0.0016277647847827517
9265,0.00029449827814065794
9266,0.00023597997219306313
9267,0.006832261203901522
9268,0.0013309777333749728
9269,0.0010653011316502903
9270,9.404714930215186e-05
9271,0.0004551020079536599
9272,0.0036048282748404915
9273,0.0018657422616350657
9274,0.0011306837379296305
9275,0.00032353233032966566
9276,0.0019109592770772388
9277,0.0008848406809811787
9278,0.002174658874632744
9279,0.006390765089178392
9280,0.0015501604911155274
9281,0.06837654469064808
9282,0.00013338257719246492
9283,0.011559314193991694
9284,0.00010910472371549555
9285,0.00038905490009392713
9286,0.0028838361483461807
9287,0.00046411973421977014
9288,0.00037011844816272314
9289,0.00318606620448635
9290,0.0029714778873796864
9291,0.007652980776239884
9292,0.0025663565424803346
9293,0.00074840009491787
9294,0.004549033059105994
9295,0.000996083637556084
9296,0.0002485073008856339
9297,0.0017802992708877221
9298,0.00027162740096579744
9299,0.003643821998310015
9300,0.004075196119512607
9301,0.0033862864232545712
9302,0.007415573114419541
9303,0.01486524880764883
9304,0.0006649222930242844
9305,0.0038249198787206583
9306,0.00478543382555203
9307,0.004416547503969417
9308,0.0002624440878070645
9309,0.0024563135985939256
9310,0.0005886386236733374
9311,0.00415253935093177
9312,0.00037447283296312484
9313,0.02130256089774609
9314,0.021253183653592005
9315,9.10964935807988e-05
9316,8.059542058481796e-05
9317,0.0013501556966475472
9318,0.0037761074824370243
9319,0.006872310457697685
9320,0.0018638416772885657
9321,0.006417525610744203
9322,0.026245246094057494
9323,0.0019236218046452154
9324,0.0011396133877912204
9325,0.0021738018697571374
9326,0.00028294299207913233
9327,0.000884805686823821
9328,0.0012180026962068126
9329,0.19684879315481058
9330,0.00012838883245428856
9331,0.004171688364834412
9332,0.003918766069293096
9333,0.0010291628747194385
9334,0.006532966078405469
9335,0.00031318223539643993
9336,0.00028237673081418313
9337,0.007309167710012614
9338,0.0008288782235033665
9339,0.0007952722153154344
9340,0.002373033718481062
9341,0.0009716830351581551
9342,0.0017614400783892508
9343,0.009302878960323573
9344,0.0003862956621288778
9345,0.0002129970662625927
9346,0.00010210566835740864
9347,0.0015260113259054182
9348,0.000558468767387823
9349,8.55218131596347e-05
9350,0.00715125631534493
9351,0.0012673476829824983
9352,0.00019900085207119026
9353,0.0013949355327979036
9354,0.0007773258650933273
9355,0.0012287728715935705
9356,0.0008367735644924763
9357,0.0012527589583266976
9358,0.0005116008323362063
9359,9.959683716382424e-05
9360,9.573916239055542e-05
9361,0.00108373483952064
9362,0.0006326176684951833
9363,0.0010822774582696908
9364,0.001076913850866674
9365,0.0001429863023894018
9366,0.0017803809488599314
9367,0.0022891012323206983
9368,0.0013279439030844241
9369,0.0011461256511618892
9370,0.0010942557589642683
9371,0.00013847788838387896
9372,0.0010318662563596366
9373,0.052245713266766025
9374,0.007240718141367163
9375,0.00103110225391493
9376,0.0013055704119305617
9377,0.0012794529149245293
9378,0.001417624715966774
9379,0.002087306107185289
9380,0.000525034743144688
9381,0.0015619257643257633
9382,0.0015347895419168841
9383,0.003194241393997615
9384,0.0002841603255305242
9385,0.0942363670310701
9386,0.0008436686688911114
9387,0.001997615848498695
9388,0.0010914875153454251
9389,0.0037946198717977524
9390,0.031813699583391634
9391,0.00048746331636364095
9392,0.012277112617993816
9393,0.001062113662138543
9394,0.0008997351029890459
9395,0.00339111211790679
9396,0.001415228247420654
9397,9.652506891382192e-05
9398,0.001202376238515482
9399,0.004202686809995256
9400,0.0018903904878986087
9401,0.0008285547257217793
9402,0.00089461066246363
9403,0.02645288814847897
9404,0.05159270553029845
9405,0.0008215814507872659
9406,0.0004787923784726832
9407,0.006076227735876473
9408,0.0006725229136244201
9409,0.0010627230700519601
9410,0.03763714256889824
9411,0.0018506350820568756
9412,0.001286330938014703
9413,0.17043517666492208
9414,0.008442353678666564
9415,0.00999601470288768
9416,0.0009169382994542241
9417,0.001313331955457977
9418,0.0009427257965445489
9419,0.002548161264370026
9420,0.0007058179144247788
9421,0.0024507738166398042
9422,0.0010865883138212273
9423,0.000640122026438616
9424,0.013127933224930211
9425,0.00015760850260540405
9426,0.000152164800536498
9427,0.032302890870457686
9428,0.004802224481603929
9429,0.019044150897899122
9430,0.0480656927405123
9431,0.018178717613645666
9432,0.005135829095562169
9433,0.0011120083417867788
9434,0.001701643165573647
9435,0.0007930921052578966
9436,0.0008928731752217072
9437,0.0009780377136735879
9438,0.00016022118699062
9439,0.025098032903043604
9440,0.010014321868565053
9441,0.006239944450183783
9442,0.00013354645018344172
9443,0.0020791230301830986
9444,0.007046809108649526
9445,0.00016161737534444665
9446,0.0004348998004769371
9447,0.00023929435949183452
9448,0.0014301870212608163
9449,0.000599958982254312
9450,0.0010052271129860626
9451,0.001358908122998493
9452,0.008233085349382961
9453,0.0002538179430273947
9454,0.0013928404698012324
9455,0.0017714640869487743
9456,0.0019417242128011818
9457,0.0006417409283346478
9458,0.014271946550968834
9459,0.000734189982474538
9460,0.0003533694094477183
9461,0.00257043706659314
9462,0.0003471942701459334
9463,0.0008638839247328853
9464,0.00027852912449768377
9465,0.0002346701314480538
9466,0.002860945669056938
9467,0.0002742636727742011
9468,0.001033803119251819
9469,0.001984995965241514
9470,0.0003200820789543895
9471,0.0007715898745785098
9472,0.0008408806361010374
9473,0.0002726243566798639
9474,0.0014094579689421525
9475,0.0002867434025081827
9476,0.0020961172717389063
9477,0.00831244816153855
9478,0.0011859210096540605
9479,0.07804429987022857
9480,0.00019284923605648015
9481,0.0001844046271047203
9482,9.354989849180595e-05
9483,0.022736499710372997
9484,0.0010355676694347193
9485,0.00106528194375621
9486,0.00035743176076785026
9487,0.00026820218624663985
9488,0.0005510029370575085
9489,0.001721140717972845
9490,0.0010055031007156112
9491,0.0009212160866236454
9492,0.16687717999881024
9493,0.0036817154570815288
9494,0.0016157199440003697
9495,0.0069542225655566
9496,0.00097573322956093
9497,0.00037237078067330363
9498,0.0018093640191824147
9499,0.0008310336699407716
9500,0.0023748970491697463
9501,0.00224198576019838
9502,0.01679471719931073
9503,0.0014134897597081072
9504,0.001968647528149669
9505,0.011004431829826982
9506,0.0019998649784267616
9507,0.006115807740903133
9508,9.708857743217502e-05
9509,0.023809454291537906
9510,8.8185693677699e-05
9511,0.002432162684526421
9512,0.01299731858310696
9513,0.001135442480170511
9514,0.007571669248459442
9515,0.004233273134629808
9516,0.0017148175769980518
9517,0.0022607673259428763
9518,0.00032871500097870484
9519,0.08015816536739034
9520,0.004633610051877246
9521,0.00020205002541482512
9522,0.5635174886017424
9523,0.0015965944941697722
9524,0.0017706938631119533
9525,0.002588329160019648
9526,0.0009878100689974345
9527,0.00020344253938877366
9528,0.004682673705004396
9529,0.0040645768575283524
9530,0.0024741419589095217
9531,0.0001536273440510761
9532,0.03784732336171856
9533,0.002987356293000264
9534,0.0014943919163679159
9535,0.0012683823246567286
9536,0.016256173382353717
9537,0.00012136843069585017
9538,0.001314199925126323
9539,0.0009748998426981325
9540,0.0023348619387271517
9541,0.00033521135348727133
9542,0.0045769749404992255
9543,0.0011895180528936355
9544,0.0005300492214874022
9545,0.0010403090783125683
9546,0.004017461603664176
9547,0.06380322573606327
9548,0.0038211539671609723
9549,0.0011224308828445147
9550,0.011340898280281073
9551,0.04499621703111168
9552,0.037781384568613005
9553,0.00027542418368368737
9554,0.0007783999946447115
9555,0.0004773532791294042
9556,0.003127109353466552
9557,0.0016670248563019744
9558,0.0008252669286446313
9559,0.004666009887351948
9560,0.0012722379625459209
9561,0.0004084455861107914
9562,0.0006530073497852132
9563,0.0038024965281741293
9564,0.0008621462207800374
9565,0.0008231102567618635
9566,0.0006782568038969462
9567,0.011481307287373583
9568,0.0018418923703108897
9569,0.009663692693400045
9570,0.007240530649282989
9571,0.01082109298585483
9572,0.0033760373386621132
9573,0.0018853986083849305
9574,0.003299949445529997
9575,0.0012878465158628772
9576,0.0025451079789299592
9577,0.0004814299237518471
9578,0.05279076483668606
9579,0.0012939163296003346
9580,0.00010076752901274548
9581,0.001400730275137949
9582,0.0005929763891045219
9583,0.00230992629655535
9584,0.01069725428103232
9585,0.0014504662726611338
9586,0.0010716375478217071
9587,0.08248660743263221
9588,0.001958585826495298
9589,0.07661756671209312
9590,0.00039628632846246874
9591,0.08695700804879337
9592,0.001673299689518382
9593,0.0032892936932469438
9594,0.004575508359475189
9595,0.002010976801286192
9596,0.0005911920375199389
9597,0.0045024915171247544
9598,0.0026949204446122883
9599,0.01956175873059016
9600,0.0010065277575546623
9601,8.765889454169151e-05
9602,0.00013045491179180672
9603,0.0008802443594705096
9604,0.00424800262961826
9605,0.010478197318904989
9606,0.0037291313496425984
9607,0.0032666787235271304
9608,0.0011841721879477384
9609,0.0024980178967703706
9610,0.0007516835720169078
9611,0.14418562865335569
9612,0.0015539766336704508
9613,0.00024285899925521203
9614,0.0036143185988923047
9615,0.0016012467326449113
9616,0.0011807213526890763
9617,0.0007802384677106776
9618,0.0021100551274958177
9619,0.002817672234997867
9620,0.00461361327358281
9621,0.0002962830773117132
9622,0.006447972431747763
9623,0.00034401789185218364
9624,0.017888906037751902
9625,0.0002970909491823568
9626,0.015684815715812254
9627,0.002491761776916637
9628,0.0024807702277704555
9629,0.0013278442168369081
9630,0.0007092566295378571
9631,0.0015215960630884176
9632,0.000245068530548856
9633,0.030666791842115303
9634,0.004405623842600447
9635,0.00020621190635401374
9636,0.0039716483572528865
9637,0.0010128634162446897
9638,0.003396786017534413
9639,0.0007372445063747836
9640,0.0012374353386766235
9641,0.0018856731545178096
9642,0.004394023723966233
9643,0.0110971851913164
9644,0.0019471838074088023
9645,0.0006268747528887385
9646,0.000817652994270344
9647,0.001049938540890438
9648,0.00033839102790191543
9649,0.003092587774884878
9650,0.0013179041748188083
9651,0.001330180476153106
9652,0.002995659179138161
9653,0.00030780468362205475
9654,0.0017615732137293571
9655,0.001028839858426453
9656,0.009809743240806445
9657,0.06286679705631677
9658,8.370651813661802e-05
9659,0.00015641629223603936
9660,0.00019349388464860634
9661,0.0008026942642787814
9662,0.004464007903169083
9663,0.0009122166143202401
9664,0.0011997872819597907
9665,0.004199285432479415
9666,8.155803408538219e-05
9667,0.0020365932738493175
9668,0.0025154918756127623
9669,0.00226504112433673
9670,0.004935743573119164
9671,0.01576561916146397
9672,0.00028766691850376085
9673,0.002528791164363406
9674,0.001603388031860803
9675,0.0020189224325438014
9676,0.0029116656221681884
9677,0.026747619522790922
9678,0.0007240762452486381
9679,0.000696916175942302
9680,0.0038199766392482968
9681,0.003243105117846752
9682,0.0028451875368376914
9683,0.000670519020912731
9684,0.0012574466276446998
9685,0.00021158311251517946
9686,0.012668581456843303
9687,0.0007259300575756435
9688,0.03415991084326443
9689,0.000719771525774728
9690,0.000939168759613095
9691,0.020639383271640645
9692,9.152224881986225e-05
9693,0.0032132131416430627
9694,0.008574883746961609
9695,0.0015438592786858113
9696,0.00034334469718452077
9697,0.0010599140639032292
9698,0.00011375945263222129
9699,0.0012882464985942113
9700,0.0013701689840509188
9701,0.0020261158039491948
9702,0.0010315514677568913
9703,0.001014083833082573
9704,0.0003286974695795619
9705,0.0004664982528123261
9706,0.0008256903854307097
9707,0.00032372110107087526
9708,0.0033288693165242833
9709,0.19858109576828215
9710,0.0008353772447341923
9711,0.00015419463113271
9712,0.001758782043450157
9713,0.0002393067842278203
9714,0.007132781615075049
9715,0.0011572448725571042
9716,0.0192370312782288
9717,0.003358606712551298
9718,0.0001134314106595258
9719,0.0010165462366218839
9720,0.0011170065773613532
9721,0.0008262252820946898
9722,0.003005172652230212
9723,0.0003048252890892701
9724,0.0023631716251030573
9725,0.0009718622356928404
9726,0.002053355730787628
9727,0.002653510555452192
9728,0.0026972334627166005
9729,0.0021739975181446995
9730,0.02271533179419897
9731,0.004796208267776119
9732,0.010085706529250942
9733,0.0009785878317947166
9734,0.00035318448761247496
9735,0.037013150766238886
9736,0.008085271015781728
9737,0.00011123772068519713
9738,0.0927973379644315
9739,0.0003910023894556868
9740,0.006297498289450472
9741,0.0002864560676919629
9742,0.0010345117789951805
9743,0.007227763610579194
9744,0.005782557883117149
9745,0.0012711947098205507
9746,0.0008302357155667168
9747,0.0028334494106743526
9748,0.000502214294640155
9749,0.00011202400823553486
9750,0.0003876197595240852
9751,0.0017980570128987836
9752,0.002606252423242878
9753,0.000657003108348646
9754,0.014122386649494861
9755,0.003342887971243253
9756,0.0009615138514620248
9757,0.038971155482929905
9758,0.0001835623241901039
9759,0.00038550350983918637
9760,0.006637752322842298
9761,0.004389032367852137
9762,0.028466941498233617
9763,0.0029384147100117814
9764,0.004864429067814092
9765,0.0006809035242764953
9766,0.00021999701693317474
9767,0.006167687314888868
9768,0.0819136239082462
9769,0.0021698160760453555
9770,0.009950041294176098
9771,0.0011608138801524298
9772,0.005067191539790713
9773,0.0011653124787696484
9774,0.000254542649417239
9775,0.0006770700889591891
9776,0.0015701134674778881
9777,0.0006805237783889969
9778,0.15630817439967887
9779,0.0018388377547896688
9780,0.0015014146913589735
9781,0.0008208861013270432
9782,0.001801845489298446
9783,0.001947655159599553
9784,0.007048823081454926
9785,0.001252740639135982
9786,0.00025513440179840907
9787,0.0027109148947591804
9788,0.0009010641404641102
9789,0.0016536464906085062
9790,0.0009393701309172665
9791,9.530212708209256e-05
9792,0.0012157577485483692
9793,0.0015009352584220298
9794,0.00015897297715912942
9795,0.0029340826521099114
9796,0.019999948066582767
9797,0.00434747019387304
9798,0.0019519446462825329
9799,0.0017315262546424358
9800,0.0011895726474730154
9801,8.138380777098068e-05
9802,0.0020343778170659596
9803,0.0015247103404936145
9804,0.0010027873355739187
9805,0.00206302283075331
9806,0.0050212918130272365
9807,0.00029072812814555734
9808,0.0008334283779817172
9809,0.00020699712382323118
9810,0.0037226122772366817
9811,0.0014045669989873762
9812,0.0036658585222329593
9813,0.00017581018595097558
9814,0.09124531799511984
9815,0.0042918260514367545
9816,0.00015093741560055071
9817,0.015241984917988075
9818,0.0009184578280705044
9819,0.004610351084914703
9820,0.04376024003840856
9821,0.035598243591405884
9822,0.0023486541360359285
9823,0.0013828531775700891
9824,0.0019425589611304513
9825,0.08500464960302426
9826,0.0009058550461734014
9827,0.00040772451008578767
9828,0.01056351497707441
9829,0.0008520446854408167
9830,0.0027914671252503805
9831,0.00036648049153914036
9832,0.0008657155247342449
9833,0.00017031708148570275
9834,0.012087223060661557
9835,0.009835116715186188
9836,0.0011319909460087434
9837,0.0005475863152380079
9838,0.00011605526400477364
9839,0.14089150221006413
9840,0.0011580426297748486
9841,0.002015226403273525
9842,0.0009110058968637439
9843,0.002049029731809534
9844,0.003532370078224686
9845,0.003661829401170809
9846,0.0010398358583355353
9847,0.0008987694378821806
9848,0.0017347912660930418
9849,0.003617744735588649
9850,0.0010260945262859215
9851,0.0023760432183954354
9852,0.03750959180061571
9853,0.0010771998377802207
9854,0.0005333733707641752
9855,9.79604955662813e-05
9856,0.002112788511771842
9857,0.0012023686185034434
9858,0.0017984012492497825
9859,0.0005821654855413414
9860,0.0001264206181651195
9861,0.0005799694805565043
9862,0.0013489926009596217
9863,0.004177896282738234
9864,0.0030399943875880396
9865,0.001800138535312175
9866,0.0063219273040187
9867,0.00473105398616211
9868,0.0017510426671373046
9869,0.0018298655346192746
9870,0.0006855112187055941
9871,9.916592982663461e-05
9872,0.004244901420677215
9873,0.0002920596008741487
9874,0.05940959946937459
9875,9.56438376958968e-05
9876,0.0015236643864914236
9877,0.0026100352044741656
9878,0.0015512671486697391
9879,0.001952667947116864
9880,0.027941330809510233
9881,0.0010700718384493064
9882,0.014811127103655605
9883,0.0008291941653675918
9884,0.017557179013277795
9885,0.004793338064992419
9886,0.001671473655877487
9887,0.0004898781081662762
9888,0.0015346749836071937
9889,0.007443265080544777
9890,0.12967932397243492
9891,0.005151086304741927
9892,0.0010427654786529597
9893,0.0012127968621346063
9894,0.0007100308048605774
9895,0.0009154153513554824
9896,0.010485651646369424
9897,0.00024106000590553455
9898,0.00011570414317428157
9899,0.0030568069886293425
9900,0.0013319628980101319
9901,0.0005588559821772174
9902,0.0018933722891996522
9903,0.0014291819619030627
9904,0.11430212168721007
9905,0.006739510413736971
9906,0.004553517752921915
9907,0.0008265985774517394
9908,0.0036726601758246707
9909,0.001767865200468534
9910,0.0009334155122528521
9911,0.00024562101213634603
9912,0.004226782598938839
9913,0.016055810603471866
9914,0.00048215018706626996
9915,0.0006248336532486329
9916,0.00048348712980517404
9917,0.00011001977908655656
9918,0.028524025772528182
9919,0.0006933515720318097
9920,0.0011632925593254902
9921,0.000884198785255412
9922,0.007776061576673902
9923,0.0007939982173954411
9924,0.0010907131131313364
9925,0.00010162358489763594
9926,0.00026474725270893995
9927,0.003694902988130362
9928,0.002985945360043703
9929,0.00011719742033300738
9930,0.0015788302192626922
9931,0.0010030199017621018
9932,0.00015151065980931498
9933,0.00010585018409257232
9934,0.0027998916505907944
9935,0.0009498957632489546
9936,0.0033190884184609013
9937,0.023093132593112586
9938,0.0011439942464105731
9939,0.00039976455835877815
9940,0.007046075461738066
9941,0.00045370548043992883
9942,0.0004373371834382883
9943,0.000351327063943939
9944,0.0005374935899915768
9945,0.006243534144439667
9946,0.0006633049864795528
9947,0.00026316444522314045
9948,0.0013178429663608783
9949,0.002605382989097805
9950,0.0011894149259038208
9951,0.017253444928252853
9952,0.013992608928132219
9953,0.0016795942893621403
9954,0.0007898154707084177
9955,0.0031093190993915797
9956,0.0001379235337060551
9957,0.058215664530957056
9958,0.0120702231510929
9959,0.00020012335601362306
9960,0.0003088947896734522
9961,0.0010045207794683005
9962,0.0013808124374841146
9963,0.0008114458726221548
9964,0.0010518932972320993
9965,0.00045204913494109963
9966,0.004547188850560309
9967,0.0009236331693861695
9968,0.0010563631318575972
9969,0.00023001733214027338
9970,0.00976599585353006
9971,0.0017538959744809453
9972,0.0011772822637162966
9973,0.0009251022620578124
9974,0.0017573151622811852
9975,0.00011200211054229766
9976,0.00027122916301057455
9977,9.797535420331938e-05
9978,0.008574071884264107
9979,0.0009210326520392564
9980,0.020363107755256887
9981,0.0008293724739550631
9982,0.0012521305759989891
9983,0.0016541441167964581
9984,0.0023625976854487253
9985,0.2195950980519406
9986,0.0011456130397369765
9987,0.0014084771938583246
9988,0.0036886823756910837
9989,0.0003455215458244079
9990,0.0003390734569002546
9991,0.0025490166215133836
9992,0.0013752850357535886
9993,0.0018098180531663643
9994,0.0010946436471861091
9995,0.0012971793710435174
9996,0.0035007724467452915
9997,9.205947492840638e-05
9998,0.002159893394860108
9999,0.0008632191593779149
10000,0.00013828921280697684
10001,0.0064363941267045225
10002,0.000327343237130856
10003,0.0002466402041206281
10004,0.0005485817928150388
10005,0.0013595887817003296
10006,0.00025595133543124325
10007,0.0016801081555764563
10008,0.0015282751767808729
10009,0.0002862057858711772
10010,0.0036375232852229973
10011,0.0010289637694074056
10012,0.0044024947567806285
10013,0.006329173737570278
10014,0.0001657397896804678
10015,0.01967496352907932
10016,0.00010594384744904369
10017,0.00018635148662400467
10018,0.09470984005095777
10019,0.0031241423700957478
10020,0.0024720500744907325
10021,9.690525547792161e-05
10022,0.007877227331914278
10023,9.970502017278148e-05
10024,0.00010127201938030695
10025,0.0001119694355018251
10026,0.002213402173322811
10027,0.00615075788565062
10028,0.00035372587131121355
10029,0.8605485097966383
10030,0.00010751000210405283
10031,0.00033763885321168134
10032,0.003130701511208315
10033,0.0002256928215384892
10034,0.00043006166705520586
10035,0.008879344066612324
10036,0.0036199988286473002
10037,0.00019051432860781666
10038,0.0002710623280654523
10039,0.029922978699018592
10040,0.00039864771744447353
10041,0.0010008326936434106
10042,0.036159368614240815
10043,0.027315383434646807
10044,0.00022955369167636624
10045,0.00028745570388325045
10046,0.00024198582110165722
10047,0.00032128697665739233
10048,0.00029406027971273145
10049,0.0012339782460650814
10050,0.0013281890088404458
10051,0.00023577159905996186
10052,0.0013461705593401086
10053,0.0001833920149253609
10054,0.008943018743372754
10055,0.0003159059175921429
10056,0.00012524396180573546
10057,9.049904008596747e-05
10058,0.0015276049959876614
10059,0.003209370290678927
10060,0.060741191150355714
10061,0.0050339150745363215
10062,0.006099143637583889
10063,9.903719894692521e-05
10064,0.0002244411981226848
10065,0.01252539218748686
10066,0.0014031250080113673
10067,0.002037376925099679
10068,0.0029995370549154273
10069,0.012722133628885366
10070,0.001610234677450282
10071,0.000918063815635084
10072,0.0030925400815461786
10073,0.0046876668581090014
10074,0.00010103643923138274
10075,0.0003609199741659726
10076,0.008644496465137258
10077,0.005195262174802652
10078,0.00038890569041964446
10079,0.017358582423661718
10080,0.00010554140576555433
10081,0.024577818302986266
10082,0.0008276171461530547
10083,0.0007203562503398322
10084,0.00237618978383567
10085,0.0008163878027075754
10086,0.01212369207263963
10087,0.0025104667792071335
10088,0.010039300047750745
10089,0.000923471615815578
10090,0.015554560725712369
10091,0.002659232289273802
10092,0.04455257390368306
10093,0.00019419938509650727
10094,0.0029696227388736904
10095,0.00033453807091401116
10096,0.0013336621053670339
10097,0.0009759051517992787
10098,0.0006261989270540771
10099,0.0005232714547198921
10100,0.004776383256194989
10101,0.004275274632765328
10102,0.001802709722796831
10103,0.0004699931070762194
10104,0.013080366957791717
10105,0.06046562718051072
10106,0.004878045193347525
10107,0.003064139002861628
10108,0.009567827467391394
10109,0.043965608525454475
10110,0.0007697348895707155
10111,0.009274764003980387
10112,0.0065821235982525305
10113,0.0002646621254179719
10114,0.004599019445872622
10115,0.012419696716933128
10116,0.0024305173408151943
10117,0.007273487193744011
10118,0.006408582028009623
10119,0.00023444509628864512
10120,9.93627684183644e-05
10121,8.731674435311582e-05
10122,9.402332922356534e-05
10123,0.01306779986200716
10124,0.00265368435849083
10125,8.967591440179801e-05
10126,9.402332922356534e-05
10127,0.00024507128013732287
10128,0.0003928708356772452
10129,0.0104720012982808
10130,0.0003671110617441374
10131,0.00028917912448781245
10132,0.05555877179140985
10133,0.00010532524572141186
10134,0.016040854984077986
10135,0.019189348703113444
10136,0.04759420766967836
10137,0.00012818661116790564
10138,0.00015641342182244242
10139,0.0011009822338365637
10140,0.0013236616667304144
10141,9.749754772994704e-05
10142,9.893507022186988e-05
10143,0.00010385025914945987
10144,0.00022591279026250847
10145,0.00636520099025467
10146,0.023717507496623203
10147,0.010898349491570949
10148,0.0008002400943205115
10149,0.0003093328899035016
10150,0.00010192475133242699
10151,0.02517963270644345
10152,0.002795438429407223
10153,0.026145324654923096
10154,0.00013416146882258095
10155,0.00027407970324641335
10156,0.00011896916018992853
10157,8.978532451919275e-05
10158,0.0034294064279817306
10159,0.00016499825424541134
10160,0.006097423976238877
10161,0.021152706805472564
10162,0.0009076975736315313
10163,0.3081970580303905
10164,0.016238302038426182
10165,0.007706911388872399
10166,0.006383047206347928
10167,0.029224853233007074
10168,0.0007307936703381349
10169,0.0002393797668538816
10170,0.0628170854556035
10171,0.005016986522042153
10172,0.0011319661786834713
10173,0.0003845014705412918
10174,0.012045501854451293
10175,0.000117603097126958
10176,0.008435784289223078
10177,0.02373058550071031
10178,0.0012441658396397303
10179,0.0012108456551299825
10180,0.00023973470353838843
10181,0.0011159213932350487
10182,0.00024176742660339648
10183,0.001459613293634772
10184,0.006063971545907513
10185,0.027737441232875377
10186,0.0016586199590688483
10187,0.00021306512835549658
10188,0.005726750279374174
10189,0.01641444640074922
10190,0.05512678548459125
10191,0.010538090285145772
10192,0.1277322556080449
10193,0.0033059177198029666
10194,0.025291373076944807
10195,0.007065559191826404
10196,0.002428454632857462
10197,0.0008294547386839864
10198,0.005286034534794958
10199,0.0076496700251725645
10200,0.05129832391038791
10201,0.015875915234252046
10202,0.0009806257861264193
10203,0.07356179019715846
10204,0.001705225113216985
10205,0.0020523139116251986
10206,0.042929921200364166
10207,0.022085626960571935
10208,0.00845967436394097
10209,0.04671206134853042
10210,0.002114596062943236
10211,0.00026225708104305834
10212,0.0007353857346116385
10213,0.0024010293233974146
10214,0.05167638788819806
10215,0.01567156647079084
10216,0.005481923300621011
10217,0.0013233516777353183
10218,0.008967338286196388
10219,0.00010309527671023173
10220,0.0013683466039572131
10221,0.004422197459566446
10222,0.02217898545022872
10223,0.018852918624971585
10224,0.045751328144566804
10225,0.06355951850761572
10226,0.00369760358054737
10227,0.008465196503888456
10228,0.005530954813669185
10229,0.0011129612761024005
10230,0.011091442153293404
10231,0.0013510054003863664
10232,0.0004234028483306296
10233,0.00014192682131665857
10234,0.00018921197913124958
10235,0.0003383064628260843
10236,0.0005353345628759806
10237,0.00038565840708243085
10238,0.01656215262025127
10239,9.100307433665251e-05
10240,0.00017465716289181196
10241,0.0026194521205666382
10242,8.865543475819349e-05
10243,0.031575120275518745
10244,0.09925544511819724
10245,0.0009064168151197945
10246,0.0004189211984214681
10247,0.005885591613402806
10248,0.0008912915580243215
10249,0.0770012652604165
10250,0.24998766831300157
10251,0.00010306793109659644
10252,0.027773559768288512
10253,0.0007983449392536535
10254,0.012527954707285335
10255,0.025039726390539613
10256,0.0011798475533596005
10257,0.0006764827871194833
10258,0.04381051596213124
10259,0.03310996054530839
10260,0.007853009083696044
10261,0.04104132345004789
10262,0.01699688680036457
10263,0.01804146895083867
10264,0.0003093602671724421
10265,0.007690373719543832
10266,0.022216142142000107
10267,0.00015185054910538516
10268,9.00105073715902e-05
10269,0.0026336901026083543
10270,0.0017655361279785113
10271,0.00740118411882246
10272,0.0007186887555819381
10273,0.005713597884700874
10274,0.019981986079443917
10275,0.0001035846978946337
10276,0.009896906786372353
10277,0.001352650116540032
10278,0.00013733479355396513
10279,0.0010605686706647204
10280,0.00011808091476782674
10281,0.002529793879147448
10282,0.010249838495331096
10283,0.00010749045577337243
10284,0.0004555907288150285
10285,0.0058760270965129355
10286,0.005325068730160452
10287,0.019599834177803543
10288,0.013956477700181097
10289,0.0029073136119101223
10290,0.0003197750765798991
10291,0.0003975578361495811
10292,0.005620248986535166
10293,0.004693680619972529
10294,0.00010275515731752846
10295,0.00026168487879585324
10296,0.0007779418292687195
10297,8.420177817751205e-05
10298,0.00404807932710349
10299,0.05363325837273787
10300,9.895081986643736e-05
10301,9.223869904093826e-05
10302,0.0023533982354018677
10303,0.0001057695456419868
10304,0.004357572517405539
10305,0.057183269007416014
10306,0.003603354329293605
10307,0.21019577144973028
10308,0.00796906925799538
10309,0.047540904562362825
10310,0.033133674825924
10311,0.018562577790896033
10312,0.0032371423360980332
10313,0.00023697229289557613
10314,0.029422027965087562
10315,0.00010499255244228301
10316,0.0017589818762763412
10317,0.00830553739849996
10318,0.0001054537545668128
10319,0.00010497320418298255
10320,0.005297001691325303
10321,0.0026797759151834326
10322,0.022313570680065002
10323,0.015244458058797889
10324,9.89915789419795e-05
10325,0.06926449203029364
10326,0.008839175547373328
10327,0.00012231353835966247
10328,0.02404301402280445
10329,0.00396899675550033
10330,0.1561311286698204
10331,0.003692846219622696
10332,0.10174106553217718
10333,0.0025846815127695813
10334,0.0004507094730353633
10335,0.0014614389541550256
10336,0.02870085719399505
10337,0.005853953892465931
10338,0.005916070533239908
10339,0.0003650949297773133
10340,0.0034127744497436316
10341,0.0018319184854805374
10342,0.004648521792977634
10343,0.008741067567025201
10344,0.0001428742422838028
10345,8.602649626310982e-05
10346,0.0016821199183751647
10347,0.006545992534020269
10348,0.02582071965899927
10349,0.0059489907919224
10350,0.0003990279129873468
10351,0.012873338627035958
10352,0.00031934792107328724
10353,0.06251165742178687
10354,0.006592843644560573
10355,0.0116957846074523
10356,0.004051098488486008
10357,0.13305720546718813
10358,0.00010746186348591143
10359,0.005653364041321676
10360,0.11606763242227829
10361,0.09858342286460417
10362,0.0012780777348368629
10363,0.003245252257779467
10364,0.0016525404033813813
10365,0.0034576243587465458
10366,0.01479895497646901
10367,0.012517139864162192
10368,0.0028505890458302464
10369,0.0021226908450759753
10370,0.0002448952672240772
10371,0.048397821110793174
10372,0.015478548621494897
10373,0.00021335287909731918
10374,9.724261117478239e-05
10375,8.558566883603129e-05
10376,0.026806936853867626
10377,0.05632558558614705
10378,0.0001635504320160039
10379,0.00011415262618409022
10380,0.0006779449323973143
10381,0.009256305430643406
10382,0.00011801568451186672
10383,0.0025015093715190064
10384,0.00010762261151647263
10385,0.000274935988459167
10386,0.0010132626164835873
10387,0.022215301375511136
10388,0.00010210542116696284
10389,8.145415807809563e-05
10390,0.00248812080536669
10391,0.0016199239902942655
10392,0.0036159241554983832
10393,0.022748772256144766
10394,0.002093224702813892
10395,0.030156181349975674
10396,0.01592285088819411
10397,7.991366480879031e-05
10398,0.00020752955112775953
10399,0.00010519501995270314
10400,0.00707471147340181
10401,0.081832211120511
10402,0.08799681868020533
10403,0.00615730240275259
10404,0.04069357437328226
10405,0.01295246038744036
10406,0.0386380450741037
10407,0.012894508322943046
10408,0.00010538389763105692
10409,0.00010379055615448848
10410,0.0006816432591414481
10411,0.0020949392907689698
10412,0.004448665104593996
10413,0.00024164885187524305
10414,0.0065328180425504225
10415,0.0009055777718028647
10416,0.003960320536006926
10417,0.06677126066364285
10418,0.0002373215996626122
10419,0.00010214347111475647
10420,9.901036685259542e-05
10421,0.005023982989559668
10422,0.0006720330462771157
10423,8.701551550866692e-05
10424,0.020833579033373097
10425,0.0025174269362932115
10426,0.002452744206241488
10427,0.0002579997014535586
10428,0.01527883843911108
10429,0.00014481800444794042
10430,0.023463513365664275
10431,0.005230224925756076
10432,0.00012739474264179433
10433,0.003683379233893654
10434,0.00398860020172233
10435,0.0015520006634668932
10436,0.003527120307331567
10437,0.0018898076572673617
10438,0.00013867876112616694
10439,0.00013412040954818985
10440,0.001348189820400259
10441,0.0008745249363668417
10442,0.007262437979146469
10443,8.48842105040339e-05
10444,0.00025664944504955875
10445,0.014812370680479437
10446,0.0001043502353118098
10447,0.00011436796890672105
10448,0.03824033266789155
10449,0.0003296933337658615
10450,0.000902492340082545
10451,0.00893521203088875
10452,0.0027153271754514546
10453,0.007554440849020377
10454,0.003742851454688956
10455,0.002126036192807555
10456,0.033275439747852895
10457,0.14012536749473964
10458,0.0023753744125637084
10459,0.001996158633551548
10460,0.00010906487141822646
10461,0.08410313909405062
10462,0.01556448557693638
10463,0.001368927460451054
10464,0.0021803843613174873
10465,0.004908103857067128
10466,0.03386382903306815
10467,0.015653636071472125
10468,0.0026029514535952413
10469,0.0038110835648291555
10470,8.608651598038433e-05
10471,0.0016790686925545896
10472,0.005128914451516108
10473,0.0035760889440058534
10474,0.0019993557787151566
10475,0.0014342327453034792
10476,0.01541295409994865
10477,7.51998808924079e-05
10478,0.0010882225864531064
10479,0.0037069576942079093
10480,0.0032735194813331863
10481,0.0009139827469933869
10482,0.007471229192461901
10483,0.0002955628926691117
10484,0.007038647561894322
10485,0.0034916297712434484
10486,0.0001047156490146395
10487,0.00010164232403971772
10488,0.0014805657616252807
10489,0.00010000710857420064
10490,0.0005627672550232233
10491,0.007616136184304434
10492,0.009649430698958978
10493,0.00010188643369123693
10494,9.717844768114503e-05
10495,0.00014490455367643077
10496,0.010650152598042067
10497,0.004978272657273444
10498,0.009052777207953883
10499,0.005956334755999696
10500,0.06818265848883925
10501,0.034235587983573484
10502,0.0314443268978702
10503,0.0001149956327058694
10504,0.0008336287629952359
10505,0.004332142612565645
10506,0.0007792025635086143
10507,0.023149807439372054
10508,0.013744477899292173
10509,0.0026395690554154704
10510,0.004280910112847388
10511,9.888330606561747e-05
10512,0.0019213451380665383
10513,0.003140943202668076
10514,0.012362844568017539
10515,0.0018522843126968333
10516,0.21019443685872913
10517,0.006573912414140089
10518,0.03172228330685312
10519,0.01829197428364829
10520,0.1387284779948254
10521,8.09403872772165e-05
10522,0.00015968089835828814
10523,0.0001407278174533815
10524,0.0037547635866576673
10525,0.009224577744419841
10526,0.00651818184484769
10527,0.0003468129154414244
10528,0.0002537022636991546
10529,0.002842349313821841
10530,0.10517284859935264
10531,0.015809710073584372
10532,8.64913928466314e-05
10533,0.000961459782757961
10534,0.0001256937773099508
10535,0.005839669376399905
10536,0.003941244536224369
10537,0.00014157106227316108
10538,0.02588193624958015
10539,0.0002686712569018957
10540,0.001050940585237035
10541,0.0012372883941959884
10542,0.010172322755561878
10543,0.006740744665232161
10544,0.004823823164835349
10545,0.0016061351106045525
10546,0.0002037679592917663
10547,0.00033026502889384933
10548,0.0010946009253694892
10549,0.0009643472523507034
10550,0.00025420928489196086
10551,0.0012600139531202521
10552,0.00019633708188569686
10553,0.00036821411028752733
10554,0.00017383530569760634
10555,0.03453134668470216
10556,0.012891415335497466
10557,0.007319653986166713
10558,0.00017003051957225935
10559,0.00029193899004819436
10560,0.032720103491714926
10561,0.003711010860386949
10562,0.006016772397000941
10563,0.03694102752423122
10564,0.0011270977145397749
10565,0.005142491418384828
10566,0.00018173943668916773
10567,0.0011962246976783822
10568,0.0030348816968340906
10569,0.00013863597805734016
10570,0.0001288948607001856
10571,0.024171948612150506
10572,0.0655511807467983
10573,0.0018267767396524168
10574,0.0030454448539728334
10575,0.00014250784150582552
10576,0.005604711961356305
10577,0.0014232727161805452
10578,0.00033533952432568653
10579,9.794355672060987e-05
10580,0.0049346114826554184
10581,0.0001336283696269526
10582,0.04706282615733713
10583,0.004702165386039571
10584,0.00031517785618345934
10585,0.025604792392926908
10586,0.0051813177659357414
10587,0.0026522731068392954
10588,0.009175189740280287
10589,0.009679717236084854
10590,0.005433276469659293
10591,0.00022200140469265877
10592,0.18845231054984612
10593,0.005017301020359223
10594,0.001300656673730766
10595,0.004830651582290475
10596,0.0005786206105004783
10597,0.001317074097930921
10598,0.0004254229192247012
10599,0.031374568130712086
10600,0.0010935058911613342
10601,0.0008866232172287823
10602,0.02869177022895265
10603,0.0010658368246761894
10604,0.03561184078359443
10605,0.0011674846225834274
10606,0.0012548870063736235
10607,0.12169411189683385
10608,0.0752806555426609
10609,0.00048365037549444356
10610,8.88001569366591e-05
10611,9.183311883478796e-05
10612,0.0020033713114760835
10613,0.0003717442947975925
10614,0.15423483464686472
10615,0.01804733134380585
10616,0.006611973818760694
10617,0.00034462579757289666
10618,0.01906317197206666
10619,0.00012068547855861162
10620,0.09036820661343185
10621,0.0073302121804114965
10622,0.0008488479088299729
10623,0.013867136925736167
10624,0.0002995905955738416
10625,0.0012648943216936417
10626,0.001962579598255354
10627,0.008479389993554637
10628,0.8527516714433467
10629,0.08362385826896354
10630,0.0007667390264772207
10631,0.00028304567829938335
10632,0.00037564114350890963
10633,0.00010351918480985326
10634,0.0009052328432178497
10635,0.0005841237157576207
10636,0.004642354896324148
10637,0.0024625464142388467
10638,0.0028036075758096617
10639,0.01105811931767358
10640,0.0352914360288374
10641,0.006110124416601707
10642,0.0050867205468006875
10643,8.293122736061426e-05
10644,0.016295148698222246
10645,0.13570976492433134
10646,0.0006685593142470253
10647,0.00014267426648092906
10648,0.0018307640958217584
10649,0.02908398158549964
10650,0.0005006730464185195
10651,0.06115728575084911
10652,0.0029610672218547593
10653,0.00010071696860641276
10654,0.01594856660065135
10655,0.014121989561119772
10656,0.034490131443904455
10657,0.0016667611335264283
10658,0.0007284508735876364
10659,0.03319905944841644
10660,0.0005990813297070694
10661,0.00042433148672039203
10662,0.01745828261937075
10663,0.0001627902494717821
10664,0.014075921360104793
10665,0.753096487441214
10666,0.0007098522918927656
10667,0.006729160613453566
10668,0.0011849805626566578
10669,0.016938316261547796
10670,0.008089765616174697
10671,0.00018451476522798088
10672,0.00014221631912959435
10673,0.006402505894017259
10674,0.008169371296682926
10675,8.933092342162612e-05
10676,0.012037452923261966
10677,0.001244307846603176
10678,0.0039729332079036775
10679,0.003414363691025038
10680,0.0013650298856951323
10681,0.008250335782720091
10682,0.12658732528507607
10683,0.7176039412032331
10684,7.499623289650564e-05
10685,0.0021819109630979465
10686,0.011432773302097073
10687,0.00563009225084134
10688,0.0005007669027127708
10689,0.020928498152427748
10690,0.0029531118813079806
10691,0.0020403498377183776
10692,0.002183912803743541
10693,0.003958826031827755
10694,0.0043447122648377565
10695,0.24675232130811842
10696,0.0023635440477342137
10697,0.0043243400518877435
10698,0.010393416436210412
10699,9.750113476969546e-05
10700,0.003244909451992608
10701,0.0024024099631700063
10702,0.004104226319721717
10703,0.0003026550217678154
10704,0.0009226165503537761
10705,0.06461248112618737
10706,9.266421086157014e-05
10707,0.0033229317974765144
10708,0.0006862996495399202
10709,0.004988715743504924
10710,0.0019775950817430424
10711,0.0035565861462419517
10712,0.009459814431915969
10713,0.0045793809518814566
10714,0.0383597045602857
10715,0.09581066536200444
10716,0.0059775757655702085
10717,0.0008468559350620311
10718,0.027055252528629357
10719,0.0791244897813203
10720,0.009388961104538815
10721,0.0032427596414679933
10722,9.241808480779861e-05
10723,0.0016367947300958657
10724,0.0005404249536638758
10725,0.0005345499613342084
10726,0.003305324933594614
10727,0.00013515696392805526
10728,0.00013984408702363087
10729,0.013223110339863045
10730,0.03251355717126854
10731,0.02496207687170107
10732,0.0046112615533628
10733,8.343394061073776e-05
10734,0.0030889475082035087
10735,0.002756801822470131
10736,0.004092754581266461
10737,0.0019684723783359712
10738,0.01645951827542032
10739,0.00018810280264605153
10740,0.00707896285285789
10741,0.03470288010883741
10742,0.0018891004596920265
10743,0.010745457737152849
10744,0.004998482634481847
10745,0.01828344921253903
10746,0.0006017768334341547
10747,0.0019180699031669866
10748,0.004391346898917493
10749,0.0001787961795575239
10750,0.0019002822808742558
10751,0.015528440513776502
10752,0.002497344887978447
10753,0.0007209759636468642
10754,0.0002490465438408539
10755,0.00023299756930632835
10756,0.052736462091664806
10757,0.010324361459420244
10758,0.004827206002979157
10759,0.001563315196932339
10760,0.0005908312024676855
10761,0.00552561767402287
10762,0.0003736241131656442
10763,0.0013386895208045428
10764,0.0010328138343619771
10765,0.00020547904662855464
10766,0.0006917902559292202
10767,0.002115584002739383
10768,0.0017466030357390372
10769,0.04785794628900327
10770,0.0010852950922030718
10771,0.00046333678952697186
10772,0.030717473370104664
10773,0.26674916266726284
10774,0.016891277796933574
10775,0.0021598751327948657
10776,0.0003952142387810137
10777,0.005257509360477965
10778,0.021481074206663342
10779,0.17235782946673206
10780,0.015831114755979602
10781,0.0014959031971140575
10782,0.00019394184353519183
10783,7.867729487935182e-05
10784,0.0011803315166477773
10785,0.013081630771269847
10786,0.005348702115860399
10787,0.0035969821200658183
10788,0.052060707944636665
10789,0.049964143994093366
10790,0.0007464311306091645
10791,9.267370922880328e-05
10792,9.743296285872469e-05
10793,0.002768110593291624
10794,0.1653612605820044
10795,0.023054878686241384
10796,0.00019014152016487489
10797,0.0002880643330688459
10798,0.005200369991711863
10799,0.015341580282381865
10800,0.008692037938649715
10801,0.001846115175623496
10802,0.0014196151545850387
10803,0.14247874364075894
10804,0.015347368442482115
10805,0.0014473321842393438
10806,0.004624984906455336
10807,0.006852179533931388
10808,0.004881230920056599
10809,0.049985495107476505
10810,0.011588652056151356
10811,0.010452442613062326
10812,0.002098155053197091
10813,0.0044570881339166145
10814,0.017848250857463555
10815,0.011014003237151251
10816,0.000287236975054962
10817,0.00010098115457986701
10818,0.008565762733133404
10819,0.00027590827481934485
10820,0.0002952889128419791
10821,0.0002799450693858672
10822,0.0005117566853268438
10823,0.017528878094924604
10824,0.034393857501453816
10825,0.00291237153752384
10826,0.0009792916428375455
10827,0.0035615781922391245
10828,0.004129291446870604
10829,0.002198283541136549
10830,0.00792934328144291
10831,0.006229616177591086
10832,0.014513427885763933
10833,0.007437650358109301
10834,0.0009859123459337624
10835,0.0033346514161967543
10836,0.0171089300516059
10837,0.04083515320849364
10838,0.03772251389582361
10839,0.002699246308117541
10840,0.04274506621650074
10841,0.04038196452942856
10842,0.20765356482960384
10843,0.03783879103115353
10844,0.0033423204291716897
10845,0.04340321488872807
10846,0.004971721189609725
10847,0.020099328778080277
10848,0.08493051662411147
10849,0.01977474925647651
10850,0.006576718273499605
10851,0.010560658026542583
10852,0.00019325669343059094
10853,0.0026364218149026375
10854,0.0012997439525307482
10855,0.0019337651278731854
10856,0.00042408898422566953
10857,0.0006729856115219549
10858,0.005610061752074882
10859,0.014150218432484426
10860,0.00010117573125022046
10861,0.01945312748206473
10862,0.0063283573638797195
10863,0.009340186182666401
10864,0.010036701475596746
10865,0.0033668247154515114
10866,0.001043654503887052
10867,0.0019803652555174965
10868,0.00022056480290513525
10869,0.0006297369264180131
10870,0.003123390304510806
10871,0.08821071079136747
10872,0.00041774339127337854
10873,0.12093517053363403
10874,0.001677110548121912
10875,0.008879252087723362
10876,0.002839805543709187
10877,0.00041399246282766494
10878,0.00016953012671761116
10879,0.0016360140563411282
10880,0.01503864284855232
10881,0.0037438265577998788
10882,0.022598848230069784
10883,0.0010514055997263288
10884,0.00013643680887675887
10885,0.19900466687795187
10886,0.0004932779688360706
10887,0.048796025097794175
10888,0.003952674476923176
10889,0.008877599688808474
10890,0.0002508460988703158
10891,0.08531424397470436
10892,0.0030641647640434638
10893,0.032265374403994386
10894,0.00012464355525467833
10895,0.00016192615979914555
10896,0.00026984642616293336
10897,0.00029565843996987273
10898,0.04549391658167601
10899,0.12647889941797477
10900,0.0024649392004292008
10901,0.01708239625621912
10902,0.006152732927962838
10903,0.0028736202291245656
10904,0.010964418477227492
10905,0.015512664094372136
10906,0.026413393024374114
10907,0.0012003257555604817
10908,0.0009495784846851072
10909,0.04897656229481959
10910,8.920132902758999e-05
10911,0.002400816990310463
10912,0.004042401819443995
10913,0.0009085744501932972
10914,0.004373867530286905
10915,0.046881554233786774
10916,0.00022502364475020573
10917,0.03968053180524725
10918,0.000996913386526716
10919,0.010680233496538651
10920,0.0022556255196059705
10921,0.0070037331327724535
10922,0.012048694940299675
10923,0.00039359045283127517
10924,0.060764137920018245
10925,0.004049834439225053
10926,0.013711279740425308
10927,0.00010949020282113586
10928,0.003114898229650322
10929,0.02029156500153404
10930,0.025744493140115142
10931,0.0013210137111523215
10932,0.0010419039578862292
10933,0.0009816572570027144
10934,0.0038164836471731795
10935,0.002383649373800951
10936,0.00026397831379989617
10937,0.001293894153339315
10938,0.004545889389560762
10939,0.0007298209072097214
10940,0.0036920078807740507
10941,0.004513502055802597
10942,0.0036045936941502205
10943,0.00998435926282445
10944,0.013382490393743984
10945,0.0030926459069386602
10946,0.005505390304793091
10947,0.00010781846808003474
10948,0.010883643733773277
10949,0.06838593477541516
10950,0.0033717970185998384
10951,0.015075512028021857
10952,0.06044389714182534
10953,0.05472379452304295
10954,0.00026116465755256484
10955,0.0004953815258149648
10956,0.009039318919098335
10957,0.011247584171728029
10958,0.002060182862725377
10959,0.021792066738720285
10960,0.0005295872023169976
10961,0.00010605954863781081
10962,0.00027250391186301224
10963,0.00720660025705667
10964,0.0017751184132883922
10965,0.007617455090601191
10966,9.650407561945617e-05
10967,0.4381575879087675
10968,0.0011788025885304488
10969,0.021589037400775567
10970,0.0024497840870604
10971,0.011520333968175825
10972,0.015241082803219837
10973,0.0018956085394929514
10974,0.00024057552871237724
10975,0.014417089669698808
10976,0.031238790495755026
10977,0.06571080597809206
10978,0.00596964013687309
10979,0.9942868179565938
10980,0.004009221981458826
10981,0.017615465603493995
10982,0.002927242515506848
10983,0.0022824908622951215
10984,0.020263234280070083
10985,0.006865347682768986
10986,0.0010722618596053566
10987,0.005839925971957172
10988,0.0021051495038521364
10989,0.0022274580461566175
10990,0.001642194954595207
10991,0.03478579392106863
10992,0.0065335989847493114
10993,9.930330485453851e-05
10994,0.168137417668862
10995,0.0006411696482370847
10996,0.032248198716819304
10997,0.031240433260208433
10998,0.02310202011420618
10999,0.00026675559747419
11000,0.00039919403348312297
11001,0.9899432249458183
11002,0.01634996590242199
11003,0.002033641945899214
11004,0.00027225855670795474
11005,0.0008285218440054265
11006,0.009452494194821697
11007,0.037212545644862816
11008,0.00535698063660229
11009,0.007651581486678875
11010,0.033455137158508466
11011,0.007005498040869503
11012,0.002604830338059943
11013,0.0148799097096342
11014,0.0002960936209861057
11015,9.927621008680597e-05
11016,0.01617093451623668
11017,0.0006344109516207466
11018,0.0034740261501744426
11019,9.77419460879009e-05
11020,0.0049261532717351205
11021,0.0005270063209850395
11022,0.000156195153997034
11023,0.00017484878664565776
11024,0.01496927215445234
11025,0.02032436849439597
11026,0.00010686859232709863
11027,0.005836067895256562
11028,0.001045261081555679
11029,0.0028441958811553474
11030,0.0039936745338530685
11031,0.0023533557584426027
11032,0.004067952567082507
11033,0.3945932344904582
11034,0.00010675153366485689
11035,0.004525877368207586
11036,0.004725118661187926
11037,0.00024386308358555217
11038,0.0021960988484079967
11039,0.003385602246379348
11040,0.0002517798941172221
11041,7.542932189899144e-05
11042,7.701145634837078e-05
11043,0.007070676720805825
11044,0.0007715615876425467
11045,0.00020603332878584108
11046,0.06161375706673681
11047,0.004024610758629905
11048,0.005035019785319225
11049,0.002465596718850333
11050,0.0005242268955225222
11051,0.0008160513568432684
11052,0.1002976585806972
11053,0.01121854957792364
11054,0.0029127535074874706
11055,0.057376092789165875
11056,0.03496657492808744
11057,0.0029095112480320923
11058,0.00011268082929503747
11059,0.0033555450212440453
11060,0.004587314165107477
11061,0.050965738483651914
11062,0.00023398856050232557
11063,9.410235778783822e-05
11064,0.0026545742808879455
11065,0.006147177114438294
11066,0.003830486076717865
11067,0.0027401548329354995
11068,0.008554772069344815
11069,0.05715036613026524
11070,0.013158311603946496
11071,0.06653576466440395
11072,0.0017356969659747825
11073,0.01429344102235661
11074,0.006293149757157418
11075,0.0036059416406756415
11076,0.042381838102719505
11077,0.00030362272864754673
11078,0.0005383701039008539
11079,0.011824060410713554
11080,0.0004978394771656446
11081,0.00037474451186747515
11082,0.0067065854928680235
11083,0.004230221315477347
11084,0.00042412383900917127
11085,9.141853613894822e-05
11086,0.003364735035423673
11087,0.007916600846046427
11088,0.08719918828866806
11089,0.007595111536596766
11090,0.01056937818119675
11091,0.009534285731801378
11092,0.001998959819997725
11093,0.010677667077740967
11094,0.0022737042489709078
11095,0.0002990375501314868
11096,0.025020057794292595
11097,0.00179961463524526
11098,0.00295548932046747
11099,0.003706830071073499
11100,0.0013975825449680046
11101,0.16282830622736863
11102,0.0013172585994376544
11103,0.0021752657609157827
11104,0.019649495591542346
11105,0.002314194636039847
11106,0.009952303045602387
11107,0.004625432809437313
11108,0.07371286884504069
11109,8.997466146763169e-05
11110,0.009240669410816332
11111,0.0036261007039997835
11112,0.010194834958066227
11113,0.00047519314537723776
11114,0.000552206122408556
11115,0.005950306911679461
11116,0.003471550343712871
11117,0.1647721156944077
11118,0.002093415678339173
11119,0.02332578471806838
11120,0.03625923894302073
11121,0.00016951680228435704
11122,0.005455242734034302
11123,0.0014662504802467782
11124,0.028485709356538026
11125,0.29591868649373687
11126,0.021071244134673667
11127,0.07116144494117467
11128,0.12358734022905511
11129,0.000581432544310433
11130,0.0012429839279290468
11131,0.002706270311857485
11132,0.0033929673018984765
11133,0.08314462300630518
11134,0.0024088668094299414
11135,0.0075894998096712185
11136,0.04671452167542561
11137,0.001632671021321181
11138,0.000208941117582478
11139,0.0005715886125903219
11140,0.00500947058019827
11141,0.008440623210776151
11142,0.0036861420957346484
11143,0.014689784654944735
11144,0.012195348552106569
11145,0.0035397442431905845
11146,0.002885394920857617
11147,0.053047190794153896
11148,0.000543243400276315
11149,0.002210510744706598
11150,0.002221323239828329
11151,0.00780288241581892
11152,0.0221768457760853
11153,0.002721194868289544
11154,0.07894894106703097
11155,0.00012382563688071295
11156,0.03505628116326824
11157,0.0005235324908337209
11158,0.001928344699668785
11159,0.020695190524131726
11160,0.00042715989952489075
11161,0.00010615286364285777
11162,0.00010252260087007325
11163,0.0006189701129740569
11164,0.0013011864225249627
11165,0.00010848706496266119
11166,0.006806064670255245
11167,0.002233720325068136
11168,0.0008064607897777798
11169,0.000841214940982888
11170,0.00010394783570405229
11171,0.08376593756463137
11172,0.00021589224489152126
11173,0.0008171799441351517
11174,0.06966482466315081
11175,0.0006116532458061352
11176,0.0008628034777592335
11177,0.00010336983330991735
11178,0.00248064970500901
11179,0.0003113596386046231
11180,0.0004019554327699268
11181,0.001200087242026091
11182,0.007587000541898837
11183,0.1420144635306157
11184,0.00048761665454851046
11185,0.0002515820547212055
11186,0.046845787120816426
11187,0.1452978324608415
11188,0.0006215975134464134
11189,0.0008916002188813239
11190,0.00029585036446227016
11191,0.07577815587565265
11192,0.0002898678075716658
11193,0.00033820556232139144
11194,0.0018457819595555439
11195,0.029700027731865503
11196,0.0010189685320908587
11197,0.00014173469929127508
11198,0.0015675971699051037
11199,0.018564707150250374
11200,0.0018431003641760097
11201,0.0007513392399949127
11202,0.03824505575558962
11203,0.0011850957985542101
11204,0.000600707589988063
11205,0.0040569508044138985
11206,0.11321041794942566
11207,0.00021729570089313747
11208,0.0003199949396517927
11209,0.038156167808271205
11210,0.0005284062100353126
11211,0.00011674552399400005
11212,0.0018539011275885448
11213,0.00029843255895394677
11214,0.003790853764129483
11215,0.005703844541127221
11216,0.0006967278586941098
11217,0.00037402012943152255
11218,0.004533414784205271
11219,0.0017573178402318825
11220,0.00991560370343116
11221,0.06924012845144586
11222,0.0029983059131643204
11223,0.004838113089914458
11224,0.0014097860666345981
11225,0.1890726989076296
11226,0.0257041077006451
11227,0.0008443600041952966
11228,0.0003606291196108377
11229,0.1945944195296286
11230,0.00023294524498813454
11231,0.012638076764665223
11232,0.017692161758049718
11233,0.0025884588764836943
11234,0.0033331367470122385
11235,7.927541078641419e-05
11236,0.0008157308424534286
11237,0.009859373923510127
11238,0.003557846531808508
11239,0.004523964175889057
11240,0.0014402818834299991
11241,0.0018369984047040759
11242,0.0028527237598292648
11243,0.006037273522304981
11244,0.00023760336671795724
11245,0.0003685085470544577
11246,0.033288459307284884
11247,0.008873077490125825
11248,0.006698085366440514
11249,0.07039557820093943
11250,9.04647472702181e-05
11251,0.0025108411099008044
11252,0.002746547917047191
11253,0.04851834496346293
11254,0.015054638664256376
11255,0.00010781218892747301
11256,0.002612691763343646
11257,0.01998379014591064
11258,0.00422900434891998
11259,0.14838979919252465
11260,0.00665345338778882
11261,0.02542830025406672
11262,0.008443601137440172
11263,0.00027738460337126
11264,0.00044165493407800525
11265,0.005122232836858967
11266,0.03419704271820737
11267,0.02878457497033769
11268,0.03502225360151711
11269,0.0009251210746695907
11270,0.0015628413995155375
11271,0.05192089259143311
11272,0.10079219047773616
11273,0.0021184957040931056
11274,0.021937745934532855
11275,0.004238526490358052
11276,0.007886618680625932
11277,0.010668508055412857
11278,0.0206410043710297
11279,8.306579916500592e-05
11280,0.033350534814080596
11281,0.18129112978904
11282,0.0003524019171377591
11283,0.0035303430463181906
11284,0.0020382725221703268
11285,0.0052985046702534
11286,0.00021767550581137775
11287,0.004635562838853675
11288,0.0010966690168314707
11289,0.002014886973876621
11290,0.00043593459115635414
11291,0.004812929149207113
11292,0.00020666886191817178
11293,0.0043344397117776375
11294,0.005819026441476433
11295,0.00011744900329999346
11296,0.00011968177347726034
11297,0.003892043511951359
11298,0.2605596954107853
11299,0.00684343726056767
11300,0.01289471443830797
11301,0.3221957617136125
11302,0.005113094775230439
11303,0.016271710125749513
11304,0.004521750201637245
11305,0.0003093050209601276
11306,0.01518931234260865
11307,0.0243881584144501
11308,0.0006374136200272037
11309,0.00010384942526606774
11310,0.003632317899033125
11311,0.033589504882976795
11312,0.002890617984946985
11313,0.00012647617597625604
11314,0.00011184986002129712
11315,0.0006794515659263096
11316,0.0029095232926220132
11317,0.002647182926694587
11318,0.00024172894125007
11319,0.010492843411129247
11320,0.006471656710876028
11321,0.0025354777680027993
11322,0.010312788463674949
11323,0.0008209818611978594
11324,0.04277463064170914
11325,0.00011731572315270486
11326,0.10487248826068521
11327,0.0009729093259496821
11328,0.0030122366707836697
11329,0.012971127028423134
11330,0.0002704144371839013
11331,0.004571119284055038
11332,0.007298403381600134
11333,0.0034036803143700895
11334,0.004171765118030083
11335,0.003348234707440361
11336,0.0034424651718371058
11337,0.2554087847103948
11338,0.017176306408343785
11339,0.007212265600178912
11340,0.0010808075046511805
11341,0.0062859524511839505
11342,0.00021091266898924378
11343,8.779579825066103e-05
11344,0.00010313888102899114
11345,0.003418442394216283
11346,0.011092198452608984
11347,0.010288964049898533
11348,0.0020345545607577875
11349,0.0020382742591421076
11350,0.010178521013552252
11351,0.16589158333712536
11352,0.009622761695145546
11353,0.013760697515373108
11354,0.004501620148374139
11355,0.03984130735529902
11356,0.0030618982347237153
11357,0.004496985386020572
11358,0.004373934556865011
11359,0.0025146838780278243
11360,0.11454375783775486
11361,0.0005985253848882658
11362,0.004503369951346875
11363,0.001999692703387338
11364,0.0048343094011559385
11365,0.003529504557860449
11366,0.000301002153801228
11367,0.07894781349679456
11368,0.003647837272666589
11369,0.00487915560273352
11370,0.00014108186500741407
11371,0.0029118977168202448
11372,8.816837112708524e-05
11373,0.004546561069589903
11374,0.0045984265378342685
11375,0.0018264289220242859
11376,0.00032514753142894677
11377,0.0029689531289666276
11378,0.000541753287248163
11379,0.0023129546311257054
11380,0.00022950809896780613
11381,0.0006478351023953671
11382,0.0006273843884922728
11383,0.003110458915802636
11384,0.021404186836250005
11385,0.00771078121533506
11386,0.0001972880669640276
11387,0.001822095051215869
11388,0.03980303620546679
11389,0.030779306763685677
11390,0.029479255243050208
11391,0.002597311667028097
11392,0.00010352100620110785
11393,0.19362647198247418
11394,0.10317026115520149
11395,0.00034431167731851354
11396,0.004142484511435592
11397,0.009437206919633878
11398,0.0411459498134959
11399,0.0003928796191170515
11400,0.0007838808535089788
11401,0.0005607031321926508
11402,0.0005073098616407386
11403,0.005471075571405888
11404,0.19194355989848394
11405,0.07389662190564719
11406,0.0009098409724932075
11407,0.012564461110184227
11408,0.3254651124221072
11409,0.00033552258832708295
11410,0.001877166137925548
11411,0.0012970532137174557
11412,0.03794608753402107
11413,0.006570592605457115
11414,0.00041251761817315285
11415,0.004581933860424753
11416,0.019584544891383445
11417,0.0001583447891877426
11418,0.0004070601110445318
11419,0.0018821573326191596
11420,0.0013405541661586427
11421,0.00019327860414237072
11422,0.006971546362514109
11423,0.007212249398954667
11424,0.008727963450325537
11425,0.00022911072585349524
11426,0.043002997636599434
11427,0.00018110493604057358
11428,0.0029891433712678915
11429,0.0014087271188297835
11430,0.03663598240178886
11431,0.0004939296715995203
11432,0.23123587511029814
11433,0.002968881118262734
11434,0.031049405647288874
11435,0.003915800102486039
11436,0.0031353855845105
11437,0.0010750984751361158
11438,0.018706022276344565
11439,0.03796966747794224
11440,0.0017068654994050144
11441,0.043611763403798236
11442,0.001095635811906946
11443,0.02948909255901158
11444,0.03482411454700461
11445,0.07136545478201035
11446,0.002654010496132239
11447,0.0004793732981110017
11448,0.022022310876739087
11449,0.0020328395130691174
11450,0.10004346371204506
11451,0.0002625510382641485
11452,0.0020278111209374346
11453,0.06019847495191305
11454,0.0007635850941414618
11455,0.00011678309206274429
11456,0.011772507617500188
11457,0.005338588023207171
11458,0.0005909636397214814
11459,0.0003257924085660514
11460,0.007278389040354545
11461,0.036321974620550104
11462,0.000439385250520714
11463,0.0010683437162164436
11464,0.014574201468420919
11465,0.00010327686912097754
11466,0.0009439345152517768
11467,0.00031250920996732303
11468,0.14598385410252102
11469,0.008742977865497494
11470,0.007570195344006533
11471,0.0032229344787866807
11472,0.006061679393896959
11473,0.004070411757757862
11474,0.4726667774683369
11475,0.004727029617432783
11476,0.004235896007759992
11477,0.0023847970570192605
11478,0.0019460787566094053
11479,0.001873579643175971
11480,0.0003386613645417798
11481,0.004099177877989123
11482,0.02535000330444972
11483,0.0002466000835065943
11484,0.002809403720320052
11485,0.0002865615785717109
11486,0.36230615173021136
11487,0.0002454808753624362
11488,0.005984211530433671
11489,0.0040528876036663945
11490,0.0010990961991164906
11491,0.002967354741274271
11492,0.00531825845000595
11493,0.0013945779404217992
11494,0.0017233774506340567
11495,0.014630722236598618
11496,0.0046107155230538195
11497,0.00812857503090894
11498,0.016671989825099532
11499,0.2287013827856747
11500,0.00399068513383845
11501,0.009842531430491765
11502,0.00042446922626049755
11503,0.0031371523632138638
11504,0.00841780088660082
11505,0.020940725468815695
11506,0.04067710370172865
11507,0.0027175579342599747
11508,0.00675887711432357
11509,0.0010921982631590965
11510,0.00031983477758491124
11511,0.0031067577150790102
11512,0.0024850735191439934
11513,0.0005663462158275141
11514,0.1352803035956211
11515,0.0014274243209573029
11516,0.010027857157624834
11517,0.0040054743206219745
11518,0.0002685020931656512
11519,0.029273748423509806
11520,0.00011792785573795726
11521,0.00019371910978564294
11522,0.0001402190755161681
11523,0.0018965074965874122
11524,0.007982627969883716
11525,0.0002532019952567811
11526,0.017427801904241626
11527,0.00017953069579912465
11528,0.008839895611453888
11529,0.1441939952038156
11530,0.0005758213402768747
11531,0.0004487145125874283
11532,0.00012840394163510038
11533,0.0004420279235563368
11534,0.005602556090796143
11535,0.0003361551708592264
11536,0.00011015458106352915
11537,0.03911357500438306
11538,0.019081536871034775
11539,0.005323696765616895
11540,0.0017249618368609231
11541,0.00011763826934769019
11542,0.0006106447648757241
11543,0.0005630808121438012
11544,0.0009749352922391013
11545,0.002198574784238328
11546,0.00010227564501205319
11547,0.011720159235321997
11548,0.00045024621824942945
11549,0.0018396044114414585
11550,0.0005252135764053855
11551,0.006571919675876092
11552,0.00010007556032715424
11553,0.018275165359306168
11554,0.0006066712550633317
11555,0.01153475892721685
11556,0.007362096963141519
11557,0.01141759071712339
11558,0.00583999745733533
11559,0.00044002757800960617
11560,0.0003024626821127167
11561,0.0406901573990567
11562,0.0021121280897531637
11563,0.391612623772394
11564,0.0009782372004092312
11565,0.9940010095584337
11566,0.0008526246104838476
11567,0.0004059375218508414
11568,0.00020008310837966347
11569,0.00044463375212500545
11570,0.003748950134955009
11571,0.00012642190045679573
11572,0.0075654981494873985
11573,0.0006762016536351647
11574,0.0001918264436251077
11575,0.09646872123484125
11576,0.040654035129504607
11577,0.0008767742209341668
11578,0.0693144633189046
11579,0.00044018992904561215
11580,0.0009816501749109982
11581,0.0003702477097052715
11582,0.0018621499168679813
11583,0.00014519527465287418
11584,0.003286383394584141
11585,0.0003622419549049631
11586,0.012897612258059393
11587,0.00017886843007021238
11588,0.01776816915484549
11589,0.003519509974205637
11590,0.0002091402896005876
11591,0.00317622737798618
11592,0.0002380934107952024
11593,0.0003812063016948732
11594,0.02020473164415694
11595,0.14333798291010486
11596,0.0006590985716266467
11597,0.0002633331077454513
11598,0.009547151863079768
11599,0.0005395313800247248
11600,0.009275517878523487
11601,0.00012338043979252274
11602,0.19984459951171302
11603,0.13870628326978512
11604,0.10017146272318053
11605,8.485295439615799e-05
11606,9.743360386656418e-05
11607,0.006250372220009541
11608,0.008438636972158057
11609,0.006164931636302903
11610,9.053748379882906e-05
11611,8.211369772894674e-05
11612,0.000188805215419353
11613,8.922595123906588e-05
11614,7.863344431297536e-05
11615,0.0001326802647381123
11616,8.089723729183617e-05
11617,0.40924569740850025
11618,0.004418442928497954
11619,8.759307230525719e-05
11620,0.005343839545359627
11621,0.028701801367779545
11622,8.469125137131041e-05
11623,0.00015077013322166446
11624,0.00019546406108132051
11625,0.0005562355001845988
11626,0.00046071519346976034
11627,0.0001477821756081765
11628,0.00014656527274096957
11629,0.00037480743258300864
11630,0.017557699633072014
11631,0.0007667607060982691
11632,0.005849501080349376
11633,0.22256337787435676
11634,0.0638469938964126
11635,0.007221201852783417
11636,0.00024461442561882587
11637,0.0001248679948792355
11638,0.0001069434835984262
11639,8.460437684788339e-05
11640,0.00030338032852021224
11641,0.006826246784378586
11642,0.04961087173991711
11643,9.162247871337631e-05
11644,0.27470947678462115
11645,0.15216548182887268
11646,9.26226634232576e-05
11647,8.699668176124729e-05
11648,9.487816606705702e-05
11649,8.600123001531152e-05
11650,8.644171326714897e-05
11651,0.0026646493751506127
11652,0.0002873676673637142
11653,0.002155520604691131
11654,0.00010185947089803017
11655,0.00010210836705767464
11656,0.00017732903288477495
11657,0.03081866814526521
11658,0.00012450981496738874
11659,0.00027341723232767774
11660,0.00027537594291919375
11661,0.00010979455599040015
11662,0.02117604166609515
11663,0.00012204237834650654
11664,0.00010306045324858162
11665,9.627360655374657e-05
11666,0.002357031875042501
11667,9.069870936110282e-05
11668,0.00024361005408447112
11669,9.728028126772273e-05
11670,0.0015511217229896399
11671,0.00022400789192364226
11672,0.0005019814265216444
11673,0.00020500799840004964
11674,0.00024577851997385585
11675,0.0003186941938358881
11676,0.0005357130514655428
11677,8.557187581828852e-05
11678,9.289263965178064e-05
11679,0.0002463380782538565
11680,0.00023014645855184805
11681,0.0003281395955961236
11682,0.0004407425956601484
11683,0.00023396540112080876
11684,0.0004407824478680801
11685,0.00021984421844799257
11686,8.814071887486028e-05
11687,0.00038814652745538673
11688,0.0002973909954729711
11689,0.0017970639219037506
11690,0.00016479366972993814
11691,0.00015964423918682743
11692,0.0003921398544210466
11693,0.14546093226577406
11694,0.008123029181987849
11695,0.00010610575089864668
11696,7.991465004765765e-05
11697,0.015055407156408986
11698,0.0001379335149760707
11699,0.008491573640317728
11700,0.0004920477262553762
11701,0.0001214979021732445
11702,0.0003646796405754112
11703,8.773426769178823e-05
11704,0.011774329407077937
11705,0.3271546641077468
11706,0.00530232602550631
11707,0.00011136909524810951
11708,0.00022446103774714606
11709,0.0010427199584714887
11710,0.00031245034776929056
11711,0.0004013023482360087
11712,0.00013478641429756042
11713,0.0007515995481798155
11714,0.0006445438382349253
11715,0.00011068730406866226
11716,0.0008276774856730406
11717,9.769732314690372e-05
11718,0.00011267014100610124
11719,9.006769327075435e-05
11720,0.00010630956910296953
11721,8.770493872508952e-05
11722,0.06065731867474564
11723,0.00041500554821320587
11724,0.0006289181671727438
11725,0.0012855865973341013
11726,0.00026477615399563806
11727,0.0005995784733770634
11728,0.00013728568946102143
11729,0.024281568382222608
11730,0.00036652935901286386
11731,0.0009597183421941675
11732,0.004777663788638806
11733,0.016352800612208663
11734,0.013940780212973736
11735,0.057015611595490914
11736,0.0005825505721123678
11737,0.0002864764119813147
11738,0.0004560358404601359
11739,0.00017130657506949387
11740,0.04863555961027617
11741,0.0009310051857198843
11742,0.00014631203427856572
11743,0.00015768372118486483
11744,0.00030727706644213695
11745,0.00038115229146775244
11746,0.00022017658788909219
11747,0.011894862487009841
11748,0.00010914362673587608
11749,8.802329109136818e-05
11750,0.0001796453531383839
11751,0.00016155768620558533
11752,0.0002594549484024359
11753,0.0012547105932316492
11754,0.012547142140853484
11755,0.00011723714480045336
11756,0.00010626519791761269
11757,0.00010176739935630866
11758,0.00011964719159530807
11759,0.1398125672050717
11760,9.672133587695006e-05
11761,9.635337561469083e-05
11762,0.005323218879093453
11763,0.0004699054682186303
11764,0.0002706948852721117
11765,0.00010829018558218705
11766,0.0005019464680758662
11767,9.081465744280553e-05
11768,0.0012772591285828262
11769,0.0006104773550980061
11770,0.00022381493507673173
11771,8.83746777760152e-05
11772,0.0003516948445091708
11773,0.0001411676418694076
11774,0.00011554724765377663
11775,9.201550208774323e-05
11776,0.00029028270869058343
11777,0.00013118598379802598
11778,0.012895572332086571
11779,0.3239787582765115
11780,0.036485963004001476
11781,0.01405324399138369
11782,0.007582605626403315
11783,0.0026472417130086537
11784,0.050119529107669133
11785,0.007334775644967592
11786,8.86658821538641e-05
11787,0.00030399395614757243
11788,0.0041635938413251364
11789,0.0008595184634872094
11790,0.00010196745562947502
11791,0.0003949114735328343
11792,0.00037086004597893847
11793,0.0009610444995341144
11794,0.004791076612530886
11795,0.001018720593583943
11796,0.0004580374410208426
11797,0.3232784834185238
11798,0.0003648246802121689
11799,0.0016989945058504432
11800,0.00017370745177405843
11801,0.00011804730666076098
11802,0.00039514883261515673
11803,0.003873860957950995
11804,0.009677732557669764
11805,0.034192750582823075
11806,0.00010187077025763187
11807,0.0006542234217565516
11808,0.015909337229575916
11809,0.11622798994300854
11810,0.0005489514897188167
11811,0.000248538110883882
11812,0.0001956139913944402
11813,0.00010319715680960154
11814,0.00012697725824466254
11815,8.83067150257674e-05
11816,0.035768945899611604
11817,0.015463760993504471
11818,8.367128038313035e-05
11819,0.0002569676790067824
11820,0.0004092558752008461
11821,0.0001910392831033622
11822,9.985905546814277e-05
11823,9.782726730285284e-05
11824,0.008085238450080344
11825,0.00022343723617578728
11826,0.00025907151390454613
11827,0.00558464827964018
11828,0.0004994396219091624
11829,0.0003402496754408014
11830,0.002116263866265357
11831,0.00027577378263900145
11832,0.014084823639339888
11833,0.00015316057958693108
11834,0.0018630611960853641
11835,0.00019449785811159103
11836,0.0005261578241685498
11837,0.00028260352891006964
11838,0.00013346630349700089
11839,0.0001245185329297684
11840,0.00020440213847565896
11841,0.0023280421536383765
11842,8.370831907743603e-05
11843,0.002080639675096882
11844,0.00026459463431036123
11845,8.742669944503574e-05
11846,0.0004305597145395254
11847,0.00018836104475057904
11848,0.00010892403592851444
11849,0.00014977313262515632
11850,0.00014361347592807116
11851,0.020321993715941882
11852,0.00030567869899657886
11853,0.003816712274533633
11854,0.000976741112522883
11855,0.00028938975331373987
11856,0.00029201738051291
11857,0.00034475463820644566
11858,8.763913900508742e-05
11859,0.00032993816527123794
11860,0.00022313368561236108
11861,0.0001549073396234507
11862,0.0001425609245195682
11863,0.00010212456990922527
11864,0.00040936113038328936
11865,0.0002761430082578022
11866,0.0003071690226805383
11867,0.0005390717689515476
11868,0.052313684276915996
11869,0.0044115686152356535
11870,0.045717347516690744
11871,0.0006229023770507531
11872,0.000321600652797074
11873,0.0002383053004349554
11874,0.001339523517444556
11875,0.00044482473216849925
11876,0.00845250601378685
11877,0.0002674071911606733
11878,0.005400200550083362
11879,0.00018799950753791355
11880,0.00021113724406082463
11881,0.0002304377989782804
11882,0.00010370243975571409
11883,0.013257779133556549
11884,0.04657965147268137
11885,0.00018688468204162184
11886,0.00035982249384168286
11887,0.0014418268967092969
11888,0.02570094728701568
11889,0.08775456669562973
11890,0.053223127834422214
11891,0.004275791407688032
11892,0.0005515895848788881
11893,0.00010100057413712105
11894,0.000258511101340493
11895,0.00047130579751568965
11896,0.0030364051547305745
11897,0.0002020105029227212
11898,0.0017341542840941869
11899,0.00011925093493777311
11900,0.0002638562944255087
11901,0.003413088741414192
11902,0.0006352575117934109
11903,0.011597350400723417
11904,0.0003082297156036308
11905,0.0001473324446158423
11906,0.00034935533056970267
11907,0.0005668291564670077
11908,0.0012716069009554493
11909,0.001938640313390936
11910,0.00028143312109890563
11911,0.00048610864065430637
11912,0.10741707604175654
11913,0.0001229892172912481
11914,0.00016585718613881464
11915,0.06063898760532259
11916,0.00030222197787000847
11917,0.0003355721153981005
11918,0.0001239590686757038
11919,0.0003189597973587544
11920,0.0001205095117768365
11921,0.00018125409973209178
11922,0.0004291287407094049
11923,0.00024198638654960398
11924,0.0003242473522838029
11925,0.00036047585985674307
11926,0.00030606469120009373
11927,0.0011718321229615435
11928,0.00010131555703063282
11929,0.00035584311820360137
11930,0.00020490446340067957
11931,0.011633177765557792
11932,0.007417479505116809
11933,0.0001116675240887763
11934,0.00010481823732660387
11935,0.00048336657845027395
11936,0.004517023666618307
11937,0.010171091209395347
11938,0.0003497620414524696
11939,0.3963772172882237
11940,0.0005847500238765945
11941,0.0002847021276616621
11942,0.0022717802813473774
11943,0.0006243245217987031
11944,0.0021620162424654593
11945,0.0005090519655842592
11946,0.00026546394154356573
11947,0.0013267417666607188
11948,0.0036923093071963412
11949,0.0036290986622390074
11950,0.00019185341595466624
11951,0.0003593882799581601
11952,0.00011407671163504267
11953,0.009162570868749439
11954,0.00025812895718905365
11955,0.00010646525017670753
11956,0.00019386868868164462
11957,0.0008784018237465826
11958,0.0014665937570924204
11959,9.325316720496049e-05
11960,8.370436134841863e-05
11961,0.0001826622895490824
11962,0.000120399330479732
11963,0.00027127012941407
11964,0.048931069569899
11965,0.003987027154409127
11966,0.00020492955974870725
11967,0.00010112837519959965
11968,0.31945376880805065
11969,0.005162364609760124
11970,0.00021546295396704805
11971,0.013919244928828834
11972,0.23209194720186735
11973,0.0009283812903301145
11974,0.003547370910924648
11975,0.002434892034450001
11976,9.597126071018782e-05
11977,0.009396855344430539
11978,9.264580938590019e-05
11979,0.00029975161194015324
11980,0.0002843583781911085
11981,0.0002833923733613679
11982,0.00012123544902502678
11983,0.007922938820882824
11984,0.06265201921869003
11985,0.00018344554042939556
11986,0.007656851568839022
11987,0.0007729839787506314
11988,0.00035238323619257185
11989,0.00032753662449122264
11990,0.000875055548125208
11991,0.009659341098225313
11992,0.0017673019455958726
11993,0.002534520314317826
11994,0.00017060961328042447
11995,0.0007753806034029505
11996,0.0001463467985703075
11997,8.987673522114848e-05
11998,0.013063017179269085
11999,0.002937615126539216
12000,0.007703314692610983
12001,0.0002107984113540416
12002,0.00030807029002145224
12003,0.0002996488372434143
12004,8.497521654794672e-05
12005,0.00018690685015622317
12006,0.02098766134091286
12007,0.28447740421018797
12008,0.033168984105189855
12009,0.018041991600720987
12010,0.00217597064397393
12011,0.005655037574222946
12012,0.001231483588421818
12013,0.000629467575260568
12014,0.0004110409382982205
12015,0.00015957334285108266
12016,0.0002292606401261612
12017,0.009597500456119689
12018,0.034620550029877316
12019,0.00021941183331580468
12020,0.0014972570569069803
12021,0.045803673368569504
12022,0.006044914025341653
12023,0.00022177762846623404
12024,0.0019746085522041944
12025,0.00011490697624460756
12026,9.76473322188027e-05
12027,0.0012575995838380097
12028,0.00010823168677001185
12029,0.00047370856287881115
12030,0.00011376945394601782
12031,0.9357080907844371
12032,0.00010490925609490197
12033,0.0005433144436076787
12034,0.04675828030986493
12035,0.0031384319038014557
12036,9.485235988143161e-05
12037,0.00018461515007499622
12038,0.00010420701342671283
12039,0.00010525747627928859
12040,0.0016755615095782668
12041,0.0010296504129547115
12042,0.00012239482332866632
12043,0.00015241240974404367
12044,0.03179829519905023
12045,0.00031908941031507157
12046,0.00010798229083279571
12047,0.0002443734356554888
12048,0.00015406909996719268
12049,0.0817821085093627
12050,0.00830238187629476
12051,0.001008519246625405
12052,0.02593426843285871
12053,0.00034465415684327064
12054,0.00038941615606912183
12055,0.00010256190166389232
12056,0.00016519990998489824
12057,0.0018134454070409182
12058,8.439503596192168e-05
12059,0.0001244797901645631
12060,0.00012083942135623503
12061,0.00030852536666541453
12062,9.807128709672526e-05
12063,0.01357571881157899
12064,0.040075720728076955
12065,0.015033310646842263
12066,0.0001297583612549665
12067,0.0005834524833937841
12068,0.004483641557741386
12069,0.00035379356837531657
12070,0.00029734497562827923
12071,0.008943089712728102
12072,0.0030232927405289254
12073,0.00032955334332582334
12074,0.00033328726089291565
12075,0.006778769111543669
12076,0.12128385334233575
12077,0.03811378009846438
12078,0.00010201692894744099
12079,0.0001951232487856492
12080,0.00034972712153990193
12081,0.005826876371081467
12082,0.003527098056606697
12083,0.0003042772872189156
12084,0.00026731635853154405
12085,0.00113121591049745
12086,0.00024261574508802945
12087,0.000364377412304774
12088,0.0004537123868535156
12089,0.0001795347111102737
12090,0.0002620498594133332
12091,0.10786281838634364
12092,0.0007289794204413918
12093,0.004622291816652229
12094,0.00028876759911454074
12095,0.00022163832673167302
12096,0.0005718475511330899
12097,0.0620702095090957
12098,0.026632366968750387
12099,0.0004260271385448211
12100,0.00028749265547948875
12101,0.0004766426721489173
12102,0.00036417304749122674
12103,0.0006752775541074036
12104,0.002112536696286869
12105,0.0014304857075917686
12106,0.030591210070479047
12107,0.00028118608900948034
12108,0.019559171002509854
12109,0.029515450603446243
12110,0.007023898425462606
12111,0.0008986480175959408
12112,0.0025327307809944423
12113,0.0022490794094121246
12114,0.0038471775980019954
12115,0.008233671396634378
12116,0.0017729189525651635
12117,0.00684814415925526
12118,0.0008378353613854373
12119,0.00299980855439056
12120,0.003346455117532493
12121,0.00016964590800622862
12122,0.002045676000664471
12123,0.0005532657321904638
12124,0.00023172126035600366
12125,0.03795580723837878
12126,0.01383841212588811
12127,0.001211434970200098
12128,0.0001903718011014971
12129,0.0017443660932890282
12130,0.0001317334294076576
12131,0.012513383820344365
12132,0.00244227730851939
12133,0.0002666003093611166
12134,0.005283059365073096
12135,0.003460577302373244
12136,0.0031494549726091654
12137,0.006413757882381635
12138,0.0002961934989639297
12139,0.0005945757639542013
12140,0.0006523760230498254
12141,0.0001136600240945633
12142,0.00010063145047018891
12143,0.00011810837761080893
12144,0.00037489008742982885
12145,0.0002442297044336849
12146,0.00521444652877119
12147,0.008008407595993838
12148,0.0012037607820965736
12149,0.0004696209519744946
12150,0.0789632773487208
12151,0.01075590857732175
12152,0.0002880592430738872
12153,0.0037974910522460678
12154,0.000455901495046026
12155,0.018445975844954644
12156,0.0001239906154587034
12157,0.00016444252396116303
12158,0.00025145540241581154
12159,0.00011444744923972963
12160,0.00010359937380702107
12161,0.0010055219829567103
12162,0.000804129561460958
12163,0.0001543827157348733
12164,0.006314730431019216
12165,0.0003488361576020763
12166,0.02862337860911453
12167,0.11202848426641684
12168,0.00025480312140234917
12169,0.00014925914213208413
12170,0.0001583483391677542
12171,0.00428567331630312
12172,0.11078419841174139
12173,0.008667895245020096
12174,0.0002482633372278528
12175,0.0005517506167085246
12176,0.006234176700141236
12177,0.006047877079544567
12178,0.00033193298691058337
12179,0.10389401876012634
12180,0.00018005358182139006
12181,0.0002532923127706025
12182,0.043675161634315104
12183,0.0032453707112462004
12184,0.0003364240580052269
12185,0.00012323974424313582
12186,0.0006607908956655761
12187,0.0011544132442209913
12188,0.0016150027170500833
12189,0.00025526168442537706
12190,0.022855008421922708
12191,0.005807336080445466
12192,0.0025024156742000305
12193,0.0003587285989145194
12194,0.00024047737478864024
12195,0.00020786582947813706
12196,0.000336087469271636
12197,0.010451985715435989
12198,0.0002521487014122561
12199,0.010713903479974099
12200,0.0002423400927258049
12201,0.00020596275983307639
12202,0.00011426055352918726
12203,0.093409254488162
12204,0.00015492086420144583
12205,0.03929739790223731
12206,0.0006152102866400547
12207,0.0845269416225481
12208,0.0354874042949426
12209,8.049092830524425e-05
12210,9.015895639272967e-05
12211,0.00010650467949735938
12212,0.0007311713996807663
12213,0.00019346751801111085
12214,0.0010855265595708873
12215,0.00018104620334476488
12216,0.00020272064009078955
12217,0.0002555067901622411
12218,0.44874038728135374
12219,0.00043896986231168716
12220,0.0021335284924568353
12221,0.0001447831365416252
12222,0.00639653802443029
12223,0.00010846008915836613
12224,0.00019490243565745214
12225,0.0002962934420013136
12226,0.0004277000639941166
12227,0.00011770010842036345
12228,7.978611678729979e-05
12229,0.0002631404919467826
12230,0.004573174526404931
12231,0.00319655500849834
12232,0.007071876556988002
12233,0.0009640769086971497
12234,0.018250288363009924
12235,9.442099724825601e-05
12236,0.014764666292569967
12237,0.06763599422731238
12238,0.0002967299179673701
12239,0.015500309382357405
12240,0.0011306192169641901
12241,0.01540162586550933
12242,0.0005788465228576781
12243,0.0004987324781255467
12244,0.00016391783577146942
12245,0.00086620653419207
12246,0.011467280517832348
12247,0.0021397696685542225
12248,0.00012934468961620901
12249,0.0065208806851841895
12250,9.903143628145692e-05
12251,0.26737063751158896
12252,0.03763577077871826
12253,0.00032579064198476836
12254,0.00026967502148222467
12255,0.00037458645106035573
12256,0.000562270759110347
12257,9.977660719524055e-05
12258,0.0001805801517091195
12259,0.001176374375564036
12260,0.019915599476664575
12261,0.00428773306845835
12262,0.15014906288455995
12263,0.0009485210274505504
12264,0.0005693158001158595
12265,0.01458439235107642
12266,0.008327795477315528
12267,9.90994039013603e-05
12268,0.00030617705882788075
12269,0.012636876339484845
12270,0.00046551112345266394
12271,0.0058686269797712885
12272,0.02098063158806414
12273,0.0010207913948338467
12274,0.45851066280407204
12275,0.00020878228867517672
12276,0.00042952790345716647
12277,0.0003698035348878877
12278,0.08103306855888995
12279,0.00010468831582599703
12280,0.010461812315380991
12281,0.006431993749356543
12282,0.00013899499779446582
12283,0.0004093876692811909
12284,0.06256211013838227
12285,0.015055383261356924
12286,0.05678148123263425
12287,0.01493661137355803
12288,0.0002524423109500358
12289,0.0005512537736456745
12290,0.0024245045356098643
12291,0.02060896678533632
12292,0.2538986403774768
12293,0.23759636232648518
12294,0.0003800252014160784
12295,0.002219176813801388
12296,0.00011278991174539695
12297,0.00010308964030103316
12298,0.003046230107824027
12299,0.00027084883326531376
12300,0.0002077015308876661
12301,0.0054937996277792545
12302,0.00048673936636019715
12303,0.0006902402860805299
12304,0.0004912458554233263
12305,0.0001192437677361418
12306,0.004176495887359821
12307,0.0004700313306501902
12308,0.00033840367107258046
12309,0.0003561127949245768
12310,0.00030611872595878205
12311,0.00035297761059819736
12312,0.0009106824218873679
12313,0.0012375512227294058
12314,0.00045188317198424177
12315,0.00019339023146592655
12316,0.14528459230571464
12317,0.0003541982782487081
12318,0.002297927601345189
12319,0.00010082728909934829
12320,0.00011976117940057876
12321,0.0002700358604743238
12322,0.00043050781205147766
12323,0.0002618057418598685
12324,0.0019579577088327848
12325,0.0003952629300903836
12326,0.00773146259748637
12327,0.0007374172574786555
12328,9.655762986380414e-05
12329,0.00017938245176219545
12330,0.00030938048880521727
12331,0.00011381417235595219
12332,0.014852225886640752
12333,0.0005806187501028287
12334,0.02286025107572224
12335,0.0002855095449885177
12336,0.000399123571918
12337,0.005518402437611127
12338,0.014079047499223066
12339,0.00025517825288307115
12340,0.0004573612548125941
12341,0.0003882372451342946
12342,0.00022450231495242044
12343,0.007652469410384615
12344,0.00031232283056197425
12345,0.001889622684726278
12346,0.0190461556069927
12347,0.0003099825605092364
12348,0.0004674261606622599
12349,0.00013808150966772843
12350,0.03774461465571245
12351,0.00014380734575452015
12352,0.0002542058476807184
12353,0.00010333404386905975
12354,0.00034537016810976836
12355,0.004715047830031465
12356,0.015660525154758305
12357,0.03812830382148182
12358,0.001364707323132514
12359,0.00010804748943532352
12360,0.005414951778112371
12361,0.0004996388026144329
12362,0.00038611083012020185
12363,0.00032371796887370127
12364,0.0007473469648405688
12365,0.02101626119514453
12366,0.0039027283342373625
12367,9.140814837462147e-05
12368,0.00031675419176809184
12369,0.0014395367718787486
12370,0.0003963098568893112
12371,0.0016851502538365384
12372,0.00025553016456876407
12373,0.024351698332657008
12374,0.0005964104106657655
12375,0.009690818984967839
12376,0.0002778178142143051
12377,0.0006801180172148588
12378,0.00032760560093835834
12379,0.0001359517092596642
12380,0.02874915696997719
12381,0.056632683364475175
12382,0.0003580635145929485
12383,0.0026580222106632597
12384,9.950579554208315e-05
12385,0.00019411377170583006
12386,0.00017028686890358362
12387,9.070580821290585e-05
12388,0.01229517358925546
12389,0.014581749765641406
12390,0.009054615387571937
12391,0.005390204744778043
12392,0.09054240243689247
12393,0.02387286965862418
12394,0.003549129538142004
12395,0.016543228660921536
12396,0.0022494019505389126
12397,0.031165525328375316
12398,0.015516005571569024
12399,0.00043180315531296174
12400,0.2486846963996439
12401,0.0003463196647313239
12402,0.0005209765879616063
12403,0.044977649906844434
12404,0.0005686305289711767
12405,0.00013363462742667617
12406,0.004491318616745138
12407,0.0003516876794553001
12408,0.006965365150426175
12409,0.00037829610330694554
12410,0.00022584457419984493
12411,0.000235477401098238
12412,0.001986122414938812
12413,8.049632223815112e-05
12414,0.13514778732111368
12415,0.012078115212289908
12416,0.011916663151139262
12417,0.0054362503481955125
12418,0.00010770449070065368
12419,0.00013536674141336272
12420,0.0002921536853020291
12421,0.0027695936855830936
12422,0.0009454876230230674
12423,0.0004275286508357846
12424,0.01141859860353973
12425,0.011390998338359364
12426,0.1246924941966013
12427,0.0010891715200954505
12428,0.04604906335686635
12429,0.00029925133428172665
12430,0.06301585523989503
12431,0.0004785279171860131
12432,9.325021827350511e-05
12433,0.00011920537145181343
12434,0.22047946179915132
12435,0.0004810140877535042
12436,0.013533716524953021
12437,0.0009667961452879458
12438,0.006757514193204059
12439,8.81433994120219e-05
12440,0.00012962438440909728
12441,0.0003752504152626575
12442,0.3851886658883051
12443,0.0001596875406700598
12444,0.0001344659125161293
12445,0.024788665250204373
12446,0.016908386689084898
12447,0.0005676584780007754
12448,0.0004735366763518324
12449,0.03525655858491284
12450,0.0005843407844029647
12451,0.04088911640929373
12452,0.02451752394691066
12453,0.04574024980051421
12454,0.0012761475456819832
12455,0.012980875756424834
12456,0.007806947949276127
12457,0.006713705980733313
12458,0.0009597519171781522
12459,0.004075074633490811
12460,0.02355015503376524
12461,0.0044397358840384486
12462,0.0021257162267995424
12463,0.00536609063561875
12464,0.0001831129493748731
12465,0.00024399131717213444
12466,0.00017667052552622974
12467,0.00023852497925446083
12468,0.0003181097661331876
12469,0.001374628000627958
12470,0.002786882286440638
12471,0.00013822587356787975
12472,0.07365715619517954
12473,0.00019228716608848286
12474,0.041159902501411993
12475,0.00443530784963995
12476,0.010313251029865755
12477,0.0003902637892141281
12478,0.04789961493823497
12479,0.0007933362477554627
12480,0.02441220843042135
12481,0.0002781108411110164
12482,0.008886164664173744
12483,0.0002608863059573738
12484,0.0002966419936852376
12485,0.0003111144897953269
12486,0.00854198303844678
12487,0.011486943011682963
12488,0.0004390171751120795
12489,0.0199698548088663
12490,0.17724137723793992
12491,0.0001918107138689406
12492,0.00025734274831558347
12493,0.00037566584538015646
12494,0.0003614417212496761
12495,0.0002922104118518337
12496,0.00025752027177526474
12497,0.0243281787279585
12498,0.052671544969150476
12499,0.013736110220774062
12500,0.00010219025023196852
12501,0.22727834776869887
12502,0.00139567819630331
12503,0.0014057992321514644
12504,0.000392023877635788
12505,0.0005860135025566969
12506,0.0002882203113582078
12507,0.0018632291544288912
12508,0.000276363902007953
12509,0.04729515805279512
12510,0.014956977867993371
12511,0.0006583382900783286
12512,0.00024077355644420458
12513,0.00031461403759984756
12514,0.00034639470864106654
12515,0.09292592181279415
12516,0.00038673116975101014
12517,0.000620778124265824
12518,0.0002327394885992447
12519,0.001108971568711355
12520,0.00422742741556343
12521,0.12841954211157008
12522,0.00011331907259827111
12523,0.00022316098758425642
12524,0.0068644585908377975
12525,0.4280970103129186
12526,0.00027588655437058983
12527,0.0002982725289694221
12528,0.0004179294818892168
12529,0.0033372796643578112
12530,0.04495726970437465
12531,0.09771663183141004
12532,0.0002175949913310566
12533,0.00032572538252129146
12534,0.13960875197907724
12535,0.00024384814218500803
12536,0.00024190529772061733
12537,0.00021052173916232003
12538,9.785119138949112e-05
12539,0.028006508028620297
12540,0.0006376358236782799
12541,0.00044320986098865046
12542,0.0004354193986895666
12543,0.00032200663719019916
12544,0.0007814721158740906
12545,0.05273730960934577
12546,0.00011958262438186511
12547,0.0006164192450612601
12548,0.00022610673885523107
12549,0.10927403463236263
12550,0.06928384946307337
12551,0.002959813097798905
12552,0.0006325054755923313
12553,0.004787729976505459
12554,0.00013322305468105623
12555,0.0008040202070956206
12556,0.007735744990869052
12557,0.000327955901737547
12558,0.00010625090587087803
12559,0.0002539409594803462
12560,0.0002691763764389275
12561,0.00035738228891100466
12562,0.0001199502429767762
12563,0.0003426976612688304
12564,0.012933167514079105
12565,0.0013750206702622056
12566,0.00027982037587454716
12567,0.017043810496701853
12568,0.0002715491999601445
12569,0.05566407611520496
12570,0.17822246837214978
12571,0.0005208829586629376
12572,0.008138145844745669
12573,0.0003861634687589657
12574,0.009225021552083771
12575,0.00012724517896660237
12576,0.0002932988855392406
12577,0.002798410392757433
12578,0.001648389456886512
12579,0.08114878061165332
12580,0.00031956965238110987
12581,0.0004033219214078239
12582,0.00039288686725006647
12583,0.00025177191067527784
12584,0.00044253659510800687
12585,0.0002862740304518447
12586,0.0007901790451584918
12587,0.011252739214307717
12588,0.02452593708136731
12589,0.000337895847784869
12590,0.0033250189236208273
12591,0.0002239919732724731
12592,0.0004960463857346649
12593,0.000338329943060197
12594,0.0001816806141455751
12595,0.0038436740625720487
12596,0.0002601029655365754
12597,0.04219473306219314
12598,0.0009896832561396552
12599,8.904033539338044e-05
12600,0.0013566540176660714
12601,0.0020005380388818305
12602,0.14757529621822194
12603,0.008299317215136508
12604,0.00029907367714563277
12605,0.0024889153491371558
12606,0.00010408542271395644
12607,0.0018471574796452652
12608,0.0013212691612403938
12609,0.005737210610571785
12610,0.0002683467604670274
12611,0.00030831576340732534
12612,0.00038761660721377977
12613,0.0003063198201293476
12614,0.021907171046196095
12615,0.003403817236412497
12616,0.000991298895346803
12617,0.0001901108412783923
12618,0.03166627833749108
12619,0.00039640166664786804
12620,0.00036026588839290397
12621,0.006931151212667017
12622,0.05982262925800852
12623,0.004974077055615713
12624,0.5210567522450958
12625,0.00020268610992340766
12626,0.0003631190585886194
12627,0.43520812541313403
12628,9.779370074451644e-05
12629,0.0273651496127438
12630,0.00018393541022820406
12631,0.009614599497006887
12632,0.0074875778029692055
12633,0.009622466957549838
12634,0.001579264565597159
12635,0.05186139480798826
12636,0.0007163821453039325
12637,0.00024940120925007447
12638,0.0002584508779843267
12639,0.00031374159340347477
12640,0.05900807581676789
12641,0.0004559857798774718
12642,0.00010900277863644563
12643,0.0006868897768176667
12644,0.00024157065635153175
12645,0.0003238815620962266
12646,0.00022437497978715864
12647,0.0007459945915009243
12648,0.0002443157444729684
12649,0.0015690538128851459
12650,0.00023698124822355994
12651,0.0018062550969969303
12652,0.005421783111359026
12653,0.007323337735594233
12654,0.00023830874638957892
12655,0.0012291630083858223
12656,0.28168038928017786
12657,0.03039662556326971
12658,0.0011608749515073684
12659,0.009742677266827388
12660,0.0030230696176033476
12661,0.00035739912989998633
12662,0.0075725039495649765
12663,0.0003627974944120546
12664,0.027666887923793033
12665,0.00024785684734428514
12666,0.00022668903590073215
12667,0.0021164757929095462
12668,0.00027734072059832683
12669,0.015549063242179625
12670,0.0001011463446470969
12671,0.0001808708505340581
12672,0.014422565108461937
12673,0.0016589151819276845
12674,0.007188611412131609
12675,0.0001833008823792381
12676,0.0004057420789251935
12677,0.0002426962325600489
12678,0.004896885255766703
12679,0.0014145333898670709
12680,0.0002674224126134785
12681,0.01951335379038447
12682,0.0006715915587034654
12683,0.0002614478073666941
12684,0.00047577897976331296
12685,0.006190056642835525
12686,0.00027597709240003457
12687,0.001794275202312103
12688,0.001152028146937882
12689,0.00032857940402177465
12690,0.012608849560672698
12691,0.00021150118681756636
12692,0.0002603877377271971
12693,0.0005284467864163707
12694,0.00023238952171841993
12695,0.027663853214617284
12696,0.00020433988620574317
12697,0.00040486930047393667
12698,0.0001547629218390374
12699,0.0003004290447304585
12700,0.00036530993679035554
12701,0.00046283439642675825
12702,0.0011446143179107695
12703,0.002762625497575653
12704,0.00971926631894641
12705,0.0002976422011400174
12706,0.0007024684507137465
12707,0.00027937666255780107
12708,0.00026007715256477857
12709,0.00011161802407415326
12710,0.00029460407542542845
12711,0.00040750187642197373
12712,0.04041129447728721
12713,0.00016008463114079797
12714,0.00011893173273366867
12715,0.005964516060397557
12716,0.0003269049310559541
12717,0.10364907043203664
12718,0.0009187268891279637
12719,0.00023235900963409348
12720,0.08894272238484281
12721,0.002380483011674958
12722,0.023124654974067065
12723,0.0008423165075500654
12724,0.02859596178959125
12725,0.030434440949818276
12726,0.015595170396413291
12727,0.06324959786620221
12728,0.01242508414754156
12729,0.020649200249468775
12730,0.04776440820458962
12731,0.0007312778945415538
12732,0.00044294547617679416
12733,0.00017937579258142802
12734,0.03655222749493427
12735,0.00013676940798260166
12736,0.00034520107136367376
12737,0.00030221620358373907
12738,0.0005913310662169541
12739,0.00018002695882584862
12740,0.0002858156329972857
12741,0.010450401053703134
12742,0.0001982844781080649
12743,0.0018789104268478994
12744,0.006371200726575284
12745,0.0003005188949561305
12746,0.009951856469565304
12747,0.10699697745504375
12748,0.00012335724379992723
12749,0.0001009798542326952
12750,0.0001101438056426552
12751,0.0001067105328768687
12752,0.014995682903361618
12753,0.0008091180543911079
12754,0.01973274321479309
12755,0.024559792763994635
12756,0.16116336235392748
12757,0.01612302226991908
12758,0.0002645266225040456
12759,0.04634225443754056
12760,0.006418656405488807
12761,0.00011438978074299016
12762,0.004641896742256648
12763,0.11717951780091726
12764,0.06965475981280556
12765,0.014065349009020633
12766,0.007115954843517401
12767,0.0734900359865245
12768,0.0003173185612276153
12769,0.0034950063732423673
12770,0.0016277510874441008
12771,0.001342547681576141
12772,0.05187760339403452
12773,0.00046011483606736006
12774,0.03123191863187657
12775,0.00013384082450857538
12776,0.00025765177092414886
12777,0.0021274972317861193
12778,0.00010523471982436517
12779,9.662610725200698e-05
12780,0.09355965826210727
12781,0.3824084882561207
12782,0.008428553796049893
12783,0.0001769191238075374
12784,0.0008161567427029748
12785,0.00022007522821478257
12786,0.00037676126046261527
12787,0.0005792671559234401
12788,0.0002196297384363994
12789,0.030286163673120127
12790,0.00017992204365003037
12791,0.000473982829458597
12792,9.6737971054037e-05
12793,0.2895898718656464
12794,0.00023794409980748343
12795,0.058571091291359324
12796,9.736120963838829e-05
12797,0.00039665499516532924
12798,0.0003612984636269461
12799,0.00010958243035680006
12800,0.008087717577767032
12801,0.0008236544643164928
12802,0.21653227293007465
12803,0.026825552601538
12804,9.32150492464616e-05
12805,0.0004261670015318178
12806,0.003158065651760899
12807,0.0001264540573980677
12808,0.07343864147626304
12809,0.02412579804443262
12810,0.007202726466921061
12811,0.00024942300072865474
12812,0.000311548209509874
12813,0.02526044983014524
12814,0.0010798582475349695
12815,0.0021526696827110867
12816,0.2595762487956155
12817,0.0003079615689835335
12818,0.0006698526808007959
12819,0.00011384491181690199
12820,0.00019198760749764872
12821,0.0002179333114538687
12822,0.0003555770394083347
12823,0.050038032296309855
12824,0.0003901635010159052
12825,8.244733395878667e-05
12826,9.490631383575132e-05
12827,0.0015387928317652018
12828,0.0002483368048842872
12829,0.040753979863006176
12830,0.003109364145697244
12831,0.0001957169223208804
12832,0.00038406596819248956
12833,8.620214949542216e-05
12834,0.000847400993557633
12835,8.791655379018494e-05
12836,0.0008268106628745647
12837,7.971457306331032e-05
12838,0.0007238719223369528
12839,0.0009300558417190535
12840,8.580866977020971e-05
12841,0.0002116423526943855
12842,0.03313125700300553
12843,8.91035144562057e-05
12844,0.007674056836847696
12845,0.009108057110485132
12846,0.00014463523342487985
12847,0.00028204372633062384
12848,0.0007034873575541376
12849,0.0003342001013750638
12850,9.700509470391018e-05
12851,0.0008020636459514435
12852,0.0005222119248817303
12853,0.06324520756240584
12854,0.00014242678871239433
12855,0.00015733300114582267
12856,0.0003999436474238135
12857,0.0001179127362379789
12858,0.000338200927610188
12859,0.004491296746547709
12860,9.566146134986744e-05
12861,0.0017400194446895896
12862,9.567777575863756e-05
12863,0.0002848758292274478
12864,0.00028365906023118225
12865,0.000107280382328819
12866,0.0005455903108018185
12867,0.00041757436524521833
12868,0.004307221375599995
12869,0.0003286675713665269
12870,0.0004258045247687467
12871,0.000190540121780989
12872,0.009024461666343327
12873,0.8774736015229344
12874,0.0010919255093553687
12875,0.00014641766646725883
12876,0.026412050682005438
12877,0.06356265073330912
12878,0.028482320884427127
12879,0.0022103477323388
12880,0.0002604277382032451
12881,0.00024362207557736872
12882,0.0032720218736612488
12883,8.939082976538739e-05
12884,0.0042417017339122075
12885,0.002043063474166774
12886,0.0011991624367089844
12887,0.00010654973515829668
12888,9.848528041850657e-05
12889,0.00014731838808812098
12890,0.0014933884801772567
12891,0.00012281322842454143
12892,9.610502098943621e-05
12893,0.0009127046896006078
12894,0.0002078032790250495
12895,0.0008249906644909376
12896,0.0003072322587493839
12897,0.0012474831067566345
12898,0.003337703668233246
12899,0.32396066700048154
12900,0.00024126032760215876
12901,0.0010124501030345616
12902,0.00043714414389101617
12903,0.0002823856221187346
12904,0.00015788213980633635
12905,0.0001455847124900502
12906,0.00023619178763544516
12907,0.00029033351647094797
12908,0.003970854534089173
12909,0.00024215902384265776
12910,0.0003328040637126008
12911,0.0004217442394338708
12912,0.018150086062950238
12913,0.00023146254379383121
12914,0.7826197590261179
12915,0.012124750807576573
12916,0.0004462874081394614
12917,0.0025298990407733443
12918,0.0014617234657426383
12919,0.0016222086050067437
12920,0.0003705211986694249
12921,0.0002300211109765305
12922,0.016223947011633686
12923,0.00013645843111885988
12924,9.950550883422842e-05
12925,0.00016667337138093864
12926,0.03815658075110704
12927,0.00014045826587638302
12928,0.0009704491960752367
12929,0.00041378894501805264
12930,0.00018254482415592366
12931,0.00010453755245496936
12932,0.00024301551421316265
12933,0.00016508280345724785
12934,0.0005197468221838156
12935,0.000318070397391611
12936,0.000505760944168802
12937,0.00032155466853748643
12938,0.0006687336803515274
12939,0.0002084466103537695
12940,0.0003562828733116786
12941,0.004497550612637372
12942,0.00032508774007495515
12943,0.0003682066248549305
12944,0.00045758168201989426
12945,0.00010013907310937626
12946,0.0007803775894938611
12947,0.00038831994851683504
12948,0.0003471734771318466
12949,0.00031850811733569434
12950,0.00019601283690727449
12951,0.0026763219842174417
12952,0.00030900498456506374
12953,0.0002578799329967622
12954,0.00027489160065462964
12955,0.9668511232600354
12956,0.0003161738356151447
12957,0.001262143741136754
12958,0.005013713594849786
12959,0.0003699785575370429
12960,0.10103745908008492
12961,0.06567348490802857
12962,0.0003253595968366426
12963,0.0003413563028476939
12964,0.000289086209108428
12965,0.0010474420267397428
12966,0.00022090653094192407
12967,0.0006216460146528882
12968,0.008311930515624733
12969,0.0002005898431210353
12970,8.912146269802924e-05
12971,0.0034738475823848035
12972,0.04125821902641622
12973,0.00030571058531858
12974,0.011141607954148114
12975,0.003156669549098136
12976,0.0008533794657586911
12977,0.0003336194104971409
12978,0.0002346559820450964
12979,0.40429223117575697
12980,0.3232526010587255
12981,0.005358442631072683
12982,0.006996128266795239
12983,0.0023506838084758727
12984,9.01420601231434e-05
12985,0.00019712200065726066
12986,0.014623138641711067
12987,0.00023882170408525503
12988,0.00027990263825167954
12989,0.046385093254451934
12990,0.05352919736090742
12991,0.00029308900863628853
12992,0.00577483865638732
12993,0.0019114997771074245
12994,0.0002913449639801689
12995,0.00011143764246532848
12996,0.00025410029788132556
12997,0.05255984953933388
12998,0.3841104063315114
12999,0.00046629998794058913
13000,0.014198452011455948
13001,0.11204064409549555
13002,0.0003099746543057481
13003,0.00018310625976873142
13004,0.000278156099768777
13005,0.0010611570363409026
13006,0.00022389573540218302
13007,0.0002445568707829402
13008,0.08217005611981684
13009,0.0028267360759663693
13010,0.029306447577269735
13011,0.0004620867994576474
13012,0.0002762456669359977
13013,0.0021506042614711264
13014,0.014234664734829053
13015,0.00011588640553624534
13016,8.819678030386897e-05
13017,0.00033837925810633945
13018,0.0004443980262781841
13019,0.0002488723284874406
13020,0.00026760657205748367
13021,0.0002939921063876598
13022,0.00013784014476512702
13023,0.00014343266371426256
13024,0.00037308658412163123
13025,0.00026425668944427954
13026,0.0002449728206892831
13027,0.00033411756374911704
13028,0.0007589296812672759
13029,0.00010176380874652886
13030,0.0011320014780946477
13031,0.0002545558960558164
13032,0.00032720240136157984
13033,0.00040129051009664787
13034,0.0009351620116401571
13035,0.01645171866737617
13036,0.24225692673657456
13037,0.0009286262090706222
13038,0.14582495458826786
13039,0.0012058459331294453
13040,0.0001256389847131391
13041,0.004052427283401229
13042,0.000247469557440941
13043,0.00040147563846508385
13044,0.00036518470612237054
13045,0.0023597928090598073
13046,0.0010160287752254706
13047,0.0002729946030619312
13048,0.017080769391174977
13049,0.0014754555235151584
13050,0.033200457978283804
13051,0.0005695748112506832
13052,0.06296536782328328
13053,0.00031075777871528674
13054,0.01981256199060565
13055,0.0027016586244104743
13056,0.004020259770487901
13057,0.0004795064744110717
13058,0.0007279159510501603
13059,0.00023710298966482572
13060,0.000801640801316531
13061,0.6313047857259912
13062,0.000373057192764187
13063,0.0004684184166178367
13064,0.00020530001033460142
13065,0.0007669254233881883
13066,0.07764633203131426
13067,0.00036599017605508453
13068,0.000257164343537288
13069,0.0001224902130037005
13070,0.00011071002667595374
13071,0.0003250352876520264
13072,0.00025760177494918906
13073,0.00023875825118512304
13074,0.008621494471232023
13075,0.002276055288313408
13076,0.0002647958330352528
13077,0.004496668129049844
13078,0.0002468049039551044
13079,0.10267548427315594
13080,9.323922694746964e-05
13081,9.696865787325508e-05
13082,0.0004886043656788282
13083,0.00022214693987726358
13084,0.00031824996846877945
13085,0.0002936525369333668
13086,0.008122238839396587
13087,0.00032296112734228177
13088,0.005835339178750841
13089,0.00015137625335129128
13090,0.00031327779627937554
13091,0.00026164423039846
13092,0.00010915313560639305
13093,0.14847495349241052
13094,0.0006706885134512245
13095,0.0002684854409126023
13096,0.000990011606016369
13097,0.004957834273550549
13098,0.00501573019139367
13099,0.0030272888947339817
13100,0.0003635786084560913
13101,0.00010115026596277804
13102,0.00013414796650134498
13103,0.18448727633503648
13104,0.00015101445447347645
13105,0.00016670016254484736
13106,0.00012104146315394789
13107,0.026738889763897107
13108,0.004932894116635655
13109,0.00024148406979178274
13110,0.003515032946289778
13111,0.0015109789890294315
13112,0.008329670332060649
13113,0.5662124378896378
13114,0.0005004384817830929
13115,0.0013980323111739436
13116,8.778030547035377e-05
13117,0.0003674128737046738
13118,0.006022844630237711
13119,0.00016657294874687856
13120,0.0002954870951399856
13121,0.0003173655252056177
13122,0.002704995881895301
13123,0.00013855328577626198
13124,0.0001604073884710039
13125,0.0002781338021421233
13126,0.010028736678919736
13127,0.00013813647593477149
13128,0.010938906674520691
13129,0.0002617607266704084
13130,0.0002824065876533124
13131,0.02559126776091198
13132,0.26949819970303424
13133,0.06250358773328633
13134,0.058559731986824445
13135,0.0014331153473618494
13136,0.0003884608723492566
13137,0.0006497314962626734
13138,0.00011247799306987395
13139,0.00016180794163422494
13140,0.000687193695392224
13141,0.00045245088588356233
13142,0.005253257955854878
13143,9.190295655613305e-05
13144,0.0007764078364699124
13145,0.0007297605495515997
13146,0.0002632823107572985
13147,0.003030773801752173
13148,0.02662348835551382
13149,0.00021262436105167287
13150,0.00031785972375774095
13151,0.0003554977866144328
13152,9.92481339425662e-05
13153,0.0006725827007650114
13154,0.0010323250560761057
13155,0.0006560532256756946
13156,0.0033292436222341877
13157,0.0003093105367905415
13158,0.23289128315443577
13159,0.014519136310870345
13160,0.0017708895473034277
13161,0.0012735580635002896
13162,0.00021985392416800986
13163,0.0004942301886349641
13164,0.0004416999691020658
13165,0.0002739310760865093
13166,0.00012310651668196202
13167,0.0001644282841692135
13168,0.0009555256473924251
13169,0.000273869003905929
13170,0.000255242230020522
13171,0.0002518315824605039
13172,0.0003203792428958417
13173,0.0002971363194053902
13174,0.002106007857741883
13175,0.0001762950896264789
13176,0.00043796501243795183
13177,0.0003341596610634941
13178,0.00018726696248323125
13179,0.000625944104305277
13180,0.00024847560822523955
13181,0.00037691931321929867
13182,0.00025323025298558134
13183,0.0003421898726177292
13184,0.00029975164847737093
13185,0.18401303026224328
13186,0.04400494995444737
13187,0.0005876249746353759
13188,8.298847265145244e-05
13189,0.00028356382486208854
13190,0.0001404475762693005
13191,0.00011382550007781134
13192,0.00034302277661506524
13193,0.00021557235002530673
13194,0.1860625065678787
13195,0.05895938968999428
13196,0.00019650086686004656
13197,0.0011821379138032178
13198,0.0003702506135250355
13199,0.00021104986344008136
13200,0.010661666903772939
13201,0.000680589789266735
13202,0.00022789953501777156
13203,0.00032418938450519267
13204,0.000540305101926433
13205,0.00037590263768875137
13206,0.00010417844726969908
13207,0.003778951090519901
13208,0.0006484363480663856
13209,0.0007322792271481937
13210,0.0019217730193606714
13211,0.00014817710399914473
13212,0.0001422548727440693
13213,0.0004404301592780575
13214,0.18785476316789232
13215,0.00013829364289080266
13216,0.001300044821941022
13217,0.0021872747216047507
13218,0.00028797468479925813
13219,0.00036192100451592503
13220,0.008715927971960611
13221,0.01937853097995357
13222,0.0012130845796782335
13223,0.0002951989718676505
13224,0.0004176330567693011
13225,0.0002041706677011236
13226,0.0002133836029750999
13227,0.0003604840256285377
13228,0.00015970781146296408
13229,0.0003501847394878166
13230,0.0004254334189789068
13231,0.0003537999288831524
13232,0.0003857738768713157
13233,0.0006153880099203802
13234,0.0012127589411864454
13235,0.0006903616777693273
13236,0.01147426643661501
13237,0.00023549951223942296
13238,0.0025599863148526216
13239,0.0002770194326205205
13240,0.09946541647576582
13241,0.0005937669138493376
13242,0.001552790379143558
13243,0.002779558678189483
13244,0.0001300844210471069
13245,0.0006546688645534785
13246,0.0006511423169586797
13247,0.00015983828632120796
13248,0.0001582809290332651
13249,0.00038947678065954106
13250,0.0023574968320885397
13251,0.00046165628828170776
13252,0.0002559965250499215
13253,0.0007439837526581448
13254,0.00014562090594713887
13255,0.00015847303325181234
13256,0.02873202114294986
13257,0.009523209883546614
13258,0.00012307786048440031
13259,0.0001600160385877725
13260,0.0006443830708015694
13261,0.0003180581962142277
13262,0.0022068881384090257
13263,0.0008563519725756861
13264,0.00020036402584288552
13265,0.00014431779148252436
13266,0.00034333508233413886
13267,0.00015212956910932467
13268,0.0007619215815984944
13269,0.05384321393811341
13270,0.0006307319920446198
13271,0.0003354294288742411
13272,0.0007182632296398682
13273,0.00213814705818135
13274,0.0003475341011968419
13275,0.00022255126723981942
13276,0.0002725997680559752
13277,0.0003298618007441893
13278,0.00037777907474419474
13279,0.0003102475420975858
13280,0.0002794977572354358
13281,0.0003878845554647228
13282,0.0001158368624945287
13283,0.0005781825434590692
13284,0.0001752629638852807
13285,0.0012271193297004666
13286,0.0001982715024582857
13287,0.0076130067872536315
13288,0.000996930860207613
13289,0.0007500699929684055
13290,0.0004833253496738207
13291,0.00026247197924281267
13292,0.0003035525405625555
13293,0.0003058783164146432
13294,9.485787669158841e-05
13295,0.00435842716144449
13296,0.0002083149364451892
13297,0.000862692744101472
13298,0.0003640492672952659
13299,0.00013753839032794578
13300,0.0002523455524634624
13301,0.0004161407892092969
13302,0.0005766263457728101
13303,0.00013786530061751318
13304,0.0003586399749199334
13305,0.0001531449326012501
13306,0.0002458423658308744
13307,0.0002883214465612202
13308,0.0018286913354573602
13309,0.009562114387207768
13310,0.0003192654396645626
13311,0.022183387918987683
13312,0.00029681098186021683
13313,0.00025876837506154984
13314,0.00030099934228640705
13315,0.0003185151727286177
13316,0.00016242985970890637
13317,0.0001768293527203373
13318,0.0036759174276968553
13319,0.00028676426460380323
13320,0.00029664530318383725
13321,0.0002642123229033548
13322,0.0006714220318827202
13323,0.0002502308480479092
13324,0.0002459184444619341
13325,0.0003175980051535603
13326,0.009192943211517306
13327,0.002680739653655123
13328,0.000423741490063781
13329,0.00010001776904197838
13330,0.0004139819062438222
13331,8.928677005852527e-05
13332,0.01377142317115634
13333,0.0004944886012942948
13334,0.00015404956350161355
13335,0.004230268407375797
13336,0.00013171814715935118
13337,9.709157477422735e-05
13338,0.07198796986239528
13339,0.00023985676794407155
13340,0.00037801685123399736
13341,0.001436734053947027
13342,0.000453685141225901
13343,0.001955569463273062
13344,0.00028628886704198237
13345,0.00024593374580804764
13346,0.00022270172147661216
13347,0.0003549225557556261
13348,0.07225869859312031
13349,0.0004353229553281674
13350,0.00019042947624584044
13351,0.00024443866760886883
13352,0.00013691849769721106
13353,9.252574298115707e-05
13354,0.00010476463726339711
13355,0.0002659212990333179
13356,0.0003339608543324291
13357,0.00010437976116387044
13358,0.00032954456557226093
13359,9.172282010179123e-05
13360,0.0009300625125293725
13361,0.00044556608713568793
13362,0.0002597269435384991
13363,0.00010909735270865181
13364,0.0017316084603360815
13365,0.0010686177523560355
13366,0.00014135935797304414
13367,0.00027972796889479373
13368,0.0003509801270670771
13369,0.00992111190694947
13370,0.00025587183817825257
13371,0.00030321692377095207
13372,0.007277382241270278
13373,0.001931790792237768
13374,0.00039704254885205675
13375,9.924849267575062e-05
13376,0.016815439531749698
13377,0.0007416058940319539
13378,0.05535427448302386
13379,0.00011896923515725618
13380,0.00018122122708422807
13381,0.00010928916713051322
13382,0.0002776964590286572
13383,0.0001387884420413747
13384,0.0009247729060685959
13385,0.0016738269088974508
13386,0.00947048071489833
13387,0.00030516183685330245
13388,0.0133462973588034
13389,0.02132612936036338
13390,0.24108083882158163
13391,0.00023674870294324002
13392,0.003074401810365991
13393,9.705481472316692e-05
13394,0.00027826387368944843
13395,0.0002160319545403661
13396,0.00012530736903127514
13397,0.0002371495549885679
13398,0.00033074115419803163
13399,0.00013550667183933135
13400,0.0004577424991978802
13401,0.0006715649692954018
13402,0.0006199122894133937
13403,0.00043292986202453175
13404,0.002121317697946955
13405,0.00039737423662167373
13406,9.959858966058638e-05
13407,0.0003358851471945829
13408,0.0003379655741813694
13409,0.00038048089752128515
13410,0.0001226630152272884
13411,0.003110744276039026
13412,0.021701080573579938
13413,0.00014481158093406854
13414,0.00013763751464742558
13415,0.00020869254730397548
13416,0.00040563198761449457
13417,0.008229142975772211
13418,0.0003866264960794877
13419,0.0003567905778692697
13420,0.00010927190377203772
13421,0.00031052097516226463
13422,0.0001445436840815033
13423,0.00029137525775262943
13424,0.0002718622608469119
13425,0.01023696702662993
13426,0.00334707706754847
13427,0.00011112929840046333
13428,0.0004824298388749058
13429,0.00022020130270573477
13430,0.0003919044738427922
13431,0.00029435508144615125
13432,0.0002251551507043086
13433,0.0003104827208423404
13434,0.002776532861546356
13435,0.00023741924619267416
13436,9.255819332331964e-05
13437,0.0032107868041434387
13438,0.0002558093871844595
13439,0.00031988636617392947
13440,0.00043953305033010503
13441,0.000686107670025276
13442,0.00016780464062392443
13443,0.0008568201637671159
13444,0.013598212704994232
13445,0.000263263797610329
13446,0.1094996328049999
13447,0.00036428013189176956
13448,0.00037892279372521464
13449,0.004286798507620981
13450,0.0021010706204161035
13451,0.00018220739323116897
13452,0.0002966947566739347
13453,0.00035409250437195606
13454,0.01340021518773998
13455,0.021546003596189158
13456,0.0037333927088912195
13457,0.00035874800744878447
13458,0.0001514888356358266
13459,0.00012685461524453878
13460,0.016405329306124216
13461,0.00028059663308093255
13462,0.00028405264497609225
13463,0.0002588321837302798
13464,0.00034451891988749586
13465,0.00014827001255149672
13466,0.00011054745911481998
13467,0.0011194020369418409
13468,0.0003669774699410172
13469,0.00031360924609230567
13470,0.00023091497059748263
13471,0.00023622980964986182
13472,0.0001533890884859825
13473,0.00035475903588854166
13474,0.00025085507235211814
13475,0.00025560641647973126
13476,0.0002675733690268266
13477,0.001149042759644342
13478,0.00035308042766416014
13479,0.0005899043615071981
13480,0.0029102376753908595
13481,0.00038824975720638116
13482,0.0003316661818298206
13483,0.0015730751521971919
13484,0.004080873016034032
13485,0.038056150815414004
13486,0.0003923338129998038
13487,0.000332234436254385
13488,0.0002456894719473365
13489,0.000330997817938366
13490,0.00013723776185182312
13491,0.00040310102299453163
13492,0.00029263506707542385
13493,0.0005910036096942104
13494,0.0002970406308987552
13495,0.00015304596479054095
13496,0.000581819379498177
13497,0.0002716098174143128
13498,0.006491901843290406
13499,0.0010419595064742506
13500,0.0003959641038668452
13501,0.0002742556720461242
13502,0.0002532209536694639
13503,0.00031122299678732775
13504,0.0005959407688715919
13505,0.00018686804859046734
13506,0.023711649465930244
13507,0.0003624832387306559
13508,0.00024595512023232595
13509,0.00030965609856998936
13510,0.0002790055250351634
13511,0.0003389561322540807
13512,0.0005060885926767977
13513,0.0002649180886586238
13514,0.00029729499662947055
13515,0.002541040149879683
13516,0.0002404322105746362
13517,0.00027021486482720297
13518,0.002176087929535143
13519,0.0003663195751064558
13520,0.0004993306734431573
13521,0.00022718145292936745
13522,0.0003423798878501762
13523,0.0001876279198099782
13524,0.00020758671770776632
13525,0.0001109990879647783
13526,0.00027727972121460053
13527,0.00021794589767413827
13528,0.00025445886012341053
13529,0.00029734001398674167
13530,0.00028007912208836494
13531,0.0005921473692721675
13532,0.0005868572448021235
13533,0.00016910822015723446
13534,0.00036624483402676567
13535,0.0007398778623492844
13536,0.0001336106569328219
13537,0.00016639044824102745
13538,7.977207685564637e-05
13539,7.708287606987478e-05
13540,0.00034255647712247233
13541,8.093286508132677e-05
13542,9.47769512953402e-05
13543,8.771678625231095e-05
13544,0.00016032952471696965
13545,0.0001059810217178466
13546,0.00010552875018220395
13547,9.683784316669203e-05
13548,8.4077992506426e-05
13549,0.0002431694671423779
13550,9.977963397820452e-05
13551,0.0009427187763846672
13552,9.644544194276101e-05
13553,0.00016368655759178423
13554,0.0025064170783770856
13555,8.129752782582171e-05
13556,0.0007647982664815986
13557,0.0001524670590455081
13558,0.001975659346123871
13559,0.0005921620036886767
13560,0.013778586781944147
13561,0.020440710915850473
13562,0.004203447485546546
13563,0.00019505066146054164
13564,0.0002394878563881775
13565,0.0010949047954262013
13566,0.0007910114675748373
13567,8.14380029635561e-05
13568,0.00011553654651332938
13569,7.945033728986599e-05
13570,0.0001456475604079286
13571,0.0032198381878365
13572,0.00036529121470590725
13573,0.0001094442553537409
13574,0.00010723558313580878
13575,0.0002627713439670072
13576,0.0001488302466665938
13577,0.00014385538228625292
13578,0.0023245263954296707
13579,0.00016242745869952802
13580,0.00015614005513287925
13581,9.504499803374374e-05
13582,0.00031712328892803183
13583,0.0024812907543746614
13584,0.0021760476776818602
13585,0.00010369442806872072
13586,0.0019925281360784757
13587,0.0002714526610780424
13588,7.895601102805599e-05
13589,0.00013735641581784984
13590,0.00010530035047056979
13591,0.00010340465442088352
13592,8.975773745726335e-05
13593,8.113095999894447e-05
13594,0.00016648054681565986
13595,0.00013710858123150107
13596,0.0025717905562974057
13597,0.0015952017034489246
13598,0.00010209872430871172
13599,9.47272676860904e-05
13600,0.003375109770561137
13601,0.00015577759009266718
13602,0.00015067006331049762
13603,8.178608563110509e-05
13604,0.0038043977789715875
13605,0.00010369924166994252
13606,0.00012154133816046791
13607,0.03468396626100843
13608,0.0073903859040186344
13609,7.980072813184909e-05
13610,9.750540150631968e-05
13611,0.0005429451242436042
13612,0.007562641703139814
13613,0.0002552865648989264
13614,0.0006400030021576307
13615,0.005187714509037669
13616,0.00011343637774543068
13617,0.00014409334689830856
13618,8.158588552988508e-05
13619,9.990108601445378e-05
13620,8.892343126706777e-05
13621,0.00012088133277461546
13622,0.00030856724454273626
13623,0.00011128151573546769
13624,0.00033925580727884545
13625,0.00010022937404881771
13626,0.008683621720787125
13627,0.0028253755619984783
13628,0.0008878241379450364
13629,0.00018368348814198614
13630,0.0001619567715917371
13631,0.00014398128050739376
13632,0.0002668589386698156
13633,0.00038769663776182847
13634,0.002615908069505292
13635,0.023744245624862458
13636,0.004056355646803881
13637,0.00010592565348206517
13638,0.00046377054040955094
13639,0.0022909235942777917
13640,0.00012406196502925135
13641,0.00028790363245672696
13642,0.0002611770106518951
13643,0.00012290309086064518
13644,0.0071635744860036685
13645,0.006401802848640785
13646,0.0001075751597485811
13647,0.00013706548801184422
13648,0.0002522998928160122
13649,0.0005358016166408071
13650,0.017710751330620556
13651,0.013727253182449403
13652,0.0013688476287745746
13653,0.003163373625078973
13654,8.44551046717772e-05
13655,0.004543562231983679
13656,0.0001238754518404139
13657,0.00017627833530337928
13658,0.0008138522698135636
13659,0.00012485482928415017
13660,0.002596026883206204
13661,0.0007460550761556008
13662,0.00019577026943991488
13663,0.0023823711377449408
13664,0.0005130643353258937
13665,0.00022721049099613415
13666,0.0003700965571114266
13667,0.00018401269576586682
13668,9.774509725173739e-05
13669,0.0031051767846251416
13670,0.0008536384422072607
13671,0.0002881471501464337
13672,0.00021535266817825972
13673,0.026695409244059953
13674,0.018241037924095392
13675,8.94325681514082e-05
13676,0.00010691919633630046
13677,0.00011563391391960973
13678,0.0001795087215427092
13679,0.00248208786247078
13680,0.00013112596060444503
13681,0.0007609798700909594
13682,0.03052672245730335
13683,0.0019770188289300115
13684,0.008260381185013956
13685,0.0002986727647077181
13686,0.0014508684398192842
13687,0.00228281517617233
13688,0.0006380556718084562
13689,0.0001375349585448046
13690,0.0009280930107776218
13691,0.0033150333413757777
13692,0.00014485791193430782
13693,9.655492872089554e-05
13694,9.817770938830624e-05
13695,0.00012193978008643044
13696,0.00017569194347028018
13697,0.0002359668575883931
13698,0.0002099399705894638
13699,0.00020235875840158868
13700,0.003749329554157728
13701,0.0001311268475042933
13702,0.00027056643087330267
13703,9.410839520654922e-05
13704,0.00010279146325871666
13705,0.00010450931516660122
13706,0.0037023635178349648
13707,9.637528505238222e-05
13708,8.793163266129893e-05
13709,0.00010069140403878912
13710,0.0002886611496054177
13711,0.0002907358485155164
13712,0.0002183592602209606
13713,0.00026083865572360226
13714,0.06156105203794069
13715,0.07257506916692154
13716,0.00099447614874789
13717,0.0009168009974813476
13718,0.011222737816797074
13719,0.0003152480092670291
13720,9.591741394854239e-05
13721,0.0007988426604472263
13722,0.005785653460608044
13723,0.0005103106192740332
13724,0.002754788610643074
13725,0.0007322901404725371
13726,0.00011610477187324093
13727,0.0008746775160923205
13728,0.0002368921335596862
13729,0.0002359408295525769
13730,0.009195180987395465
13731,0.0010931876189862303
13732,0.0003153489095657527
13733,0.000275742903834067
13734,0.0026713285706016473
13735,0.00011503698377393165
13736,0.00015840752046897944
13737,0.004433493562601145
13738,8.107942339537002e-05
13739,0.0005788401019885669
13740,0.0008625844380235871
13741,0.0031212822545488893
13742,8.897547574448066e-05
13743,0.00010864429104632091
13744,0.0013039229166925718
13745,0.0007436792674345458
13746,0.0010181900558696038
13747,0.00013074075857406393
13748,9.953406306070301e-05
13749,0.00010421335231491097
13750,0.00019224649027771882
13751,0.00016574727990325126
13752,0.028746535925213822
13753,0.00037200876863384554
13754,0.0005414433814050371
13755,0.00730399462721564
13756,0.0009080378054454582
13757,0.03801666469935515
13758,0.0003041333843703501
13759,0.0043357321533796876
13760,0.00014802787866638958
13761,0.007014551329628494
13762,0.0003214909202632829
13763,0.0018607477052154438
13764,0.00010708746616528407
13765,0.00014101954352026662
13766,0.00027147553251681745
13767,0.0031895469784941483
13768,0.0021803105342625326
13769,8.615782359647037e-05
13770,0.00010530688815625394
13771,0.0001022819072188518
13772,0.004018773828961424
13773,0.007026418382986631
13774,0.0006095584732664555
13775,0.00012330984000121105
13776,0.003610389849506878
13777,0.010079722848367657
13778,0.044594414665436725
13779,9.480972826166913e-05
13780,9.65028337537474e-05
13781,0.000114810070200419
13782,0.0024371202045320563
13783,0.002966346860616932
13784,0.004097372299197957
13785,9.646281951511542e-05
13786,0.00014220580063050104
13787,0.0004607058141441396
13788,8.077289421035578e-05
13789,0.00025028818121171896
13790,0.00043861371716435527
13791,0.0005261589167058822
13792,0.0008155226359532756
13793,0.032314472928304125
13794,0.006252763838522558
13795,0.0008146795018237243
13796,0.004818786552666019
13797,0.00014761101639465478
13798,0.0004088785456220835
13799,0.00012353697475230322
13800,0.00014887422363869172
13801,0.00012596074217052097
13802,0.0009586006146261898
13803,0.00014277468854420903
13804,0.012981767394544352
13805,0.0002892662212579123
13806,0.0011995838571621808
13807,0.0002870336495840257
13808,0.00015481155082700554
13809,0.004018804625643425
13810,0.0001243274417025834
13811,0.00011619729308244686
13812,0.006571206771324001
13813,0.0006702454395992724
13814,0.0018431571241613043
13815,0.0029914031007268033
13816,9.934252872384377e-05
13817,9.957356262252942e-05
13818,0.00014623858776763264
13819,0.00018458865763990216
13820,0.00010398740260345598
13821,0.00010294562685330455
13822,0.00011556648228293227
13823,0.00016078299427320762
13824,0.00019617359962365174
13825,0.00015932016125971377
13826,0.044902474933753246
13827,0.0001651519782691901
13828,0.0012170547299713127
13829,0.00048177957681400227
13830,0.006386813812433162
13831,0.001232664345564192
13832,0.012138636602935318
13833,9.508036332932132e-05
13834,0.000213605063351241
13835,0.00022430255459318142
13836,0.022824137041700405
13837,0.00720924731349524
13838,0.012368510802941119
13839,0.00016885819063000037
13840,0.00016123970616461428
13841,0.00029776463638893846
13842,0.8966242417938599
13843,0.00260478414609248
13844,0.00025071741302530847
13845,0.00028130862151692844
13846,0.004149809685004753
13847,0.0001737415575727458
13848,0.0003541285538674964
13849,0.03937471763600375
13850,0.0123937414166126
13851,0.025918929111045867
13852,0.00010174383894415809
13853,9.180232610995627e-05
13854,9.943236587595797e-05
13855,9.592923209881736e-05
13856,0.0003091168633309822
13857,0.004537957326471306
13858,0.00010291579514030778
13859,0.0002460089288898256
13860,0.016281212348919685
13861,0.00013124094649737264
13862,0.00014304825792973614
13863,0.0044501824121312575
13864,0.0872712971960288
13865,0.00029773927898150466
13866,0.00030926024898098525
13867,0.0001075702096582837
13868,0.0003581644272220763
13869,0.0004077549862382322
13870,0.0010491412542634367
13871,0.00015414957616870415
13872,0.000535313761428661
13873,0.00017573225231481973
13874,0.0003162214257298941
13875,0.002988004446209447
13876,0.0010299366846213145
13877,0.000145085888973167
13878,0.0003104947860337073
13879,0.0001763396025170564
13880,0.00031283852205751486
13881,0.0016689180946149787
13882,0.010307726348353327
13883,9.344953062281761e-05
13884,0.00018364127638928522
13885,0.0015289777534066792
13886,0.00016229996683591775
13887,0.0016688683973742555
13888,0.007440680083249296
13889,0.00012085134793449067
13890,0.009760705442235198
13891,0.0004916982838940496
13892,0.0004353892316136262
13893,0.0002558071361020279
13894,0.0036461003872346556
13895,0.0027416504387823637
13896,0.023846609894205555
13897,0.003547404981487752
13898,0.0004914910298379177
13899,0.0001174150017180315
13900,0.0062708212017467315
13901,0.001862686976333921
13902,0.00011381777864567835
13903,0.014199777573673142
13904,0.012610324639155516
13905,9.036898801652513e-05
13906,9.010185095889483e-05
13907,0.005632060524108192
13908,0.0003482880735250619
13909,0.00043952634961516595
13910,0.00019254266721295462
13911,0.019242955681395786
13912,0.0002316498567817101
13913,0.0016082361777758508
13914,0.0004230813330065395
13915,0.002359122481946939
13916,0.004951716305173975
13917,0.00022392130343260635
13918,0.0001532088932289779
13919,0.00036214019684469766
13920,0.0006705886301762911
13921,0.001153520346021956
13922,0.0001175907465824294
13923,0.0005246090012565086
13924,0.002544041181846664
13925,0.002728544940105907
13926,0.00011524820028378484
13927,0.0003122264569868563
13928,0.00018709011837336425
13929,0.001479458433487935
13930,9.512236673645543e-05
13931,0.00016606330226806408
13932,0.0033346084996883863
13933,0.0003109275492423514
13934,9.348430774398496e-05
13935,0.14809076926973416
13936,0.02702121961058343
13937,0.0006627327298170079
13938,0.00045224102735842204
13939,0.004321464293596791
13940,0.0014836227312491226
13941,0.00043471418183412225
13942,0.0003975521244248559
13943,0.014524439064740763
13944,0.0004312617747560136
13945,0.0034967355721450682
13946,0.0003401986660474807
13947,0.00013719357340903632
13948,0.03358411276315727
13949,0.00011005512923886432
13950,0.0001950274156749883
13951,0.001122032218225383
13952,0.0015582295152584485
13953,0.00015311241718055847
13954,0.002827106875555762
13955,0.00027943086002421043
13956,0.0007077042519763154
13957,0.00016710983610527974
13958,0.012982862253762707
13959,0.021975627972627317
13960,0.0033896995939107833
13961,0.008906669337727586
13962,0.00016288030902269983
13963,0.00047265773509722297
13964,0.00016204262488762688
13965,0.0001367631337898721
13966,9.781979146275096e-05
13967,0.14469384844359925
13968,0.0009348946127958793
13969,0.0008019542833565199
13970,0.0006075186159741998
13971,0.00016252921955765454
13972,0.013953868645162052
13973,0.02855235295340397
13974,0.0002544125190056856
13975,0.00033031885467444153
13976,0.0024816007554081467
13977,0.01467447858090887
13978,0.01570905576280396
13979,0.00024968242682860955
13980,0.00019444691057493872
13981,0.00031095403226818325
13982,0.00012265842518346457
13983,0.00013654914442449333
13984,0.0011925383640754713
13985,0.0014453691398258063
13986,8.70346061092303e-05
13987,9.625491874495592e-05
13988,0.00856733276521647
13989,0.00010146578430683708
13990,0.0030600624631783456
13991,0.007480279868597636
13992,0.0007161189538763718
13993,0.0001172475026050599
13994,0.012122961910488894
13995,0.00612640985589125
13996,0.0004684348917808918
13997,0.014732903802845296
13998,9.875775630832741e-05
13999,9.163780308074525e-05
14000,0.005897143614601966
14001,0.004263035827471021
14002,0.00028222696167784603
14003,0.00041200434511761325
14004,0.0006908826345885936
14005,0.00025786175908891864
14006,0.0001981771310797152
14007,9.22336645384135e-05
14008,0.00021597417446505307
14009,0.0014618960308029315
14010,0.018880381919606913
14011,0.0004259850248109642
14012,0.011501169620368382
14013,0.00624420283624017
14014,0.00013410717705499367
14015,0.0036715480638766533
14016,0.003332008490041058
14017,0.00035392569037634794
14018,0.0007134847785738688
14019,0.0006157941492142827
14020,0.0001943270354899423
14021,0.00010987865020807729
14022,0.00010676460040049383
14023,0.0012233976142881492
14024,0.0006051105256231592
14025,0.00010389854640876378
14026,0.00029768503913967957
14027,0.021291446764076134
14028,0.0460718662176283
14029,0.0015214121189788914
14030,0.00013555113479446715
14031,9.928831180773e-05
14032,0.005868778250133962
14033,0.0004458306339808904
14034,0.0004997308987214767
14035,0.009958068154547943
14036,0.000114477870083586
14037,0.0001285298875843356
14038,0.0017790190842278918
14039,0.029727328805207363
14040,0.0002788036085761931
14041,0.00033794636211684985
14042,0.006111392214347295
14043,0.0035973572835757946
14044,0.0006008200793471187
14045,0.0021975227256698397
14046,0.00015413154116832687
14047,0.00229798329868321
14048,0.016730227352495523
14049,0.0010207851980930764
14050,8.79630784646314e-05
14051,0.03577050306879815
14052,0.00020639782491954677
14053,0.00015136570358892092
14054,0.027930548095034185
14055,0.00013736703963175258
14056,0.00036371180084109517
14057,0.0014373546446421587
14058,0.0001999201863207118
14059,0.00032766422349494
14060,0.002037215966873911
14061,0.029690241613813107
14062,0.00014050202600833576
14063,0.004639506261640751
14064,0.06156479210961615
14065,0.011450536722345837
14066,0.0001509505438694006
14067,0.00017169640822823062
14068,0.17238365226345526
14069,0.002632158783820259
14070,0.00014530711866444736
14071,0.00014048509730707563
14072,0.00015861051760199062
14073,9.877109008878639e-05
14074,0.00010730845645537848
14075,0.0030422293888930523
14076,0.00020878032832790755
14077,0.00013440503982944794
14078,0.00010008710248256523
14079,0.00010389823332964639
14080,8.586890992491145e-05
14081,0.012242210923805903
14082,0.004572579182576111
14083,0.0003620001277785284
14084,0.010993654494204929
14085,0.00012927555865765555
14086,0.0009321976927453631
14087,0.007528915494810963
14088,0.007477684860954084
14089,0.00023756609919505905
14090,0.00011156969054975281
14091,9.991109962402085e-05
14092,0.01776347355797559
14093,0.024290803439026336
14094,0.0009745975617566599
14095,0.0001397987906280993
14096,0.0006404400337879656
14097,0.00011106239071935447
14098,0.00825626442456424
14099,0.012259897362406373
14100,0.0894985549008875
14101,0.000818259793474722
14102,0.00012785199402766948
14103,0.0001775676600615286
14104,0.0053395370268530095
14105,0.00047216751578299033
14106,0.000400583602310404
14107,0.00022370884267110272
14108,0.0002930958091006157
14109,0.009020283076346395
14110,0.000502893989688517
14111,0.0018851990610634756
14112,0.0001861180139688279
14113,0.00224819363170102
14114,0.00026436674032612954
14115,0.0004626090367389769
14116,0.001456164120202507
14117,0.00015049246489131274
14118,0.0026354088390366784
14119,0.0006943001152340243
14120,0.0005273928942315906
14121,0.04134817220885852
14122,9.322131536393346e-05
14123,0.0001229134312118253
14124,0.00013676277373815137
14125,0.023661878187292155
14126,0.00020597648239762791
14127,0.00033238738336782497
14128,0.00014476728397970587
14129,0.0007488272990527746
14130,9.069600847424251e-05
14131,0.0002628338644018236
14132,0.015814014164604557
14133,0.00010273021085663177
14134,0.0001005258193286453
14135,0.009910666944433915
14136,0.00017087751696467964
14137,0.00048536929083575243
14138,0.01072994011785759
14139,0.00017129543696468456
14140,0.0010449591583408524
14141,0.0003217557709006672
14142,0.0016580661822800272
14143,8.913672961237317e-05
14144,0.00025764351390192004
14145,0.00035142648825523817
14146,0.00010529733851314164
14147,0.0020883648548386726
14148,9.404202777235499e-05
14149,0.0068597579380791154
14150,0.0005719416515931421
14151,0.000344958681136439
14152,0.00017744780873458184
14153,0.00016101736172073345
14154,0.00015880112101004134
14155,0.00011039690288284099
14156,0.0002086686877822202
14157,0.00024075195762657256
14158,0.00985543460397744
14159,0.012553097702653957
14160,0.0008193878620348871
14161,0.0008857362807171947
14162,0.00021159464440213385
14163,9.802419574255852e-05
14164,0.00028887820373792617
14165,0.0012718056538042742
14166,0.0001536255918919354
14167,0.0022315782044822078
14168,0.00021925783524034715
14169,0.00014741113685369034
14170,0.0002857823910179131
14171,0.0001398312769659579
14172,0.00016018201553154304
14173,0.003131374804086131
14174,0.0003361729650442186
14175,0.004027421713834803
14176,0.0006945959695616417
14177,0.0010261039771903594
14178,0.00024165494859309638
14179,0.005263026222130783
14180,0.0005364000835516542
14181,0.0031057670899113194
14182,0.0008502809179217153
14183,0.019557116407205536
14184,0.0005412860909223647
14185,0.0007205695954579806
14186,0.00018238214851865688
14187,0.0014285575785667579
14188,0.0020878038690212023
14189,0.021495343332486337
14190,0.00020033162393322552
14191,0.003498582238155248
14192,0.002551421073401116
14193,0.002052652390204751
14194,0.10553639171605042
14195,0.003055678734361607
14196,0.0034017487104217163
14197,0.00254911286867228
14198,0.0006008334041581482
14199,0.0043726712689275814
14200,0.0070197136755393895
14201,0.009676002540097893
14202,0.0002392217839207624
14203,0.00028963445222114127
14204,0.0016861268567658198
14205,0.0002022139798258854
14206,0.0030286885818871486
14207,0.0019703108087443895
14208,0.00014083925209507628
14209,0.017867805675923575
14210,0.0004532092209077433
14211,0.00011824867101157531
14212,0.0006690313470995608
14213,0.0005417283155551009
14214,0.0001589345157137542
14215,0.009028305026772323
14216,0.00016355776313564178
14217,0.004371034641296153
14218,0.07723110024004191
14219,0.00018471521808792804
14220,0.00010093361766846153
14221,0.00017162173681268484
14222,0.0036755026457562347
14223,0.015911732052049488
14224,0.0003591338990017865
14225,0.0012397864712669845
14226,0.0007786724238426012
14227,0.0034642967024265275
14228,0.001965824222885549
14229,0.002467220024042695
14230,0.00018116166316879976
14231,0.022039944518485916
14232,0.002025268794859495
14233,0.0006573766939171252
14234,0.0003915794656457063
14235,0.042646984013476226
14236,0.01582972664177932
14237,0.0010066644197302562
14238,0.0007884430683892177
14239,0.00011568350804167445
14240,0.0001047809470084894
14241,0.00978320827646591
14242,0.0011376365459849606
14243,0.027780715385512446
14244,0.1023038918360587
14245,0.0003781450500687349
14246,0.003056080873066603
14247,0.0003903344454070088
14248,0.00011905156001270085
14249,0.00244980625425541
14250,0.0007004719052204785
14251,0.0009076109677732975
14252,0.00014818990051154976
14253,0.00015951958564475746
14254,0.09003959596927429
14255,0.011517915401309833
14256,0.010482335200240289
14257,0.0007057650083488571
14258,0.0001711195368621988
14259,0.0001383435194223595
14260,8.826630812916067e-05
14261,0.005130543065585206
14262,0.003595274358974732
14263,0.00036714166001048656
14264,0.00013016455808625082
14265,0.001771966874952039
14266,0.003641287556568777
14267,0.00012799416053992395
14268,0.00037023066912027794
14269,0.0001604403837581535
14270,0.01945625141620654
14271,0.00015397626232544506
14272,0.00012900241324083993
14273,0.00012720149110681327
14274,0.01146210387162712
14275,0.0003199274844733151
14276,0.00016448382276432368
14277,0.26829090396090327
14278,0.0006118219420714998
14279,0.00018857284883549806
14280,0.0006848840511871083
14281,0.008571512020040003
14282,0.0032916868367240865
14283,0.00013675828216592803
14284,0.0003746482968040996
14285,0.0007380004852763417
14286,0.0007218553931629254
14287,0.00011332980737310708
14288,0.055352483955091104
14289,0.0001358533970570776
14290,0.0001662122135948218
14291,0.00016824029721269505
14292,0.09366280812929376
14293,0.0001013695914801243
14294,0.00016253255260906938
14295,0.00048684344945390675
14296,0.0007011758351910407
14297,0.06457141610112241
14298,0.00010201565192377904
14299,0.00041270926469226445
14300,0.0007944432021813391
14301,0.029687818983777037
14302,0.0005244670976020187
14303,0.00015877371556226156
14304,0.024254868421562575
14305,0.00012684616249371712
14306,0.0015183117061931943
14307,0.12537206560076603
14308,0.0091671022344212
14309,0.003866713343328216
14310,0.00015322481644428225
14311,0.0010697797334327018
14312,0.0005668781435435664
14313,0.00015623599307164302
14314,0.000829226174993971
14315,0.003714234430429797
14316,0.007329467388340881
14317,0.00012943093853885805
14318,0.00033149604244624945
14319,0.010766018201773572
14320,0.00015283571117123853
14321,0.0017923389525439655
14322,0.015836740729763432
14323,0.00018419178156598728
14324,0.004267353576082935
14325,0.0003290225304639717
14326,0.0007234670363641313
14327,0.0008781320617272775
14328,0.00016635064619547024
14329,0.000558425873150791
14330,0.0003239931276850759
14331,0.00014422787906928186
14332,0.020615522388732883
14333,0.028436355200749653
14334,0.00016566307671338136
14335,0.00011502872357852079
14336,0.00016248483338213556
14337,0.008596698914126089
14338,0.0002092473322767013
14339,0.00028087858292538995
14340,0.0006619433530518738
14341,0.000834181312728378
14342,0.00025170542997936024
14343,0.0050413290083539215
14344,0.01099223381334757
14345,0.0059491399285922395
14346,0.0025013937775497435
14347,9.247554337063702e-05
14348,0.0007842062612396347
14349,0.0001583995837443721
14350,0.0037911459716286925
14351,0.012266661701125524
14352,0.008500518285570932
14353,0.00013591217507328345
14354,0.004634961182744828
14355,9.160264288428232e-05
14356,0.001989123917006872
14357,0.001902192536767991
14358,0.0002097865257235726
14359,0.0029166877356602465
14360,0.016680504717410814
14361,0.006531363043569339
14362,0.0803161443510311
14363,0.0011962125840033794
14364,0.00012115301745384086
14365,0.0034237493602117253
14366,0.008219517227839323
14367,0.0029549719184752397
14368,0.2670318240375248
14369,9.385255244626829e-05
14370,8.400130916793856e-05
14371,0.00048193167813584246
14372,0.00786567523459016
14373,0.0023665938418015275
14374,0.042059759430066374
14375,0.00028197021147589836
14376,0.025873512492857242
14377,0.0019055809536488873
14378,0.04301724105829889
14379,0.00017080230583264822
14380,0.0008999580559875141
14381,0.00019562664674797637
14382,8.168776520602236e-05
14383,7.991084258235756e-05
14384,0.00462751168904957
14385,0.0002015490820657569
14386,0.0009284219249537526
14387,0.0017352508158821496
14388,8.088104180395387e-05
14389,0.000283390610276939
14390,0.0001092052818607937
14391,0.0004545426378525735
14392,0.009719268445658187
14393,0.0036616981527177322
14394,0.0007630748215124666
14395,0.0004613008871838486
14396,8.25681008985518e-05
14397,0.00038726075102671836
14398,0.0478778410406049
14399,0.0011064485762075369
14400,0.00016671709404628626
14401,0.00018538099050950278
14402,0.00034381654125417336
14403,0.00015595483778873542
14404,0.00010705469444279073
14405,0.002220377968478765
14406,0.000265515397774443
14407,8.448589303667543e-05
14408,0.08957576923535213
14409,0.0006210022501632372
14410,9.590122346256177e-05
14411,0.00010602843809517156
14412,0.00031082941575472447
14413,8.559346562870965e-05
14414,0.0002831185137237963
14415,0.0002466161414994309
14416,8.609218166666512e-05
14417,0.001985322960092205
14418,0.04826083977511262
14419,0.15904161980894366
14420,0.0004646891258414736
14421,0.00011441072856663127
14422,9.429232720933439e-05
14423,0.00023639433582353596
14424,0.00038575196185274615
14425,0.005959399902065668
14426,0.04675488773419477
14427,8.937551556671735e-05
14428,9.695639471417992e-05
14429,0.0038529868142354387
14430,0.0006003850292306309
14431,0.0084266845342757
14432,0.0005550652386969228
14433,0.0008433720860339635
14434,0.00019781134013709752
14435,0.0008415233692832813
14436,0.00026596470624071233
14437,0.0006889413714891814
14438,0.00013943176644307437
14439,0.00010835611510010756
14440,0.00011331270692111135
14441,8.844199921613246e-05
14442,8.395497454006024e-05
14443,0.00022429361780740685
14444,0.0011200730112632304
14445,0.006334893809840624
14446,0.0002722333591480479
14447,0.00023025559467728746
14448,0.00020211860597677515
14449,0.0003830978450336297
14450,0.01968423012759289
14451,0.42790565928762747
14452,0.00021033628498730054
14453,0.00011488816205627316
14454,7.898470704749438e-05
14455,0.00027499096734561704
14456,0.0003587038419157793
14457,0.0001319101539797594
14458,8.974985570952683e-05
14459,0.00038855956803137375
14460,0.004334550313793416
14461,0.0005134861110647855
14462,0.00032425868279571007
14463,7.915832541927973e-05
14464,0.004974931831361717
14465,0.00013479994659628463
14466,0.00020713000204981537
14467,0.007949999159354296
14468,0.00014916491651448155
14469,0.00013884889934560204
14470,0.00014531168202876438
14471,0.00021848689113300622
14472,0.00013776415795751286
14473,0.00011911315249357886
14474,0.001961146075794156
14475,0.00014651867303117945
14476,0.000145565992628432
14477,0.0005905130034768705
14478,0.000627540776356716
14479,0.00034715547288221145
14480,0.00022434680234897274
14481,0.007812524810862611
14482,0.0003289643802753068
14483,0.0003009975708740781
14484,0.006733743312898563
14485,0.00020676892302978436
14486,0.000618938398467114
14487,0.022973221408333123
14488,0.00017390030667455627
14489,0.08148711535930224
14490,0.00014978633559408085
14491,9.304969679438048e-05
14492,0.00023472043356595986
14493,0.003142021190293733
14494,0.0471551517332699
14495,0.0003155569762483751
14496,0.0037507835226662572
14497,8.61056880437739e-05
14498,0.00019233669962377215
14499,0.0002177664489302421
14500,0.00024846420249046715
14501,0.002143514844587395
14502,0.00017479628730855185
14503,0.0001573993305606051
14504,0.0001441407985373415
14505,0.00029218024130354384
14506,0.0005731815845632683
14507,0.0003585233257590813
14508,0.00028956589181696303
14509,0.010347785409627394
14510,0.0008702537714160068
14511,0.00034790703750288085
14512,8.61216602900124e-05
14513,0.0003127745045462671
14514,0.0001589079103885284
14515,0.00010592564324772897
14516,0.00020372865380801042
14517,0.0003394551280162542
14518,8.439686953724415e-05
14519,0.0004415117914736323
14520,0.007021556989735209
14521,0.0048711043717855305
14522,0.01313364041233409
14523,0.000152725046764532
14524,0.005959105794956993
14525,0.00026274984762180304
14526,0.00015896029585060105
14527,0.00013265467347418886
14528,0.00011219641310809626
14529,0.0003423696301545098
14530,0.00036371896753053775
14531,0.006848399195441164
14532,0.0001101452091832345
14533,0.0004412502395251431
14534,9.121448994549907e-05
14535,0.00010713684827116425
14536,0.00012524085974865003
14537,9.178294664260248e-05
14538,0.010481495788643252
14539,9.823039632188377e-05
14540,0.0003001228444565202
14541,0.00019067474191962957
14542,0.00020167995535436386
14543,0.07497549529585013
14544,0.0011869604793863578
14545,0.00022824518892732853
14546,0.00028852324083882745
14547,0.0028571522203094915
14548,0.002705026108487346
14549,0.0013308569714914895
14550,0.00042333561153844103
14551,0.0006272153295266956
14552,0.00017444151333318
14553,0.002524148504355979
14554,0.0003754426348941549
14555,0.0017403374152210275
14556,0.00036335504443217896
14557,0.0003784403747575154
14558,0.005609366420987634
14559,0.00027842461239051903
14560,0.0003790691217643095
14561,0.00019966171238656343
14562,0.00022916074761318404
14563,0.000293612971405558
14564,0.00028417315588176293
14565,0.00024272420532524098
14566,8.597989631636602e-05
14567,0.00012535911599226513
14568,0.003028760799117839
14569,0.00010476558164068282
14570,0.00017606955890032676
14571,0.00017965613173382967
14572,0.0006185143991429776
14573,8.091283570931254e-05
14574,0.00020260048761899753
14575,0.00033452905370818934
14576,0.0005096097340241211
14577,0.0002023628718035786
14578,0.0001873348693626362
14579,0.00022752285458228923
14580,0.003980803583689145
14581,0.03006683374130969
14582,0.0002040749728124785
14583,0.0044339874603120805
14584,0.013805801058636885
14585,0.00037249004667909744
14586,0.00020568343476852022
14587,0.07995655764304463
14588,0.0002454614324828726
14589,0.00020383790200898915
14590,0.00020413758530988448
14591,0.00017601973047704593
14592,0.0005375299704989857
14593,0.00017095757085306066
14594,0.0001800150649525853
14595,0.00024691150190500177
14596,0.03819847547801837
14597,0.0001817509740977918
14598,0.0001542467375219258
14599,0.0012557392344427752
14600,0.0016638261211225553
14601,0.0007462623516986604
14602,0.0002195445677231109
14603,0.0004143748929597294
14604,0.00027641271577101827
14605,0.0003299056104757865
14606,0.0001531533632028735
14607,0.00010988512795614767
14608,0.00020448820799618723
14609,0.00011345893071281045
14610,9.497622452200871e-05
14611,0.006535295718554509
14612,0.0004553620063128639
14613,0.0013893387159355612
14614,0.0012304542193261763
14615,0.00037720645607178206
14616,0.0002605349351293486
14617,0.00011449240656129425
14618,0.00030969793371051385
14619,0.00031818091302500894
14620,0.00025337210561441535
14621,0.0007271432913792006
14622,0.00023110070271892573
14623,0.0008699990088723624
14624,0.0018528256846638638
14625,0.0007080551368771252
14626,0.0002790457634944664
14627,0.00036425515519266597
14628,0.0005267176031590295
14629,0.001972850464337589
14630,0.0001902889210534141
14631,0.0002377050275321068
14632,0.00014330233504239115
14633,0.0001774476288567533
14634,0.00038953724709537055
14635,0.0002713759949532865
14636,0.0003316695421063861
14637,0.00027631561445953904
14638,0.00012054778922103962
14639,0.00013204742743659764
14640,0.0009028944157951125
14641,0.0009587114827456146
14642,0.0004554929605626626
14643,9.61474343245322e-05
14644,0.00011543679823602712
14645,0.0005103638209276283
14646,0.00026437339177997634
14647,0.0010164861154472956
14648,0.0004486414887606897
14649,0.00032333374818174163
14650,0.00022655871577972772
14651,0.0019880661986709817
14652,0.0012491954770963518
14653,8.977766501710051e-05
14654,0.0002162155681150574
14655,0.0008548033613764126
14656,0.0031506215137096843
14657,0.00014940960661262456
14658,0.018536815366503222
14659,0.0008791752395886357
14660,9.127466252644223e-05
14661,0.0011464682801441545
14662,0.0034302550076714747
14663,0.04684356798226632
14664,8.994835348812011e-05
14665,0.0002970186610314423
14666,0.0003635322423410331
14667,0.0002777123898033605
14668,0.02897063894215099
14669,0.0006408104655010909
14670,0.011269047195486588
14671,0.030132360677087855
14672,0.00019715324751080557
14673,0.058493090246522675
14674,0.00657953472077816
14675,0.0006181656296725136
14676,0.006656228006216902
14677,0.0003644064666769355
14678,0.0001228619044258742
14679,0.00015172727579033208
14680,0.0035894992491371756
14681,0.003384148424544782
14682,0.01815704926320339
14683,0.017882385403219004
14684,0.015246847308996715
14685,0.00022863409065342267
14686,0.00013721585314847596
14687,0.00043955025463681443
14688,0.0009379426584255372
14689,0.0001659706003247113
14690,0.0019522600837135937
14691,0.001940781053102118
14692,0.000681803248526086
14693,0.0002653456459962414
14694,0.000192672780832524
14695,0.004607120131600827
14696,0.1550831117736618
14697,0.00019294940836418008
14698,0.024720570123145175
14699,0.00019260102157016198
14700,0.00028062679496040276
14701,0.00020366995753365799
14702,0.00022542489367978258
14703,0.00017105281460777456
14704,0.0038325556003880254
14705,0.0008340515089258016
14706,0.00011276243179009588
14707,0.00028365395028936443
14708,0.0003002284627620941
14709,0.0018550758724380251
14710,0.0001914573032232618
14711,0.001315824425365341
14712,0.00024243557695250036
14713,0.0008562761610582065
14714,0.00020172899466532534
14715,0.006762426867550464
14716,0.00033983157648516307
14717,0.00029188281969045704
14718,0.00047343880762152875
14719,0.019615387743764503
14720,0.006591926076179139
14721,0.0001578878482990378
14722,0.00017839742503070926
14723,0.002196779330379739
14724,0.00011809211453560747
14725,0.00017771412134263842
14726,0.022196619006748658
14727,0.00025780694481323537
14728,0.00028114631213578187
14729,0.014206021281967194
14730,0.0017044928096275058
14731,0.00021671092808493684
14732,0.0002261152659451004
14733,9.527760384721079e-05
14734,0.004757765223512565
14735,0.00020278376696487838
14736,0.00023207904595271746
14737,0.00015104315001994564
14738,0.0008845005049151717
14739,0.015085854920292343
14740,0.003452907139941754
14741,0.000543190888789803
14742,0.00013226094805612155
14743,0.0003941230000907522
14744,0.0004317483215433366
14745,0.00012279847176546296
14746,0.0009286750993312019
14747,0.05873026608634384
14748,0.0004171534883807778
14749,0.0002318133934352432
14750,0.00018385114351546715
14751,0.0002483268302328124
14752,0.001096752535942652
14753,0.0003375786001305719
14754,0.013724938901657024
14755,0.001205076762581321
14756,0.00038478900871503604
14757,0.00753285475891694
14758,0.0006790383296549355
14759,0.00016118227200300953
14760,0.0006221304890858847
14761,0.0003875866190362868
14762,0.0002846062879212637
14763,0.012593069065352394
14764,0.00031472544283370744
14765,0.0007311161383903819
14766,0.0019880796295123097
14767,0.0003873937250135868
14768,0.0001660721187243236
14769,0.00014017287135884382
14770,9.581602805389648e-05
14771,0.007417085183099066
14772,0.0002297876723624497
14773,0.00018573193762272557
14774,0.0021980927999841796
14775,0.0001618546997489303
14776,0.00022292332877274675
14777,0.0002594787896395316
14778,0.0056578673814417155
14779,0.00448855600662262
14780,0.01332155098481643
14781,0.00024343301083682442
14782,0.0003698432147729283
14783,0.00016694994799202044
14784,9.750801007588064e-05
14785,0.005181752394753417
14786,0.0002528616788774943
14787,0.007042867069038718
14788,0.00014755839342163533
14789,0.0002928436137282431
14790,0.00031247811730904457
14791,0.0041574708741566185
14792,0.015439240096781003
14793,0.00045174174587530984
14794,0.009520325127839823
14795,0.00021629951364520098
14796,0.0019178676375107688
14797,0.009797774030993099
14798,0.0004688429118741024
14799,0.00020940897393817892
14800,0.0013314006789381864
14801,0.00035767114789058395
14802,0.0004324508478551773
14803,0.00013631460239696354
14804,0.00478628974333555
14805,0.00148593232260314
14806,0.0002633242800717182
14807,0.00046875870120851074
14808,0.01735218702969343
14809,0.0002061810924562463
14810,0.00016723384922540536
14811,0.000255752315051337
14812,0.00038222131507593493
14813,0.00032112199740268524
14814,0.0008662553802516728
14815,0.0003519076542918714
14816,0.0019700424014349807
14817,0.00044486467116958833
14818,0.0015279737374850524
14819,0.0003928611282038908
14820,0.07422973635328992
14821,0.00011479060187757294
14822,0.007095966943045704
14823,0.005033668024921747
14824,0.0008230177925019403
14825,0.00029170581134107344
14826,0.00014565251619027194
14827,0.00020320459572891096
14828,0.007499335521793518
14829,0.005801748321802807
14830,0.0011681503707208813
14831,0.0012379524466193561
14832,0.0003432523717631538
14833,0.00147741212198732
14834,0.003772493429555845
14835,0.0004957049442099531
14836,0.0002649290626121082
14837,0.0010772126664128508
14838,0.00038909316530164647
14839,0.00026801752244019685
14840,0.000671523596666314
14841,0.0003846719140255714
14842,0.0004612834804225579
14843,8.833557760047311e-05
14844,0.00548343551706813
14845,0.3045366521348737
14846,0.00021142593095227198
14847,0.0003483927681579459
14848,0.005407604325487614
14849,0.000667900268392889
14850,0.0002481059542429459
14851,0.00033387050077531726
14852,0.0002490080667511844
14853,0.0003032706569074038
14854,0.00014084491743163093
14855,0.00012006242298450585
14856,0.00013727171320731193
14857,0.00013078125618945087
14858,0.00020193266528626078
14859,8.513028723363973e-05
14860,0.00022267441678314407
14861,0.0007026213776437782
14862,9.401172550715729e-05
14863,0.0015399879819924874
14864,8.364411707678552e-05
14865,9.121291373725363e-05
14866,0.00010124199831086983
14867,0.00018234562925221115
14868,0.00014842152716728214
14869,0.0005733155958010046
14870,0.0006367156013654469
14871,0.00015432682430826947
14872,0.000150938197907243
14873,0.0004732680119866042
14874,0.00021544588167641526
14875,0.0030029834228720723
14876,0.015146955500970052
14877,0.0014030360490608746
14878,0.0001341279483341231
14879,0.0001033069975326392
14880,0.0003099140229846001
14881,0.005237336741215661
14882,9.153875361470564e-05
14883,0.0011230396258581881
14884,0.00016018026957320043
14885,0.0005905905288531457
14886,0.3288606884353055
14887,0.00016410901062772132
14888,0.0027376837472886085
14889,8.495794857289798e-05
14890,0.00016055186645653224
14891,0.00015275142417530248
14892,0.00016675112496602465
14893,0.00034042163632666403
14894,0.0026711563410465678
14895,0.0009522956577902314
14896,0.058242857460428024
14897,0.8749627571142653
14898,0.05536978263956029
14899,0.00024387811224730547
14900,0.00014621423087887435
14901,0.0001433937653203209
14902,0.000151112138116711
14903,0.00014025061363895892
14904,0.0004138492711656401
14905,0.00022226613250548986
14906,0.00758860841717914
14907,0.00013794911354117603
14908,0.00015037573133899778
14909,0.0001489550016922722
14910,0.005308742702032226
14911,0.10740997189501247
14912,0.00017099858408993197
14913,0.00016925739549194046
14914,0.003153495772705443
14915,0.00028210538143226083
14916,0.000533033621178528
14917,0.00012035995141536829
14918,0.00015959406892283558
14919,0.00018148927560631493
14920,0.00045694678699434243
14921,0.43602766191396575
14922,0.004666526220822156
14923,0.00021481516784943962
14924,0.0001872852405495876
14925,0.00022584022031309176
14926,0.00012512765226192082
14927,0.00014129168833777392
14928,0.00010944274228646106
14929,0.00014760842182013996
14930,0.00213811988269036
14931,0.0007555508837764665
14932,0.00044392413701515156
14933,0.0001453690054972379
14934,0.00013919598129784636
14935,0.0177740553279306
14936,0.00015786740030606554
14937,0.00017335752243997143
14938,0.00015795612007249974
14939,0.018812092040780538
14940,0.0002881966086894672
14941,0.00047171073112862343
14942,0.013837146638089248
14943,0.00022844826943607598
14944,0.0009725773590728799
14945,0.00032298467074578076
14946,0.00023413745655264436
14947,0.00015031427451814582
14948,0.00013663820887806612
14949,0.0015378086668454824
14950,0.00022679727441131246
14951,0.00047322776317958154
14952,0.00016364653454624525
14953,0.0006741219284262624
14954,0.004781876925270316
14955,0.039870707782970596
14956,0.01839532430118481
14957,0.0008548437055478601
14958,0.00026163746664240744
14959,0.0006988471054861581
14960,0.01967307986685333
14961,0.01152713479056809
14962,0.00018664577744146847
14963,0.00014791329953105163
14964,0.00012973150433607004
14965,0.048105407447779726
14966,0.00011697173638734028
14967,0.00014645458726639176
14968,0.00018606250965534312
14969,0.00015768384317298525
14970,8.180568366668282e-05
14971,0.011872538716007974
14972,0.0002291777573855693
14973,0.0003249348113317775
14974,0.0002575624388595803
14975,0.00015198690507874134
14976,0.00010665384744441484
14977,0.0002610029196371577
14978,0.00020221650575437018
14979,0.0003696879554733091
14980,0.0015757499062553644
14981,0.001209126322003848
14982,0.00012539403162342033
14983,0.0002446599326492202
14984,0.0010458189808231616
14985,0.0008908107305600011
14986,0.0026123365282021927
14987,0.0005428561533060915
14988,0.00018710468909327208
14989,0.0001661002947547671
14990,0.00019547514085330227
14991,0.000198443041226055
14992,0.00021120578250869083
14993,0.0001240707688833616
14994,0.12040155667847094
14995,0.0001340956802771874
14996,0.00027992668888261984
14997,0.00015609252287514963
14998,0.0001934438991670467
14999,0.00019562994910802536
15000,0.0354527289949832
15001,0.00013596218501011112
15002,0.00016316214874228968
15003,0.16728510705550836
15004,0.175147181627424
15005,0.00010172472220702227
15006,0.00011746887615343734
15007,0.00015194830051677783
15008,0.00018368575147296852
15009,0.00030960831485067245
15010,0.0003115936646278718
15011,0.001093192100332645
15012,0.01683128310422557
15013,0.008401190317191092
15014,0.00011963590639736084
15015,0.006910265493494586
15016,0.019267955703220596
15017,0.17202201300439277
15018,0.00018694675503529523
15019,0.00019055219748873343
15020,0.00011538085559317617
15021,0.00010557681652835435
15022,0.0002693933162894736
15023,0.10346427863728924
15024,0.00029626067274702596
15025,0.012030365319411058
15026,0.00019300520607841475
15027,0.0001429091028562214
15028,0.0001628306245901162
15029,0.00017472254763950434
15030,0.00014213417363486943
15031,0.00306596355570873
15032,0.020506577645086056
15033,0.00015069011488964292
15034,0.00017093639788921867
15035,0.07781942848945518
15036,0.0002768988725067831
15037,0.0012354006502264315
15038,0.004401005569052033
15039,0.00017793890857416034
15040,0.00017570621097811305
15041,0.0001360060301917075
15042,0.00017571666324979682
15043,0.00016423710766231414
15044,0.02534986968200334
15045,0.0009182342866316369
15046,0.0002587114689939899
15047,0.0006304824636258366
15048,0.00011801518977730936
15049,0.00013997350720773447
15050,0.00013920775081879513
15051,0.00017892364264076696
15052,0.017348134267313374
15053,0.00014242929879009904
15054,0.00017634872920214124
15055,0.005316949168268349
15056,0.0029693383590630095
15057,0.11616599701217944
15058,0.00015905461311670216
15059,0.0010198453341904157
15060,0.008173393756009346
15061,0.00015770741718289325
15062,0.00016133672502748723
15063,0.0011497739622507704
15064,0.0008305682803557352
15065,0.0016948548826923597
15066,0.00038891104752851067
15067,0.0001607726788395919
15068,0.061396990496097016
15069,0.005709201781773603
15070,0.0012025763774052782
15071,0.011721104359608046
15072,0.00011826259517518245
15073,0.03170251218259661
15074,0.0003323871753044572
15075,0.00017497073016506257
15076,0.00015459091804364511
15077,0.0006368421300671098
15078,0.00018439306571648052
15079,0.00017155593033990106
15080,0.00013350636386481448
15081,0.00014076685201618478
15082,0.6692550771982474
15083,0.10423821956259138
15084,0.00014647872409730167
15085,0.0001287653304066381
15086,0.00011758341784543107
15087,0.0005331889262112866
15088,9.1263549279449e-05
15089,0.0012679406194907653
15090,0.0006059370619269142
15091,0.035671134664018236
15092,0.060936118873116396
15093,0.01759831945317227
15094,0.00030902749610273205
15095,0.00017025087153667968
15096,0.012151336938378976
15097,0.00016338220376119555
15098,0.00018008905046673268
15099,0.00013172198127417892
15100,0.0017943685447109365
15101,0.00011063514360392243
15102,0.0001524074510969537
15103,0.00015367365311351136
15104,0.0002660294371583554
15105,0.008593548999398997
15106,0.05487932794844539
15107,0.0003213485837202626
15108,0.0006485922760016106
15109,0.00029359624919417785
15110,0.0006791123548225125
15111,0.016598270893405896
15112,0.0027653349175888564
15113,0.00014953775874999912
15114,0.00015506214292938358
15115,0.0001238578546510115
15116,0.001978209063435922
15117,0.00016457844744672398
15118,0.000174533735984093
15119,9.68241510451106e-05
15120,0.0001167664810770748
15121,0.004735680532739694
15122,0.23407514179607306
15123,0.00014364872057863977
15124,0.000118706115312483
15125,0.00012954261718727418
15126,0.0001544718125921083
15127,0.0003728808159543675
15128,0.0001428655003814762
15129,0.0002610020707888743
15130,0.009231186003808525
15131,0.00017804380947147375
15132,0.00036768812073520896
15133,0.021107928937871813
15134,0.00015605044032168794
15135,0.003285209465791787
15136,0.014879300947245683
15137,0.01625178863830191
15138,0.0011649923661103195
15139,0.00016510015722491847
15140,0.00015063355913418633
15141,0.00016645569982678466
15142,0.00013674445599713676
15143,0.00020112548867328093
15144,0.010090576209621161
15145,0.00011487151067315007
15146,0.00015077905002898497
15147,0.00010149651031122408
15148,0.003661417372440308
15149,0.0010820312224951187
15150,0.0007168040138940045
15151,0.00011818359045777704
15152,0.00011323724981318923
15153,0.0001822412078785429
15154,0.0014216672210953895
15155,0.009180946252569813
15156,0.00035447000910175344
15157,0.03389489191513796
15158,0.0018312564323262385
15159,0.06115166045372868
15160,0.0005666209838685938
15161,0.0019063845357962413
15162,0.0001511976707082333
15163,0.00012446132920124916
15164,0.003785575709123859
15165,0.003774597024834797
15166,0.000277194613422576
15167,0.0004416010637972584
15168,0.0001793219773806004
15169,0.0001892303401382297
15170,0.11231987410472014
15171,0.0002846716069874533
15172,0.003383133685799706
15173,0.0004689152907019544
15174,0.02052086290010468
15175,0.00029306611269467843
15176,0.002852869130108629
15177,0.00014694281912377944
15178,0.0001144574878190856
15179,0.0007701217751242913
15180,0.00458391723486395
15181,0.00012407193300164685
15182,0.006504680212044371
15183,0.0008881620059177743
15184,0.00011245220340674537
15185,0.00022377479644077668
15186,0.00014560038428958032
15187,0.00015592516010364227
15188,0.00032503956373663404
15189,0.0013716077053268073
15190,0.00022430719443234347
15191,0.15400310087938024
15192,0.00013523340400373542
15193,0.00016789566490533364
15194,0.00012885510422622242
15195,0.00012973927716186046
15196,0.004427458800680376
15197,0.002138150903445837
15198,0.00013938130377214443
15199,0.003073407151359707
15200,0.00037366905034372304
15201,0.00013369698842043934
15202,0.00016350222258734292
15203,0.0010385643286680176
15204,0.011422326959450373
15205,0.0001901164095978023
15206,0.07753566207169005
15207,0.48404900668133194
15208,0.018424313981973715
15209,0.7030327003997232
15210,0.00025941251657193967
15211,0.00015451089429412403
15212,0.00013288499993968
15213,0.053218937975055745
15214,0.0005708011657490888
15215,0.08795412023663182
15216,0.2592387581330415
15217,0.00045678083879031363
15218,0.0003324622041303283
15219,0.0009213415270638205
15220,0.00017079327732999927
15221,0.0044570480269897515
15222,0.0004674434823080463
15223,0.0001568869302942189
15224,0.00047224445247372675
15225,0.00013331038326848033
15226,0.0012605113223687766
15227,0.001010203240941287
15228,0.0051863387558509855
15229,0.015043109615778366
15230,0.00013005374642810415
15231,0.0001529168376854559
15232,0.0002451729698033633
15233,0.00041303931567815134
15234,0.0005092633122006287
15235,0.00016985727390015723
15236,0.00014106271221843816
15237,0.00011372533367443404
15238,0.004729107167700346
15239,0.0003716161999982326
15240,0.0012689508392595581
15241,0.0001971573069095154
15242,0.0016649883741127424
15243,0.0063590159122844285
15244,0.0001297566716758889
15245,0.004272792707746208
15246,0.0013255435363114087
15247,0.00014400142914361877
15248,0.0005011751343547766
15249,0.00012944449484418794
15250,0.0012217471237133477
15251,0.0001814742506334618
15252,0.00015060325656495978
15253,0.02684923418670341
15254,0.00014260446330169907
15255,0.00011754629443821288
15256,0.000651344699540692
15257,0.0040137405442913455
15258,0.15508827246187273
15259,0.00014368313534395748
15260,0.005907047125440948
15261,0.0009427960648367654
15262,0.013642859336829358
15263,0.003277835184705443
15264,0.002186404935221292
15265,0.0005562767353491577
15266,0.05122462280573209
15267,0.004811256245848059
15268,9.26160836359082e-05
15269,0.00014739335182420484
15270,0.004735058428958374
15271,0.00018091623875853813
15272,0.00017344427790511957
15273,0.0001454285401148686
15274,9.393873749905623e-05
15275,0.0014190733566029183
15276,0.144643453286667
15277,0.0001160487693913709
15278,0.016105991251974597
15279,0.00015021854740916032
15280,0.004194463479847682
15281,0.39582010981606874
15282,0.00012707276673212527
15283,0.0005604055979661479
15284,0.00028324397534756814
15285,0.001752214334948287
15286,0.04076701900589669
15287,0.00015015589815108417
15288,0.00013744308334282115
15289,0.0021347335711895264
15290,0.02068684246933219
15291,0.0005731874494347555
15292,0.0001172894341568368
15293,0.00014532499133511795
15294,0.000937970507344655
15295,0.00015895701981534873
15296,0.0031514973870590116
15297,0.0001047799767604366
15298,0.0007588743293703992
15299,0.0001613833999537601
15300,0.0003345584862531842
15301,0.00015081660520782837
15302,0.0013534806644093906
15303,0.01159263766061636
15304,0.00014220229859203705
15305,0.0004827959258389015
15306,0.001361533868319774
15307,0.00018924070550941602
15308,0.11170321778334111
15309,0.00015863092135095326
15310,0.0002795613786889072
15311,0.009285236250034822
15312,0.006226450972428631
15313,0.00010370768332777517
15314,0.0009368250137763172
15315,0.0004700071663563071
15316,0.0042120611179711
15317,0.17192484892787374
15318,0.00015728801870049832
15319,0.01686531195300322
15320,0.054140004817321084
15321,0.0044070895697985255
15322,0.00012538198948690472
15323,0.0366229902082839
15324,0.00011452197012640378
15325,0.0011770925022779174
15326,0.014929974859441263
15327,0.00018845545118989542
15328,0.006092749407460588
