index,target
0,0.0008441424932118839
1,0.0023153777203390935
2,0.0019873796843135724
3,0.0009037420198448513
4,0.00041772174032688673
5,0.0004390914603388529
6,0.009645715121092411
7,0.0017833425011151048
8,0.00017402083090153504
9,0.0005192674447000304
10,0.0003738595303147453
11,0.0006092475724873658
12,0.0005354098963146792
13,0.00025292289474630313
14,0.00038544943019483315
15,0.0005556038433949585
16,0.00010953934861592547
17,0.00010989960350608418
18,0.0006364760877838316
19,0.0004827273749334577
20,0.007471779036938551
21,0.0006443546746206907
22,0.00027817792440018997
23,0.002279273660759939
24,0.0008046831202578351
25,0.0008783088873180662
26,0.0005737932041574923
27,0.0006260368243996143
28,0.0004083208451831005
29,0.9979678018449873
30,0.0005217237078752752
31,0.0007047242722842671
32,0.0004757058856876491
33,0.01108972108405672
34,0.0006798729883885753
35,0.0003814656141610239
36,0.0011378359367414214
37,0.00011194157422995038
38,0.0013260076743799559
39,0.007632092233290387
40,0.012817194694873194
41,0.00031190062571688975
42,0.0010862613945585278
43,0.0003448682692841766
44,0.0012347374066386217
45,0.0012506645525910789
46,0.0014301782744403477
47,0.0014481216594527558
48,0.00048013124841080626
49,0.0012332021265143013
50,0.0011313086421642028
51,0.0015376526836474776
52,0.0005273977664674027
53,0.0003873044534724767
54,0.00039546012859497255
55,0.002531706226583031
56,0.00021177062816032938
57,0.0010807582780390775
58,0.00022791141210706616
59,0.0009211147771404699
60,0.00021265452741567139
61,0.0002650570935874
62,0.01454513330646631
63,0.00023623669871465614
64,0.0009455705113014487
65,0.0006202736301055547
66,0.0046579291682535395
67,0.00034262626905953226
68,0.01216647464575301
69,0.0009436292451842741
70,0.0022077372165496554
71,0.0006655203032415767
72,0.0005629450256715983
73,0.0005275857675046417
74,0.0011807186177533386
75,0.0014162367399033872
76,0.0005054434771351383
77,0.0020030849943812484
78,0.029819942733881406
79,0.0037770233023496245
80,0.003830366154748342
81,0.0004876885690536883
82,0.00048105451433093767
83,0.0002596571844578475
84,0.0018655390693862477
85,0.002645765987393455
86,0.15148224702580076
87,0.050722811765026146
88,0.0018813700739951755
89,0.001637651189171039
90,0.0008352991971515548
91,0.00020890004634260793
92,0.0002279832282506586
93,0.00011217841024450376
94,0.00012857551163119327
95,0.0006431209111354749
96,0.0001254987840639606
97,0.0001261690158515809
98,0.0003638021980004001
99,0.0002771073435721332
100,0.0024537165842644978
101,0.9975237039913527
102,0.001876991198997322
103,0.0009756940078608081
104,0.000297728540516912
105,0.00024260970494383518
106,0.0013437075697092739
107,0.0013301470825247098
108,0.0004958663380678425
109,0.00016874768974773006
110,0.00014997125541299264
111,0.008368296199955355
112,0.0001124876531105087
113,9.591739446931786e-05
114,0.00012794173602238314
115,0.0007637180921588811
116,0.001966910374750892
117,0.0007206071301485132
118,0.0006184369036589738
119,0.0005153692106691109
120,0.00011676612715610788
121,0.040537865480087185
122,0.00025835810940320046
123,0.00014701247534913814
124,0.0009076715996275827
125,0.0004047004424732406
126,0.03394191689294821
127,0.023153052584599744
128,0.0003525646101308329
129,0.05294373433385236
130,0.02584089635885452
131,0.06956345579599131
132,0.9981016899824616
133,0.1911137429688961
134,0.007372623278774019
135,0.00037726141785569513
136,0.00026816659817762556
137,0.00022630758837209895
138,0.00010423846345815136
139,0.00045378157385833726
140,0.0025261460994633785
141,0.0006562822411594842
142,0.0012747197220237846
143,0.00017597139259842312
144,0.0011653601272516444
145,0.0003360836419905839
146,0.0005052191530398297
147,0.009090319538755973
148,0.0004442112900903779
149,0.16219406368724607
150,0.21388425804211067
151,0.0003822927257031585
152,0.000954069715637619
153,0.0004332802655633035
154,0.00018115679181692924
155,0.0005490742033733808
156,0.0007573202828799219
157,0.0020933548125883967
158,0.4269235744085568
159,0.0010109380584602953
160,0.0007641886454028186
161,0.016763309183472578
162,0.049952118643521545
163,0.0006215868964543509
164,0.001927471056539253
165,0.007905856938507379
166,0.7350734097816748
167,0.009258940689161643
168,0.00033658411526284225
169,0.0001132887214837843
170,9.770899950698703e-05
171,0.010934696185424702
172,0.0006544628833503498
173,0.00021704442045783866
174,0.012315795571736671
175,0.0007181711416046722
176,0.001285464307542526
177,0.01580040303839053
178,0.0001349005728484847
179,0.0004143646935757988
180,9.008470844402974e-05
181,9.933991052944628e-05
182,0.0005351601489357078
183,0.0011091636675601732
184,0.00045073193550947143
185,0.0003019705047088205
186,0.0009725033818441758
187,0.00024078486081185527
188,0.00926586422281434
189,0.00042540573328167763
190,0.0009208662878713825
191,0.0005145242070285367
192,0.00044400807451437456
193,0.010727192340446058
194,0.008510030485702624
195,0.00660114301127611
196,0.016252590443617477
197,0.00022060227817353835
198,0.0005246202287101119
199,0.0003669763008752843
200,0.0009805656073339948
201,0.000323259474821859
202,0.00044539604083613805
203,0.0007440351801696262
204,0.0015778689274137975
205,0.0006752570984761601
206,0.00027039974758521167
207,0.00021156217320545423
208,0.00022279392377029677
209,0.00024405991909514738
210,0.000852881099840393
211,0.002180443632071494
212,0.0019193171231363245
213,0.004075222628992809
214,0.0002349206825350701
215,0.00030564100480783804
216,0.10580915771492555
217,0.00023705875590435404
218,0.0006548837273398858
219,0.0003047918147903997
220,0.00014080960496029577
221,0.0001628012997712435
222,0.00015606808453936616
223,0.00039628103213587687
224,0.07412026357898402
225,0.08286277946629406
226,0.0003253374630800765
227,0.0001908569263893497
228,0.0001938544196508249
229,0.0005808577958950575
230,0.0003138245485399681
231,0.0008885118421542445
232,0.0003160092200247611
233,0.0004260771638361637
234,0.001237241538084806
235,0.0018164447285443821
236,0.0006459390363059534
237,0.00031892326788806696
238,0.9344149662321231
239,0.0004874268233714078
240,0.001649360640961169
241,0.06031301608275393
242,0.02167732453913767
243,0.005475526071381077
244,0.0008812664162892734
245,0.026074135975524042
246,0.0001004861414246744
247,0.00010145549290426804
248,0.00011238269223335057
249,0.00011311089773016829
250,0.00010990057790687324
251,0.0019509563542436162
252,0.0005039922068260258
253,0.0617089291056146
254,0.011313027050927736
255,0.00026852113795933165
256,0.00021043445779461343
257,0.00019056356911819448
258,0.00027723115971562215
259,0.00531691783728315
260,0.0009104656185009149
261,0.00034148581585857074
262,0.0010691867343725011
263,0.0010965398548772002
264,0.0001905960499707135
265,0.0002567208401410393
266,0.00031834801915169204
267,0.0004188311842269669
268,0.001455833715548238
269,0.006575561936076625
270,0.0001350543268046298
271,0.0001140995584276149
272,9.199985231471113e-05
273,0.00023405215487168902
274,0.0023413609158008317
275,0.00034882522859060086
276,0.0008052009026948374
277,0.00021854993829257315
278,0.0003742667262651941
279,0.0005363590433666114
280,0.00030579780334918585
281,0.010301582445015783
282,0.00046207376299132156
283,9.368232015932172e-05
284,0.00011990082921452646
285,0.0023211599561153103
286,0.00014581926082280234
287,0.00016195683262490678
288,0.006003128909975425
289,0.005600201842505235
290,0.0009074719110427613
291,0.00017890882738108883
292,0.00021867336313328485
293,0.0002770811391495912
294,0.00013432027992102603
295,0.0007955918087287916
296,0.0018834853640336217
297,0.0038708984405645807
298,0.022215121143357414
299,0.0003989342995019932
300,0.00043373883154641547
301,0.0003466129085970006
302,0.0012201738407896863
303,0.00010745850230624937
304,0.00010114986505152223
305,0.0004731983654659606
306,0.00010299890507505285
307,0.0006286879653974274
308,0.00015920110013740258
309,0.0002706752698640692
310,0.00041495894998267753
311,0.00027517840173287033
312,0.0006193031972287909
313,0.000259177056238434
314,0.007903479801870308
315,0.0023187775231523714
316,0.00017956743621051828
317,0.009173711173298637
318,0.00029662388449187637
319,0.0008117164381802502
320,0.0001075877579679771
321,0.00030472000132102106
322,0.00031077013979279565
323,0.00016949517136075586
324,0.00016453246600342888
325,0.00029753987833590367
326,9.55987466677539e-05
327,0.0004682189629308917
328,0.00041692147399924426
329,0.00038917865345410203
330,0.0006456009271790609
331,0.0011108621823426757
332,0.00015509921839727632
333,0.0004950070954049087
334,0.0005475504462448208
335,0.00026123757270136885
336,0.0002407237882304397
337,0.0004343744030929315
338,0.0004974995025022036
339,0.0002089043621144116
340,0.00026476057555134926
341,0.0005011995603232696
342,0.00047991190964357565
343,0.006426400061571968
344,0.004410555703405104
345,0.0006581985222522775
346,0.001285870625772893
347,0.00031991595174673393
348,0.001221036436259832
349,0.0006383375532512487
350,0.000667932951978424
351,0.0339352368193524
352,0.09861847435468273
353,0.0013277603264385085
354,0.00031645273028718104
355,0.0004323964346734071
356,0.0006143302143961038
357,0.0025016248207871163
358,0.0005266783129455818
359,0.003967524269929784
360,0.007532056897670429
361,0.010168606493455447
362,0.00042790283305659926
363,0.0005197250689794352
364,0.000186285509800339
365,0.0002769322517208494
366,0.0034541304231596524
367,0.0004877222276808243
368,0.0002541188959578682
369,0.009860521270013646
370,0.0004666722985071652
371,0.0004315575081271063
372,0.000542571720262904
373,0.0005132809507867387
374,0.0004214679542151059
375,9.64162047224646e-05
376,0.33659230673225915
377,0.0006924353118580344
378,0.019934360776985068
379,0.16610180061372376
380,0.00047618582471550754
381,0.0015443905024957881
382,0.002387420190355418
383,0.00029848436072578633
384,0.0005714845895598518
385,0.0002700654970374656
386,0.00010976980626749278
387,0.0002617830644647265
388,0.0028644658599355473
389,0.020258227548954108
390,9.641067161759713e-05
391,8.466197251972376e-05
392,0.0001900880928044263
393,0.00011675332982549352
394,9.588215965508322e-05
395,0.00017252287716848142
396,0.0001526506854845418
397,0.016009311313676833
398,0.00682461026216263
399,0.0017374532750759053
400,0.0014382235057318214
401,0.2658382183037316
402,0.1481080035219058
403,0.0015650524636978051
404,0.050734624947306
405,0.048678563738982286
406,0.01089505611248582
407,0.00019001015831278473
408,0.000512149770748363
409,0.0004622202595442605
410,0.00020325924022232352
411,0.0003199021208004128
412,0.00036394035895316275
413,0.0003050668980172808
414,0.00010550788014888355
415,0.00010092680598134697
416,0.002110124698919396
417,0.011394804486413779
418,0.004192356627577526
419,0.000657331667250726
420,0.0002298739660623522
421,0.0020778592035638416
422,0.000276333807262713
423,0.00012122656899315466
424,0.9808804236388289
425,0.0007292220956239229
426,0.000956504901012904
427,0.0061333319028343295
428,0.00014557671544754695
429,0.00015277552581023163
430,0.0005211659667296027
431,0.011367974445917743
432,0.000859799203596167
433,0.00011015453094247793
434,0.0005313685407487169
435,0.008451882419077175
436,0.008824375501955417
437,0.00010342978617053266
438,0.0001644946230741826
439,0.00042348963288351164
440,0.00033123070394269776
441,0.00033434121124570684
442,0.0010703152963659152
443,0.0007179395650301863
444,0.00025550584480838503
445,0.0014703775525433912
446,0.0008082114294340778
447,0.0004348380430304447
448,0.00026634984426767436
449,0.00032041819774480967
450,0.0003694709889032725
451,0.0005480564723830551
452,0.13257661272275198
453,0.05633204676612212
454,0.0005929802383627834
455,0.00041820539536404017
456,0.00020674559022193975
457,0.0014800125335622393
458,0.00014909258782007072
459,0.000101494966644737
460,0.00021184703257982532
461,0.0004294918109989303
462,0.004202581751164596
463,0.0017159404346287566
464,0.00012690614668612373
465,0.00012842131067818975
466,9.895013506361771e-05
467,0.0002617917242387873
468,0.0010468207397011714
469,0.0005568338065437181
470,0.0002044412179349388
471,0.000837658507379936
472,0.0002835605406555794
473,0.00029999591508117056
474,0.00034824049369537455
475,0.01198917290629846
476,0.00046354229187996947
477,0.003546617321460059
478,0.0010228346333039636
479,0.011373152784193633
480,0.0038650934520087924
481,0.0005135701537215987
482,0.00038411456980238736
483,0.03488565638688809
484,0.00027995436488780905
485,0.001823689012175766
486,0.0002176925160386835
487,0.0003723181897507407
488,0.0008299494239136999
489,0.00034097310157276306
490,0.0008179133414981622
491,0.0005344315913881379
492,0.008665796036914348
493,0.00028686649662742304
494,0.00025965266002710933
495,9.925363210196853e-05
496,8.80215184921319e-05
497,0.0011095680341261073
498,0.0007900765856680009
499,0.00031042044681178755
500,0.0015043384875280661
501,0.000743485918907575
502,0.0003162712739020421
503,0.010187360977220856
504,0.0011624250514441709
505,0.0007274934111640425
506,0.0005385528043666017
507,0.0005233408627020921
508,0.0031490328932708206
509,0.00033377610433790484
510,0.0013032685213374372
511,0.0002839690591385247
512,0.0023407487005367308
513,0.01303401416472525
514,0.0019335863602176493
515,0.0008760493123503883
516,0.00011232407957337239
517,0.00035512028035800304
518,8.66705478461913e-05
519,9.240566242602165e-05
520,0.14578865485735928
521,0.012309262128907674
522,0.0013785573680007118
523,0.0009855303725994583
524,0.0002276282863367403
525,0.0006256123638609869
526,0.0004972732904240871
527,0.000481777304993909
528,0.004544926229342564
529,0.0010672793854969564
530,0.0001799466789756541
531,0.0001565600646156292
532,0.000958927810195812
533,0.0008170286573674894
534,0.0008182790214340016
535,0.014515829067856327
536,0.0002675985978604684
537,0.0004687239118317532
538,0.03425140774879395
539,0.05367096572749229
540,0.008831844222497907
541,0.0028190295985564473
542,0.0005970526540212661
543,0.00022643705257726545
544,0.0039182507632398375
545,0.005154329657951327
546,0.00015929028072579778
547,0.002359310757427374
548,0.0015027039551665027
549,0.0003250533855685914
550,0.002062735874007705
551,0.0002969195977257476
552,0.00036014235367186435
553,0.0003184684260688384
554,0.00041114748755375366
555,0.00015631451116622042
556,0.0001465844888035433
557,0.000946989627690118
558,0.0008489326368218491
559,0.00024594188532308514
560,0.00043795363072377734
561,0.0007765332360085376
562,0.0004896752694274869
563,0.0003246985681345482
564,0.00019549713513756034
565,0.00033640178153753473
566,0.0001015925302578874
567,0.09019576118330978
568,0.001113980730013372
569,0.00015764017038128906
570,0.004997481976071232
571,0.0005438402083650743
572,0.00036275064119399065
573,0.000335542368848648
574,9.881152889809474e-05
575,0.00010825285656025466
576,0.9903263342578845
577,0.00025705032425552227
578,0.0006872113954003912
579,0.0006913982027807032
580,0.00013026179742437212
581,8.82102395971318e-05
582,0.0011634647093194434
583,0.03186753135406889
584,0.00020109783569419645
585,0.0001435883600205754
586,0.7940490053710638
587,0.0012234674302421514
588,0.00012342536943330595
589,9.230764056422442e-05
590,0.00034463163703206574
591,0.047133570150611384
592,0.025649998099151458
593,0.00038317226979235814
594,0.0009758794635249698
595,0.0010871081532340715
596,0.00011261884482806853
597,0.0005510322152485293
598,0.00016808872513113054
599,0.00011676962811000798
600,0.0001522078770356049
601,0.00017188630354240424
602,0.00016065482933654685
603,0.00013506388963670658
604,0.006127673887965845
605,0.00010774532412598901
606,0.0001039100421615901
607,0.0009312115189209781
608,0.00017175436927194748
609,0.7483813208400112
610,0.0003371161121007538
611,0.0007727689959453094
612,0.0014137652434302586
613,0.0003029775236324878
614,0.9844005671191028
615,0.0016786130863522164
616,0.0003311304913901263
617,0.00010817973958863877
618,0.00012329961686581356
619,0.00024723383830461146
620,0.0016200150687171104
621,0.0002987268447995957
622,0.00011888408373608985
623,0.00045469661331036624
624,0.00010335842854124976
625,9.569915019851604e-05
626,0.0004196575498146338
627,0.0004979665107261736
628,0.00029223395221116374
629,0.00013231863600268807
630,0.00018191898106143138
631,0.004188503355488929
632,0.009781214135875892
633,0.17233034811822376
634,0.002173053727090767
635,0.00047446432993243344
636,0.0011013509659216594
637,0.00024386707362961924
638,0.0008229993504062484
639,0.013595330504947694
640,0.0027132443791103677
641,0.000139519476369463
642,0.00016851452040957145
643,0.0003597010587691146
644,0.001442769925706211
645,0.0002972425487066588
646,0.0020548711286247153
647,0.00012287051298457552
648,0.0009208348148672137
649,0.000930933973673662
650,9.748837368917497e-05
651,9.849316531784307e-05
652,0.0006270768764881719
653,0.001171108792372911
654,0.00044921657103322933
655,0.00011334344404883799
656,0.00010632437880741621
657,0.0001960324630292908
658,0.004781533592655009
659,0.0003321945155610298
660,0.001712299553418125
661,0.001202670969624042
662,0.0006302864029750658
663,0.0795401927481316
664,0.011596103573207487
665,0.00017641764547920264
666,0.0007045001404992242
667,0.002097724998863686
668,0.0005271021378294167
669,0.00043835614225250105
670,0.00046261390744843476
671,0.046700512201402734
672,0.01641851050862717
673,0.003474569802806329
674,0.0002307570211616802
675,0.0006794327169021505
676,0.0004956568083002319
677,0.00031986528068801896
678,0.0006514421114789136
679,0.0075531967650027615
680,0.0013007219446966878
681,0.00028135698751722605
682,0.0010559776151428148
683,0.0004337725469628502
684,0.0004782551251008591
685,0.0003233874252015471
686,0.0003150471317572158
687,0.000976675617712904
688,0.018397754222959507
689,0.0003982926413181882
690,0.16523288561405985
691,0.00036825083697406035
692,0.00040160702645813186
693,0.012378353581387686
694,0.0002450883410340425
695,0.000267648648675312
696,0.001046414465233896
697,0.0007710012335150527
698,0.0009783266417012478
699,0.00016245650696907794
700,0.000879095124996742
701,0.0004531722496609599
702,0.0014948986131437907
703,0.0003770435236427268
704,0.00014850556773674518
705,0.00047917188229725964
706,0.000807565302336037
707,0.0006617300921002965
708,0.0066381502729847925
709,0.00029082783091382403
710,0.0002418194925474585
711,9.130719279653005e-05
712,0.0004481486125735431
713,0.000196307908984973
714,0.0010946693670096563
715,0.001535975598022067
716,0.0002774778008835267
717,0.0006213404125760637
718,0.00021710883134796522
719,0.0002674377371379473
720,0.00035223982001282003
721,0.04327666445582149
722,0.025716262495175692
723,0.0004399826908806344
724,0.00030704061984811214
725,0.0008279768231079677
726,0.0021559645002939593
727,0.00019107039234851327
728,0.0003239500151231638
729,0.0012767668567955476
730,0.3719182398922493
731,0.0007146727970713264
732,0.0023206442467856477
733,0.00035219292148739017
734,0.014099710824284779
735,0.007902223642253828
736,0.002680155157239492
737,0.00029215703955081854
738,0.0001231281382139462
739,0.0004875822708733467
740,0.0003998383748438499
741,0.009580342496488618
742,0.00037899389199539676
743,0.0004922607124030592
744,0.00031079701729490913
745,0.0002047746324301675
746,0.004485871907398703
747,0.005365356266906686
748,0.06063355179911179
749,0.001521404958573929
750,0.00029169215943664983
751,0.00020739484083475164
752,0.0003836592510781967
753,0.00042822985802447327
754,0.0014556026842796038
755,0.0002149149864706654
756,0.0004410907729738508
757,0.00252570635751214
758,0.0008635037090154737
759,0.0004564069394729602
760,0.9987677535817389
761,0.00026015446063009593
762,0.00043480120376120925
763,0.010341971433347304
764,0.01860112932799352
765,0.01615945983723925
766,0.001309509582351634
767,0.0003857204324945641
768,0.00012687591870085658
769,0.00017276751898243447
770,0.005679669656678198
771,0.00023012086322606482
772,0.0006403823186724646
773,0.00022159494437935847
774,0.0005996668344037338
775,0.0004994134453263825
776,0.0012467313788669919
777,0.0004917065333534779
778,0.00023170923751242582
779,0.00028833391003383376
780,0.21647132029499994
781,0.0006818196402929945
782,0.0002712389853006818
783,0.0011125424310134237
784,0.00047158376816688294
785,0.00039219400319407717
786,0.0004568624464996504
787,0.00022370853225377258
788,0.00037328440731354475
789,0.0003639787231291769
790,0.07116417713681575
791,0.017890653525893713
792,0.004822330748141696
793,0.001933883321441165
794,0.0006744054526589239
795,0.00014622357766054338
796,0.0007762944041012017
797,0.00014082273176439244
798,0.00031076170455818475
799,0.002364241236936525
800,0.02602506271780347
801,0.0004812763355602433
802,0.00010850072980040889
803,0.0638596185155324
804,0.0004636529039183547
805,0.00016202237723165474
806,0.012083784175703813
807,0.0020010796039110186
808,0.0007634347343977686
809,0.06428235456987491
810,0.00011566433225273828
811,0.00021419876154846624
812,0.030393260710962138
813,0.002258686816858675
814,0.054976512289606094
815,0.0003402071302973591
816,0.00043196760735628116
817,0.0015259271453594435
818,0.00018088757036418196
819,0.0001409600938171726
820,0.000447952161045678
821,0.00015905220076689998
822,0.00012425079553043955
823,0.13433598092472315
824,0.00033477991464030664
825,0.09880068125770768
826,0.00027207133939048976
827,0.01446885372729447
828,0.0009815599123616757
829,0.0027552845596571364
830,0.00593951018472023
831,0.0009860761191689933
832,0.0003825680520162758
833,0.00038754120786885834
834,0.0003830703453703459
835,0.0004220865982765378
836,0.0002335766976421489
837,0.0007444198588540797
838,0.00174264216149492
839,0.00011456642838275821
840,0.0018613715052813325
841,0.00060378651913274
842,0.0009720110302135732
843,0.0005643451243609381
844,0.004595127896629294
845,0.00017554760988605758
846,0.0006501438919082215
847,0.0004845640376439118
848,0.00013813509029995174
849,0.00022369049778475652
850,0.0010411209229321623
851,0.0007928681753088993
852,0.000436695243886649
853,0.0002486560501394745
854,0.048813402940246796
855,0.00023374730643557545
856,0.013221301880830611
857,0.010144738382670932
858,0.0010171040051913385
859,0.0007680288738659093
860,9.77390092171683e-05
861,0.0003005730579874215
862,0.0002591476099169783
863,0.0002569444732081099
864,0.000338233375863905
865,0.0006963753181318295
866,0.005739331966427617
867,0.00029097734949666294
868,0.007157336358103434
869,0.0021627764651268935
870,0.00025459013319549284
871,0.0004211394517138929
872,0.00045845817486459754
873,0.00027254523982692136
874,0.0010035786906385474
875,0.0013121172083556923
876,0.00019117227308664922
877,0.0002478861571910806
878,0.00045619926970398925
879,0.0003231294769677556
880,0.000350346674933752
881,0.00021827614209564246
882,0.0003991171263879494
883,0.00011512565230715882
884,0.00010889771232791728
885,0.0007514760446077881
886,0.00036950204549727783
887,0.00016455033172736014
888,0.0011242157686247884
889,0.0015578877394894811
890,0.0004772065613185647
891,0.0007988268304769684
892,0.0004442953450710391
893,0.0004803978280255976
894,0.0002799225223098777
895,0.00043905143766713814
896,0.020809579344855174
897,0.00046266808514839193
898,0.007950443265561082
899,8.911669190168187e-05
900,0.0014807310551293584
901,0.0002356112528255514
902,0.0006521650898578655
903,0.001511925114108799
904,0.009578173615731026
905,0.0005942438778360512
906,0.00111750566286166
907,0.0002901240897098763
908,0.0010574655614914127
909,0.00015012354189758987
910,0.00016166780529869212
911,0.00020181515130592573
912,0.00016930560772190778
913,0.0017743150704504255
914,0.00035169656760280105
915,0.0003580713544914643
916,0.015220524288690862
917,0.00031845524711315225
918,0.0003695870656173497
919,0.02316913953562967
920,0.0024489080787919535
921,0.0026924057662043276
922,0.009732543990425698
923,0.25040133892235106
924,0.015610745113808455
925,0.00012092963080784562
926,0.0007848922157247066
927,0.036648339419522925
928,0.00031712138280998246
929,0.003312574915474063
930,0.0006314750845689995
931,0.007182398243876361
932,0.01880262090439845
933,0.0001689514859489889
934,0.00012394690031149018
935,0.0005925608699949316
936,0.00025032490947800035
937,0.0003371283049234785
938,0.0006144241933641668
939,0.0002254181216998438
940,0.00011915486373265543
941,0.00011088651441625278
942,0.0026630998844577474
943,0.00030278022604296337
944,0.000462072946559849
945,0.0002038356692290556
946,0.0006081230190540942
947,0.00035003919176675207
948,0.0016755756117238934
949,0.0007741229341731735
950,0.00017888010868153642
951,0.0007704138093387274
952,0.00011438753656454417
953,0.0005064830985631042
954,0.0009057990277796452
955,0.00011318597966577044
956,0.00044097764458267457
957,0.0007107924020761077
958,0.00025020877979531326
959,0.00011636634405693133
960,0.0009115122177817824
961,0.0006648238943968763
962,0.0004004474003496508
963,0.0006465476933666002
964,0.00042413190615054903
965,0.00011771599554534082
966,0.0018324355156158446
967,0.010500706963816091
968,0.0006463635483685385
969,0.00014116884950586973
970,0.0013682436932335475
971,0.00045430820207355966
972,0.0005559688612790421
973,0.0003769594286423802
974,0.018559075516322538
975,0.0021556635130077807
976,0.0010760428138538057
977,0.0018861406505361101
978,0.0012531044975828127
979,0.00016988964188492108
980,0.00023247564303053187
981,0.00013590296718885125
982,0.0019681247776447415
983,0.0019053957750658002
984,0.0010838609334904155
985,0.0003316433167439729
986,0.0013871450828077665
987,0.009205954387775833
988,0.0006671606808439742
989,0.0003449445478766697
990,0.008978729535045476
991,0.00028029904592429835
992,0.0007130020978461066
993,0.0003639642705326793
994,0.00015984138242117825
995,0.0003309065526669215
996,0.00010329082821966992
997,0.00027437546619761295
998,0.00039599534036018096
999,0.06118294021676653
1000,0.0004222458830394076
1001,0.0003039145401286664
1002,0.0005767380214334477
1003,0.000417203571213644
1004,0.0004552950604162835
1005,0.0009055441149366018
1006,0.0004959438599377059
1007,0.000869126854845371
1008,0.00016688733350919485
1009,0.00015513248752554548
1010,0.00033148700585425593
1011,0.0008212422790934795
1012,0.00028870210266806654
1013,0.0006613055320124967
1014,0.01509632801384868
1015,0.00023507074560352492
1016,0.0003349130117311663
1017,0.012960331786822302
1018,0.0004945089498436705
1019,0.0007411682098940045
1020,0.0001124876531105087
1021,0.0015981966755409312
1022,0.0011953660459767485
1023,0.006849210335985339
1024,0.00015322742669112704
1025,0.0003369625406847835
1026,0.0007314179626415397
1027,0.00015993434484629941
1028,0.00018073500563710467
1029,0.00039027609951391474
1030,0.012574201070044692
1031,0.000625094768015831
1032,0.0006592861004762338
1033,0.001211074390807925
1034,0.0007321856300962831
1035,0.0007228049582333343
1036,0.0001607266742990372
1037,0.996990506610228
1038,0.0012795391869957387
1039,0.00035090121425132836
1040,0.00018854924449217665
1041,0.0004960791730313108
1042,0.15312658418889596
1043,0.00021910288369702863
1044,0.00029482128878268317
1045,0.00013488368556116085
1046,0.032275349439608164
1047,0.0005895468457767203
1048,0.0005048122844346766
1049,0.0003171667025553659
1050,0.00026298973014722365
1051,0.020189507233226572
1052,0.000874512998868212
1053,0.0023046322777650445
1054,9.965360756216513e-05
1055,0.00013632693066077138
1056,0.0003209993134168501
1057,0.00026234390384934666
1058,0.0007113846705805816
1059,0.014773354606382677
1060,0.0032792183898481685
1061,0.0022464641786363814
1062,0.00106490597461932
1063,0.00033322135061391813
1064,0.0004895308759776623
1065,0.022075688190801187
1066,0.000525522269923357
1067,0.0008559038714199617
1068,0.0002652819670724562
1069,0.00017211168104527578
1070,0.0015787995057097394
1071,0.08672715923378595
1072,0.0016277534268242177
1073,0.00022434717140416098
1074,0.00022179302447362047
1075,0.014566910860139974
1076,0.00014959789038826695
1077,0.0002832409738359663
1078,0.0001229738172758731
1079,0.0005015530088785255
1080,0.00020047890678757705
1081,0.008417328188092535
1082,0.000618818213002425
1083,0.009805144242679583
1084,0.00024833400844295473
1085,0.00022856498554593138
1086,0.0005564591791674643
1087,0.0063787574359513
1088,0.0007639559110740869
1089,0.00039546701921533385
1090,0.0006427202212080707
1091,0.0006967653128835893
1092,0.0008976436468639381
1093,0.0005495953892426149
1094,0.0003352103725170776
1095,0.0032014668352454167
1096,0.0005056915768323476
1097,0.0017219760925778558
1098,0.00019545987120916526
1099,0.03674431587983432
1100,0.0002737856988636836
1101,0.004215007454960616
1102,0.00040437283846097427
1103,0.00088868437642626
1104,0.00011927375247112505
1105,0.000146805885585233
1106,0.00023144006774878393
1107,8.990108996985626e-05
1108,0.00047938158599734974
1109,0.0015447125199887519
1110,0.0003929906229961766
1111,0.00026898187258803867
1112,0.00033130673509204037
1113,0.0072928232940382845
1114,8.197039052408145e-05
1115,0.004568370850730008
1116,8.279062498331015e-05
1117,0.00017378099672967363
1118,9.412025725385598e-05
1119,0.00030898589023688867
1120,0.0003739507695077741
1121,0.00026403353671983627
1122,0.00016169221319348742
1123,0.0007878914946164242
1124,0.00014982380817960312
1125,0.0004959504346066968
1126,0.0004227011456056587
1127,0.0002598413296294534
1128,0.000492270562034633
1129,0.0004761678491132661
1130,0.0017753987743594885
1131,0.0005445175223525243
1132,0.0003717494753441546
1133,0.0021335520504868984
1134,0.01631395695852403
1135,0.9980781378002792
1136,0.0003870570265514105
1137,0.010976304234896282
1138,0.000335668119069952
1139,0.08861959207905196
1140,0.10603750384663808
1141,0.0002354609483515276
1142,0.00013072735285096386
1143,0.00030984521897938904
1144,0.004035582277252315
1145,0.001512644864257604
1146,0.0016069320586539636
1147,0.001597869001218994
1148,0.0005125918575123577
1149,0.00031216363330225814
1150,0.00029007196411634035
1151,0.0001447493377820912
1152,0.00034306441268549615
1153,0.00014621494637709258
1154,0.11606985250641327
1155,0.04210586519891783
1156,0.014755931069016615
1157,0.004297439530828899
1158,0.0004172962079315149
1159,0.0032850957879183734
1160,0.0005241001675712593
1161,0.0006285506704053832
1162,0.00022172016305564175
1163,0.27626440273169095
1164,0.00021730981338814834
1165,0.09980314770654627
1166,0.0003866742191663469
1167,0.005739353308918616
1168,0.06363940562915786
1169,0.00030113161419857416
1170,0.0005538333046569815
1171,0.0009394847928743201
1172,0.0028283564094741345
1173,0.00047214020223826586
1174,0.0007928728196973865
1175,0.0008173202014170691
1176,0.00048205722427025513
1177,0.0020061124332784574
1178,0.0002558804591785514
1179,0.00036450938571109604
1180,0.0005011987177503532
1181,0.00029782357158978485
1182,0.0010654586989144932
1183,0.03771160958839056
1184,0.011554436496873526
1185,0.00040968177075947725
1186,0.00010470974388415832
1187,0.0004873405798404536
1188,0.0020109656536697333
1189,0.00033694481451596557
1190,0.00036385923096518086
1191,0.04432438936538483
1192,0.0002573264913436864
1193,0.0002827936558276906
1194,0.0007679057431457301
1195,0.0036913271681453573
1196,0.0005792124079056276
1197,0.0011334878579470273
1198,0.00019588837045312344
1199,0.0008989711003222289
1200,0.0007876958005047035
1201,0.0006787018108494036
1202,0.0007277014183593477
1203,0.047548598536097456
1204,0.00035075579057210866
1205,0.00021970589893677774
1206,0.004005351691979871
1207,0.0002977368698419901
1208,0.9885452654863842
1209,0.00039437432554109117
1210,0.0021221603276501775
1211,0.0003755983182502685
1212,0.0028857392096246857
1213,0.0002560876515463732
1214,0.0006919937220841517
1215,0.00027959210915071223
1216,0.0003019531321003633
1217,0.001151629949980515
1218,0.00032198632566663615
1219,0.001068239918224926
1220,0.018805749783110653
1221,0.002168827100146533
1222,0.0007311755322773147
1223,0.0002954504748898019
1224,0.000645200435716055
1225,0.0002577565148531394
1226,0.0006889279620282535
1227,0.0002510362790987463
1228,0.0009387744336060281
1229,0.00028861336495085606
1230,0.011328136228196305
1231,0.000478961324388242
1232,0.0001574816551733836
1233,0.002883070548101697
1234,0.0003885036216408587
1235,0.0004651648925964444
1236,0.9943898536635408
1237,0.0012372582732815332
1238,0.9993819263088924
1239,0.05866786714713341
1240,0.0004743546853377121
1241,0.005518224440217813
1242,0.0030329799062782433
1243,0.08736262269941879
1244,0.0017506108461952704
1245,0.00032241561871435947
1246,0.0005234552599989707
1247,0.0003139103579812696
1248,0.0015197838950227343
1249,0.0006110539144601479
1250,0.00538103388896641
1251,0.00017833736087801674
1252,0.9984359137882535
1253,0.00025911067689754854
1254,0.0002729568851091167
1255,0.0005839255290674584
1256,0.00037517148891707435
1257,0.0002240375965888471
1258,0.03393705648111375
1259,0.00036846270224445303
1260,0.0002681775541370243
1261,0.0005895195401616341
1262,0.0006161103416240428
1263,0.0007290244931300179
1264,0.0006558918291868915
1265,0.00037634879699136666
1266,0.2532678888961607
1267,0.00016725379255618192
1268,0.00015802018691644408
1269,0.00043784396240682734
1270,0.0001661339141190763
1271,0.00015830517245599878
1272,0.0005114831957160659
1273,0.004337120076690309
1274,0.0004453907646912741
1275,0.0020088744900286213
1276,0.0002332124468549858
1277,0.0003201224567798688
1278,0.0006034013748770731
1279,0.0005902163812785534
1280,0.0008637333272126876
1281,0.020038075900697665
1282,0.018687931798476613
1283,0.000979088282684526
1284,0.0018270047604960174
1285,0.0004056985036453389
1286,0.0014292460494828275
1287,0.9242227864464879
1288,0.9979428167948606
1289,0.0003129532983939228
1290,0.23846426313080885
1291,0.9993397236052325
1292,0.011602896447334907
1293,0.008263606732316181
1294,0.00035724529190753375
1295,0.00035408091532894415
1296,0.0014110911448338107
1297,0.00023728719872400286
1298,0.0004108691615169679
1299,0.0003787533629256481
1300,0.004120256237776151
1301,0.0007349748597973872
1302,0.00018201917204427204
1303,0.00030975516118358947
1304,0.9967832111493525
1305,0.0003261934429334343
1306,0.9992621543656585
1307,0.00022502801023374097
1308,0.3047461436238272
1309,0.0037129797661392605
1310,0.0003235471982494367
1311,0.00021593479298895362
1312,0.0004386084175732418
1313,0.00014940420810366877
1314,0.00014940420810366877
1315,0.0004741260056978926
1316,0.002969360156796754
1317,0.047269073347451854
1318,0.00037392948623004825
1319,0.0004918435511941197
1320,0.0004940577841359444
1321,0.0004696755620906327
1322,0.00030489677257007457
1323,0.04932429205401971
1324,0.0006951102133774295
1325,0.0003067700796417294
1326,0.0003889122587247768
1327,0.0008783605315589994
1328,0.00010959887692705075
1329,0.00012944639197362787
1330,0.0002273532669816112
1331,0.0002769411641845081
1332,0.5203862000882359
1333,0.5678404548469148
1334,0.9990921418852446
1335,0.00035058848624288356
1336,0.0003816785756103736
1337,0.0004050402825497986
1338,0.0002778814699783102
1339,0.0001245984604209444
1340,0.06425364617687668
1341,0.000388090645173006
1342,0.000657179340943599
1343,0.1695834691316387
1344,0.00047836648412587023
1345,0.0001753290292163667
1346,0.0002533055320452669
1347,0.0002308743944860732
1348,0.0005784724408708228
1349,0.00023339669585482984
1350,0.014300419604750517
1351,0.0003506722826475486
1352,0.00037581422778746253
1353,0.0001036026666743167
1354,0.00030829633513295546
1355,0.008427610082944936
1356,0.0004970623412495116
1357,0.0006813271339432656
1358,0.0003312726169823721
1359,0.00019033952421289755
1360,0.0007001157592026819
1361,0.0004490289215871305
1362,0.05108385012759994
1363,0.03435625168929298
1364,0.0003196407272894293
1365,0.0011162171560512779
1366,0.0003032972757251608
1367,0.015554376152273749
1368,0.005484303049777099
1369,0.0003512625263560495
1370,0.0004540064776278572
1371,0.00033076461065902724
1372,0.00045402885922444055
1373,0.05185282754661728
1374,0.9991028402337097
1375,0.00014254514847304205
1376,0.003961084950378954
1377,0.008662098548860788
1378,0.0006966766889063317
1379,0.012012196300513926
1380,0.00047700803568107556
1381,0.0005243141394679507
1382,0.00025343030168357446
1383,0.00023112240496793725
1384,0.019093638260288665
1385,0.0020076277570231006
1386,0.0012667167370224578
1387,0.00022014415524526673
1388,0.0002784367030902741
1389,0.0002714239290467211
1390,0.0002869730566085636
1391,0.00030009581549280654
1392,0.00020376102058094803
1393,0.00011734569207098946
1394,0.9982757103281159
1395,0.0007234240060826488
1396,0.0006583793516102803
1397,0.040847269779069474
1398,0.0018141050948460142
1399,0.0007006391770030449
1400,0.0008766344409586659
1401,0.00033509334399647737
1402,0.0002549830432098157
1403,0.0004505955689809455
1404,0.0012421893447262852
1405,0.0009182421201106095
1406,0.0008622751886217197
1407,0.0006402433489248071
1408,0.0003315993267908036
1409,0.0003014103105569938
1410,0.00038994974614203027
1411,0.9988101573873002
1412,0.0008865575153545296
1413,0.00013734933905402844
1414,0.0003838006741406984
1415,0.0006952987957763481
1416,0.15383415704695777
1417,0.00014260803670918172
1418,0.001057876220488043
1419,0.00027374747868980955
1420,0.00014811625757333045
1421,0.06869378177889494
1422,0.0004861820854027192
1423,0.003218565167856122
1424,0.0005958817851172356
1425,0.0011504267503955317
1426,0.0004226691503234835
1427,0.0001281806544036734
1428,0.0006944444370603749
1429,0.0005924111896816799
1430,0.0002393822361968855
1431,0.000548531176017155
1432,0.031111433007317568
1433,0.0005580101576717807
1434,0.0012382859390965254
1435,0.0061135552397268735
1436,0.00016344294003914583
1437,0.016248765894147605
1438,0.004322584136848178
1439,0.0016113007591262247
1440,0.000830283908939388
1441,0.0002178559029298653
1442,0.0002388187748406011
1443,0.0015103014367880134
1444,0.003154299558978483
1445,0.000450336271751749
1446,0.0003258864975586118
1447,0.030133375710844904
1448,0.0064825967140833066
1449,0.0006827417012938864
1450,0.00037362424622579515
1451,0.0002125677784448593
1452,0.00029978328800074107
1453,0.0005543874997417659
1454,0.021550578345105965
1455,0.0005373860615830119
1456,0.0004781227678058244
1457,0.00041512163002926824
1458,0.026874535643458385
1459,0.0017071806558042956
1460,0.00016868708011861123
1461,0.00028111547241436134
1462,0.00034145504453908195
1463,0.0012856592808583136
1464,0.008017441596532279
1465,0.0005974293569296789
1466,0.000425948687798056
1467,0.0006810378083524765
1468,0.035418145680371556
1469,0.0004182940344599793
1470,0.0008178228318871053
1471,0.014636139508474054
1472,0.00031618706462721927
1473,0.00019095261447406176
1474,0.9984407391600315
1475,0.0006602921748698703
1476,0.00038854738899252135
1477,0.0002055411992270661
1478,0.00027525998701971116
1479,0.0002983538888445562
1480,0.0012953173123644124
1481,0.00036016078932138066
1482,0.0005813711589963733
1483,0.0003587261857704373
1484,0.000247845336072397
1485,0.0035974158271699776
1486,0.0002475536203304349
1487,0.00011285741975225226
1488,0.0009456015356922271
1489,0.00039602552392386007
1490,0.00022784651343714298
1491,0.00038042987876801045
1492,0.0003202611152940939
1493,0.005576578851559265
1494,0.0036574109938555077
1495,0.0001791914315865489
1496,0.0005660018906983246
1497,0.0005999840885065561
1498,0.014914442110532864
1499,0.0006921774562169992
1500,0.00014845293915945692
1501,0.00012877145744844
1502,0.0004332951122355954
1503,0.05537190233945971
1504,0.0004418149305566906
1505,0.000715188274557121
1506,0.0004617931496240945
1507,0.0002881936701668898
1508,0.002412985244588918
1509,0.00018914341429904287
1510,0.0002417088520090427
1511,0.0008590455633946007
1512,0.02433379071544404
1513,0.025460856798496696
1514,0.0001787046841980573
1515,0.00016251073068811016
1516,0.000563699432447953
1517,0.03365462727279176
1518,0.00126984174470497
1519,0.004285219738683983
1520,0.00016047343380313383
1521,0.0002736736650689336
1522,0.014596562995863864
1523,0.0002201634358887305
1524,0.0005453833967241671
1525,0.0008461522124624516
1526,0.00723405208782159
1527,0.00014269126644016935
1528,0.0003712552724399958
1529,0.00037202309754279776
1530,0.0015350502485947648
1531,0.00028694187546881683
1532,0.00011955511754258327
1533,9.72011605858694e-05
1534,0.003953313326998114
1535,0.0007374130469724696
1536,0.00025575373580556313
1537,0.00036538122892771036
1538,0.0003503200813778267
1539,0.007456426421229335
1540,0.016251034409819565
1541,0.10856049007609012
1542,0.0022959269777428795
1543,0.00030015346322818535
1544,0.012832186622758405
1545,0.0001503567082180174
1546,0.00032608458757985183
1547,0.000140310932517888
1548,0.0003256767478797205
1549,0.002194483906862334
1550,0.0005345336487783371
1551,0.0005392161900978832
1552,0.00020310271708204628
1553,0.00019616007966252584
1554,0.0014501932033810206
1555,0.032012808793474054
1556,0.011285743943052666
1557,0.0017192708380224628
1558,0.00031346144998443325
1559,0.0008187746104208459
1560,0.0002200099454822824
1561,0.0003394962472802388
1562,0.9986747460869995
1563,0.000301381297808602
1564,0.0004146793653772877
1565,0.007993033837544586
1566,0.0001820825042380338
1567,0.0004212036790018538
1568,0.00020810353982865228
1569,0.001119183135075909
1570,0.00023327916992056875
1571,0.9982763057749616
1572,0.0002502576672527542
1573,0.000860892015047922
1574,0.0005448522819690093
1575,0.0001675013565725676
1576,0.0006914792657068946
1577,0.00045920215316515674
1578,0.0015722076319681305
1579,0.0021223814090346547
1580,0.0006079523364808468
1581,0.002229103929971978
1582,0.0003837385600457893
1583,0.00033674951392721346
1584,0.0011753782989772786
1585,0.0006673523379567108
1586,0.00020018676902503892
1587,0.00020340637773314522
1588,0.05863093235448994
1589,0.000526436398183525
1590,0.0005146150844341427
1591,0.09990794797101832
1592,0.0021512184125213273
1593,0.0004418424413349611
1594,0.04532140863494568
1595,0.13982837459343198
1596,0.000690530538767797
1597,0.0007749289834156913
1598,0.0007941964019063528
1599,0.0008043065395019934
1600,0.0003592138001801669
1601,0.00032825768948089294
1602,0.0002747740431049302
1603,0.0002825842969339267
1604,0.009145196781578166
1605,0.00038568419156184523
1606,0.0002537283404248663
1607,0.0007911061120179742
1608,0.0004285068469432158
1609,0.06406586862320597
1610,0.0002741735412413892
1611,0.0002522137220089955
1612,0.00028209913953975894
1613,0.000902292204635673
1614,0.9869548587495024
1615,0.0006386975887965478
1616,0.0004901318703522297
1617,0.0017531339242967084
1618,0.016565106962399698
1619,0.00023858416519650078
1620,0.0003216556339345419
1621,0.00026853852586790556
1622,0.05276524525612066
1623,0.0003209636125969892
1624,0.0029576871162193337
1625,0.00013350070244947746
1626,0.00015282157140132657
1627,0.9816026109154791
1628,0.0006622154396153823
1629,0.0002918379513197919
1630,0.0006694055509885143
1631,0.01693777302571803
1632,0.0002750538726061616
1633,0.00021488392253241173
1634,0.0005679376145016091
1635,0.0002840181524091989
1636,0.0017222253670226616
1637,0.00012746465912284301
1638,0.0002069738438749518
1639,0.00026569096703864064
1640,0.00017975112898942368
1641,0.0009070491022427772
1642,0.0004537489523617152
1643,0.00029583006694055094
1644,0.00499517946976158
1645,0.9977458628095935
1646,0.00032788582362601915
1647,0.10441782483574923
1648,9.900705309951854e-05
1649,0.0011698670601312806
1650,0.0006579468624195643
1651,0.00021481693973091022
1652,0.00010761758491767371
1653,0.000352268524752349
1654,0.0019759333048272
1655,0.0003051760260065618
1656,0.21524944120845424
1657,0.00036618356425070797
1658,0.0009965834597973724
1659,0.0003483595460610966
1660,0.00022146187641096328
1661,0.0034765485412164166
1662,0.0004657705572475088
1663,0.00029680965081837
1664,0.0002246397448184806
1665,0.0004154251983167703
1666,0.00018314037135656498
1667,0.0005673514156847216
1668,0.000762075961558087
1669,0.0008650931691986878
1670,0.0004456845849179862
1671,0.0002554574884399895
1672,0.0010622303772883702
1673,0.00173787329298304
1674,0.9989655867671139
1675,0.0009558279105980772
1676,0.00030689691172753204
1677,0.0004026416369330688
1678,0.0003463663726983272
1679,0.0001953470184604355
1680,0.004874606573497627
1681,0.00019157242870544028
1682,0.0003671638342939739
1683,0.0015402445765365868
1684,0.0030811117409435913
1685,0.00045564846474665784
1686,0.0001459768544685014
1687,0.00029467723643049614
1688,0.000289354908877762
1689,0.003786647417620072
1690,0.000495384254322331
1691,0.0004183720188875971
1692,0.0003333837762084961
1693,0.004455216929801253
1694,0.00020465020896261047
1695,0.006345739261910683
1696,0.00016629598182616188
1697,0.0007339920592701113
1698,0.00045171679260864984
1699,0.00039178143011971855
1700,0.0005530000866752131
1701,0.00028102561271584867
1702,0.0005042486698894076
1703,0.000350993152252758
1704,0.20182495446340695
1705,0.00018574177770916474
1706,0.012193424223648011
1707,0.9992616186966562
1708,0.9874959169406275
1709,0.00020540459430948583
1710,0.00017105923739602953
1711,0.0002101753742246895
1712,0.0005776693889870213
1713,0.00024554610026851796
1714,0.00036326061118852775
1715,0.00037476865973095166
1716,0.0004697110628393105
1717,0.0008229160059508155
1718,0.0005867024530790126
1719,0.00021551328667220398
1720,0.0002854175793348315
1721,0.9861903600389675
1722,0.9993453058994121
1723,0.0002763268965774199
1724,0.0002545146094896895
1725,0.000879445682558594
1726,0.00028346927821402523
1727,0.001665707963282614
1728,0.1077853844114655
1729,0.001981825976412417
1730,9.505792861711892e-05
1731,0.00011614595816693832
1732,0.08413222905944044
1733,0.07463996465100264
1734,0.0012119466565100414
1735,0.001603320793146758
1736,0.002631936692116556
1737,0.0003109297142792194
1738,0.0004866991210915567
1739,0.0013610793584150904
1740,0.00027995064043249415
1741,0.0002445431389133054
1742,0.00011423385934673163
1743,0.00012229322645142366
1744,0.0006339868004177734
1745,0.06338786394616283
1746,0.006389406199476329
1747,0.000484655893645874
1748,9.385437815433873e-05
1749,0.9918873726439861
1750,0.0003322569114022423
1751,0.0012234734563378385
1752,0.004709692339557615
1753,0.0003547853325643155
1754,0.0004819713452694934
1755,0.00013310205367944716
1756,0.0001865224146269124
1757,0.00024488165941883645
1758,0.00017428870740679206
1759,0.0002420328219594987
1760,0.00023240226870322885
1761,0.00030332805087629277
1762,0.00018259417495967262
1763,0.0012928635402383339
1764,0.00016481596516550596
1765,0.0007882548194171445
1766,0.00013837288251301394
1767,0.0001451126160390019
1768,0.0031518908756931886
1769,0.698036446331635
1770,0.0354551318486375
1771,0.00010661793823358731
1772,0.00011022082641235139
1773,8.38360661506798e-05
1774,0.00029275047029177323
1775,0.00028178151996843923
1776,0.00032962084755438115
1777,0.00029777240837845217
1778,0.00029571703897932387
1779,0.00025854509310468667
1780,0.0003335193670054311
1781,0.0029904370318141063
1782,0.0004621858123664967
1783,0.0011028598995023525
1784,8.466197251972376e-05
1785,8.944884160787167e-05
1786,0.0002921108565277826
1787,0.0004325803925320593
1788,0.0004099900705732629
1789,0.0003866925257481321
1790,0.00027687825816954595
1791,0.00019357488952493566
1792,0.0003696583004323567
1793,0.00041715923971313813
1794,0.0003191882464762568
1795,0.00029792906760480674
1796,0.0003202810410563609
1797,0.013275781561223136
1798,0.0007640667493296944
1799,0.00011158810000981723
1800,0.00027950112473001715
1801,0.00824643890654554
1802,0.00032595040265291127
1803,0.006825149580892339
1804,0.001679285772069799
1805,0.000956576488425243
1806,0.00046200395686439805
1807,0.0003045981314213943
1808,0.9993293988125947
1809,0.00031887611634939865
1810,0.00034353061542298936
1811,0.04251683234267856
1812,0.00011116091522011072
1813,0.0013855937668697102
1814,0.0010705409885855412
1815,0.9973530140941311
1816,0.0004055334812834517
1817,0.011493154071461443
1818,0.9952488975101933
1819,0.0005835623657239027
1820,0.0003252955360471839
1821,0.0003658837620748023
1822,0.0003072657810532068
1823,0.0002221152827580666
1824,0.000283010558891553
1825,0.00022939724756463817
1826,0.00025642530901245626
1827,0.00027209060903738363
1828,0.0003701613985859402
1829,0.0002853408643771698
1830,0.00020182977264206477
1831,0.0003400453078791809
1832,0.00014028038135296454
1833,0.00043061994802548687
1834,0.0001230592017651302
1835,0.00010573593817806433
1836,0.012890585537943542
1837,0.009058657383270033
1838,0.00042084554808262793
1839,0.0003406609118192283
1840,0.0005039632485137225
1841,0.000293040466270029
1842,0.04136327431717407
1843,0.0009671309767986868
1844,0.00011945573951673539
1845,0.007921963548530276
1846,0.0009003029131813653
1847,0.00042167860547316323
1848,0.0009642174625433962
1849,0.00018311038245107336
1850,0.0003804302005323498
1851,0.00011015281238721964
1852,0.011075267631208108
1853,9.661775645623699e-05
1854,0.00018612612332807445
1855,0.0044010044067729044
1856,0.0003308485625120317
1857,0.0002647473335170477
1858,0.00011960915358743766
1859,0.08323558330432503
1860,0.009946918963778865
1861,0.000232707999633573
1862,0.0002785907569016105
1863,0.00035009206538311405
1864,0.0011645599507349375
1865,0.0002283744993206598
1866,0.0007946151137250701
1867,0.0013341841679801493
1868,0.0003034712134156781
1869,0.00013614409723007102
1870,0.00034373453226923444
1871,0.004040387342733836
1872,0.0004951717831519067
1873,0.0003748036756330984
1874,0.00021791282650619674
1875,0.00032296133883182786
1876,0.00018412456731664164
1877,0.0002807493572836363
1878,0.0003186943702131241
1879,0.01736128303078398
1880,0.00029573203729151026
1881,0.0002451251425296595
1882,0.012828761179329337
1883,0.00031076232871849694
1884,9.29829975594476e-05
1885,0.0007320537623847973
1886,0.00024273545111972214
1887,0.0006225103303943115
1888,0.000963955067937617
1889,0.01282466711332644
1890,0.00010127450184737485
1891,0.00024138666208620746
1892,0.0002689016042103962
1893,0.015228694712840355
1894,0.00010479964258230243
1895,0.00010576075017198393
1896,0.0055113386004111125
1897,0.0011518686941012074
1898,0.00013241543984646514
1899,0.00031542067831073566
1900,0.0004408934803570713
1901,0.0002580655400166886
1902,0.00240463468153105
1903,0.00011631798908510199
1904,0.0004296900095907684
1905,0.00021736449224802487
1906,0.1968345335954895
1907,0.00022533600563625763
1908,0.00030544269650770384
1909,0.00028571526579121393
1910,0.0011510699818971465
1911,0.001486322461899852
1912,0.01615239025785227
1913,0.00011867015056522537
1914,0.07178861019546261
1915,0.0014499339515279706
1916,0.0003523122062149824
1917,0.0002898303395302238
1918,0.00024942769882261716
1919,0.0009605054958381173
1920,0.00010857005578113764
1921,0.0001394278293776996
1922,0.03509087894695373
1923,0.00027848175081455855
1924,0.0002242792842434448
1925,0.0002964225476232271
1926,0.00016994414441356381
1927,0.00021320453889578099
1928,0.00033711650748665875
1929,0.00010455232123630162
1930,9.942009708788804e-05
1931,0.7584737658929069
1932,0.0038753652428523463
1933,9.946697952034336e-05
1934,8.35767129122295e-05
1935,0.0014312805619836127
1936,0.0002002519281583001
1937,0.0007225846639370618
1938,0.00015931078724659662
1939,0.0014622238780855406
1940,0.011136347525289235
1941,0.00010787760510265648
1942,0.00018775854796349435
1943,0.00013781382713168037
1944,0.0002119255459755755
1945,0.0003799658277450071
1946,0.0004688696136690467
1947,0.00029002924150820484
1948,0.0002029161415079193
1949,0.0003970662230371898
1950,0.0002477986257824334
1951,0.0003293044431799016
1952,0.0006486762775199619
1953,0.0003425985955487947
1954,0.00014005674852754727
1955,0.00016094669527841476
1956,0.0021784492323175027
1957,0.0008272264172731733
1958,0.0006542702144300629
1959,0.9984452479491785
1960,0.01999275741983178
1961,0.000270248284907904
1962,0.0002956078361104582
1963,0.000365761193071875
1964,0.003204501261176026
1965,0.0003800655908657616
1966,0.10506428993873297
1967,0.00016266728919494554
1968,0.00015955351590412278
1969,0.00399799778307026
1970,0.0001943518366385503
1971,0.007149848199998339
1972,0.01090527598486136
1973,0.0004010278011516198
1974,0.0009653581588212573
1975,0.002665596540741299
1976,0.00014300135651410507
1977,0.0003625320318837487
1978,0.00024000729928733077
1979,0.0002576735130459287
1980,0.0010696958874493508
1981,0.01684577085835345
1982,0.9987180724183714
1983,0.0004927788968571283
1984,0.00020515602083097693
1985,0.00033602358804963494
1986,0.0002662623728988278
1987,0.018731072504604075
1988,0.0001426174518923953
1989,0.0017547504793477924
1990,0.00041279053568246254
1991,8.683566483960372e-05
1992,0.00013112461440713244
1993,0.940366069549477
1994,0.0033177168945529804
1995,0.00020022889578101964
1996,0.4389437433072459
1997,0.00045969058901002534
1998,0.0002923364368028617
1999,0.00020710195107425942
2000,0.0008865854948183394
2001,0.0017615205044885784
2002,0.0007336108623520439
2003,0.0003242296303460558
2004,0.8394590597633327
2005,0.0003497213568780838
2006,9.061500278187876e-05
2007,0.000198771153999808
2008,0.0001911533383736992
2009,0.00023272982176143867
2010,0.0002645220273292587
2011,0.00015882702874972355
2012,0.004409843090351542
2013,0.02596817365620276
2014,0.00033038898376600213
2015,0.00033253400066914394
2016,0.00011396659049908314
2017,0.0002502297423266533
2018,0.0001582280286613182
2019,0.00023599358194613726
2020,0.0006349873846731531
2021,0.0005532685660555345
2022,0.0006292330886233261
2023,9.878966341634082e-05
2024,0.0006617303155664243
2025,0.0005238902800094272
2026,0.007537700142747208
2027,0.9988757261292467
2028,0.0001773088201610768
2029,0.049996753283461204
2030,0.01981971931109932
2031,0.0003249201569415203
2032,0.0006443138673003519
2033,0.00033191335623198784
2034,0.00040673510260137117
2035,0.00013555552985882726
2036,0.0010908254184812361
2037,0.00010697496025328891
2038,0.0041481038674718975
2039,0.00030953141753514723
2040,0.0006923150643344596
2041,0.004654678558592535
2042,0.00010979632581172964
2043,0.0003406153952268067
2044,0.0004258842475158084
2045,0.025915594250714744
2046,0.020993789834528553
2047,0.00033074144226570047
2048,0.000308240043535827
2049,0.008135191674887896
2050,0.9875550074151562
2051,0.00020246449377339976
2052,0.0003707336477357006
2053,0.000497378703626699
2054,0.0027547926509268596
2055,0.042081968040741415
2056,0.00038697121241937094
2057,0.0031230556846458335
2058,0.0009064856185975472
2059,0.0007945795563442815
2060,0.00043191384237130386
2061,0.0001287851626587009
2062,0.009303022885945313
2063,0.00017278954781498168
2064,0.00011586946189430106
2065,0.00045717222849749495
2066,0.0006216949011963522
2067,0.0002826600040674887
2068,0.0005732052257834944
2069,0.0004025402619913029
2070,0.00027780263638872645
2071,0.0008093230512480937
2072,0.00039954917503993103
2073,0.00043262124255283015
2074,0.0005570706330806436
2075,0.0001239677436357491
2076,9.872285132973473e-05
2077,9.688474808766461e-05
2078,0.0003600191801047878
2079,0.0003370913692125182
2080,0.0001830831108979074
2081,0.00037389432183445253
2082,0.009422987100412977
2083,0.02335164085036935
2084,0.00021288095255997234
2085,0.0003637407396442496
2086,0.00040137901151227404
2087,0.006329252629567019
2088,0.0002950501240624788
2089,0.9864395890438283
2090,0.0002149278207407124
2091,0.00035356527292712444
2092,0.00034948166744402253
2093,0.0006275298349194641
2094,0.9989813130382083
2095,9.959271424590029e-05
2096,0.0006380817526906198
2097,9.121642609328571e-05
2098,0.0009237463900435669
2099,0.0001982953499641976
2100,0.6733096455075328
2101,0.9990693626850716
2102,0.004611270976509902
2103,0.00011980397519523738
2104,0.0668230305892216
2105,0.9993311633169447
2106,0.0001788025005285391
2107,0.00026587160444946145
2108,0.9976799628586193
2109,0.0016387813529242035
2110,0.000259369395096331
2111,0.00014448382597281913
2112,0.00031974755859841405
2113,0.0002605823908661542
2114,0.3043633358342999
2115,0.00045600930129668395
2116,0.02992133671647785
2117,0.0004789951677395242
2118,0.0004684922267714186
2119,0.00024988880102549624
2120,0.008278357493910912
2121,0.040541325203755786
2122,0.00028221845990700537
2123,0.9991553461140403
2124,0.0013056041751438267
2125,0.00038212497350026143
2126,0.00022594282829429773
2127,0.001168217649013148
2128,0.0005683474443959301
2129,0.00027123504050491446
2130,0.02027010916597581
2131,0.9984578885395462
2132,0.00010554385102539125
2133,0.019017612849224298
2134,0.004312783159483177
2135,0.0003700188282724535
2136,0.025813356366754286
2137,0.00015838473972114018
2138,0.05420869683155953
2139,0.0008057654923391268
2140,0.010831776378309925
2141,0.0001881685541762791
2142,0.00017923163254648271
2143,0.00017785057252303705
2144,0.004343565806659925
2145,0.0001544746033435554
2146,0.9973446265814037
2147,0.00025878207215027836
2148,0.00021157169773093837
2149,0.00036003350398039447
2150,0.008890105922534234
2151,0.0018479337662681743
2152,0.000101659688376913
2153,0.0008496622489230624
2154,0.0790972783803062
2155,0.00041574830046518113
2156,0.00012634380050565545
2157,0.00034650307369957505
2158,9.682561394849374e-05
2159,0.001478191806309389
2160,0.00033605087274020184
2161,0.00024391611976252368
2162,0.00033731489579868
2163,0.02152121468775023
2164,0.33253525694537506
2165,0.0016136128045994545
2166,0.00021264111722458934
2167,0.00015460894491046135
2168,0.000234713728315078
2169,0.0037687281043190103
2170,0.9991041178535112
2171,0.00016385680477019684
2172,0.0001933468644575209
2173,0.0003132448804346401
2174,0.0002702200871388215
2175,0.0003238464370794872
2176,0.9981829081484774
2177,0.0006539915394428461
2178,0.00017630550414113495
2179,0.00032195248277938
2180,0.0003296552409501553
2181,0.00016866829643843805
2182,0.0003113034333627246
2183,0.04210377461300843
2184,0.0053671404895475295
2185,0.0003873846955429801
2186,0.00013732831271919858
2187,0.00024148564441224134
2188,0.0003335935128570736
2189,0.0001312931016832565
2190,0.0006816288304058974
2191,0.0006113050026803883
2192,0.9935574995685481
2193,0.00039162924560367504
2194,0.0007013913378099961
2195,0.007412387407969139
2196,0.00021532511605906288
2197,0.0004862799633132664
2198,0.0005432217970515311
2199,0.0002138791598000832
2200,0.0019690978076775238
2201,0.0005699615975294152
2202,0.0010453463344166417
2203,0.0003149486341653656
2204,0.0066834734578434625
2205,0.00012691804933731262
2206,0.0005363548479802283
2207,0.0002622236592575917
2208,0.0002593289929476847
2209,0.0007234876153470167
2210,0.0002361487830927553
2211,0.00042467040489626835
2212,0.017556012382224356
2213,0.0004119404664149606
2214,0.14237807560903382
2215,0.0001040981822507962
2216,0.0006771183582889858
2217,0.000218049340794417
2218,0.00027978464448895877
2219,0.00019376432719656734
2220,0.0001839911314863176
2221,0.9894153322098526
2222,0.00040035875087229627
2223,0.0009607241388381205
2224,0.14875042096941662
2225,0.0001855471823069896
2226,0.0005258309832797754
2227,0.9984951078437684
2228,0.0005844761679440373
2229,0.00047913644594704303
2230,0.0002217340560362584
2231,0.0003500913186912903
2232,0.0002672284534707877
2233,0.00023638375262251233
2234,0.0001297756866600425
2235,0.9880953572551436
2236,0.0004288765168234471
2237,0.00036252729110642235
2238,0.0016086300564904872
2239,0.011900913654755539
2240,0.010837159009847594
2241,9.78819868902351e-05
2242,0.9936490048626279
2243,0.002248689809353424
2244,0.0001894944156937172
2245,0.004123428442334905
2246,0.00036326676692578324
2247,0.00034899063792639533
2248,0.00027977652787835233
2249,0.05164922948392749
2250,0.031152262310098645
2251,0.0001400072522904247
2252,0.003096795816487409
2253,0.00016974302184500465
2254,0.01656527009308732
2255,0.03777020280086043
2256,0.005014836533891658
2257,0.00018348925099296944
2258,0.00036531596028753174
2259,0.00037415598770068034
2260,0.9985928418147896
2261,0.02532532607601789
2262,0.0003096713162619956
2263,0.00038776847281976016
2264,0.00011284930736566003
2265,0.00023040964351929045
2266,0.00016762111487367414
2267,0.00019892100728005515
2268,0.00020635052788978945
2269,0.0002045944872639705
2270,0.01996979759437523
2271,0.11974222982720946
2272,0.00023217339223986693
2273,0.0002570822855487315
2274,0.00035382017679289914
2275,0.00041007584499109015
2276,0.0004566109089011317
2277,0.9979939876699068
2278,0.0002954699252275523
2279,0.00011992544349814584
2280,0.000302100678632542
2281,0.0004379964611715314
2282,0.0002633642571174424
2283,0.9991030006840125
2284,0.0010215141000693869
2285,0.00036729678895955836
2286,0.9875154172484238
2287,0.0001159490196393922
2288,0.00030384057738892724
2289,0.0002902551161008982
2290,0.0002978973744652425
2291,0.00045036182879441735
2292,0.008495429994970296
2293,0.0006928111415544541
2294,0.00801312898393412
2295,0.002248857169456927
2296,0.9985869278859164
2297,0.00014344400670694937
2298,0.00014313724740813908
2299,0.0017204969836887062
2300,0.009886465627051602
2301,0.0008163621409430709
2302,0.00032968359404646745
2303,0.00040482646378562883
2304,0.00010712548932797934
2305,0.0008254107736856412
2306,0.0006276763374921987
2307,0.00028801846061951206
2308,0.9985154447595038
2309,0.00034603434000998745
2310,0.00020101686341174167
2311,0.00021675952850312943
2312,0.0001627516472873376
2313,8.003109625172703e-05
2314,0.0002784902573699064
2315,0.0002893399500967574
2316,0.011096409676203057
2317,0.988138142546723
2318,0.0018833056555099057
2319,0.00010406308472554896
2320,0.00018951296186960322
2321,0.005939638112032438
2322,0.00013856004060912988
2323,0.0002836724541287615
2324,0.00028145695342208794
2325,0.02797712255696464
2326,0.9989369829541267
2327,0.00031126092860825556
2328,0.00026371830412323514
2329,0.030417371390574374
2330,0.0012904593042873177
2331,0.0015099896262927668
2332,0.038669937197470305
2333,0.00028688351310930123
2334,0.00018925194397018444
2335,0.00023692758668925878
2336,0.0007414834192357103
2337,0.9990762896452768
2338,0.000350353737980658
2339,0.00033565059122061625
2340,0.9985841489130302
2341,0.0002650111909198691
2342,0.00028011784762818783
2343,0.0001286373496728491
2344,0.0003737016855304042
2345,0.004156348937529837
2346,0.00019841143972152794
2347,0.9944968501503032
2348,0.0010777281887160847
2349,0.9793225278780555
2350,0.003702237843644176
2351,0.00034454294147675315
2352,0.9751335671551666
2353,0.046197041422521706
2354,0.025413604692904962
2355,0.0008674203380176603
2356,0.002363112788513303
2357,0.9974884495869213
2358,0.002461566322008125
2359,0.002260599497901239
2360,0.92199626086652
2361,0.0006896920633506136
2362,0.9862779348112821
2363,0.0003632894497584751
2364,0.0003219111924721568
2365,0.9952420371849746
2366,0.03586497295073613
2367,0.006998021838519676
2368,0.007225917904794267
2369,0.002448559117615466
2370,0.00015876585415359546
2371,0.0001667495008307347
2372,0.13026550470012493
2373,0.0003195787879847934
2374,0.0012027679797052384
2375,0.0003059773383501768
2376,0.648704156491361
2377,0.09228642916367022
2378,0.9980516653387423
2379,0.3723945089147204
2380,0.9986153453841022
2381,0.00419183047482111
2382,0.00020379175970380352
2383,0.004484515417763834
2384,0.998370582229392
2385,0.0003847860060465029
2386,0.00022133692246021865
2387,0.9986091271390553
2388,0.0003415705300942988
2389,0.0003803044035092104
2390,0.00013291295388028295
2391,0.004246891035597371
2392,0.002914094307615433
2393,0.0001986295075004816
2394,0.00020787228943723295
2395,0.0003875255294212442
2396,0.0026109969283974865
2397,0.00011121296628181351
2398,0.9977949064258053
2399,0.00016747034270011307
2400,0.000584306434752119
2401,0.0004481586661218155
2402,0.00012152604505227054
2403,0.0003088644204989213
2404,0.9974300091773206
2405,0.00025730191586577665
2406,0.00021964600613826616
2407,0.0008116684295500464
2408,0.00038152898010840964
2409,0.00018660492884165844
2410,0.0008813221989186086
2411,0.0007270754040865023
2412,0.0002793271139697083
2413,0.0002670749023792136
2414,0.0005086040138317473
2415,0.0004924699490277349
2416,0.008325110719231494
2417,0.00031116816442369825
2418,0.0004376625787065237
2419,0.004451155927686755
2420,0.00021648999443775867
2421,0.00028061696529059374
2422,0.0003331347860935982
2423,0.0003663075992991769
2424,0.9948659245391929
2425,0.016198451997108364
2426,0.011102157056881917
2427,0.00017871962118382837
2428,0.00034780559501409276
2429,9.697236729995429e-05
2430,0.00033386905940084653
2431,0.00037200605938770024
2432,0.0003062732474436152
2433,0.00035820266062809217
2434,0.0010897533722389338
2435,0.0004811104016837803
2436,0.0004420788866810489
2437,0.9977822417062043
2438,0.00020934998954583774
2439,0.00030639293982669537
2440,0.0003174035761732302
2441,0.0003118041148809041
2442,0.0002704175695540059
2443,0.00027428790830080004
2444,0.8794007685036621
2445,0.9989183284562443
2446,0.00022475110114128684
2447,0.00021013160590592654
2448,0.0003574007480952095
2449,0.07422986668216919
2450,0.021628251581676066
2451,0.0063434160539173326
2452,0.00019026680974806507
2453,0.0002909225519506007
2454,0.0003436258553687108
2455,0.07113745699362292
2456,0.00047887922727346484
2457,0.05276155403510577
2458,0.0006855684380669823
2459,0.00029898670039056466
2460,0.0001361753957931447
2461,0.004514975370554814
2462,0.011201793858293037
2463,0.9983857965290591
2464,0.0003042978748036184
2465,0.0364770145066637
2466,0.0009869356867246444
2467,0.0003824540412881341
2468,0.00010099969607019592
2469,0.003262404847469315
2470,0.013237933743075386
2471,0.0001818924656067301
2472,0.0001073326228002831
2473,0.016732778725577806
2474,0.003377109284837836
2475,0.002672798095753201
2476,0.0007532750181610042
2477,0.0016128392256524891
2478,0.9588651963917602
2479,0.0003630771875700167
2480,0.00020762014415610366
2481,0.00021488108099103754
2482,0.0007851183460772218
2483,0.998431090507341
2484,8.749244242103218e-05
2485,0.00041440104355741473
2486,0.00020841144500392616
2487,0.00033370581866463663
2488,0.00027449497146777836
2489,0.0003492938737126145
2490,0.016169188332678917
2491,0.0009436188109625708
2492,0.0001923871795520501
2493,0.9779048586454018
2494,0.00015345741372065327
2495,0.00015501650018269838
2496,9.832079498670477e-05
2497,0.9983660029888445
2498,0.00011613952293451095
2499,0.0002685995600380635
2500,0.00015668182363752373
2501,0.9983049620552139
2502,0.14114776050135952
2503,0.43681469936207445
2504,0.0001606008144178188
2505,0.001980481389165067
2506,0.00019210981111137155
2507,0.009955249255778733
2508,0.0003061971228816002
2509,0.0003787912197105315
2510,0.0046683862046276465
2511,0.0017252557306233183
2512,0.0007154740005055286
2513,0.00019715644375327009
2514,0.00034881606439269517
2515,0.00017283394590854193
2516,0.00018391809963287062
2517,0.0003575190745010237
2518,0.00026373415750381306
2519,0.9972824386483138
2520,0.00029833570218974607
2521,0.00025480948672061227
2522,0.00043646789946960075
2523,0.0005627722588051023
2524,0.0008786800153302382
2525,0.9976415145865974
2526,0.7723153757177424
2527,0.00012080730126998624
2528,7.421813765287946e-05
2529,0.00031602641126782634
2530,0.0003604425124156957
2531,0.00017048142951353796
2532,0.0002510820367359171
2533,0.9985948001918233
2534,0.10914367880461538
2535,0.017136338781527385
2536,0.10836029197356996
2537,0.0007912103714503211
2538,0.00038122830176542146
2539,0.0005191204694610746
2540,0.00014572926141620424
2541,0.00042331334406794935
2542,0.0003381722337727731
2543,0.002157401970306287
2544,0.0002976185072172731
2545,0.007100677823983453
2546,0.07112353072746619
2547,0.0003186732017670384
2548,0.00033795156316066894
2549,0.00013157169574866366
2550,0.0008818450265018037
2551,0.00037042045075836504
2552,0.0002826446178617409
2553,0.00029866028933712475
2554,0.0003596813937900059
2555,0.0030955358878024543
2556,0.9986417561682354
2557,0.00032200672377829853
2558,0.0001958621916907907
2559,0.908117761216623
2560,0.9985186638159717
2561,0.0003999931550962372
2562,0.0005923794612012126
2563,0.0002527456187987432
2564,0.0004766085213125671
2565,0.00022777119233466194
2566,0.00014250713685314386
2567,0.0002450751568071875
2568,0.00031288944810791076
2569,0.0003536865446947258
2570,0.00026715438814216877
2571,0.00026126277787857455
2572,0.0018438787140035153
2573,0.00018704442720953436
2574,0.9685681835085028
2575,0.0007142562930563774
2576,0.00018757760314048279
2577,0.0004377832330417848
2578,0.00033841692356100504
2579,0.0002472282593015061
2580,0.0002666611058216998
2581,0.01583405233492264
2582,0.000165989236700141
2583,0.21477269585218342
2584,0.00024695912133095856
2585,0.0008386619284991717
2586,0.00035278268076763405
2587,0.0001665593656637167
2588,0.0005131359637319324
2589,0.00025391713034247487
2590,0.04828799216576441
2591,0.0003752617537153543
2592,0.0002895393443901696
2593,0.0002458969739706339
2594,0.00015732929599856105
2595,0.0001825795157060925
2596,0.0008104702957390876
2597,0.00042589604353595586
2598,0.00032469192311253715
2599,0.00033585831345080093
2600,0.00025137374523616086
2601,0.0002534984699409711
2602,0.9968576739302264
2603,0.019511993840226498
2604,0.020723455330341884
2605,0.971467715578515
2606,0.8715420601908503
2607,0.02422504012662887
2608,0.0015537873345358945
2609,0.00024197610704110832
2610,0.0002840066528477902
2611,0.996869899009598
2612,0.010673338570471178
2613,0.00036500118258633683
2614,0.00030940447968643017
2615,0.0004002044805054404
2616,0.00026072012413845395
2617,0.0011684335923083423
2618,0.9806159673325509
2619,0.00017517346287992036
2620,0.041935590978369366
2621,0.003428344685544021
2622,0.0014168581809251236
2623,0.0002689776758064996
2624,0.000755685699793798
2625,0.9947918489926298
2626,0.0003574807030987568
2627,0.0004043752036455708
2628,0.9885796802454161
2629,0.00019397805511312834
2630,0.8280688971233044
2631,9.989496963725687e-05
2632,0.0002544791400891523
2633,0.0001580680570609231
2634,0.9970508623742111
2635,0.9980642014631682
2636,0.0016907920918516266
2637,0.00020394551674411129
2638,0.001739238443956644
2639,0.000348005895573722
2640,0.0002785630200332049
2641,0.0002450388596213928
2642,0.00021352075767089925
2643,0.0003772134497917476
2644,0.00033163730111336815
2645,0.00014148302252721057
2646,0.005404659126075195
2647,0.007408212567571525
2648,0.00031130943317260495
2649,0.8005814895539435
2650,0.0004436733847585608
2651,0.00022202965901798398
2652,9.54944473634315e-05
2653,0.9973480284080342
2654,0.00029110571958701584
2655,0.00026704126339518975
2656,0.00842211274247206
2657,0.052318219461732984
2658,0.0003444867743770891
2659,0.00034678050415380213
2660,0.00017185500857910642
2661,0.0013006264120478182
2662,0.0018930193237745453
2663,0.00021617108032703726
2664,0.9944172392406573
2665,0.0003923570716355854
2666,0.00044252042912412004
2667,0.0003387202048311883
2668,0.00037242304836026884
2669,0.0003010176117527271
2670,0.9880953572551436
2671,0.0003678770568994861
2672,0.00026576887809864387
2673,0.0019019650058405128
2674,0.029082401131371415
2675,0.00021610566822260384
2676,0.00031228429603214673
2677,0.0003775925650250647
2678,0.0008057424603823414
2679,0.000327119749794402
2680,0.00021356543364314855
2681,0.0003982712266701229
2682,0.9989906985456517
2683,0.0008193636802246067
2684,0.0025192413194027674
2685,0.9832033086904138
2686,0.0006389351744678644
2687,0.01799425565987805
2688,0.00013831371467192693
2689,0.00025139789870367424
2690,0.00038038078511817397
2691,0.00015747709508593204
2692,0.00030008721662971757
2693,0.0002850497893645307
2694,0.00012025304785228534
2695,0.002183086614374801
2696,0.00026657883611641504
2697,0.0019255943079147047
2698,0.00023944329354775565
2699,0.00025591457247233553
2700,0.00017887159229957702
2701,0.007968572259830662
2702,0.00037230058975530427
2703,0.011107204785154113
2704,0.0004848814345358497
2705,0.0009373836459364185
2706,0.00038890278517449183
2707,0.0009396206692138296
2708,0.00033756021510620156
2709,0.04271974030876657
2710,0.0008084458511195537
2711,0.00018226227513159455
2712,0.0011610130307932829
2713,0.00021257330724611023
2714,0.00032492328263678834
2715,0.9789853109901769
2716,0.0001746816610680087
2717,0.00024905996743094735
2718,0.9990440388025239
2719,0.00017755169765486166
2720,0.00029769944572739
2721,0.0004158537722885072
2722,0.9866980823338758
2723,0.9953475273039757
2724,0.000288230094817039
2725,0.00024411522960140393
2726,0.0002519696799139424
2727,0.004457677737727878
2728,0.00034651396056169454
2729,0.00010369095672476566
2730,0.00012332861883537088
2731,0.0002931829169235458
2732,0.00040882713632115435
2733,0.011611051994559302
2734,0.0024620696044838786
2735,0.0003136307027307706
2736,0.0010882668871990129
2737,0.0001414443725153763
2738,0.00024484454359718205
2739,0.00045390474734203286
2740,0.00028308487391133855
2741,0.00020831507048797273
2742,0.0002645498987999411
2743,0.0003782815162197433
2744,0.000307210337467694
2745,0.000325434977783457
2746,9.14477233627207e-05
2747,0.00017545821001279516
2748,0.00025237714227339963
2749,0.0003615590746082426
2750,0.00023810858246966083
2751,0.0003124054433143795
2752,0.9929425425786701
2753,0.0004392024051172433
2754,0.0006814759522599866
2755,0.9983035126871683
2756,0.998218660752339
2757,0.00033626038149389
2758,0.00023415559592172
2759,0.0010916953954342615
2760,0.8063633765712919
2761,0.9955959172462053
2762,0.9981662977512489
2763,0.000588178853707399
2764,0.0002934940679029014
2765,0.00913607997897188
2766,0.0020966856106452592
2767,0.9956644328077574
2768,0.997688073874792
2769,0.0003586924169575147
2770,0.000284429552509739
2771,0.00016799074755924391
2772,0.0003820446512690872
2773,0.00040914888030988187
2774,0.0001732348987889207
2775,0.0008826287601195541
2776,0.00030901534979409164
2777,0.003886142686322753
2778,0.0005675190059065972
2779,0.0002635807255277088
2780,0.00021321418750063734
2781,0.0002851219378611964
2782,0.00045322373110421644
2783,0.014479681107995785
2784,0.001095518082804661
2785,0.9983269837365336
2786,0.0015348424074054967
2787,0.00013893065942873075
2788,0.9814072096110035
2789,0.0008299387704506589
2790,0.0001723537343858712
2791,0.00028214278219303445
2792,0.10407156275855675
2793,0.0003824985910387673
2794,0.0002872677006261929
2795,0.014866519842964537
2796,0.00034182464719079457
2797,0.36430271186375485
2798,0.00029354036253433015
2799,0.00029644380817977627
2800,0.019053296064258016
2801,0.0019370826212356633
2802,0.00018147938668866691
2803,0.0003189203458017475
2804,0.0005132960726330381
2805,0.00028242101077127074
2806,0.9986312386515468
2807,0.00023507373261924197
2808,0.020721868922366795
2809,0.015536551464432512
2810,0.27628473296288786
2811,0.000375757306059054
2812,0.007178044271910476
2813,0.0012869997735387002
2814,0.024927991359761457
2815,0.00029838963689136417
2816,0.003323046499958411
2817,0.00021261390021467123
2818,0.00041903343943628085
2819,0.9988100302428611
2820,0.00016743510113409517
2821,0.000246342133524276
2822,0.0005877366743133216
2823,0.0003762541552345059
2824,0.00033776887215533044
2825,0.00010026619077451057
2826,0.9977258154719425
2827,0.00010480950381193521
2828,0.976241557700868
2829,0.021635844671787148
2830,0.003125720442323945
2831,0.0009407927510212223
2832,0.9832894592887961
2833,0.00023074852635186522
2834,0.0008428768063525651
2835,0.0001317794151626078
2836,0.00042690317711803304
2837,0.00028153541491150014
2838,0.000269366328405156
2839,0.0021205474395340064
2840,0.21017716842828568
2841,0.048665380860108354
2842,0.00017190760620547694
2843,0.003764002219620972
2844,0.00035963190100111363
2845,0.00037098882409094435
2846,0.0022851979568411463
2847,0.00021645547152141021
2848,0.9970690103035826
2849,0.996594436388959
2850,0.0004019888999679896
2851,0.00031130943317260495
2852,0.00017918574045647977
2853,0.00017924585011660357
2854,0.0030356170497231666
2855,0.00556539874109786
2856,0.9751354926543646
2857,0.00027576570591625603
2858,0.019285865719136975
2859,0.0011577298558895616
2860,0.0002950613362615227
2861,0.00028094282505376913
2862,0.00028147614464499364
2863,0.001295666391317307
2864,0.07590808637436118
2865,0.00010510841581640961
2866,0.0038900916071264702
2867,0.00015527294143430895
2868,0.9959533499800073
2869,0.00026348297359298975
2870,0.0037208352856979514
2871,0.0024200302883286774
2872,0.21335307895149042
2873,0.009568282069619719
2874,0.0009961990803386877
2875,0.0004109421848823737
2876,0.0011646077915983856
2877,0.002958323159662101
2878,0.001056778309532612
2879,0.0010733322716768518
2880,9.805575791435771e-05
2881,0.9981204883610932
2882,0.0016327611068921544
2883,0.0004614121060821225
2884,0.0048197818736364275
2885,0.00034484397899149736
2886,0.00030027676590143405
2887,0.00018803479081284962
2888,0.07092627434642527
2889,0.00028613955966297355
2890,0.07458268857918118
2891,0.0005401762396500693
2892,0.9747418793047607
2893,0.0019573725117387484
2894,0.9818000984795878
2895,0.00037224910253795844
2896,0.0007348691960224849
2897,0.0016156770716978536
2898,0.00035324031013530903
2899,0.0018465689299386721
2900,0.008833557013448099
2901,0.0004881600146272686
2902,0.0005789770923983502
2903,0.00037966416222848384
2904,0.9886969486604404
2905,0.995618852248067
2906,0.000264765036894239
2907,0.00042145807340560916
2908,0.00014401895538325497
2909,0.009657980878668027
2910,0.009888879926220498
2911,0.00821063340992982
2912,0.9982522691727409
2913,0.00689884794747655
2914,0.00034121589725064034
2915,0.007084479356610715
2916,0.001158079297259131
2917,0.00013247851081400815
2918,0.00036445623966335777
2919,0.97657097651095
2920,0.0003597761011695742
2921,0.0007001335121332504
2922,0.0003409426531417453
2923,0.9815055656058193
2924,0.00010101545872195519
2925,0.6196443525207613
2926,0.000224978358879278
2927,0.003916856070148933
2928,0.9887259277201447
2929,0.00042602926499597034
2930,0.9833140236839145
2931,0.0004832828607952542
2932,0.9796455053992599
2933,0.0008864609795006924
2934,0.00035806286669771157
2935,0.0005023498753354255
2936,0.0012183149401794582
2937,0.002191022988745862
2938,0.0004204099759155097
2939,0.004027410532903546
2940,0.0031439725347620667
2941,0.0004039052729624093
2942,0.0002677753470896556
2943,0.11135880365733483
2944,0.0014765499981386036
2945,0.0005142156502828911
2946,0.00013632889726103577
2947,0.0002614825115684674
2948,0.0002339535642199741
2949,0.00010351556077530246
2950,0.0003191165668754375
2951,0.9961622722857115
2952,0.00017522220502774752
2953,0.005774348712505476
2954,0.9748673856630641
2955,0.0008697298971936876
2956,0.0007779399325798386
2957,0.000491752079298903
2958,0.000481584893488937
2959,0.02787409432778106
2960,0.9297636552546422
2961,0.00113248364056869
2962,0.00025931595056239153
2963,0.0003399017674027235
2964,0.01371583209609845
2965,0.005962767416789952
2966,0.0001492923999244744
2967,0.00013136697485558713
2968,0.00019455043328726353
2969,0.0002261305533840401
2970,0.00012761507764814614
2971,0.9967572257294213
2972,0.9959323827270075
2973,0.03737002911836709
2974,0.001663103293539895
2975,0.0023282255346723257
2976,0.00012957623694619393
2977,0.0002233178696222648
2978,0.0005566346661145268
2979,0.00022101076202167986
2980,0.00019817878703989463
2981,0.0006032685036130943
2982,0.006592478596893553
2983,0.007378944464717864
2984,0.27396623858542435
2985,0.0002845074969045908
2986,0.00035369696182996276
2987,0.008543172777544666
2988,0.0005418377445597635
2989,0.00010942017695037484
2990,0.00022010588450064184
2991,0.00015599256812393866
2992,0.0010392434431726143
2993,0.0002358567055255004
2994,0.0002302867075746323
2995,0.00019815038450461174
2996,0.0008269541145508076
2997,0.0002049897792314799
2998,0.00018651187238720177
2999,0.12853291836248706
3000,0.00010177419303207288
3001,9.987364256757414e-05
3002,0.0001315676088091025
3003,0.006183437391777898
3004,0.00020544509164196917
3005,0.0003032842452347238
3006,0.00033555376804999046
3007,0.0024369736095920446
3008,0.00027000567077294075
3009,0.00030644282220664557
3010,0.10835168354356513
3011,0.9807514472001893
3012,0.00016769958880756246
3013,0.008018723209626528
3014,0.006861105731942186
3015,0.021375973965782034
3016,0.0014827742436090735
3017,0.006834950230980361
3018,0.0003280313426947001
3019,0.1055267289177602
3020,0.0003016293098981066
3021,0.00021365422182183848
3022,0.00012929087168196267
3023,0.00018852042928503928
3024,0.0001785675289397246
3025,0.00019912935036245664
3026,0.003109776463758399
3027,0.00019293889073075473
3028,0.0002009022151478499
3029,0.0001599895743155583
3030,0.00020835626752275084
3031,0.00013035488665698826
3032,0.00013716675851110636
3033,0.0001984515892718661
3034,0.0004742909370763592
3035,0.00024319454215558978
3036,0.0003389752585126243
3037,0.029420707232169278
3038,0.05314358590884534
3039,0.04375499724215235
3040,0.0002120794538494268
3041,0.010342454064983459
3042,0.000445411645607678
3043,0.0007822871237000489
3044,0.00017269561195202323
3045,0.000167004610914359
3046,0.00037957271306042657
3047,0.0001691845965324782
3048,0.00016441217010264075
3049,0.008852549799166417
3050,0.0004128778217017738
3051,0.05915787116822858
3052,0.039581793322994684
3053,0.0001819918981543494
3054,0.00011871332460008891
3055,0.0001764025152495458
3056,0.00010775705551255384
3057,0.00016626983695032177
3058,0.00022723791063186853
3059,0.000159302444511146
3060,0.00012326048181600857
3061,0.007357285683851604
3062,0.00018398107242586134
3063,0.0022231579404085205
3064,0.00010672633172141127
3065,8.5099274072124e-05
3066,0.00024092751034168356
3067,0.007376517170161972
3068,0.009838906039422664
3069,0.00011486022361250584
3070,0.00010329082821966992
3071,0.00016839920724813964
3072,0.00015147108493347087
3073,0.00020082446552571647
3074,0.0002571963541786156
3075,0.0002246298533376581
3076,0.00020194143082747162
3077,0.000168428483132361
3078,0.0007009199867302569
3079,0.015005639194031155
3080,0.00014028147001731423
3081,0.00018957104532074215
3082,0.063388249849244
3083,8.006518844684241e-05
3084,0.00011534618392735649
3085,0.00017924895776552267
3086,0.6837628639566548
3087,0.0002178430356409774
3088,0.00016247215017381225
3089,0.00010214038750075611
3090,0.0009168728832912971
3091,0.0027405473189950767
3092,0.04573193389518681
3093,0.030573241374314507
3094,0.00038544736563910284
3095,0.0001224736266347693
3096,0.00024124465515459152
3097,0.0006114603674013167
3098,0.00029449015760942243
3099,0.9885958388212859
3100,0.2726521852856748
3101,0.0017251307494852792
3102,0.0002683326870779815
3103,0.00019903216153483854
3104,0.00025691567761257773
3105,0.0002867260895882885
3106,0.00032759144848941885
3107,0.00015757884705566632
3108,0.00016207571390200332
3109,7.729220067977831e-05
3110,0.0003302392766511657
3111,0.0002506974365303757
3112,0.009316696017778488
3113,0.00016399006215469538
3114,0.00019545246682613367
3115,0.00018416232744099245
3116,0.00034394949818620027
3117,0.0001800999724557348
3118,0.00017295999497130812
3119,0.00012903072711165702
3120,0.00020820726869012532
3121,0.0002546323262609754
3122,0.00033942172134007075
3123,0.00010855558972955267
3124,0.00032987081908678506
3125,0.00021923844375479253
3126,0.00022035284982496568
3127,0.00016981706090122021
3128,0.0001790187336125693
3129,0.00014833110675099652
3130,0.002898760333958274
3131,0.003116245953316476
3132,0.00732354479795946
3133,0.0006296112711839697
3134,9.417561375579763e-05
3135,0.005077909567411004
3136,0.0001461215974757405
3137,0.00015067071494043568
3138,0.00012205718807929734
3139,0.03993735273991689
3140,0.010913712551058179
3141,0.01354596189201051
3142,0.0002604544596172232
3143,0.00026256732088999
3144,0.0005091761829053696
3145,0.0013343887165526028
3146,0.0119101333414641
3147,0.008880008419263077
3148,0.00015008381631393856
3149,0.00017532563759422665
3150,0.00010989105620514791
3151,0.0001804858495000077
3152,0.029075880094645352
3153,0.055282801891794894
3154,0.010261932471280896
3155,0.0002294755014020944
3156,0.0001932070873288292
3157,0.0070984605700660335
3158,0.022631928948246983
3159,0.00012958883473449028
3160,0.00021394231687979324
3161,0.007198789206754384
3162,0.006557771697535437
3163,0.984166304958754
3164,0.004384063915623951
3165,0.001018567716067605
3166,0.05241334825292929
3167,0.006692623483564145
3168,0.002581291559057532
3169,0.00020831247613149607
3170,0.00425603994654608
3171,0.01372435115461113
3172,0.0004736289030271445
3173,0.00018017856928122114
3174,0.00011984178562234762
3175,0.00031235296514516475
3176,0.00026155316240328237
3177,0.00020396060328694586
3178,0.0002731777705352664
3179,0.0002809165150719493
3180,0.009581197170276822
3181,0.005507150650478988
3182,0.00037296978421011055
3183,0.00031965666874417834
3184,0.00017509528275243334
3185,0.4414897931169049
3186,0.8989926343384188
3187,0.00038398355397247966
3188,0.0008411575231482755
3189,0.0002441589412780486
3190,0.0003040334850977158
3191,0.18699856991871133
3192,0.00015924850853151065
3193,0.00011650451145191365
3194,0.0002472735242941936
3195,0.00454013785172244
3196,0.02858604610132371
3197,0.9873552583341844
3198,0.0009227112404822442
3199,0.008068432124985822
3200,0.046495502067274146
3201,0.00027909741085339917
3202,0.9804579516662738
3203,0.00021368647257499234
3204,0.0001354498842120436
3205,0.00012584586164562478
3206,0.00026890107156329353
3207,0.00015431127842969574
3208,0.058894214924852376
3209,0.00020334839333778097
3210,0.00024205151906990294
3211,0.00015655031776454567
3212,0.00017479086902440243
3213,0.009383380347017382
3214,0.0002976933359744676
3215,0.00023842507178249055
3216,0.9868788095276525
3217,0.00029069684517973513
3218,0.0020186323772644595
3219,0.0010551923384148738
3220,0.011485381907608994
3221,0.00016880858340030997
3222,0.03287341115287889
3223,0.000512215028975109
3224,0.9934673955674573
3225,0.00015044384304880776
3226,0.0001761528314039934
3227,0.995733185981107
3228,0.0003228781509609024
3229,0.0002448545893019951
3230,0.00024718421138474663
3231,0.00012960666023200524
3232,0.00013928954869286565
3233,0.00012774614182051823
3234,0.0016726252223298553
3235,0.9766826317209604
3236,0.0002861932405453264
3237,0.00017006922475061034
3238,0.00023650991462989475
3239,0.0001151182676628521
3240,0.8090956666899243
3241,0.002885002903577506
3242,0.00020251936899061117
3243,0.00017914781572663793
3244,0.0009486484804407167
3245,0.00012929087168196267
3246,0.00021812936971114623
3247,0.9949450398255802
3248,0.00543070308708706
3249,0.02962745223941562
3250,0.011656176597325981
3251,0.00021407567701991416
3252,0.00019554997507092845
3253,0.6408324796821798
3254,0.0001560988883138071
3255,0.00016777906425875688
3256,0.012839341477734675
3257,0.008815959317564862
3258,0.0046208357453037955
3259,0.01095603975957997
3260,0.03325899006513968
3261,0.05872104507387791
3262,0.0076382945491837145
3263,0.9982248925641547
3264,0.00013301195421634767
3265,0.00016932429774364036
3266,0.9859915298959794
3267,0.0001959526172445795
3268,0.00033589849482492333
3269,0.00012996496701046364
3270,0.02293399146864637
3271,0.0008927646391896954
3272,0.00011035572568825159
3273,0.0002215430365872455
3274,0.0001777191969035129
3275,0.0005412368299122363
3276,0.002230238923076386
3277,0.00015842650716416887
3278,0.00018077282610468566
3279,0.00022603541380318266
3280,0.00018945583512285427
3281,0.009851247874793625
3282,0.0003870424652251669
3283,0.0012855493600181173
3284,0.0003284010716073882
3285,0.00018422904848765196
3286,0.00016138131881462056
3287,0.00020125135895479812
3288,0.0001093701798180921
3289,0.0008819509594729797
3290,0.0003351227168078719
3291,0.00010091370185306899
3292,0.00887612863476314
3293,0.008950069979609733
3294,0.004498835976458857
3295,0.0037164341005233572
3296,0.001904241280772558
3297,0.0001747942513333808
3298,0.00017467501303532882
3299,0.0014419446848281637
3300,0.0019748919013094332
3301,0.00015907367335546077
3302,0.0001963990735973771
3303,0.0005054440822322918
3304,0.0002961135861183723
3305,0.0008942815707452051
3306,0.0001439664839218682
3307,0.0001269640356147432
3308,0.0033222086041804744
3309,0.005812209416908316
3310,0.0002152722834398483
3311,0.00029024537741092316
3312,0.0011402361665590448
3313,0.000204888317079166
3314,0.00022652567541680814
3315,0.001665229172034317
3316,0.0003535429842519129
3317,0.00024445071491383284
3318,0.0002207200271897036
3319,0.00030501269045336556
3320,0.000252994986761571
3321,0.00016653470843928526
3322,0.00025898248872656654
3323,0.0001641028071622048
3324,0.0002049237061273987
3325,0.00023514594669903343
3326,0.05521460114627667
3327,0.0004103679608644537
3328,0.00024917250939526163
3329,0.00017594341094227816
3330,0.0002001853970492861
3331,0.014121263900133579
3332,0.010657006642964506
3333,0.012246001542017416
3334,0.00019859868842471152
3335,0.00033997171184640913
3336,0.00018590684342572524
3337,0.00016634809573755054
3338,0.00014395534794553943
3339,0.00016619607775644619
3340,0.0002460629340908148
3341,0.00011540542805936613
3342,0.012240610896331139
3343,0.0003644602246677881
3344,0.0001835713476669796
3345,0.00015773450586250253
3346,0.00018569543400559689
3347,0.00023404453918915712
3348,0.00015543593284452495
3349,0.000171150863727779
3350,0.0002033673490450019
3351,0.00023131160651498176
3352,0.00015143516861887768
3353,0.00014717612688066776
3354,0.00026884946826524276
3355,0.0504718589444255
3356,0.007439917893403892
3357,0.0024804127546349105
3358,0.00015634452629514418
3359,0.0001856805039217349
3360,0.0005636241625350797
3361,0.9733828875409691
3362,0.0002651211791962019
3363,0.00018739190586654575
3364,0.00018123788998832156
3365,0.0001811760181453039
3366,0.00021188074582749626
3367,0.023412973700592452
3368,0.0001244936964160591
3369,0.00014407493432855891
3370,0.0001639808612227075
3371,0.0039245322531210455
3372,0.014552643261014379
3373,0.012585102562507416
3374,0.003081459736301404
3375,0.00293315221486047
3376,0.0002814680427653539
3377,0.00015074380731257508
3378,0.9970994069607614
3379,0.0002546468631167551
3380,0.00016003112672980887
3381,0.00015935230152892607
3382,0.0002121720756234161
3383,0.0002106846956879226
3384,0.00018545453063672392
3385,0.096195549864183
3386,0.003859215814172607
3387,0.00010314153532594938
3388,0.0002492831833315051
3389,0.000349699104162887
3390,0.00014105749328350474
3391,0.00012566959038413122
3392,0.0001710421204133744
3393,0.007170650359103331
3394,0.9986110960117118
3395,9.62563307982728e-05
3396,0.00016660983732698974
3397,0.0002462814495366176
3398,0.0010852281963989428
3399,0.0003659336912479448
3400,0.00024214265309501068
3401,0.0002655825890347068
3402,0.00021920382193441016
3403,0.093076084709184
3404,0.0003226426782443221
3405,0.006990670238475559
3406,0.0006775503327046707
3407,0.00015877915100920135
3408,0.012071663690236323
3409,0.005159987859040034
3410,9.67369587374534e-05
3411,0.061076049812392674
3412,0.0022848369437613552
3413,0.018010564048508405
3414,0.00018296033375630167
3415,0.00023614584030001777
3416,0.00012945314779069496
3417,0.00014948231819619041
3418,0.0111457046835798
3419,0.0001699191998143356
3420,0.00017604274312554217
3421,0.001023088475774586
3422,0.0008617447211813009
3423,9.850497175297013e-05
3424,0.00015992511351929967
3425,0.9959528259756117
3426,0.00016004917423335325
3427,0.0002012120271939999
3428,0.00027379119625076895
3429,0.0009672838804474583
3430,0.00029871625324207334
3431,0.04145411133527287
3432,0.00023863658281229625
3433,0.000210091518672196
3434,0.00021927445529745026
3435,0.00030140758293354915
3436,0.0002589417246972874
3437,0.00026129567805901246
3438,0.00020313247692189745
3439,0.00017955509131124123
3440,0.00020067531406257462
3441,0.0002099205383242476
3442,0.29161985693249726
3443,0.03638739835801217
3444,0.00014672982322426475
3445,0.01626350748568559
3446,0.00029399161017023824
3447,0.00015055493034705537
3448,0.8055417566002776
3449,0.00011190317081135181
3450,0.000143210822814974
3451,0.0006777506786245758
3452,0.00012738403874087555
3453,0.00010950550927812566
3454,0.00890309722614779
3455,0.003041845787580933
3456,0.0013231783932281696
3457,0.00020553696565181142
3458,0.0001968192667248061
3459,0.00015789838079789098
3460,0.00034780809935908353
3461,0.0001666028407084045
3462,0.0001685544065921032
3463,0.00012738881934600926
3464,0.0003115051318018676
3465,0.0014461871566854958
3466,0.01025409457602847
3467,0.0002272736423108398
3468,0.00022021377919262126
3469,0.00014626840211882288
3470,0.00017093693144251744
3471,0.00014747374399703912
3472,0.010698701890243096
3473,0.00019999064768524204
3474,0.000177165279989189
3475,0.014948335468405786
3476,0.00022121508389088868
3477,0.0003779378418256768
3478,0.0001974817616563628
3479,0.00019181394010184524
3480,0.0002269598902390974
3481,0.020844602140197906
3482,0.009928292309650732
3483,0.00041192010514903
3484,0.0002478632823589806
3485,0.0002129857222416888
3486,0.00015181486902245985
3487,0.00016617562031448775
3488,0.00015635428146968145
3489,0.00019974333819006192
3490,0.00109952224698685
3491,0.6412448943038948
3492,0.9986524863586427
3493,0.0001603912193670738
3494,0.00019095138569113031
3495,0.98773559391645
3496,0.0068946741436054166
3497,0.00026905820766667495
3498,0.00013492236097396875
3499,0.00020695625187740847
3500,0.00020392660888052442
3501,0.0003021545167420347
3502,0.019504804174272576
3503,0.0005016965112648374
3504,0.00017145402243872468
3505,0.0001951589575181149
3506,0.00024001049104157332
3507,0.003936767368594244
3508,0.0002616823247973768
3509,0.000488791325905027
3510,0.00019633626996457947
3511,0.07944367037695196
3512,0.0002542716090146893
3513,0.004445625561313655
3514,0.00019504613117716984
3515,0.025071356292331298
3516,0.00011101800141912183
3517,0.0009707052232915539
3518,0.014857609518301947
3519,0.047871478315905394
3520,0.00015140393308387494
3521,0.0001732764518455037
3522,0.0007210119908841517
3523,0.00014776412475569096
3524,0.01279618953756527
3525,0.013511927943558944
3526,0.0005780031857382195
3527,0.015029261152342543
3528,0.00015150052819895988
3529,0.00011617226019697304
3530,0.0001151182676628521
3531,0.0001946144375275947
3532,0.0002998232437623489
3533,0.01843456932945563
3534,0.06326264908774258
3535,0.18259246433468437
3536,0.023936786512217
3537,0.00018757395029441303
3538,0.061094351783609654
3539,0.0004203336672182841
3540,0.0027279965379733233
3541,0.00018197184838978514
3542,0.00026720365269869385
3543,0.007373622736758404
3544,0.00015702410831020314
3545,0.00020141856490000042
3546,0.00029470578793788527
3547,0.10318010967433973
3548,0.0015130503662564973
3549,0.001719332719422792
3550,0.011944180591395022
3551,0.04451911656341181
3552,0.000206684654298241
3553,0.001802426425562946
3554,0.013636137079683792
3555,0.000822531925555451
3556,0.0001497060491318689
3557,0.00015956434335918283
3558,0.0021131199033951843
3559,0.00013743126727038273
3560,0.0001493529355779324
3561,0.001303114168758854
3562,0.0010992156462777951
3563,0.00019404432225050524
3564,0.0001438992631826224
3565,0.0001464358656722018
3566,0.01218082857595849
3567,0.0015615806201762367
3568,0.00024241359438166072
3569,0.003620940261081611
3570,0.00020411198438271094
3571,0.00023282517756769442
3572,0.0001809383447203012
3573,0.00016962092497199233
3574,0.004158419717042363
3575,0.00027819904133623443
3576,0.0002330272419032568
3577,0.000287650038820522
3578,0.0002629706129975742
3579,0.0002120468405050507
3580,0.0001853549596410374
3581,0.00019113412489186226
3582,0.00023383141342177597
3583,0.00021844884922220234
3584,0.17913137054478384
3585,0.0002020066717141577
3586,0.0072233144005923134
3587,0.00011725611551189294
3588,0.1011302536104844
3589,0.00523717211330842
3590,0.02030101085460988
3591,9.547263043719175e-05
3592,0.00019665175233961953
3593,0.0002062025121699129
3594,0.0009669896774201901
3595,0.00020051960673007373
3596,0.00024674056281747146
3597,0.00014980926021170956
3598,0.0003397250583122045
3599,0.019962549941118367
3600,0.00657404221487877
3601,0.02089127825459086
3602,0.015717259830664593
3603,0.00017156993633921818
3604,0.00013620254395653366
3605,0.0002718664784895169
3606,0.004503155178618535
3607,0.0003691486676584901
3608,0.00021903733386739637
3609,0.9891555651590987
3610,0.00015386266963791345
3611,0.00029577092707868286
3612,0.00018904798439473879
3613,0.00048078070535405467
3614,0.0001328707632352626
3615,0.0022766179004944896
3616,0.0007702093908209297
3617,0.981680401469285
3618,0.00026837393999613917
3619,0.0018683923001122005
3620,0.00024940160459531176
3621,0.00024500940259948817
3622,0.03193233025466241
3623,0.0001627337764486285
3624,0.008756146771526953
3625,0.001919949634181666
3626,0.00023745637518941118
3627,0.00012273868933751982
3628,0.0005280949843772335
3629,0.010226433420978643
3630,0.00028161084092323286
3631,0.0004350593016670866
3632,0.9877245385609967
3633,0.01230229768460531
3634,0.010566254205538623
3635,0.9850471642235998
3636,0.0002565364844555321
3637,0.00015496196172364756
3638,0.007145297862880112
3639,0.011047035990061014
3640,0.00029410123136666314
3641,0.0007968497575597452
3642,0.9887264007347272
3643,0.0028818061970757405
3644,8.292511460227176e-05
3645,0.0002013526474117963
3646,0.007721455849778283
3647,0.0001614035802395143
3648,0.00020527877262877756
3649,0.00026111180144351926
3650,0.05466474853339113
3651,0.00015632693297158316
3652,0.0002548777423908237
3653,0.0002424248787300688
3654,0.13429393635209574
3655,0.04045192222799187
3656,0.031075125640238774
3657,0.00016401797633687967
3658,0.00019832471683604752
3659,0.00028542367017059006
3660,0.0002677068133016622
3661,0.0031203319920394173
3662,0.00019877409716656698
3663,0.0422004034181504
3664,0.4999409121887557
3665,0.9861993716300733
3666,0.00035500122714341424
3667,0.0010186369825778555
3668,0.008161412786936472
3669,0.0002758839880879626
3670,0.9717446506968037
3671,0.0002799490841638123
3672,0.0002530235585604617
3673,0.00027725605239094025
3674,0.9848956811402416
3675,0.00013510644416250264
3676,0.0002646148702144569
3677,0.00018421652149298078
3678,0.0004030643271479602
3679,0.008499235739196295
3680,0.00015239476486480393
3681,0.00025410790295370226
3682,0.236946797928254
3683,0.00012861135292642053
3684,0.030187818143606278
3685,0.000999909820490398
3686,0.0064972619757149705
3687,0.01658434947146803
3688,0.00015792402701925677
3689,0.00025159684537701197
3690,0.9948898563920591
3691,0.01899282607779713
3692,0.00015374474776898902
3693,0.00018265620803157459
3694,0.9798442975522472
3695,0.00021648112808475873
3696,0.022034250006122313
3697,0.00022573527005093148
3698,0.00017302759779082194
3699,0.02716551286516136
3700,0.028049569272582515
3701,0.00013516774662656323
3702,0.00023349387928441186
3703,0.00013760678598245783
3704,0.0001986036163726458
3705,0.00012254658867691287
3706,0.004770535747566051
3707,0.00019624125377552508
3708,0.0001572739248420932
3709,0.0002094381742553453
3710,9.737361423934818e-05
3711,0.02940933560445446
3712,0.00034295117521881806
3713,0.00021013367133712322
3714,0.0033569673868788304
3715,0.00027130624735670664
3716,0.013578568721831876
3717,0.0180804284721935
3718,0.00019201065331041892
3719,0.00018632102394068457
3720,0.0035514488927626798
3721,0.00023974501333674501
3722,0.007222322222558392
3723,0.995344495329216
3724,0.03505719833949415
3725,0.016810751530432058
3726,0.058899393858058396
3727,0.015485745333109077
3728,0.00017319669759604728
3729,0.06725456846396614
3730,0.0002212958894340347
3731,0.00012681175469726137
3732,0.0002630865959531593
3733,0.00016441332949405736
3734,0.007025661269445933
3735,0.014304740643038712
3736,0.00026391426084574883
3737,0.00020769227452702225
3738,0.00028674578236006403
3739,0.0002472937799344295
3740,0.00022301799623804537
3741,0.0002104567182164498
3742,0.0001977872645312189
3743,0.005818932312106176
3744,0.0037849884274915725
3745,0.00018613579034312618
3746,0.00016071124457033944
3747,0.0015155104501371021
3748,0.00017645492235060254
3749,0.00013202609370128635
3750,0.012898820448597238
3751,0.9703367487540653
3752,0.0001599384238495276
3753,0.006244885900763158
3754,0.0001944721501700104
3755,0.0005361706856520722
3756,0.00026460218443073285
3757,0.00010617404694939608
3758,0.000202512984720487
3759,0.9855502152040104
3760,0.0001399774105982617
3761,0.0002343254531697144
3762,0.00020288709734736613
3763,0.007805186906667182
3764,0.0020023468292564477
3765,0.00033323106882571636
3766,0.00026684337198124025
3767,0.9755151271288436
3768,0.0003229507575335895
3769,0.007433513925955787
3770,0.0002520639520976077
3771,0.0003355549575758587
3772,0.00010717484336860709
3773,0.0010979545976448708
3774,0.006197121589448398
3775,0.0002610859639088138
3776,0.14522348439949612
3777,0.0005588490706588429
3778,0.9977342161018766
3779,0.001454114727539135
3780,0.0001315743859830495
3781,0.0001640548183739014
3782,0.00016387184484437504
3783,0.002323635217075655
3784,0.00016964853329165264
3785,0.0024919862669649964
3786,0.00024826154008560536
3787,0.00018804303153652002
3788,0.032204456453373456
3789,0.00012418869740973346
3790,0.00016840581475633285
3791,0.0001401821893457001
3792,0.00013932429747155438
3793,0.00012611948342271278
3794,0.014458703645572309
3795,0.00014084049677685908
3796,0.0026691515587848177
3797,0.006703323224931764
3798,0.00018375438420435616
3799,0.00018557486471692137
3800,0.6581125409752123
3801,0.0001616828512912714
3802,0.00020566580468310076
3803,0.0008987781961817028
3804,0.006084804917645945
3805,0.00010046037742379405
3806,0.0005434281030124281
3807,0.00024652632328740325
3808,0.00022803400670160594
3809,0.012683229959839434
3810,0.01723201805963615
3811,0.00018564971839210185
3812,0.0002090456277558695
3813,0.00025433737151998
3814,0.035673435461220385
3815,0.10767637688895486
3816,0.007765182881365884
3817,0.006858211635615171
3818,0.00035989381602068946
3819,0.0051800686735725176
3820,0.0018273539677103406
3821,0.9984402532533435
3822,0.0001670573808592969
3823,0.00013630936562905973
3824,0.019354983164657
3825,0.0002167469134074468
3826,0.22685965775649292
3827,0.00032528703979526724
3828,0.0002041664282993978
3829,0.00019469558544233715
3830,0.39232854740086676
3831,0.00039730430714965376
3832,0.00017566315904587456
3833,0.00020207518782649214
3834,0.9810451341082991
3835,0.00023440820451414902
3836,0.009133913194050682
3837,0.020631378314620488
3838,0.011381043114794619
3839,0.004653056567248516
3840,0.007787537188024902
3841,0.00022195972373339101
3842,0.00023744318934312912
3843,0.00021433703794485843
3844,0.11000473495162288
3845,0.00030703012299217506
3846,0.0001273335667808589
3847,0.00012963223062743815
3848,0.003932919242231125
3849,0.00031639742592510004
3850,0.00013215924368422606
3851,0.00014097039018302196
3852,0.021470325295927357
3853,0.005035617837812984
3854,0.00046668317203994226
3855,0.03254138959072887
3856,0.0031195235572282006
3857,0.0019652103221361045
3858,0.018440039297225447
3859,0.0002113920737098762
3860,0.00010021756728488409
3861,0.003960880380581757
3862,0.021908976103130282
3863,0.0004947290562884673
3864,0.00040379551800503777
3865,0.032702450979382645
3866,0.9386374254204071
3867,0.00020606886125190934
3868,0.004514034712767375
3869,0.0001651005511861589
3870,0.00024648216103107667
3871,0.0009387391049173582
3872,0.016932611901794913
3873,0.010649827111061124
3874,0.9914390227152479
3875,0.04874555548533227
3876,0.005362871194276192
3877,0.01839113878280641
3878,0.9970127580966092
3879,0.00018759221965443523
3880,0.0017932252344842327
3881,0.002597888367419987
3882,0.0003403117325916131
3883,0.00014010715287957482
3884,0.00011851784459669144
3885,0.003844373409059719
3886,0.04010113582098716
3887,0.010228993755704118
3888,0.0002240023582285201
3889,0.00018767350968876338
3890,0.002722398784213765
3891,0.0003086981083029641
3892,0.00016775560373339082
3893,0.0004718791378399281
3894,0.050678404565523374
3895,0.0001605749119512389
3896,0.00039869690163186556
3897,0.000246894256951202
3898,0.5867329799493386
3899,0.9966189898086395
3900,0.0002509190961857706
3901,0.00034853954719428666
3902,0.00014889950090382097
3903,0.0002415786513728764
3904,0.00019542894214610678
3905,0.00017261386016668252
3906,0.00020351900876668788
3907,0.0003571525541205729
3908,0.00018371218824437868
3909,0.0021874184862134536
3910,0.9827666208929111
3911,0.0003099970442750494
3912,0.00038274269187231214
3913,0.0002623375281074656
3914,0.0002126959641309512
3915,0.0005164533476174889
3916,0.00016211995479582745
3917,0.006009144274210736
3918,0.00012283302776792685
3919,0.00021784553398281883
3920,0.18036063270968367
3921,0.00016983051224834717
3922,0.013929959095949629
3923,0.9744204198496768
3924,0.0002874610228847952
3925,0.004079968101601919
3926,0.0399970617827643
3927,0.010363173212099829
3928,0.0004939838515337372
3929,0.00040171188644583716
3930,0.9975367827621957
3931,0.00013771881851668894
3932,0.0001343170465615922
3933,0.000194930826099027
3934,0.0023508728475298895
3935,0.0030996824584233642
3936,0.007116426828339479
3937,0.005894267006186034
3938,0.0067988580839249855
3939,0.0002591939947476067
3940,0.009948316759397564
3941,0.050590701784663364
3942,0.00014782298533180146
3943,0.048778609843632845
3944,0.00015955218345093
3945,0.00025424610106736137
3946,0.9970154164875644
3947,0.00493721387081297
3948,0.9836101671145602
3949,0.1425766938477826
3950,0.00021673201785449783
3951,0.0002266974160885863
3952,0.010954915184864746
3953,0.0042478823326402414
3954,0.00026705145124632457
3955,0.08760073381350687
3956,0.0001787209718065362
3957,0.00014627560655004006
3958,0.00026129567805901246
3959,0.006423736572274114
3960,0.000258349130730169
3961,8.616963241424983e-05
3962,0.0003032275904298221
3963,0.9960673441142698
3964,0.9972790270939054
3965,0.00024847454376424787
3966,0.006584962649458017
3967,0.00016516733178242586
3968,0.00046315883018912526
3969,0.00033367053512504144
3970,0.0003129593053712595
3971,0.00022882584215026472
3972,0.00014916584478374953
3973,0.00020977714015461921
3974,0.0001707707328137373
3975,0.00014419704480072898
3976,0.00034163663768691936
3977,0.00015363297251978054
3978,0.020147204615777993
3979,0.00034480079915445684
3980,0.00027741436666097846
3981,0.0002032342251864146
3982,0.00019877867785153216
3983,0.9957805941710504
3984,0.00020161420528262423
3985,0.0001579144837106045
3986,0.0003631430179033759
3987,0.003945388803744487
3988,0.00264152706035869
3989,0.0002504150948436912
3990,0.00028214509862555957
3991,0.000331303368747443
3992,0.007360621790666158
3993,0.00019310781398164818
3994,0.00021913701604650906
3995,0.9978994454870941
3996,0.1309521576071334
3997,0.00025855360137095517
3998,0.0001774536077242466
3999,0.00023400825151262368
4000,0.0033226507781075596
4001,0.014566822457257506
4002,0.00018830748309416994
4003,0.00027217747113492184
4004,0.0003179632166934703
4005,0.002355388713432284
4006,0.022692568070217935
4007,0.0020125566851062265
4008,0.0018582837836370232
4009,0.0003329890324166581
4010,9.096008643660563e-05
4011,0.9977849438455926
4012,0.005954743036411662
4013,0.00019327032076526323
4014,0.00017478007741813647
4015,0.0008869587536017216
4016,0.0005809901626098391
4017,0.0040492238220318135
4018,0.000532919395178889
4019,0.00017942010110743163
4020,0.17205416386618774
4021,0.0002389990591263453
4022,0.00023033728656812893
4023,0.040410772771138075
4024,0.00016619683517642457
4025,0.00017900870462076238
4026,0.00027066379744855243
4027,0.00018532777764106273
4028,0.0002014140937471822
4029,0.01468628371732046
4030,0.12958529590049428
4031,0.015552020208414799
4032,0.00022835360154538928
4033,0.001579858933305996
4034,0.0035890173184831746
4035,0.0005364439550552596
4036,0.0023841496328188333
4037,0.002494683702813006
4038,0.976648745739226
4039,9.41011886317826e-05
4040,0.0022191531897767015
4041,0.0006517953694770194
4042,0.0011686411314604376
4043,0.0013256032739392182
4044,0.0015765928898745852
4045,0.001639727073570981
4046,0.00013400593986940412
4047,0.00018227920983473044
4048,0.0003502391783085587
4049,0.0013182181672709886
4050,0.00021520620921337808
4051,0.0005890169658776555
4052,0.005220083298503976
4053,0.0008980070543872688
4054,0.9702171125720565
4055,0.9986109189086816
4056,0.00015521540613087475
4057,0.00018664093802100775
4058,0.00015342921114097578
4059,0.013074401919509914
4060,0.010222052071023715
4061,0.01199562308903969
4062,0.00017536112648538447
4063,0.0002936395660353249
4064,0.00019244902321163395
4065,0.0011056588706517914
4066,0.9974872658580095
4067,0.0001896467822831529
4068,0.47898041952666626
4069,0.000155081094740276
4070,0.00020327374010619496
4071,0.000444638673031951
4072,0.00017591631164341065
4073,0.0006419995763890173
4074,0.0027533713476744714
4075,0.0002821591314031053
4076,0.00012534877862052765
4077,0.010731711020472086
4078,0.00023981245403764694
4079,0.0002362621306539379
4080,0.00019946876960480237
4081,0.00024594738827581124
4082,0.0002761897816916403
4083,0.00011865672935883159
4084,0.0008527268902858856
4085,0.132641039459948
4086,0.0015750463493288814
4087,0.00030851466707773373
4088,0.00020660644568776154
4089,0.00012676465988438278
4090,0.00027039404941034065
4091,0.00034696587729736726
4092,0.00018261640999372753
4093,0.9869794048876714
4094,0.0003320625652931443
4095,0.01743500762460765
4096,0.00027058601153953464
4097,0.0003329073590287229
4098,0.016579123665465764
4099,0.0013759107763186816
4100,0.012250754541551738
4101,0.0001315454801183659
4102,0.012518274371645603
4103,0.0004756937924451755
4104,0.003394644558265556
4105,0.0037070525063674633
4106,0.01784436465700436
4107,0.00013038222207658676
4108,9.555244069322846e-05
4109,0.00013039247631370723
4110,0.9181083089019412
4111,0.003711412991246745
4112,0.002482501142881822
4113,0.8873215152685073
4114,0.0006074165502933898
4115,0.9869767320349176
4116,0.003095380654622884
4117,0.003704697570165168
4118,0.0018514778560425064
4119,0.0002115352926208834
4120,0.0001669369629927587
4121,0.00048801143657953094
4122,0.986742322428317
4123,0.00057962723556776
4124,0.9815274553124899
4125,0.004326154837778596
4126,0.9856636754901433
4127,0.002268009400265189
4128,0.00015249976467229343
4129,0.0008258846273971348
4130,0.9980889981079198
4131,0.022293287631229012
4132,0.0023839640253911915
4133,0.0024334472332360863
4134,0.0023685314609067313
4135,0.00044105353556100137
4136,0.0019034230930858008
4137,0.00013374536089294327
4138,0.08172962090365556
4139,0.01623841386964845
4140,0.0003826396184167312
4141,0.08997400668248051
4142,0.03915868745904173
4143,0.0003705075648606574
4144,0.0032545458588749986
4145,0.1496672615457741
4146,0.0007845839319938106
4147,0.00036445345387804446
4148,0.00013214250801660304
4149,0.0001706158004694595
4150,0.00012947515958168718
4151,0.0002751715101258241
4152,0.00010853587097256808
4153,0.00048223653206127837
4154,0.00013861457003455408
4155,9.763378229068311e-05
4156,8.25190253757996e-05
4157,0.0009658992977695351
4158,9.296145853426998e-05
4159,0.00011962368175662121
4160,7.498243188602577e-05
4161,8.050589868503443e-05
4162,0.0007957078426766361
4163,0.010251645526514511
4164,8.193404690557773e-05
4165,0.0019233949091472093
4166,0.00044525147963740496
4167,0.0003625585561421172
4168,9.164548038854917e-05
4169,0.00016673076306683292
4170,0.0010314558240100257
4171,0.0006553470432193855
4172,0.00010942850684435602
4173,8.700261067253585e-05
4174,0.00048274018408302763
4175,0.0003639084351339074
4176,0.0018204917514122636
4177,0.002973622743729847
4178,0.00010437697124966517
4179,0.0004263396370166596
4180,8.47568376399947e-05
4181,0.00027765004008700473
4182,0.0031939124572796206
4183,9.873737703401677e-05
4184,0.00034489653763922814
4185,0.0004768145142324874
4186,0.00022981892172416492
4187,0.059123208231290116
4188,0.0043585058477803055
4189,0.0014894633391149738
4190,0.0005847667499619129
4191,0.0016117401200484089
4192,0.0004241013331031127
4193,0.0009279464181828199
4194,0.01731378001755326
4195,0.00033535765352837627
4196,7.967774355607228e-05
4197,0.07356968546796296
4198,0.2633612535935247
4199,0.000586935938013762
4200,0.008513097070661802
4201,7.33292766839752e-05
4202,0.9981037798586558
4203,0.00032970758620634783
4204,7.350288806890544e-05
4205,0.00029993389703889895
4206,0.00040313873950264764
4207,0.00020765954794004928
4208,0.0010070440817069198
4209,0.0001138343640891293
4210,0.00020904802997436152
4211,0.00041036359461559246
4212,0.04806673863097266
4213,0.0025400821956038573
4214,0.0005177941962152833
4215,0.0021283348369226193
4216,0.00023066297557676962
4217,9.615957500576337e-05
4218,0.00020834468929006595
4219,0.001607824579086639
4220,0.009148130285616335
4221,0.012118072338182767
4222,0.00035786570567836515
4223,0.0006558688669661516
4224,0.009406143058989305
4225,0.001820072291344686
4226,0.003072793077234766
4227,0.0006874539994267213
4228,0.0014484169383292282
4229,0.00011392910166148084
4230,0.001942372204124821
4231,0.35781656017713553
4232,0.004398573338774069
4233,0.00012490696768882397
4234,0.00014978779523224916
4235,9.119314418339408e-05
4236,0.012671959057278165
4237,0.00010781137942098407
4238,0.002711818512447317
4239,0.0003579759059040013
4240,0.03260408608056676
4241,0.001198883976289163
4242,0.0002865460691793755
4243,0.0007420092439293557
4244,0.0003718574891081778
4245,0.0002748947209805575
4246,0.0011062475390664728
4247,0.9904232493711611
4248,0.00024895836911083513
4249,8.341989688570654e-05
4250,0.0004646625854709419
4251,0.010556639882469741
4252,0.023888596179882652
4253,9.631260440396143e-05
4254,0.0011334146084372408
4255,0.0002610283960920865
4256,0.00046281364411479884
4257,0.00021243121449445387
4258,0.016609619417517995
4259,0.0001409709455602573
4260,0.00042691264712416377
4261,0.0004577639573818551
4262,0.00021410819895231444
4263,9.343415916828679e-05
4264,0.00015409245756339138
4265,0.0009531298860473342
4266,0.006901619618748711
4267,0.002259256735840806
4268,0.037305775496506134
4269,0.003277602101990932
4270,0.0019496057055930617
4271,9.426288922384015e-05
4272,9.237615700960814e-05
4273,0.0005722722293136663
4274,0.001169182454036344
4275,0.02037454849569823
4276,0.000476634416985458
4277,0.00031484884201583185
4278,0.055185174020585724
4279,0.0003063926931887508
4280,0.0065462755122980415
4281,0.0002843886337154078
4282,0.9967971504409322
4283,0.04429355696748232
4284,0.00026797053967601506
4285,0.0002916292885541423
4286,0.0003555993938806553
4287,0.00572629345849132
4288,0.0007081494949715277
4289,0.014512779892000258
4290,0.01504419897700521
4291,0.0005336256221635667
4292,0.0001240217682235575
4293,0.00021785195340102417
4294,0.10133274864825029
4295,0.0005812835129818082
4296,0.00011647522690299518
4297,0.008288819876548621
4298,0.025033345150239493
4299,0.00030807489181692237
4300,0.00030132059550285763
4301,0.0008200081773515589
4302,0.00031025635961127134
4303,0.002351659209545199
4304,0.11617704026082093
4305,0.00013976345935755877
4306,0.0023712826962181037
4307,0.0002828100315644914
4308,0.008306296311465065
4309,0.00021544904246333847
4310,0.05660155871453497
4311,0.00035384757750772867
4312,0.01047110242723977
4313,0.005215337201273893
4314,0.00838528815326178
4315,0.00641610074144309
4316,8.764776937998542e-05
4317,0.00010460311276105198
4318,0.06324635898445903
4319,0.010717509008331134
4320,0.005837161134420431
4321,0.0005154558144870499
4322,0.9628365022177428
4323,0.00019412800572360706
4324,0.007301910769292994
4325,0.002227446360181246
4326,0.00045733903809532005
4327,0.0002896172839521529
4328,0.0003012251855784393
4329,0.00036738610811629617
4330,0.08259731589043268
4331,0.00030489420624956105
4332,9.098673809662405e-05
4333,0.0036883086376215514
4334,0.00036040850427880485
4335,0.0001017432988212276
4336,0.0012539872779740724
4337,0.0034409860342317945
4338,0.0007505946834895735
4339,0.0005356203534862672
4340,0.00036167021411126265
4341,8.487843078803478e-05
4342,0.0003861674836633243
4343,0.01153356050043435
4344,0.00010167473538379307
4345,0.9920715565468872
4346,9.070237387336181e-05
4347,0.0012340122153898668
4348,0.04553240883995456
4349,0.0008050257700651497
4350,0.00027749979291632603
4351,0.0029447069691888503
4352,0.038624050047927176
4353,0.011122079760428775
4354,0.004534420769831838
4355,0.001110031074872318
4356,0.0003353546085851874
4357,0.00032226219866542246
4358,0.0004325077129605285
4359,0.0007036419983457954
4360,0.0004274090144150047
4361,0.00040922260891880724
4362,0.028170675857385096
4363,0.0002805490954152176
4364,0.010631786006753116
4365,0.0008306343979185573
4366,0.0010890612293522257
4367,0.0029332390497095327
4368,0.0005537355109565021
4369,0.00011095535099351481
4370,0.008328358696924013
4371,0.0009648113698932876
4372,0.00021738705570641071
4373,0.024916019017270155
4374,0.0003412542338278605
4375,0.0004493935120199979
4376,0.001891763172067413
4377,0.0002710067563345424
4378,0.030240955382180846
4379,0.0420448068707919
4380,0.0002044030581431562
4381,0.0007731500149811008
4382,0.0005124449604582456
4383,0.27128328647880445
4384,0.00856925775017565
4385,0.0014935210861399693
4386,0.00019671738317534918
4387,0.00010700020639226764
4388,0.0005741556758132797
4389,0.0003448986694850157
4390,0.00040090471866547543
4391,0.017078202862746823
4392,0.007193284346420703
4393,0.0073152733403748565
4394,0.0013473676660803891
4395,0.001687530311859004
4396,9.37216251258936e-05
4397,0.0003557022936810835
4398,0.000747066086282555
4399,0.0003838330404320362
4400,0.00025968413434920336
4401,0.9981151910906798
4402,0.0004865358511366187
4403,0.0003032406086635294
4404,9.257819429408824e-05
4405,0.03530877958820954
4406,0.006646522027073647
4407,0.0004827790363638976
4408,0.004122621331776705
4409,0.00042645694655178663
4410,0.002333298115288497
4411,0.0003693041813386584
4412,0.017916926824095132
4413,0.0014311333592762086
4414,0.04000317131953134
4415,0.005916052570761539
4416,0.0007734423964302924
4417,0.03287416562431468
4418,0.0009758730943695477
4419,0.0001191121631468574
4420,0.00482778327113074
4421,0.00043734866960576813
4422,0.007087637602902831
4423,0.0001650371567400075
4424,0.0005997036084247243
4425,0.565569367203193
4426,0.9982686218800774
4427,0.0005574769872041149
4428,0.00047409827766733574
4429,0.9984068987868855
4430,0.000636923059587638
4431,0.0014769755758439055
4432,0.0015604572799701886
4433,0.03241091225896454
4434,0.0072039478236346315
4435,0.010959117880770041
4436,0.00010972278340095089
4437,0.00028577961586202474
4438,0.005699668321376852
4439,0.0021280836656143217
4440,0.031883391914858734
4441,0.0019116494134407476
4442,0.0001333370156482215
4443,0.0003516258700736397
4444,0.0002997379189900252
4445,0.06882257642677188
4446,0.00039651483189793757
4447,0.006370293757223209
4448,0.014546689353985206
4449,9.198832445033963e-05
4450,0.0009646964804730303
4451,0.00023153902033685731
4452,0.03518802809825311
4453,0.00012130943959424915
4454,0.009992660407841015
4455,0.005165033618700343
4456,0.004455566017596767
4457,0.005669328294449024
4458,0.0002656333012705276
4459,0.0019101287088097146
4460,0.0009507758410744076
4461,0.010378953747573335
4462,0.20233188635042207
4463,0.004857724873326887
4464,0.008535687361904732
4465,0.000679521506597674
4466,0.003299026213094446
4467,0.00541402194996011
4468,0.011256843333095708
4469,0.09563978762657797
4470,0.0003428435552611397
4471,0.002344733703783215
4472,0.00016468811108158473
4473,0.03691726466609019
4474,0.00039568505646824144
4475,0.002211391594199034
4476,0.00019203246733666497
4477,0.0035363958178845946
4478,0.0019483015484106905
4479,0.0029787356028046033
4480,0.0005061231988935723
4481,0.19960523740448963
4482,0.0019614389818237757
4483,8.617301983318269e-05
4484,0.32701643846863976
4485,0.008050780467205842
4486,0.0004910048479520563
4487,0.022045595791282808
4488,0.00010488228252441447
4489,0.00014445500924176416
4490,0.0030987226995386995
4491,0.00648057311782935
4492,0.0054274872111333946
4493,0.0017989500085930123
4494,0.0009601438369982628
4495,0.9881526709337934
4496,0.0004533897519121604
4497,0.002136711448412429
4498,0.016658634598227567
4499,0.9888494104578931
4500,0.0009007521393994082
4501,0.001314916583686849
4502,0.000275651534807147
4503,0.004709520096552837
4504,0.0007995936722070595
4505,0.0003736446443670841
4506,0.0002926846569824159
4507,0.0031154257136716645
4508,0.002747881821292087
4509,0.00024482212242345127
4510,0.009742146104799933
4511,0.0022038928131249617
4512,0.9973565587597562
4513,9.604602233228483e-05
4514,0.0017725982825349906
4515,0.0003223498577180536
4516,0.0004708684896307599
4517,0.1277563994358752
4518,0.00339050760013749
4519,0.01336125800951057
4520,0.00010118145012697465
4521,0.05753248971002078
4522,0.000855979426775855
4523,0.02359455176148306
4524,0.00011045355537443293
4525,0.00032222468894979155
4526,0.9935858915901392
4527,0.003553637253564828
4528,0.0001056542713635877
4529,0.00035224020835382934
4530,0.0013281021811783643
4531,0.0002369951439552497
4532,0.002871189830322793
4533,0.0017358166028185553
4534,9.384246651193336e-05
4535,0.0006929757964701908
4536,0.0009677303050380727
4537,0.00011664749545305428
4538,0.0004991158882012211
4539,0.0012210942726680178
4540,0.007703541257856433
4541,0.000840183805724668
4542,0.0002591629663180506
4543,0.0073321078091581615
4544,0.003732315783435257
4545,0.0003890328880699014
4546,0.0007809421879883027
4547,0.00039837826312545715
4548,0.008418882376734407
4549,0.017496623318146543
4550,0.004459546190038998
4551,0.00012639312001481385
4552,0.997999659729156
4553,0.00030771788199081377
4554,0.0030938753454940494
4555,0.9847879701539223
4556,0.0007865413105013369
4557,0.00022232837790884998
4558,0.00026700416179703285
4559,0.005781628234975188
4560,0.002481244758210071
4561,0.0038785555621463547
4562,0.023559294579320655
4563,0.007726688293416065
4564,0.0033940313276921755
4565,0.014318060718941369
4566,0.027509682064212213
4567,0.00024015171414088068
4568,0.00289551121405469
4569,0.002924857624879625
4570,0.9832288365705077
4571,0.0016929880527206836
4572,0.0017461204443486543
4573,0.7819176247262958
4574,0.0001272041527138178
4575,0.015655513129566773
4576,0.005656596004307418
4577,0.009442900256275158
4578,0.004123545513331788
4579,0.03164439748709676
4580,0.013755426721600178
4581,0.00033837387801411854
4582,0.0007560795619682975
4583,0.03731369151983655
4584,0.020626044106829024
4585,0.015295441413805767
4586,0.002389342873954995
4587,0.0006422751377059208
4588,0.06221086299724344
4589,0.010301094523635633
4590,0.002670642755197281
4591,0.0018219482712658697
4592,0.004334029270217245
4593,0.00022351281490960698
4594,0.0003337222232100927
4595,0.004548632351550213
4596,0.10051836647314408
4597,0.00010505756024568733
4598,0.00020593762838658526
4599,0.005551002633958926
4600,0.002682478843689441
4601,9.486032508019614e-05
4602,0.0001286696503920169
4603,0.03368032743804605
4604,0.0121684054864724
4605,0.0022895282717569137
4606,0.5624540009200446
4607,0.00011856627561860551
4608,0.0037221373443605582
4609,0.00027526850665255423
4610,0.015100998981354846
4611,0.0032388400351304803
4612,0.013459651660503825
4613,0.005487514095906818
4614,0.0011755566016742004
4615,0.000359019174080596
4616,0.9934135120063894
4617,0.00041861638533900134
4618,0.0002726601645801461
4619,0.0003920513265089535
4620,0.004745148325002841
4621,0.002115497913846091
4622,0.0016900861786095268
4623,0.00014308135860933652
4624,0.00021336707763088643
4625,0.000361784130664697
4626,0.002274800263130373
4627,0.0015412819728805773
4628,0.0028540189357152334
4629,0.00032072670565757173
4630,0.0005071081749237613
4631,0.028616126933332278
4632,0.00017552121763758427
4633,0.00046436097801011596
4634,0.009550709895969386
4635,0.0007298246837047157
4636,0.017728863465399716
4637,0.0003510167601925821
4638,0.002436138072812313
4639,0.0001032839560806668
4640,0.0004530569732584106
4641,0.0007137797864373855
4642,0.00011270914979991296
4643,0.00011994205577613222
4644,0.0006752568565943573
4645,0.008934181589533718
4646,0.011484721996629844
4647,0.0003915217687021131
4648,0.0002324811234605321
4649,0.0018100825306450392
4650,0.0007552367496125845
4651,0.00018857102858952347
4652,0.00489586949465945
4653,9.511861502171232e-05
4654,0.002935213783505665
4655,0.00722201690069314
4656,0.00035269843167355067
4657,0.0024820534405352772
4658,0.016770148827184375
4659,0.03507079236912621
4660,0.0003370776634931401
4661,0.0017950433994482773
4662,0.000994681090488079
4663,0.00026034616688712207
4664,0.0005235006236553452
4665,0.00024115529707696817
4666,0.011767503950752628
4667,0.004946220288837316
4668,0.000511961873327676
4669,0.0003410058762161137
4670,0.0028539140110250293
4671,0.0003473758816351523
4672,0.056045726561798265
4673,0.0035168469894465465
4674,0.00022657937615586522
4675,0.019331387836554692
4676,0.013547140089147699
4677,0.0008290864250928028
4678,0.9978129720855882
4679,0.9672210241362845
4680,0.9987297044148329
4681,0.9942370371197355
4682,0.0007662546017458863
4683,0.012112698974845404
4684,0.00356062217860314
4685,0.005826331576359291
4686,0.0016164459696369298
4687,0.002138243249670988
4688,0.02064143086341298
4689,0.015117966090333038
4690,0.0007144180881699382
4691,0.0011978381729818818
4692,0.002133583640240738
4693,0.0005865482689910037
4694,0.0008666536990373729
4695,0.0008404561655518339
4696,0.050137282829670914
4697,0.008076051344092786
4698,0.007425853751731017
4699,0.00065687132806528
4700,0.01926418218450571
4701,0.000726086579590122
4702,0.00010290384344608226
4703,0.0010869892325289863
4704,0.9598302713573117
4705,0.0006627759697212747
4706,0.019237397084639108
4707,0.00014018727180268575
4708,0.001208314450167079
4709,0.11323330535309963
4710,0.0034845499978371866
4711,0.005827214119364948
4712,0.004030370844401324
4713,0.0003335778386139583
4714,0.0006542204395985401
4715,0.0006921645637918233
4716,0.0005705663154625951
4717,0.0042656529217665485
4718,0.00027830835429410887
4719,0.0005022335046333527
4720,0.032762823004176385
4721,0.01787205334676847
4722,0.017672451035520356
4723,0.00848966031287458
4724,0.0005348751877898076
4725,0.0022957857483215734
4726,8.637913706392235e-05
4727,0.0035038602594564213
4728,0.0003287076951906641
4729,0.0004162796764526893
4730,0.00022583301006215176
4731,0.10172197886374858
4732,0.027219600362364742
4733,0.13171816345064322
4734,0.00020953596388647135
4735,0.000402175479231524
4736,0.0003822634968095713
4737,0.0005831377990053266
4738,0.0018076412220940008
4739,0.026166286919202864
4740,0.016178073631707705
4741,0.0016325134757536192
4742,0.004631012169316277
4743,0.04651927545740621
4744,0.00320253175600961
4745,0.00101720168774898
4746,0.07209081024882788
4747,0.0006824328279687111
4748,0.0016232383052236588
4749,0.0015593638116158687
4750,0.0237054976294128
4751,0.9978598810474149
4752,0.00039542005495164377
4753,0.024657694161358528
4754,0.0001163551480320036
4755,0.00038739062464223853
4756,0.041276824563920074
4757,0.003703723820788991
4758,0.000704714627161635
4759,0.0009167228456225245
4760,0.009292071373597796
4761,0.0014749780891217567
4762,0.00011685219642835501
4763,0.00023464219140832923
4764,0.059367409761025475
4765,0.003404599166201744
4766,0.002105523981505874
4767,0.0015536850517812008
4768,0.0018032713096645502
4769,0.0001403446378092881
4770,0.0001736609392671596
4771,0.00012624397312022853
4772,0.00039221854464763196
4773,0.00031474506347692593
4774,0.1724846314030206
4775,0.007912717991744596
4776,0.9830691609011777
4777,0.9975623748524556
4778,0.0004882769706511055
4779,0.0016473946364432782
4780,0.0017396083764608054
4781,0.0008251759577587002
4782,0.0003089072523783715
4783,0.00025875183346425095
4784,0.9962982238255287
4785,0.0008126907294237122
4786,0.0003946990825619673
4787,0.0004923981737040667
4788,0.0011675008692445372
4789,0.0009548019223399511
4790,0.0008988846886846682
4791,0.0003020014417757591
4792,0.8236459689919485
4793,0.00011846175982479977
4794,0.0003558682126520387
4795,0.7549276287865986
4796,0.9979544498398008
4797,0.012366843595381033
4798,0.0007948772950596438
4799,0.008485869930661454
4800,0.0007805156953077933
4801,0.0002462044824444299
4802,0.9957563230760177
4803,0.0873683487850069
4804,0.0012819551975423015
4805,0.003191858958661563
4806,0.0018532810146989868
4807,0.001256699698323063
4808,0.0006153808266825203
4809,0.000707412550944423
4810,0.0003709269266027642
4811,0.09805855260698088
4812,0.017043416719171527
4813,0.008173978293080952
4814,0.0001141960142447109
4815,0.009748696488281264
4816,0.0069962513938430166
4817,0.00623783531283153
4818,0.001516732844251081
4819,0.14417828104611277
4820,0.0005457259497817644
4821,0.9137344108939638
4822,0.001346645315383574
4823,0.00010944694055384256
4824,0.010463355208104914
4825,0.0003220764849912572
4826,0.00020139406896687478
4827,0.9200888815856135
4828,0.0025103415926254675
4829,0.00259079014259952
4830,0.0012850787356166655
4831,0.0005557351768379801
4832,0.9385160202317018
4833,0.00032201798115399574
4834,0.9973828569294529
4835,0.0010062693104568785
4836,0.9957260809252559
4837,0.9971983790752922
4838,0.11056239147236023
4839,0.0053575298565461775
4840,0.0008747190906095517
4841,0.0003050599036167828
4842,0.0007183380031314849
4843,0.0004584681471268634
4844,0.0499351020460591
4845,0.0011333380618253977
4846,0.8761722879852964
4847,0.9951852522237086
4848,0.0016444861211938572
4849,0.0052770943382640795
4850,0.00427145406554721
4851,0.0006235339825530322
4852,0.00011202672391587667
4853,0.00015312814421391944
4854,0.002408430549265789
4855,8.495575289434282e-05
4856,0.06666166409437689
4857,0.0003422407277511994
4858,0.0002664705577412613
4859,0.010594591181954311
4860,0.0014908530791152453
4861,0.0017073663699407676
4862,0.0002668936501570289
4863,0.00025981365185973726
4864,0.0003947269464662033
4865,0.003370047138534319
4866,0.013461734860176669
4867,0.00037751180464782404
4868,0.02591084389207037
4869,0.003030423243069884
4870,0.00025458872755027446
4871,0.012129004265209157
4872,0.0002090653490636204
4873,0.0019846399806885476
4874,0.0017308467444114046
4875,0.00012525546207870446
4876,0.0006620437692294236
4877,0.0030706029266254985
4878,0.96795981922642
4879,0.0009677147604872261
4880,0.005092130969904375
4881,0.0002471225669469464
4882,0.00012403266032350626
4883,0.00012666098811958427
4884,0.00013598552829879702
4885,0.0017471725266346898
4886,0.004523398793561788
4887,7.231288030937101e-05
4888,0.16584607511106544
4889,0.0005058292071047287
4890,0.0016607983179103185
4891,0.014735312359011318
4892,0.00022488026849017814
4893,0.0424243337345885
4894,0.004986240006500431
4895,0.0021804531399941063
4896,0.001123209689955209
4897,0.0006738753494650744
4898,0.3843030972168196
4899,0.0025642422368058033
4900,0.002503450974924995
4901,0.006421433274805961
4902,0.004990098145842611
4903,0.019802214919121593
4904,0.0001297110340339208
4905,0.2509360614919492
4906,0.02063804443378018
4907,0.0004030193477522039
4908,0.0020464617677460675
4909,0.0005157560858232537
4910,0.0006161720065518307
4911,0.027104788006338948
4912,0.0004271380784314234
4913,0.003021132856443193
4914,0.000986882752882991
4915,0.00017414956245804272
4916,0.00031001280583485753
4917,0.006168648791844655
4918,0.001743489389076905
4919,0.013998821411415893
4920,0.007495074557961712
4921,0.00246043561928205
4922,0.00036044362934706237
4923,0.0005649843839946886
4924,0.0008012239856027138
4925,0.0020818852838644917
4926,0.012005677377852967
4927,0.0015648534141516795
4928,0.0051691575216341835
4929,0.0048114095590550895
4930,0.003640974517027323
4931,0.0008022757494654067
4932,0.0024206921653420095
4933,0.0010339046911675468
4934,0.9978624131995678
4935,0.00031160897481465814
4936,0.0003044078258877137
4937,0.014215187380546673
4938,0.002381351876354052
4939,0.00048025140907700855
4940,0.00033285683097247684
4941,0.00024824682035382787
4942,0.010769578946896109
4943,0.00015834600349381815
4944,0.0063847284727145005
4945,0.002078916287032425
4946,0.0002887135869754961
4947,0.002725963729131592
4948,0.0007927134953105069
4949,0.009178080971243976
4950,0.9980058651872101
4951,0.004228689724812699
4952,0.0021961949225532615
4953,0.0004352523622510603
4954,0.00019862822595726024
4955,0.0017498150394023655
4956,0.0021077718921397037
4957,0.0018574798617373408
4958,0.00025097709072182257
4959,0.013417359602786196
4960,0.1372295704957395
4961,0.002366125782931824
4962,0.003245639879038243
4963,0.11973307350990227
4964,0.005777116973489534
4965,0.0006144732606600904
4966,0.004874525713012016
4967,0.016407630314492938
4968,0.000254833854994178
4969,0.1268507918856188
4970,0.9963927736424205
4971,0.0004900414890331827
4972,0.0018963693833888595
4973,0.0024525239611523195
4974,0.00018045529499373248
4975,0.00564583083292851
4976,0.00023371836647775607
4977,0.0007537502495013664
4978,0.00024783355027361664
4979,0.006749474266364018
4980,0.00029756237842622826
4981,0.0003799257474391754
4982,0.0021540955105323924
4983,0.00014967736526999114
4984,0.0003013621382708884
4985,0.00010894336594080712
4986,0.00025309088552846406
4987,0.0002538550068895445
4988,0.0002842570503268613
4989,0.02726417484970292
4990,0.00022917490534317989
4991,0.0348924804751194
4992,0.023308166374107275
4993,0.004997761478516999
4994,0.00035356399326764325
4995,0.013809136564316283
4996,0.0006829945675365703
4997,0.0051475471362853785
4998,0.045890499410462166
4999,0.0002660185076215737
5000,0.002067437460119412
5001,0.0022829259932295944
5002,0.0007334983991821125
5003,0.03402802790173487
5004,0.005604695951637628
5005,0.0006146782607834764
5006,0.0006487465125640609
5007,0.0003586489560039527
5008,0.00023425542874201826
5009,0.0008210027837067536
5010,0.0002521688168942923
5011,0.0001994862038239146
5012,0.0010605367963676497
5013,0.035607934708207944
5014,0.7618294937993295
5015,0.00036231467310671536
5016,0.004304828407341348
5017,0.00040726300816915794
5018,0.0008221257093545659
5019,0.007854814463496961
5020,0.022811005105095424
5021,0.00042793439119038167
5022,0.005607341968026699
5023,0.994234194187974
5024,0.00017139392113620734
5025,0.000598547984659283
5026,0.0002522670580758001
5027,0.0005321123298019882
5028,0.0002677781353432802
5029,0.00029587554101697934
5030,0.00025570032964473537
5031,0.017417075026116214
5032,0.00041534045727798923
5033,0.000279291758870138
5034,0.0040742255751803035
5035,0.035055253366789725
5036,0.00016592064783952002
5037,0.0020079236893446976
5038,0.000688645711660891
5039,0.0751867436705993
5040,0.019451466084729155
5041,0.0015998445652865667
5042,0.9952208965437016
5043,0.00018653894921132378
5044,0.0005689457855048365
5045,0.0003605204790896803
5046,0.9527318523343504
5047,0.000402410247812421
5048,0.08945688602883368
5049,0.0012493334849632614
5050,0.0011123654312091603
5051,0.9979952787863725
5052,0.000104262854242085
5053,0.0444991143887706
5054,0.042610163117225874
5055,0.0070056240642286955
5056,0.0002567186547793681
5057,0.001281317167555045
5058,0.1631290157871511
5059,0.005162754079213918
5060,0.0002694761180958067
5061,0.004234120123534247
5062,0.049040813152886345
5063,0.007279625273422555
5064,0.013802496586473752
5065,0.00282105374627327
5066,0.0007704629736368297
5067,0.002428011140756805
5068,0.02191433671078219
5069,0.00027759193576553076
5070,0.015363572836641
5071,0.00026167172303360786
5072,0.0006834104219833924
5073,0.014731550510260724
5074,0.00031489427383009003
5075,0.00017321861444371547
5076,0.0019452366032791032
5077,0.0012740653828375776
5078,0.017205601132523847
5079,0.00038697976505752154
5080,0.9214160078602923
5081,0.0008382869587347313
5082,0.00039097934097178684
5083,0.00026995290589919627
5084,0.028292248459842313
5085,0.0022628833591654338
5086,0.018884502641044562
5087,0.022626678152663046
5088,0.00029907387765861914
5089,0.0002441931255549547
5090,0.010300396364556184
5091,0.0003345519668385501
5092,0.0006486985529964369
5093,0.00031426170039472104
5094,0.9961859117708557
5095,0.14725928346105344
5096,0.00011857143943580014
5097,0.008062385052899145
5098,0.0012275184405277917
5099,0.009927920878129519
5100,0.0011678956166505316
5101,0.00023162233960427698
5102,0.0036084013568824054
5103,0.002996831585271616
5104,0.9956923132636746
5105,0.00328152341251342
5106,0.00027790684429606515
5107,0.07065026217920692
5108,0.0006700670457745303
5109,0.006688550890332055
5110,0.0003709433612584419
5111,0.38129785490854967
5112,0.0033372631269182585
5113,0.9955123396438089
5114,9.49391594330239e-05
5115,0.011862747388206493
5116,0.0004642321832389573
5117,0.014288462699214374
5118,0.001052290801758702
5119,0.0004742608217809896
5120,0.00016839312031902094
5121,0.932456027970441
5122,0.00022984174336190905
5123,0.00036961639282062625
5124,0.008838305229392161
5125,0.035292835735960135
5126,0.026657828280930836
5127,0.0004769647943836117
5128,8.415602971376157e-05
5129,0.00025530752500380066
5130,0.9970475440004481
5131,0.00037685434431587825
5132,0.021082840315099636
5133,0.0009514338474873997
5134,0.0004386364718728397
5135,0.00027234623527143566
5136,0.0038117541862323855
5137,0.0005482970430048977
5138,0.0002668936501570289
5139,0.0004987607252980586
5140,0.002934531603902871
5141,0.001968020267665138
5142,0.00010430351594145412
5143,0.002957633746648437
5144,0.9967456801108446
5145,0.001390739808644025
5146,0.6106692441401843
5147,0.24822736091303638
5148,0.00045992275207206655
5149,0.0003251751738251367
5150,0.012252654277536749
5151,0.00021772570488670664
5152,0.7641775520538135
5153,0.0001825228323171663
5154,0.0007042868631222755
5155,0.00045281888213460865
5156,0.0012680380802328002
5157,0.1171246113726403
5158,0.00025792911005676237
5159,0.0002935405917676561
5160,0.002165810638991688
5161,0.0011730323385691441
5162,0.9965150316432422
5163,0.0022792580302216283
5164,0.00041726916942521
5165,0.12770487007751005
5166,0.0005399110628058434
5167,0.8052199315107476
5168,0.00041855647006903176
5169,0.869948247043663
5170,0.0002999512500827985
5171,0.010938229471461933
5172,0.0002929671006245372
5173,0.006865716953133492
5174,0.00012989674588862157
5175,0.03782165227356823
5176,0.0015015711114196193
5177,0.0012344946955087505
5178,0.0052485589935563565
5179,0.0003199820877835647
5180,0.00024402987934149593
5181,0.00012969343739867374
5182,0.018368722298891013
5183,0.00012094497682714825
5184,0.004484203856749908
5185,0.0001368350994885832
5186,0.006704527994486992
5187,0.00834789772659606
5188,0.008299711278575731
5189,0.0021275737637497477
5190,0.0007014737783989435
5191,0.0006095862452602781
5192,0.0003361193410521451
5193,0.004737333296524097
5194,0.00025655475745135433
5195,0.010023697830763203
5196,0.0004214820866029105
5197,0.00033956104068592696
5198,0.0004720473301210344
5199,0.9974001620456564
5200,8.936410206377271e-05
5201,0.00039721350962959606
5202,0.00028336409776634995
5203,0.0005369757750664254
5204,0.00031769208218213567
5205,0.00045057432708223627
5206,0.000979166841270708
5207,0.00022412116433385718
5208,0.0003395912937870563
5209,0.0009459834894424489
5210,8.736823704948801e-05
5211,0.00010673605830566439
5212,0.006197791121725274
5213,0.0010059037362746273
5214,0.00031100154696644044
5215,0.00720968609519519
5216,0.0023726674888893233
5217,0.011214384407814013
5218,0.003035798687215905
5219,0.0055801163905772385
5220,0.0002768967550012021
5221,0.0001285398288787996
5222,0.0007008514170726302
5223,0.006885289870929369
5224,0.013700722342032682
5225,0.0002897939309447532
5226,0.0005209362744031077
5227,0.004926492567751186
5228,0.001350326635175424
5229,0.0067051641570976235
5230,0.005134043691854949
5231,0.0038748917411447815
5232,0.0008855036880087399
5233,0.99777435250183
5234,0.0008848996173479998
5235,0.000359055271882171
5236,0.006119806162209029
5237,0.00742458078759234
5238,0.009999772844852647
5239,0.0007802380623885902
5240,0.00023252348809759386
5241,0.00021047185845531538
5242,0.0007038985443246956
5243,0.0011270355700348544
5244,0.00013750687977764312
5245,0.9982563858327436
5246,0.00548316703318156
5247,0.0004327180271151708
5248,0.012493004300787388
5249,0.00036559308118503303
5250,0.0030548350600676124
5251,0.00032283154924831186
5252,0.0009251253315903141
5253,0.9953548975340968
5254,0.0002703156912847367
5255,0.0001413412525121511
5256,0.0004509882534239649
5257,0.0020332178443215514
5258,0.22245491920634256
5259,0.006211054086167822
5260,0.0005352943432188787
5261,0.01140390673251782
5262,0.004081946204591596
5263,0.002765996332925658
5264,0.00046239781606315046
5265,0.07748804394428457
5266,0.002692235052689511
5267,0.013860418266928971
5268,0.06880315210756305
5269,0.0024933483608212486
5270,0.003031136010983341
5271,0.07230744219205991
5272,0.9731111886146389
5273,0.00028627343717677257
5274,0.000722500022082901
5275,0.00015716611197981036
5276,0.9978299953428681
5277,0.26217878890054525
5278,0.002740083467194059
5279,0.004207564468266714
5280,0.049869985352134064
5281,0.00530041205409524
5282,0.07294972492874902
5283,0.007247513329092286
5284,0.004377478449154013
5285,0.00013172479059880347
5286,0.0006082727021950656
5287,0.0006641038984500373
5288,0.027696090978581327
5289,0.00016272486973496286
5290,0.0004816912577381249
5291,0.10208523104477721
5292,0.0055811859560705255
5293,0.0002998412361886815
5294,0.0002402733339316991
5295,0.00037195793092193206
5296,0.1673560458205024
5297,0.00043776265561460803
5298,0.0023561551844414248
5299,0.0008616090948273796
5300,0.9970475440004481
5301,0.003975781639662095
5302,0.0021899774370138926
5303,0.035749457897975755
5304,0.0011035312847224657
5305,0.010886191260107463
5306,0.9985353169178314
5307,0.00026086758703477086
5308,0.0015417297738398112
5309,0.017851822719533405
5310,0.021033696627277672
5311,0.00038493745908353894
5312,0.0002823988059393676
5313,0.0041890771179079
5314,0.0002954207464086628
5315,0.0007097462012947973
5316,0.9963595598358759
5317,0.0355321111802995
5318,0.0034482013688248076
5319,0.9910212578363177
5320,0.01431692590519947
5321,0.00035073074764441084
5322,0.01326003594884331
5323,0.0025636765725453934
5324,0.00026740067653575005
5325,0.19143644566887752
5326,0.001857559603087707
5327,0.0061257816302856235
5328,0.9988148343258301
5329,0.005324279940930808
5330,0.0015759516188795942
5331,0.006321982349279482
5332,0.009705893863294228
5333,0.00031207615499621297
5334,0.019802752391206366
5335,0.024572067750237837
5336,0.00032179998206154255
5337,0.0018029455160647595
5338,0.0047594776347963256
5339,0.0015179680055580535
5340,0.01021124120667272
5341,0.9950006925223238
5342,0.000263325876307083
5343,0.014039727208584658
5344,0.0005065272868176173
5345,0.00027859112810948034
5346,0.00044292155980892104
5347,0.031853058592156654
5348,0.0009128101260908147
5349,0.9978911156891404
5350,0.0006044714193271859
5351,0.995725807927604
5352,0.00029724795918986853
5353,0.0005891607600045875
5354,0.0001886243317916422
5355,0.9977134965154879
5356,8.525546228448348e-05
5357,0.000966656481908189
5358,0.00042083725789608645
5359,0.0038200784676746444
5360,0.0013452721625998873
5361,0.00010302673595058095
5362,0.011788212998936466
5363,0.0006538480045785852
5364,0.00011077359536058342
5365,0.00015622026287161013
5366,0.00010690639783023606
5367,8.111302119381315e-05
5368,0.004806527241950729
5369,0.005530911358909344
5370,0.0003206118703276034
5371,0.012645422845213652
5372,0.9976250979153113
5373,0.0007580080685458435
5374,0.0003986094650815908
5375,0.0009503648807246891
5376,8.739699539275864e-05
5377,0.0016676905623834047
5378,7.631078773398462e-05
5379,0.09301922640588477
5380,0.00016383660588840167
5381,0.00015069827553295252
5382,0.005173689905738069
5383,0.0002482980357008066
5384,0.0006284208706369333
5385,0.0002011691872002613
5386,0.00022560905242405779
5387,0.01205091675532682
5388,0.009343217710807093
5389,0.00011150850830414741
5390,0.026785319553834046
5391,0.00020102696541964246
5392,0.0003483205152151199
5393,8.289042415732156e-05
5394,9.908765423467832e-05
5395,0.0006100363094308202
5396,9.234195250139621e-05
5397,0.0004655954513182736
5398,0.02379629282296917
5399,0.0009170177786268134
5400,0.24830186821373046
5401,0.0032033883629484475
5402,0.00017529931270020415
5403,0.00038028909496983534
5404,0.0007770916957099355
5405,0.00981911436014643
5406,0.00012313349474402888
5407,0.0007080754757344365
5408,9.229968811241612e-05
5409,0.9788655825513725
5410,0.002759419990991488
5411,0.00883835627583564
5412,0.0001259516602554739
5413,0.005012517778482844
5414,0.0017817927528453194
5415,0.00011248724776485724
5416,0.0006569300978886709
5417,0.0004148142568079386
5418,8.441118064181954e-05
5419,0.00010353577798412226
5420,8.9865417571266e-05
5421,9.879906044969672e-05
5422,8.834983053075818e-05
5423,0.9877590634863663
5424,0.0001333764119740982
5425,0.00027361895620878885
5426,0.001634011697427489
5427,0.00042946457509141243
5428,0.0002908765775381332
5429,0.000250017861810486
5430,9.175637740483215e-05
5431,0.002283658967606524
5432,8.703106272328383e-05
5433,8.768997750295569e-05
5434,9.349031261429253e-05
5435,0.0005579781743315701
5436,0.7976818691538894
5437,0.00041166431511977165
5438,0.0015028333684183792
5439,0.0001104372931972785
5440,0.001639852363662579
5441,0.011007457043245995
5442,0.0022577726712760533
5443,0.0006988286807697375
5444,0.0007653936516313055
5445,0.00029175468322292656
5446,0.00029140389386638957
5447,0.07420140938816763
5448,0.00016779552509187912
5449,0.005614798140382388
5450,0.002915575909036341
5451,0.00010637243393729296
5452,0.0002617407000872368
5453,0.0006185302810290875
5454,9.030760561890339e-05
5455,0.0014894799618446212
5456,0.0024858714989899767
5457,0.00012569614241347423
5458,0.0005147173062857029
5459,0.9963962821030711
5460,0.0027360365896824663
5461,0.00028113843278403696
5462,0.00010631331758064795
5463,0.00017928371850701032
5464,0.0001493888481708102
5465,0.00010804995045276277
5466,0.9957556922103371
5467,0.00010786718404285325
5468,0.0006121982667660638
5469,0.0022129371458252554
5470,0.02481814797775812
5471,0.00016517588545986764
5472,0.001026949873121751
5473,0.004165596753427592
5474,0.0010284986859067106
5475,0.0006546215712492132
5476,0.020530058191027028
5477,0.982957818829757
5478,0.002318088763134438
5479,0.0012677116710007835
5480,0.002708226298169664
5481,0.00019806751086273865
5482,0.7785854807124635
5483,0.00412569912281668
5484,0.004037025580781035
5485,0.00010397445807326139
5486,0.005851725320825562
5487,0.00467548425741417
5488,0.0010698072745880787
5489,0.0021426444299421127
5490,0.01691227114186595
5491,9.845941193154981e-05
5492,0.0001831249739110528
5493,0.0595893883077734
5494,0.11473935087840981
5495,0.00012129126202614682
5496,0.07642409443399764
5497,0.00027133222482633376
5498,0.00036101852958696847
5499,0.03820641251295996
5500,0.001073395402945692
5501,0.0007499633137397572
5502,0.0012680154052077414
5503,0.001224757829547889
5504,0.006772850649437288
5505,0.007180558839644435
5506,0.0005169270104667925
5507,9.959785657699511e-05
5508,0.00014403077328011888
5509,0.00010034603349719766
5510,0.005914892718702296
5511,0.0010151467159326144
5512,0.0007629034592886377
5513,0.00010456200515236026
5514,0.0009331700396234914
5515,0.0001123312509505175
5516,0.0005547978852852658
5517,0.0003956582244583511
5518,0.0009482665564723015
5519,0.05462792152031837
5520,0.006048797072984383
5521,0.031483576076689085
5522,0.008827626985788314
5523,0.00010971229015696227
5524,6.588679524332835e-05
5525,0.00040002731670302525
5526,0.0001099207175509163
5527,0.00017253337483811004
5528,0.0003066444369891446
5529,0.000366752270828355
5530,0.00018865706439232446
5531,0.0005292742819815977
5532,0.7841880153746701
5533,0.0008370939545690023
5534,0.007629148432314171
5535,9.778926073014649e-05
5536,0.00015484405839116398
5537,0.00031050368410123915
5538,0.00024460377084878045
5539,0.0023485354170004985
5540,0.0008832246737595331
5541,0.00026638662155877967
5542,0.0005315011696903811
5543,0.00011778860857958175
5544,0.02181122672366026
5545,0.0041645703795654
5546,0.1428675107059612
5547,0.0023804286825925888
5548,0.005403280000139536
5549,0.015165515758530519
5550,0.0009087708294609141
5551,0.006447860962239341
5552,0.25020755371129483
5553,0.00015733702429744347
5554,0.002645996403188571
5555,8.75346697018426e-05
5556,0.008898785396085376
5557,0.00014569463097235613
5558,0.0006687892440061327
5559,0.0098201931430329
5560,0.0002643508517759016
5561,0.00033049474019705477
5562,0.00015185793544143967
5563,0.023008299674242512
5564,0.000143638938648389
5565,0.0002826382067088467
5566,0.0010943253167467687
5567,0.0017180727584192416
5568,0.0003240763382591726
5569,0.0008265577998824762
5570,0.002248855737014542
5571,0.0448749167370521
5572,0.9220111536089406
5573,0.9837293435083663
5574,0.034244322460009025
5575,0.0007299637677023095
5576,0.7785061402443143
5577,0.9978581328136955
5578,0.05399471497216988
5579,0.05846093597162776
5580,0.0002759937529884372
5581,0.0017984302455624293
5582,0.9689804892952572
5583,0.0001960361897808473
5584,0.006498006354160439
5585,0.00018962753318413713
5586,0.0005485774529506478
5587,8.908570334153827e-05
5588,0.0022467887590208206
5589,0.00028145825012278197
5590,0.002042520127402137
5591,9.027092484845109e-05
5592,0.020565523087658567
5593,9.372845431449215e-05
5594,0.0008805595190007555
5595,0.004514040915659074
5596,0.0017008419049711109
5597,0.00024178354876817367
5598,0.0007351817738771236
5599,0.004436414489589621
5600,0.0006801792031768999
5601,0.00010985467983404196
5602,8.73426448122128e-05
5603,0.0010429115612989076
5604,0.000160668268651606
5605,0.0016854630778835398
5606,0.0004196960560470057
5607,0.0002969545526080703
5608,0.0019357543210707158
5609,0.0028885568460902795
5610,0.0048557109261522175
5611,0.009374616807893716
5612,0.00016770663513480952
5613,0.00026610570918174847
5614,0.028778768352142554
5615,0.002138382269981292
5616,0.00032855499343738184
5617,8.833850719073342e-05
5618,0.15749380620527514
5619,0.02574341273287048
5620,0.0037257895064945023
5621,0.0007463101329013956
5622,0.00020410043439954918
5623,0.0002710040866287606
5624,0.0011248437841428276
5625,9.925169935778441e-05
5626,0.00016539915886911778
5627,0.0006604082502816559
5628,0.0049862515832910645
5629,0.00021458815016416627
5630,0.00043390220085008527
5631,0.0001155966243939372
5632,0.00020330481992385902
5633,0.0007699720710520297
5634,8.982212618942091e-05
5635,0.0005064938605608026
5636,0.0004900260564437758
5637,0.0004978482435617754
5638,0.0003087692242156977
5639,0.00033174515291418635
5640,0.000922423404053074
5641,0.001429514792399143
5642,0.9694575881769182
5643,0.0002812505624246249
5644,0.002523059772438593
5645,0.0002657124258737331
5646,0.014051289316391718
5647,9.035933191159847e-05
5648,0.00013172458684842551
5649,9.617421922960042e-05
5650,0.00017645064350620902
5651,0.00018840470913864105
5652,0.0008300077646404503
5653,0.006541898516961309
5654,0.0058000965105896056
5655,0.0005331821996438594
5656,0.00027030176024043124
5657,0.00021080754787402453
5658,0.0098615301159244
5659,0.003390154997533271
5660,0.00010037036372243055
5661,0.00021122404448569744
5662,0.0006649610863418125
5663,7.978601235202856e-05
5664,0.001393690758768966
5665,0.0005734541699876495
5666,0.03713102660314092
5667,8.193165529230855e-05
5668,9.256839166551019e-05
5669,0.09557220896913311
5670,0.00041285314260387394
5671,0.0021468262464750987
5672,0.10200563906189367
5673,0.0259939846953974
5674,0.9967379754869409
5675,0.00011580791996528833
5676,8.380232838905172e-05
5677,0.00010826450536206291
5678,0.005154710795214886
5679,0.0001618722868604516
5680,0.00010618544705951906
5681,0.00027626282381127255
5682,0.00014568131856663622
5683,0.00024188952530536115
5684,0.0002756713029287835
5685,0.008520387791080046
5686,8.890035046529187e-05
5687,0.00011652185654516534
5688,0.004848063101124274
5689,0.002815264971446872
5690,9.82960950756671e-05
5691,0.004005076593247207
5692,0.006476073899654495
5693,0.0008031861159911368
5694,0.8359268772760684
5695,0.008727866438191728
5696,0.00010764246718715441
5697,8.403281972101795e-05
5698,0.0016123117410341173
5699,0.004645264602732007
5700,0.0012295222280867698
5701,0.0005403393052605878
5702,0.003803220098623348
5703,0.0010059108518717377
5704,0.002185018194169676
5705,0.0020797383392876846
5706,0.00012171382228996164
5707,8.25263919056461e-05
5708,0.0003148165471464617
5709,0.0003662644230360933
5710,0.0007746319625438795
5711,0.002553544763843833
5712,0.04067941642329595
5713,0.003345210396293581
5714,0.0012561624014850766
5715,0.000156970494281473
5716,9.470213001709257e-05
5717,0.0035182029371014587
5718,0.11164401723366156
5719,0.009281805308113305
5720,0.001477875282423014
5721,0.0002319088712490706
5722,0.0022033378527621422
5723,0.00019838486520616828
5724,0.0008974970360711038
5725,0.00044274983912542365
5726,0.002667290179658222
5727,0.0014259550594060203
5728,0.007408492812394251
5729,0.0011137820939953703
5730,0.02208107709056252
5731,0.007805697448666205
5732,0.9892035386368891
5733,0.00018565680837509294
5734,0.7588345983894027
5735,0.007384434421187549
5736,0.0013916410358635186
5737,0.00010945466304345247
5738,0.00029087448493483116
5739,0.0003715152224994017
5740,0.0005264067945151734
5741,0.0018312840888216385
5742,0.0006665107389139793
5743,8.761908426501557e-05
5744,0.0006936093765049563
5745,0.0018617111690500047
5746,0.004492384362313241
5747,0.00011771814784907073
5748,0.0024371672596548047
5749,0.00010703560912200271
5750,0.00010564399842127883
5751,0.012780327952926569
5752,0.0015017983085274514
5753,0.9968362603369927
5754,0.035734887322097675
5755,0.00025024600482969847
5756,0.00018217838298865703
5757,9.004615750313124e-05
5758,0.006732827424936817
5759,0.12043739083817416
5760,0.9953371092440974
5761,0.002529594003985289
5762,0.003995449114827712
5763,0.004524872487707451
5764,0.0031012452424985827
5765,0.005115198438377614
5766,0.00040806129225914536
5767,0.00035605098876549326
5768,0.002055027542483484
5769,0.0004242476642742185
5770,0.001341990460362541
5771,0.0016100601536980159
5772,9.167972302430793e-05
5773,0.004509496403854367
5774,0.7959958276022668
5775,0.9972207495024009
5776,0.00031778782844099244
5777,0.1942850578842905
5778,0.0005896409688290618
5779,0.000266833775041894
5780,0.041315238154508965
5781,0.0009136764645030305
5782,0.001779358584804685
5783,0.016056791953381597
5784,0.001419083995260664
5785,0.0014437607327594428
5786,0.9975412260993479
5787,0.00011335782640891334
5788,0.0006256262222475754
5789,0.0013615859555696896
5790,0.0001711999157028818
5791,0.0006545001733198498
5792,0.0016904348977563575
5793,0.0013909904107198725
5794,0.0019728462588542153
5795,0.012804512129609601
5796,0.000764832764075346
5797,0.0013481989857576705
5798,0.0024143169061758753
5799,0.00016113498833752066
5800,0.00595234841717472
5801,0.0007432589557207237
5802,0.0002768354247832948
5803,0.00010155411379696032
5804,8.35875743556274e-05
5805,8.966394402188982e-05
5806,0.00017118361469804156
5807,0.0017365902053589372
5808,0.014111499375911832
5809,0.013467588824761404
5810,0.00023538616357310574
5811,0.011558737845839846
5812,0.0005449885296843222
5813,0.00842981656499721
5814,0.0020054865364526092
5815,0.021976723298584487
5816,0.00011362031989333662
5817,0.0003091554955447468
5818,0.011550474141147706
5819,0.0028284526226211863
5820,0.0016159893095101423
5821,0.45955191814484364
5822,0.00012244205207163192
5823,0.0017853757557495349
5824,0.0012335556846666694
5825,0.0002629534489199353
5826,0.00045843282639644644
5827,0.0002915916313416199
5828,0.00011360402744729375
5829,0.00020271183245317928
5830,0.012888740253512094
5831,0.00010064555689907809
5832,0.9965791556560394
5833,0.0001489618065628459
5834,0.02014366573922518
5835,0.0007881696519309177
5836,0.9763935197922287
5837,0.0008777383904185991
5838,0.04760583920472457
5839,0.00017417323022540345
5840,0.97654373169708
5841,0.0055557576468930605
5842,0.11050871137574675
5843,0.022669087019529917
5844,0.839769740285995
5845,0.00020216831596117022
5846,0.00031664302794632285
5847,0.0012672988177256463
5848,0.25396390063987806
5849,0.00027380949286474605
5850,0.0002387982033065807
5851,0.00021060789290817917
5852,0.0002994374443460152
5853,0.0030813612050237522
5854,0.00023381022707063618
5855,0.00027576169165978697
5856,0.00010622098705184448
5857,0.0019120726036558839
5858,0.021524107982850756
5859,0.0002391513303641045
5860,0.0035830532478305977
5861,0.0007119891622808849
5862,0.0005325236489100652
5863,0.00037044740413763675
5864,0.00044626164058951333
5865,0.0006437454231959117
5866,0.9943437859639037
5867,0.0001002305012324963
5868,0.0022516250886183533
5869,0.9954704408001682
5870,0.0012976551676988786
5871,0.07192448013512043
5872,0.0003890303856224526
5873,0.00114358909142375
5874,0.0043979693568302345
5875,0.985511797887238
5876,0.016567141977969435
5877,0.0002404828610267886
5878,0.00028822133650836714
5879,0.0007117302514884152
5880,0.015035208074433093
5881,0.0013667943422975498
5882,0.0022870021209740387
5883,9.521421127360099e-05
5884,9.665921046656862e-05
5885,0.007660172153527159
5886,0.0013061113118313509
5887,0.01628373424373205
5888,0.0007223025515553066
5889,0.0010862424569594764
5890,0.04681104568264467
5891,9.052815996097667e-05
5892,0.0008922809537329058
5893,0.002041672933753876
5894,0.0022330535413479565
5895,0.9474105109171893
5896,0.9962304513620075
5897,0.9956842863652214
5898,0.11308923162488124
5899,0.0005896760997865352
5900,0.16018791852829956
5901,0.00407633933141216
5902,0.003113684924678744
5903,0.003967888072217079
5904,0.00015130648783040853
5905,0.002205255399569363
5906,0.0031858514720040985
5907,0.0008049257170135289
5908,0.0015601739975218592
5909,0.01367043886645504
5910,0.000220938092905145
5911,0.9910537232359944
5912,0.0006423154353203595
5913,0.9935109232160156
5914,0.002069084254837262
5915,0.0006148860336677873
5916,0.00010460014674455328
5917,0.0002778064316605098
5918,0.00028997131696680033
5919,0.9953267510520959
5920,0.0010161119841287
5921,0.0027543518991386792
5922,0.0002967042587100493
5923,0.00011194452845982643
5924,0.00029086504249920935
5925,9.879906044969672e-05
5926,0.003979449211796602
5927,0.00043124448582629554
5928,0.08157072085281639
5929,0.0012220008456437273
5930,0.01171278149696269
5931,0.9826428350293887
5932,0.9952182290171129
5933,0.0002604362961625004
5934,0.0002523187779316322
5935,0.0011584563054464472
5936,0.000174955778052535
5937,0.0004020675866901783
5938,0.0022293011160144545
5939,0.7649736694304721
5940,0.000713555373952781
5941,0.0018372994035132902
5942,0.017981466173739757
5943,0.0001903869393936645
5944,0.00530370809902775
5945,0.0010643211616684074
5946,0.006191840887065062
5947,0.0005044713294869923
5948,0.010305311003159956
5949,0.00022423497710585854
5950,0.00027234921808392344
5951,0.010179547978372195
5952,0.010778737147078696
5953,0.001792487171504755
5954,0.9967580113164672
5955,0.0003635765144174808
5956,0.00022654353068155813
5957,0.008247038242477037
5958,0.0017847956374945756
5959,0.0010351201778553121
5960,0.00029258369424841013
5961,8.290374854254934e-05
5962,0.00010321355946289915
5963,0.0009590739371954381
5964,0.00011736091094080236
5965,0.00012371774651672777
5966,8.528460452210215e-05
5967,9.25372226990142e-05
5968,0.00017068377027580625
5969,0.9946747472267758
5970,0.005549862563037743
5971,0.9110453536902877
5972,0.003670070015606188
5973,8.616038653737654e-05
5974,0.007577654019247066
5975,0.00024977314340683747
5976,0.0002705970962704433
5977,0.023554593151708145
5978,0.0011587409029102317
5979,0.0005025800704308576
5980,0.000910661293857926
5981,0.002548281951944409
5982,0.010689140919476883
5983,0.0019694939700104466
5984,0.9928350734149652
5985,0.00037200323472016695
5986,0.00039585600995862863
5987,0.0003139228001379256
5988,0.0010718869331687087
5989,0.00019633640981530094
5990,0.0026450317449311775
5991,0.00017155771813054488
5992,0.9714439359649926
5993,8.243116843957435e-05
5994,9.812289385302147e-05
5995,0.002562783239784483
5996,0.0003114340356788227
5997,0.008600137280242524
5998,0.0010473424533205193
5999,0.0013436914818555686
6000,0.00047069995856258937
6001,0.004929021825622791
6002,0.0005379749359179014
6003,0.9749678988845889
6004,0.00025438748806715105
6005,0.002754124969601686
6006,0.004038702679018431
6007,0.961597737774126
6008,0.0002480356406383882
6009,0.00042336070531706166
6010,0.0001246505734387057
6011,0.0005560609683809517
6012,0.024602243052394834
6013,0.0003134607655326398
6014,0.00029070354906868544
6015,0.0017427260157898345
6016,0.00017574294073490659
6017,0.002387774275339048
6018,0.020457322928800675
6019,0.0004803302424281574
6020,0.9943444318916486
6021,0.0002840163530250957
6022,0.0016187628295479502
6023,0.0025466297138863584
6024,0.9863412590692826
6025,0.00028106611705135907
6026,0.018220613515016217
6027,0.0002777741030608532
6028,9.322080442359605e-05
6029,0.0005580716426767186
6030,0.00012322197851976803
6031,0.0002560376207468784
6032,0.01867264667097362
6033,0.0093761018830097
6034,0.007576490529352164
6035,0.022666997312354022
6036,0.020206971493308842
6037,0.0030641003948910384
6038,0.00014484079356659926
6039,0.0012873037788520623
6040,0.00010217252874771057
6041,0.005486327409480808
6042,0.005613928397281632
6043,0.006195988621953036
6044,0.003664846629461236
6045,0.0003037999544181795
6046,0.0015971238297615192
6047,0.0007276771382267364
6048,0.0003466185369130927
6049,0.0042172954468302675
6050,0.0002391325815450822
6051,0.9820995142898657
6052,0.0002489848660120257
6053,0.0015061060612952628
6054,0.9899964986325486
6055,0.00039358276967017776
6056,0.04105077347202327
6057,0.0027592324547663326
6058,0.0025536245336012157
6059,0.00029161092289666635
6060,0.0061851616330415625
6061,0.006722186124999836
6062,0.0050764998221785
6063,0.0005388023236668922
6064,8.675479137393463e-05
6065,0.00011802998487374453
6066,0.0014318004968351492
6067,0.977662552466747
6068,0.00044896799929977063
6069,0.001669862473490198
6070,0.0005268901911462176
6071,0.0005161221929071217
6072,0.030640226370013356
6073,9.58947615274075e-05
6074,0.00011319634582446265
6075,0.0036475798798013825
6076,0.0002521761710266836
6077,0.0025780455351101027
6078,0.0006692747999357667
6079,0.00018889276034517419
6080,0.003820919167903265
6081,0.00042455211695261195
6082,0.0003841004466611846
6083,0.0002827793741000349
6084,0.024247194270184763
6085,0.006408756206160149
6086,0.0007789323307966586
6087,0.0007636733369514421
6088,0.00046688167997386204
6089,0.00012091262384696005
6090,0.9863412590692826
6091,0.0003632005633664352
6092,0.000670411398902492
6093,0.00015337353128475845
6094,0.0004522461507613888
6095,0.0016899284025117638
6096,0.0002649567694573315
6097,0.0001575974372734219
6098,0.0002233726246378553
6099,0.12257583467493055
6100,0.0009970973632181478
6101,0.9956066578164715
6102,0.0011036316743011448
6103,0.0028838651202393556
6104,0.001517447939787672
6105,0.280863849467668
6106,0.9131049188242166
6107,0.9702676205303656
6108,0.025771551942024736
6109,0.0003215904790963642
6110,0.0031339310041513567
6111,0.997698731442885
6112,0.005543765930699607
6113,0.0033306660012750932
6114,0.0015878835250601453
6115,0.0008918147198477398
6116,0.0017651287620668414
6117,0.00013948689959679875
6118,0.0002591027509595248
6119,0.00023105670123781694
6120,0.9964794808172314
6121,0.0005501795980601627
6122,0.024927432259827784
6123,0.0012984215180490224
6124,0.005693824933231423
6125,0.0009466440314869278
6126,0.000803450439382413
6127,0.003596497152649729
6128,0.3479203400567691
6129,0.0007076745682022859
6130,0.004901982277488921
6131,0.0002375953645588149
6132,0.0017476874842435066
6133,0.9968310148415265
6134,0.005541045787096717
6135,0.0011233942029045918
6136,0.00013863623214845118
6137,0.00018683547984212694
6138,0.036714983027132594
6139,8.595654142373855e-05
6140,0.003339776227127449
6141,0.008313298428800475
6142,0.0002945968408069378
6143,0.017620049979199363
6144,0.011037149182935344
6145,0.000553614808020883
6146,0.9558367508219198
6147,0.011709547113903407
6148,0.21521903483161647
6149,0.0005540761892931736
6150,0.000876493613080252
6151,0.0010838188728208885
6152,0.0005413132568185622
6153,0.031373368639285276
6154,0.0008070446555776784
6155,0.003416628469447875
6156,0.00028764144562012743
6157,0.9632312176067739
6158,0.0006752054645125455
6159,0.9956233942612072
6160,0.005000509848365545
6161,0.00240864318292097
6162,0.016468544806212553
6163,0.0007708214454350252
6164,0.00013457817611966407
6165,0.0007835685674840837
6166,0.00047909541094045795
6167,0.9954083065043156
6168,0.00014284497182214139
6169,0.8726614458816473
6170,0.002487525170996724
6171,0.0009780830466028063
6172,0.9980390995488871
6173,0.00034811035370284446
6174,0.002107255375620629
6175,0.0051910861439777075
6176,0.010720619489003443
6177,0.000764608710400915
6178,0.00024977100929432316
6179,0.7415508980131711
6180,0.00644333073859606
6181,0.0021218911211963753
6182,0.9967706244250559
6183,0.0012787806662001937
6184,0.005023223500510138
6185,0.0006239106732580696
6186,0.00015519142931082715
6187,0.0008848796196995366
6188,0.00010929161637925156
6189,0.00017265624941191498
6190,0.002166846603671933
6191,0.0028730790902368126
6192,0.00032109162548510904
6193,0.002287278651387551
6194,0.003013773940294851
6195,0.007121100016017282
6196,0.010455482835519695
6197,0.2110593035788324
6198,0.08337524947139494
6199,0.9967329881859526
6200,0.0020133612429380806
6201,0.0021419701189606365
6202,0.007646690770628897
6203,0.9939313050164483
6204,0.003418903086054658
6205,0.00044638400557341486
6206,0.0004996187347708832
6207,0.00017033920061882983
6208,0.010140431851146617
6209,0.0021644741254414116
6210,0.018857768482441487
6211,0.9747572497870012
6212,0.0014414297171404886
6213,0.019900941970334343
6214,0.0002391934642403943
6215,0.0004169708705030556
6216,0.9961426850398153
6217,0.0034748018279089524
6218,0.005094418135852596
6219,0.0013069030926373272
6220,0.005002591448232595
6221,0.00010321355946289915
6222,0.0003584927538990171
6223,0.0003439737745791421
6224,0.0042685386270247235
6225,0.003008343510157932
6226,0.002068609925943478
6227,0.00028338738046582905
6228,0.004345787174372852
6229,0.0027356912158601567
6230,0.7704123467922999
6231,0.0034382934226111156
6232,0.03873991301462401
6233,0.0007237795051520156
6234,0.0017391096641206157
6235,0.007706104349629244
6236,0.0027691323885860653
6237,0.024071048883691073
6238,0.4027489363961244
6239,0.0015748102809303016
6240,0.00045689272140441426
6241,0.032827956324112416
6242,0.03689140570609038
6243,0.1905544865168428
6244,0.006363598160725291
6245,0.0008390431020196401
6246,0.9953269128792924
6247,0.002160492897609054
6248,0.010627565610321603
6249,0.000508854539811523
6250,0.003654859726855148
6251,0.000148360846461233
6252,9.508127645702644e-05
6253,0.0002522437393157586
6254,0.0018312660232418932
6255,0.0001771060104882103
6256,0.00036163467153790254
6257,0.0003759418802134472
6258,0.0006406270738732392
6259,0.0813558431137611
6260,0.00010321355946289915
6261,0.019957817275350512
6262,0.0002344569385946862
6263,0.00035092529548246156
6264,0.010745491456032878
6265,0.00025965856925771753
6266,0.0002095505553076907
6267,0.00022200498635238864
6268,0.00011191358435611563
6269,0.001136172982239367
6270,0.9736332622464253
6271,0.0002727271759916976
6272,0.9875108111780215
6273,0.00011516105560743676
6274,0.0011228408106746142
6275,0.00013930863861309572
6276,9.373858638995744e-05
6277,8.675479137393463e-05
6278,0.0012096299430037426
6279,0.007641710431414502
6280,0.025314543356182398
6281,0.9982643588083867
6282,0.011968029133974684
6283,0.0008429312879195175
6284,0.005975533204465573
6285,0.0011098553143621295
6286,0.0013069769459781709
6287,0.0012080827074774853
6288,0.00031376108004483894
6289,0.0002452221165122531
6290,7.826319094256366e-05
6291,8.37617657416312e-05
6292,0.00043900312542621703
6293,0.003958968619687447
6294,0.013947043678644945
6295,0.0007221309080192819
6296,0.010978995032432728
6297,0.000196423091148464
6298,0.036873679116136315
6299,0.000396738222098799
6300,0.0002483011043953974
6301,9.997796671115887e-05
6302,0.022191034463738452
6303,0.00034220564224171824
6304,0.00011972789579701358
6305,0.0003955218889392894
6306,0.0014938283930834928
6307,0.01819815760794485
6308,0.0018949514563226764
6309,0.017755597940940532
6310,0.018425816520288553
6311,0.00014279071301588983
6312,0.04071045550965823
6313,0.022195163134497313
6314,0.0008419756464761634
6315,0.002266974153436076
6316,0.0014411389887125751
6317,0.00016836311423769324
6318,9.480820981835265e-05
6319,0.0015703980711130438
6320,0.00521059635502624
6321,0.0009732364982128982
6322,0.00040483602925269353
6323,0.014566551635072308
6324,0.01538348723849618
6325,0.01561849768649561
6326,0.9871972371320359
6327,0.00017597867716555773
6328,0.97387274806879
6329,0.0002596129483885781
6330,0.00411466351307971
6331,0.00028544182645848525
6332,0.0006290399240537575
6333,0.00013950596593155534
6334,0.0017253379089125994
6335,9.027926233501953e-05
6336,0.00019352613291924784
6337,0.0008419267836310627
6338,0.9931227835439362
6339,0.0006402798661096741
6340,0.9962246223271
6341,0.9471790057324275
6342,0.00043043989985019177
6343,0.010653420052234741
6344,0.0009336813244708898
6345,0.0010942899983914537
6346,0.0007769595019179106
6347,0.00015276212187202977
6348,0.0018828214357405962
6349,0.9507772311261867
6350,0.0008735537630872828
6351,0.0013164583160809914
6352,0.0282811665438955
6353,0.9977303201088781
6354,0.0003303659030760222
6355,0.9704131349438814
6356,0.010345099553992902
6357,0.00042607408123767704
6358,0.29496893003238517
6359,0.005785796208144296
6360,0.006794829979202725
6361,0.997084317898929
6362,0.00033232455822504225
6363,0.9672582497817069
6364,0.0034415300291781954
6365,0.0037152814654136364
6366,0.0012338719376439715
6367,0.010850974688872842
6368,0.9391127620311723
6369,0.0006047639407768726
6370,0.010843047073889892
6371,0.9976483130138113
6372,0.00014478162446977816
6373,0.0004480298255588591
6374,0.00014217075955551975
6375,0.000801877092895972
6376,0.0032743858285774765
6377,8.393650611391798e-05
6378,0.0006485140758623569
6379,0.0005293869229687465
6380,0.00027917345289830725
6381,0.0006879347598185598
6382,0.06750665605472353
6383,0.0005801174533750375
6384,0.0012622917781355343
6385,0.005494035428088549
6386,0.0031244359456632145
6387,0.0043677680728583315
6388,0.09420557403438938
6389,0.0010530257055240725
6390,0.00013766555990321229
6391,0.07023591080949076
6392,0.0002640820709053655
6393,0.008491723864664708
6394,0.993362207775923
6395,0.03324043724970165
6396,0.021438473024576285
6397,0.0008265226598066876
6398,0.007485341843860524
6399,0.0022716171363691344
6400,0.0016249334942928684
6401,0.00035661809715662336
6402,0.00018081032181066647
6403,0.0010931038248847395
6404,0.04381575083786986
6405,0.9680721520954002
6406,0.004969834143388704
6407,0.9076889994077186
6408,0.0075904453872248515
6409,0.00038371893613563685
6410,0.0001771026216364648
6411,0.994226741062284
6412,0.0014279934290229697
6413,0.997560354528746
6414,0.0004965503514673855
6415,0.1393058206803593
6416,0.00017992858291284016
6417,0.12007955273463436
6418,0.0005500354344705682
6419,0.983645248759213
6420,0.01879691227213487
6421,0.00010144965331857052
6422,0.007871401652972699
6423,0.9976471732915323
6424,0.9699591289179573
6425,0.008283144099883469
6426,0.0010930878934393665
6427,0.5341811641767192
6428,0.01056425698327153
6429,0.0005304986034533655
6430,0.9763630059934796
6431,0.995089339954871
6432,0.0008094763534602196
6433,0.0003571741559017087
6434,0.0001885594095127363
6435,0.9968823473599175
6436,0.006436498103330278
6437,0.03750574162339525
6438,0.0013155191121405447
6439,0.028514458370074526
6440,0.00042828466398408513
6441,0.0002675149208866196
6442,0.05545455364746702
6443,0.024535138260349268
6444,0.0019071802250883623
6445,0.7080150646257041
6446,0.9747202784635796
6447,0.0039037954960999344
6448,0.00021077480221445147
6449,0.005612981157028194
6450,0.008072369791035141
6451,0.01604081215056065
6452,0.9948204806737813
6453,0.001881991731890931
6454,0.00016864946844064388
6455,0.0007577373400003255
6456,0.0010694575370679123
6457,0.943487967922615
6458,0.00020330046392089078
6459,0.005661223704093793
6460,0.00013088007795875834
6461,0.4608956725543036
6462,0.00105445268073455
6463,0.0006564588346804495
6464,0.9944290476938848
6465,0.0001618110026115893
6466,0.0013136765449366416
6467,0.00178551190440434
6468,0.9941036961750411
6469,0.9969973049414395
6470,0.9877279397149334
6471,0.0007075397038769727
6472,0.0009763039203280908
6473,0.0005084731470838881
6474,0.010984523379114701
6475,0.9763789486771068
6476,0.00017730679621536283
6477,0.0029255511816592577
6478,0.0003560646660715498
6479,0.001007268729597271
6480,0.0002350435558475582
6481,0.00014323190065019455
6482,0.002872111887567636
6483,0.00010645748813353799
6484,0.00041370548522703704
6485,0.0726749081517473
6486,0.012092212830181238
6487,0.00018424019423743667
6488,0.00012425574791762059
6489,0.0003712158288355966
6490,0.04503131519785431
6491,0.0006587645802291774
6492,0.00037477071971748127
6493,0.9200579822748658
6494,0.00037605282612186475
6495,0.0004158329843440802
6496,0.0002484286033192814
6497,7.608715213109767e-05
6498,0.00037466606776450934
6499,9.209383446657786e-05
6500,0.00033633500502771056
6501,0.00011954252085803623
6502,0.00028706833243180157
6503,0.0012326313252799378
6504,0.001953165218050857
6505,0.42891728706441384
6506,8.30896881996708e-05
6507,0.00021238275789854487
6508,0.000833135651086025
6509,0.0005093933886283988
6510,0.00024128306947122157
6511,7.514230742913017e-05
6512,0.0004448457868702613
6513,0.00013319787985997605
6514,0.00019370224250053007
6515,0.0760955019698054
6516,0.0017973908817418014
6517,8.695436921483454e-05
6518,0.007154854023774475
6519,0.025945924963372703
6520,0.0006632127824892171
6521,0.011359062496644026
6522,0.0010260952754100425
6523,0.0006655151383500943
6524,0.0002572218505489778
6525,0.00024388732321707065
6526,9.025117491510211e-05
6527,8.94926041756684e-05
6528,0.0010231485344955281
6529,0.019957030908033843
6530,0.00023009913136637922
6531,0.0003467267343529592
6532,0.003941928728424896
6533,0.00010426658182638709
6534,0.00016098543179958558
6535,7.516955219715517e-05
6536,0.0014662845769647253
6537,0.00010953759154035128
6538,0.0001594611743307383
6539,0.003397197322254087
6540,0.9945207295553335
6541,0.001198646907843075
6542,0.0004226604552140707
6543,0.0006286712500287871
6544,0.0001367047835465742
6545,0.0019475021806734676
6546,0.0017422847817168063
6547,0.004604155180828988
6548,8.111055642739292e-05
6549,0.00018709010598185768
6550,0.00010682667950463513
6551,0.00011360973279732707
6552,0.00036379147112146636
6553,0.0002752708966992606
6554,0.0003155176856750645
6555,0.00030518944258578023
6556,0.0006690855521595811
6557,0.001593900566841166
6558,0.006759875515331286
6559,0.017610162230107508
6560,8.348833582725274e-05
6561,0.010478063323710804
6562,0.018967393140866824
6563,0.0005391870949473007
6564,9.341701452408155e-05
6565,0.000643825556836881
6566,0.000292814694685774
6567,0.0010365929220836274
6568,0.00022362264496695946
6569,9.952389136634399e-05
6570,7.822437423524974e-05
6571,0.00026419582007573947
6572,0.002947269238564797
6573,0.00028775795757378554
6574,0.0007261358452096548
6575,0.9979515346538096
6576,0.00024317732845308373
6577,0.0003012864682129682
6578,0.0029534785679075156
6579,0.00016362926842859713
6580,0.001600174327576116
6581,0.0013750309058050746
6582,0.0045204565548316354
6583,0.0002298600636341675
6584,0.0005950640979747867
6585,0.0003394564484511127
6586,0.014973444041406764
6587,0.01453783745405542
6588,0.05011490599412067
6589,0.000435183719672827
6590,0.0007727513779726478
6591,0.001275378573061448
6592,0.0005134358612920805
6593,0.00021817991991713995
6594,0.00017442873755008735
6595,0.00026408315590223294
6596,0.1355878039747342
6597,0.00133927056160979
6598,0.02306208038902473
6599,0.00048675215590612586
6600,0.0002855270778619117
6601,0.9977994146377828
6602,0.0005221736565572604
6603,0.0067497685366784575
6604,0.00022262720114065666
6605,0.0022472089293865674
6606,0.01840286217855034
6607,0.0005744070877611093
6608,0.00029439723594521953
6609,0.0001033972520056444
6610,0.9976279591933832
6611,0.0002488140318424654
6612,0.00037146220491765514
6613,0.00011420340768980832
6614,0.00013342150411405835
6615,0.0013432799912563168
6616,0.0003417275534325676
6617,0.000470631588531125
6618,0.011604262596066284
6619,0.0001311545409174094
6620,0.0003187770963288116
6621,0.001459234532933894
6622,0.0002894496790562589
6623,0.0001270072250687458
6624,0.00010017873825192608
6625,0.00024819922317875065
6626,0.00025629844086236036
6627,0.9979988363753564
6628,0.0002180891756124407
6629,0.00011399564335221256
6630,0.0003384265538950364
6631,0.00030492187862080745
6632,0.00010202313070043298
6633,0.00015516528737826926
6634,0.0001710350015059071
6635,0.0004989946997964362
6636,0.02649359342467708
6637,0.0004733849567048913
6638,0.00022365841237223156
6639,0.0006810971020466718
6640,0.06764107148227802
6641,0.0018992646331892496
6642,9.350298411456515e-05
6643,0.023671735722020124
6644,0.0073276473832876166
6645,0.00036556792755656884
6646,0.00046835961732985456
6647,0.0017328754617757364
6648,0.0005828858898971973
6649,0.00027643430818964643
6650,0.03212144940732583
6651,0.00028534223021431187
6652,0.00012565715432570222
6653,0.00019362665678218026
6654,0.00025102142854569403
6655,0.00014736340903037876
6656,0.00019605807675995726
6657,0.007839064639272943
6658,0.0009205902534713648
6659,0.0008026735301321088
6660,0.000229349565954508
6661,0.9965478773481875
6662,8.995122206377539e-05
6663,0.0018498090085707097
6664,0.0022303321631411874
6665,0.00010478679876710809
6666,0.004532194374194515
6667,0.9055211994764529
6668,0.014967122240950693
6669,0.06226813362231855
6670,0.044598301412034067
6671,0.000853043548904925
6672,0.0005238045025331816
6673,0.001978137376062027
6674,0.00010501605433060455
6675,9.30643217848425e-05
6676,0.0029373865955627004
6677,0.00012346760520665559
6678,6.915074898179998e-05
6679,0.0005074487776225744
6680,0.0006298183928864766
6681,0.14573805005645868
6682,0.03816836672001799
6683,0.006875297436582771
6684,0.0011723023437451656
6685,0.00014290427033119313
6686,0.00010760164114923127
6687,0.002588198281910274
6688,0.031382883811310186
6689,0.000357234434040058
6690,0.9979624214652485
6691,0.0001755477615306864
6692,9.79912536137461e-05
6693,0.10207851093178191
6694,0.0002777309236901269
6695,0.005220774677191796
6696,0.00010581751940516945
6697,0.00038860019470760866
6698,0.0003432757210111141
6699,0.0001008360001327342
6700,0.0020361279664633056
6701,0.00020617918865503435
6702,0.0024286907738582915
6703,0.00016988170145310172
6704,0.002062229366647357
6705,0.997573185473544
6706,8.61673171354148e-05
6707,0.0003099898665867228
6708,0.00028834099837563135
6709,0.0006222578492337162
6710,0.00031205462864620516
6711,0.00040550616500626335
6712,0.00032465252392549493
6713,0.00021290436734283693
6714,0.003519151368083902
6715,0.00020242123665319554
6716,0.00031404923930929433
6717,0.0005051753185228656
6718,0.0005185672685947755
6719,0.0052087200806530615
6720,0.054618319705135115
6721,0.0002782828799241547
6722,0.01076620818767539
6723,0.006111478040675664
6724,0.00024406616947086007
6725,0.00027317968729701815
6726,0.0009855339736218078
6727,0.016238607005259316
6728,0.9982902122887193
6729,0.009280471237864078
6730,0.9958493678614269
6731,0.00029880252174877334
6732,0.0003901536468143923
6733,0.006002286953571564
6734,0.0001612773591009963
6735,0.003923620271015834
6736,0.032029508929890996
6737,0.000141504121225975
6738,0.001955739900565705
6739,0.005388805064057059
6740,9.481579327471227e-05
6741,0.0351741242768997
6742,9.839617552401493e-05
6743,0.0006923942019791754
6744,0.003667193254326513
6745,0.0024817653472985956
6746,0.00040706013681965066
6747,0.0012562159206094437
6748,7.902557962519311e-05
6749,0.9984865472290864
6750,0.024524968561190966
6751,0.0001011390727458015
6752,0.00010891184272895307
6753,0.0003670816211718052
6754,0.0004901259250274441
6755,0.0002931609783549136
6756,0.000382081258431785
6757,0.005755462908937288
6758,0.00717450605358522
6759,8.02894572129115e-05
6760,0.0001155384965153055
6761,0.006203718070730909
6762,0.18375469163119598
6763,0.0007145605810586843
6764,0.0002466254344399719
6765,0.0015342077710422527
6766,0.021748052858718694
6767,0.00026607829693732265
6768,0.0005720432493426981
6769,0.00013338591364568154
6770,0.0011732642234446315
6771,0.0009485277726106832
6772,0.0005357537887666759
6773,0.004672232169911657
6774,0.00044579495201130584
6775,0.0002591470696306319
6776,0.0017407565423878432
6777,0.00373148886340726
6778,0.004439601425503134
6779,0.99819483573789
6780,0.06503011019492726
6781,0.00025709052628096544
6782,9.741682127694533e-05
6783,0.0007073342639
6784,9.440065139945783e-05
6785,0.000564269368306219
6786,0.0004385413334527665
6787,0.9961195639084655
6788,0.0034737746873383835
6789,0.0038912247777786605
6790,0.0018879703962945092
6791,0.0010969956195151604
6792,0.0053200080710975
6793,0.00023435459778340485
6794,0.9869408961214249
6795,0.0005024810090394505
6796,0.9978814200641711
6797,0.00028371441200552834
6798,0.005547455641249174
6799,0.0060310015123991745
6800,0.03260983396859067
6801,0.003003862991957619
6802,0.0012683280255563118
6803,0.0021188550785167562
6804,0.03722425453573422
6805,0.04339580131826704
6806,0.9951691921009165
6807,0.0002351934867255211
6808,0.02747574963485307
6809,8.843767349738238e-05
6810,0.010688764527998634
6811,0.0001774225340884561
6812,0.00195605495339693
6813,0.00011284673294210012
6814,0.9029580482421886
6815,0.006781270214206984
6816,0.9958410484325402
6817,0.00018237199514976814
6818,0.001037762358265195
6819,0.00020825401838424424
6820,0.003530269661085127
6821,0.9973573776855524
6822,0.9882232474496582
6823,0.9954653453252077
6824,0.028004705896224464
6825,0.00026319970084955405
6826,0.9980590391260128
6827,0.9981026119952687
6828,0.0003209624202579487
6829,0.0002471951547535545
6830,0.05032951970116488
6831,0.0009215840315322975
6832,0.0018468239300854998
6833,0.007118041081158126
6834,0.004626992737574492
6835,0.0018894862345664773
6836,0.0022325186437516355
6837,0.0006244915078062421
6838,0.9981638195399894
6839,0.008342746855615023
6840,0.005793450912231856
6841,0.020513896085151827
6842,0.03567272543100547
6843,0.0017084587321021473
6844,7.447840702076177e-05
6845,0.0014993594055215953
6846,0.00012267397371831272
6847,0.0006200203830308542
6848,0.00027740649154894733
6849,0.004423216121947445
6850,0.9980338434712278
6851,0.00042901898520610374
6852,0.00024860937435866213
6853,9.056766335231745e-05
6854,0.00011269946418899842
6855,0.0009190063273401175
6856,0.0007051703789519812
6857,0.00027236150919340276
6858,0.0003629601858345518
6859,0.00033388239506397597
6860,0.00037017176432944953
6861,0.00028452404871016966
6862,0.00017081409394175296
6863,0.002402584067062277
6864,0.002012974792823484
6865,0.0016654667890924956
6866,0.00010242007415467137
6867,0.020070472256271184
6868,0.00011684002761649987
6869,0.1589496627547619
6870,8.264161739392236e-05
6871,0.0010242642897010667
6872,0.0008392719029382537
6873,0.0001830451322168222
6874,0.00016129942348519144
6875,0.0001567780427729924
6876,0.9929348697440734
6877,0.9975948237232265
6878,0.003369923326149763
6879,0.00030879119847053487
6880,0.0003763392430530445
6881,0.9980485034226886
6882,0.0019221938882167547
6883,0.9561813828507243
6884,0.00024068410633554122
6885,0.039057817019774795
6886,0.0002691670320803216
6887,0.0030758962949791004
6888,0.0040556853172094886
6889,0.00027677514272906033
6890,0.0007967281622094783
6891,0.998041371600799
6892,0.00027515014332056347
6893,0.0027974174144442744
6894,0.003658531541024005
6895,0.00018099655215843548
6896,0.00011074301870760482
6897,0.02853061184867988
6898,0.00029426820970869706
6899,0.012813342985079674
6900,0.023787974363120454
6901,0.9978807931310494
6902,0.00047314664836956894
6903,0.0021606809983107976
6904,0.00028326882755558654
6905,0.00021688160531077138
6906,0.0001239484971235737
6907,0.0001861375958450038
6908,0.001043850340133629
6909,0.00043792897098973
6910,0.002211878391945729
6911,0.001444619099990532
6912,7.669430479532744e-05
6913,0.0003252104503639137
6914,0.00022333145581240503
6915,7.96123290958784e-05
6916,0.0026967421266327445
6917,0.9982959301758594
6918,0.0006457720399950315
6919,0.007218483179655726
6920,0.0253416993179916
6921,0.00046021276516329995
6922,0.0003162493881421196
6923,0.0036585375247533197
6924,0.0002970145713053616
6925,0.0002670781166064812
6926,0.000331732566313056
6927,0.0003181353415505562
6928,0.00013259646666316413
6929,0.00019044317773517818
6930,0.0001277186429387542
6931,0.0006909359255116716
6932,0.03259384886974524
6933,0.00017033542535761285
6934,0.0003204887461396496
6935,0.0002425574869157259
6936,0.00027971463320994593
6937,0.0037466432510654965
6938,0.0005383591941713569
6939,0.00015569235819145954
6940,0.04556300089590293
6941,0.0001991644661823019
6942,0.0003018074993727969
6943,0.0004989721007183319
6944,0.9952903599617219
6945,0.00027010517796008935
6946,0.00038406208456989347
6947,0.997688835616046
6948,0.008567955885775441
6949,0.026248420632980222
6950,0.0002840647233850311
6951,0.0015152799857119188
6952,0.011171575821377502
6953,0.0007662396154653458
6954,0.00025143143847636994
6955,0.0034208038253940704
6956,0.0004497652271208261
6957,0.00017173417265764127
6958,0.0005540445150381215
6959,0.9968659972860466
6960,0.001759310080362869
6961,0.9960230681724116
6962,0.0002405670279926474
6963,0.1854444291233514
6964,0.9958621802219652
6965,0.0024128040946719722
6966,0.0005143891230112505
6967,0.00041159421144425787
6968,0.002624450748285411
6969,0.002438876448217871
6970,0.00026620734758809385
6971,0.0002967592907190845
6972,0.001204774422027642
6973,0.0009790051193224747
6974,0.00020252147714947986
6975,0.0003358859679653066
6976,0.00023377544072807673
6977,9.780267002889528e-05
6978,0.054695663598456803
6979,9.541251834004492e-05
6980,0.012606069319212447
6981,0.004302922851427905
6982,0.0021879583367716104
6983,0.09215015080846777
6984,0.9976643374066453
6985,0.002144619159274042
6986,0.0001227015251682547
6987,0.06756068491577225
6988,0.016371947323176626
6989,0.01543858820189885
6990,0.0002472503911786688
6991,0.00021823988464525243
6992,0.0020887611312085685
6993,0.00401517788115029
6994,0.9251787851074299
6995,0.9976743871827276
6996,0.0002664814542371828
6997,0.051261654340280384
6998,0.11454096718665344
6999,0.006178323585761267
7000,0.0010061157698141648
7001,0.9979793709726363
7002,0.00028948708014881906
7003,0.9981051215858624
7004,0.8473741685245281
7005,0.9980118545384257
7006,0.00017074014673977583
7007,0.0065312853413972685
7008,0.000417719819039811
7009,9.911169316020407e-05
7010,8.68823972707461e-05
7011,0.0004835182893400818
7012,0.0019614772310619023
7013,0.0007979493802492961
7014,0.9981143188741934
7015,0.00022459227121257266
7016,0.001161313384764053
7017,0.00032885470340558574
7018,0.06873726523520007
7019,0.00015633200913106455
7020,0.00012055714654703019
7021,0.0006968038511621291
7022,0.003672428471870805
7023,0.0002251512774134306
7024,0.013504715957866184
7025,0.02069955149207771
7026,0.0003828230385137912
7027,0.0003539953137175088
7028,0.0003573869927766081
7029,0.9984300533570666
7030,0.9955397803648219
7031,0.021803545063278387
7032,0.00040111498071469543
7033,0.997715384427394
7034,0.00027935716715793017
7035,0.00022840226413399872
7036,0.006322963623539853
7037,0.00023180454756973638
7038,0.0005006243602419541
7039,0.003469344766689398
7040,0.001881332380337499
7041,0.001138504109079969
7042,8.841744866441355e-05
7043,0.002104977975589812
7044,0.008802076587914029
7045,0.03926669117311524
7046,0.00020310067683125516
7047,0.001472577062742884
7048,0.005429578575176181
7049,0.0001070784522415928
7050,0.005118333172599991
7051,0.009150319937453183
7052,0.00011509293939112115
7053,9.649196383715856e-05
7054,0.008144288895428502
7055,0.0003389429601316106
7056,0.0004402927893222209
7057,0.0031106691952236384
7058,0.02067830852959865
7059,0.0003100311015464637
7060,0.9974704975336068
7061,0.00029023813729189536
7062,0.0036008889559636234
7063,0.002093840507245846
7064,0.9939202843222621
7065,0.0007545172844657758
7066,0.00026042629500437923
7067,0.04964891809840108
7068,0.001646196111365398
7069,0.0005705177011075183
7070,0.00019347800470666447
7071,0.0010320819889399185
7072,0.008591247109088195
7073,0.00023499027734393067
7074,0.0002961973046233599
7075,0.46158645632531153
7076,0.0003995895619159648
7077,0.0029136798799743423
7078,0.0054307230179305626
7079,0.0004060158660394539
7080,0.9983455809679419
7081,0.0003670851030519298
7082,0.00011190131703345422
7083,0.0003850221859168665
7084,0.00012720869462825313
7085,0.0034092793226012576
7086,0.00012123679208382665
7087,0.0003676982817246181
7088,0.00030161777843966647
7089,0.12316366035053043
7090,0.0002616118564475486
7091,0.008516947201861535
7092,0.01573110164247913
7093,0.004673507628945901
7094,0.0032541879250147726
7095,0.00038801927715889
7096,0.08620782118078059
7097,0.04237000542531569
7098,0.21736288207438678
7099,0.0002353100971683506
7100,0.0001453986815555776
7101,0.0018839077278636732
7102,0.0005559608024452069
7103,0.30815710265380997
7104,0.00037210989408856384
7105,0.7451996419684778
7106,0.00010598135120102062
7107,0.0015305631998534866
7108,0.00014994694094144648
7109,0.0019188233623337809
7110,0.0005593430205437397
7111,0.00010307521058859905
7112,0.0004183399106045645
7113,0.0002605945796106131
7114,0.9939657769372197
7115,0.0002977435646566973
7116,0.017222390477337538
7117,0.00018405832460590874
7118,0.0001730738098966776
7119,0.009754532197588059
7120,0.996241913630816
7121,9.487301053902028e-05
7122,0.00030300784305352195
7123,0.00034818777452544646
7124,0.0005045574980104704
7125,0.0072892315067521205
7126,0.0015075013198267361
7127,0.047378747748177956
7128,0.00594344816091602
7129,0.0062749064530480325
7130,0.00021233767889645638
7131,0.00038206719104541315
7132,0.00017417396632584404
7133,0.0002822822289522694
7134,0.00075773276820918
7135,0.0003663861014005387
7136,0.0012970053862216696
7137,0.0004669026431536873
7138,0.0002414281705921037
7139,0.9973154541663176
7140,0.0006454720050843689
7141,0.00025972731542724104
7142,0.0014426475021302842
7143,0.0001319281412442269
7144,0.001940728414669258
7145,0.00033966156557777775
7146,0.17046006881911382
7147,0.009572990067267329
7148,0.00011293342020832594
7149,0.00028425016744810985
7150,0.00045064897254786304
7151,0.0001742531176379456
7152,0.9973962003035626
7153,0.9970132949329024
7154,0.01495306940507089
7155,0.0014105005205918364
7156,0.0010937960009475447
7157,0.00021511067967828175
7158,0.10403223102486764
7159,0.0001252115823306137
7160,0.0003638143615172542
7161,0.00026671955011761737
7162,0.00016167669653453925
7163,0.00022763344838621513
7164,0.0001567652485038376
7165,0.00042164978384201903
7166,0.0002704581352382017
7167,0.00022022035727458115
7168,0.9979960235714136
7169,0.002014045897766066
7170,0.021630574388918723
7171,0.0002586183325217499
7172,0.0001022909121418473
7173,0.001836367469878653
7174,0.002341778412392451
7175,0.00015705821081006736
7176,0.00020143313657932605
7177,0.0003139697025104463
7178,0.0022841468462510848
7179,0.00021714683628402593
7180,0.9966190374988703
7181,0.001225351474618303
7182,0.00044345207150957934
7183,0.0003849999137123192
7184,0.007442347385028983
7185,0.13106607812104426
7186,0.00027593435835895403
7187,0.0005035780029006676
7188,0.0011200422717656958
7189,0.00030505425007301744
7190,0.04437807798654601
7191,0.0008251483866149861
7192,0.0004290328750989724
7193,0.0004417561342851367
7194,0.0024416599111634373
7195,0.0003917524821299783
7196,0.9961553956763634
7197,0.0002640410780817469
7198,0.0003058110229874428
7199,0.9904834698938415
7200,0.0003747036870895508
7201,0.0002430566342695669
7202,8.305535576514645e-05
7203,8.391162735514589e-05
7204,0.00014727619577567654
7205,0.008782392505531336
7206,0.9895648792430001
7207,0.0005203822649986699
7208,0.006794543157359002
7209,0.003252313109971793
7210,0.019034687636493856
7211,0.029510137975917138
7212,0.8890010412805766
7213,0.005173462793625252
7214,0.0005729238756237445
7215,0.00037459759931978044
7216,0.00020258170427371543
7217,0.9980874507294044
7218,0.9980535821772338
7219,0.9981556776317376
7220,0.0002783556315165746
7221,0.9898091784927471
7222,0.997090403139218
7223,9.381289298714464e-05
7224,0.0002626981504204023
7225,0.9943097984602691
7226,9.44242404867033e-05
7227,0.9980825196076021
7228,0.10926704546699648
7229,0.004111027614227448
7230,0.00046431227562798407
7231,0.0008268405098198706
7232,0.00024944835907045933
7233,0.0020118685457172396
7234,0.0012230833802282387
7235,0.9964032165676127
7236,0.0008948030855787584
7237,0.0004020365487473526
7238,0.00033749960585694675
7239,0.0005010291038180406
7240,0.0023028073226903506
7241,0.00016265691965182592
7242,0.001722409211288311
7243,0.0005085048454603006
7244,0.0008247782286098448
7245,0.00021781807724413583
7246,0.0005835113096124012
7247,0.05438757755437041
7248,0.003252073917221238
7249,0.00033487730891187636
7250,0.03169378851332521
7251,0.00027904207347479923
7252,0.0003862576067935647
7253,0.014358023832482598
7254,0.00038113756027806714
7255,0.9980367141943463
7256,0.001867483457245499
7257,0.0008493363649885775
7258,0.48727536578421704
7259,0.000397562024176745
7260,0.0003996688476901559
7261,9.797568532367197e-05
7262,0.001838235490771426
7263,0.024731982213684934
7264,0.003948759768122948
7265,0.0002757387219133712
7266,0.0003016731120781543
7267,0.003350885605909251
7268,0.003166327506478654
7269,0.0007224372586046996
7270,0.0002378588953289716
7271,0.00023528220216924363
7272,0.007863051322266066
7273,0.0003251549727906064
7274,0.0010938013307990981
7275,0.0011910286537898326
7276,0.0018625276905022746
7277,0.00034447939157448434
7278,0.0012347013639961424
7279,0.0002741840700458203
7280,0.0005862066361524145
7281,0.000865139337489256
7282,0.0004531002965449041
7283,0.0013581154812500548
7284,0.0037044775366122554
7285,0.00029607556214980357
7286,0.00040650171620869937
7287,0.0002828433723595361
7288,0.003846291855903618
7289,0.008250709159163748
7290,9.764804328886282e-05
7291,0.00010515174672742377
7292,0.9982636496615523
7293,0.00017766522051948234
7294,0.000264266663097282
7295,0.0007705082024386363
7296,0.8928336799111392
7297,0.997617277312626
7298,8.991272184006227e-05
7299,0.0055924319681742345
7300,0.015699427861123882
7301,0.00573244409000449
7302,0.00012353212165449955
7303,0.00023265838607941552
7304,9.852638674637722e-05
7305,0.0007284835075838393
7306,0.9909684060462988
7307,0.016442688833480053
7308,0.01227604149244323
7309,0.006284355452160893
7310,0.01903920893843766
7311,7.265071467484085e-05
7312,0.2857831566668002
7313,0.0002593820845034883
7314,0.026998925169131383
7315,0.002403826164949132
7316,0.0004312258491522409
7317,0.0003653960115660999
7318,0.009979794082721507
7319,0.0007365170898912278
7320,0.9663031918092605
7321,0.0006380066961672199
7322,0.0002907899097402317
7323,0.02290154737115935
7324,0.0003078280928761224
7325,0.00024448996359438963
7326,0.00039763088819662703
7327,0.008801549728944506
7328,0.003956768466773155
7329,0.0004005733286961568
7330,0.0008486635254959772
7331,0.0002703155883152017
7332,0.000421311201903876
7333,0.00010168610649352048
7334,0.000260529086427567
7335,0.05681089424768549
7336,0.014674077042549362
7337,0.0001854295860090389
7338,0.0005325363803257364
7339,0.00092378039151806
7340,0.0001840952085020091
7341,0.00017736958771952382
7342,0.0003148486775470475
7343,0.0014882912689510386
7344,0.000697410128875072
7345,0.00029646363827215254
7346,0.00360115480831718
7347,0.001097364194129412
7348,0.019246601451420486
7349,0.0003019580765867471
7350,0.0004890930941933063
7351,0.0003829737006408754
7352,0.0005298261537164962
7353,0.014971868201640776
7354,0.0031099834879490017
7355,0.00044282389519362687
7356,0.00019417540711721298
7357,0.0019054382003711894
7358,0.001527726093740814
7359,0.0003202458842931137
7360,0.0015643185668522575
7361,0.000319154865323302
7362,0.004888250791666497
7363,0.006379002162477513
7364,0.0004685757245979421
7365,0.00032726290204641227
7366,0.00019201402180410486
7367,0.00018002398656539076
7368,0.00036812633466412105
7369,0.00013714911765417913
7370,0.00039833673404134274
7371,0.006819681989248195
7372,0.9976713619149812
7373,9.206658802984359e-05
7374,0.00899523530879003
7375,0.9863704613325339
7376,0.0014903821789986969
7377,0.006734203275224703
7378,0.00045193942471842037
7379,0.013597352109314686
7380,0.0005858609170782258
7381,0.0005147902230704935
7382,0.00016124405501987172
7383,0.0016708014085204215
7384,0.00021026671105614083
7385,0.0005378622982208908
7386,0.0040270985646014236
7387,0.0062890293331559185
7388,0.01952103448346795
7389,0.01552962288792823
7390,0.003985525248486416
7391,0.002209935442786314
7392,0.00023239595199418952
7393,0.0012711296031355716
7394,0.00012057265489498233
7395,0.0029010037188994145
7396,0.0004419769260226154
7397,0.0005274299428462266
7398,0.0003636280002846321
7399,0.00042714528426572774
7400,0.07070067765449496
7401,0.00036722535263034023
7402,0.00022346788632895048
7403,0.002659073720678241
7404,0.0002520371181506104
7405,0.01061260029011216
7406,0.9983979755126816
7407,0.0002030549672720613
7408,0.00030519814678200985
7409,0.004991509533554977
7410,0.004221789911589165
7411,0.001264647450885517
7412,0.0017661621872903002
7413,0.00012237453889219936
7414,0.00024788076945290966
7415,0.002654762922338205
7416,9.464016412077184e-05
7417,0.025141719228076967
7418,0.015654108793561508
7419,0.00020021011484158693
7420,0.07393569391206826
7421,0.011918779608912912
7422,0.0002399853448643246
7423,0.0002870591554028575
7424,9.816912405425072e-05
7425,0.01717495859227417
7426,0.0003738558888843713
7427,0.0002678077859041313
7428,0.023792117056417473
7429,0.0002523445127378407
7430,0.0001293640969500655
7431,0.9225116962879119
7432,0.9622183294246447
7433,0.0031541798401274004
7434,0.0002882415938822837
7435,0.0003790551636257465
7436,7.901371919549276e-05
7437,0.001860646879756308
7438,0.00039142837392342925
7439,0.0006973280208156699
7440,0.0034886982107640123
7441,0.00011301318122187885
7442,0.006607126419029737
7443,0.0001114133876587609
7444,0.00010601787359096215
7445,0.2141020428680208
7446,0.00030128783783653357
7447,0.00031761517708807943
7448,0.0014294723282225195
7449,0.9952040046471612
7450,0.0004633314167214226
7451,0.00136092132237271
7452,0.028609511830512933
7453,0.00025931245682287194
7454,0.003626713675868166
7455,0.050008584166882745
7456,0.0029218675384644842
7457,0.11561823499008926
7458,0.9959669349769578
7459,0.00025922058162409963
7460,0.00019844900933734883
7461,8.671340439217465e-05
7462,9.772676596387751e-05
7463,0.001628678256869018
7464,0.2420139368674971
7465,0.0012816654403894122
7466,0.002461847420829875
7467,0.00037792842784652885
7468,0.9979328513933183
7469,0.003845182656701398
7470,0.9974696199344578
7471,0.0003268214427340495
7472,0.009613028045158041
7473,0.00033070907493232927
7474,0.16903706650878544
7475,0.00023912447681172298
7476,0.001095921293936688
7477,0.0002171191612588637
7478,0.00028549678922713774
7479,0.00021449975529217418
7480,0.000233815783019457
7481,0.00011824395845498262
7482,0.00023743059488535656
7483,0.013362305833239031
7484,0.0012809822079755952
7485,0.00025237690075559545
7486,0.0001713835025314649
7487,0.0002203431064431783
7488,0.013951716818612734
7489,0.006007881896781529
7490,0.016878380455619936
7491,0.0074396150977679406
7492,0.0005605124305377945
7493,0.004068768474391557
7494,0.9981487723966915
7495,0.0016095235143632409
7496,0.00027008596365330075
7497,0.00438596302452844
7498,0.000427581417671861
7499,0.000827900218504446
7500,0.00024495902711292247
7501,0.687385075901286
7502,0.00010528247214202623
7503,0.007092084574751266
7504,0.00010730245205949224
7505,0.00030447293696778826
7506,0.00029942131433337673
7507,9.042111300885764e-05
7508,0.034508387772460784
7509,0.0002759459328481171
7510,0.004199515187974395
7511,0.9195789944285231
7512,0.9986126950198473
7513,0.0008691908534285758
7514,0.0005376585182088104
7515,0.00026906476037302465
7516,0.004377328162008248
7517,0.052029650813879766
7518,0.004805381224867918
7519,0.0007585005864160567
7520,0.0038740987683287243
7521,0.00013237922354891372
7522,0.00025914666990085877
7523,0.011802308521503851
7524,0.029182216511813238
7525,0.00029212941739955954
7526,0.0005635698679569509
7527,0.00015657284219200275
7528,0.0012750949870407406
7529,0.0028586943476979973
7530,0.011292051923259
7531,0.0001815165587036708
7532,0.012764993449263873
7533,0.0008989250405323172
7534,0.00023578781968283644
7535,0.003934408898976699
7536,0.0009140961093232719
7537,0.001627062108801918
7538,0.0002861759356019948
7539,0.00012374849779005532
7540,0.0003106130376556482
7541,0.0019325149874164452
7542,0.0002599457037089563
7543,0.00040744339711138534
7544,0.00018472276228841854
7545,0.9492087118891288
7546,0.00026177862971315505
7547,0.00013702623316881753
7548,0.002730912504153105
7549,0.001525702754800893
7550,0.00028052296756318095
7551,0.0002351106965506517
7552,0.0035533938791290766
7553,0.0011774553519911144
7554,0.02675014010206527
7555,0.2056212135996835
7556,0.000705424832732679
7557,0.0003898565171848999
7558,0.0003053433517012208
7559,0.00029026822126682614
7560,0.00032546741375655963
7561,0.00023290448135834604
7562,0.1774202140393788
7563,0.00031704935035941695
7564,0.00028075787966462117
7565,0.00044087293980751645
7566,0.9896310930982678
7567,0.0011228337924195273
7568,0.0003705787470057896
7569,0.000625227562373102
7570,0.013176229924189594
7571,0.000230977800793679
7572,0.004430756354972807
7573,0.00011853032722150998
7574,0.0001088619441478746
7575,0.00036601176394162005
7576,0.0015400371300731248
7577,0.001639177561380191
7578,0.0020211532939279323
7579,0.00033388239506397597
7580,0.0002485640503492868
7581,0.00034720165537423735
7582,0.9927802807258014
7583,0.0003243871477934493
7584,0.00010805951282634473
7585,0.0005252947197914607
7586,0.00014678051944352284
7587,0.0006344323797166372
7588,0.00017695015554031621
7589,0.0005059050162062294
7590,0.0038834542221611646
7591,0.0011967155861286743
7592,0.9970993118769841
7593,0.0004419514324443667
7594,0.03422674189825046
7595,0.0003689975993880046
7596,0.0024145883927768653
7597,0.0002463418642978888
7598,0.00011841048749186022
7599,0.00012170298911826758
7600,0.00030332107280054294
7601,0.0005600981205371073
7602,0.010622665105462878
7603,0.00010363655350202444
7604,0.0003117723830908627
7605,0.00026646801493945057
7606,0.115576685332147
7607,0.0001828129456061211
7608,0.0004579131204349666
7609,0.0002521997402278554
7610,9.981465971896604e-05
7611,0.00035494149293465496
7612,0.0001891491735643569
7613,0.000285093891070836
7614,0.0003270916385753213
7615,0.00026200880526702325
7616,0.0002794922004762835
7617,0.9978493773641005
7618,0.00011984756827007028
7619,0.00010341987492728537
7620,0.020643173808116637
7621,0.015494861798426605
7622,0.0002404077101135636
7623,0.0003119278036304686
7624,0.0003364380462607583
7625,0.009915632830959862
7626,0.0004223099361870737
7627,0.0006648712439825068
7628,0.9962944451110141
7629,0.1932205711432224
7630,0.00021986039891377617
7631,0.00031649610194335674
7632,0.010350790473100658
7633,0.012518105297038175
7634,0.008773814215021573
7635,9.201171344720584e-05
7636,0.0008644664658937489
7637,0.002346213584008185
7638,0.0014688932832017298
7639,0.0002499067686448877
7640,0.001019408702734619
7641,0.00011249776221801466
7642,0.0020394506285538886
7643,0.0003454276231338882
7644,0.010652475515129548
7645,0.1498274392231492
7646,0.007512727567601083
7647,0.0007597174245625889
7648,0.00022732373910826917
7649,0.03468909029896924
7650,0.035087180019815
7651,0.0023213563283844235
7652,0.00040081381935276454
7653,0.0002227701890452446
7654,0.008452404790187521
7655,0.2023369462262029
7656,0.9325597725434854
7657,0.0016668836370431277
7658,0.9944817600334224
7659,0.9983742014861647
7660,0.9418836591092932
7661,0.9915476380642718
7662,0.00041212860883383106
7663,0.0027491625986156647
7664,0.0009451621732150673
7665,0.006492700011836806
7666,0.8477252315513996
7667,0.0002268104372940226
7668,0.0003327902760462367
7669,0.00018705971506519428
7670,0.2774260813548378
7671,0.001107297523555847
7672,0.0004445308540129359
7673,0.0013271706548424226
7674,0.07508910389697697
7675,0.00023662957836172196
7676,0.00020810577113397047
7677,0.0003455656843056165
7678,0.0005272276410344089
7679,0.995738571397941
7680,0.0003369857836727306
7681,0.006897985390565641
7682,0.00024762746716648523
7683,0.0007172737291577272
7684,0.0040183924463937145
7685,0.0021991590920560165
7686,0.000981239799873181
7687,0.00047017610545601577
7688,0.0002944795055369202
7689,0.0005683904116867375
7690,0.05535016268523461
7691,8.04864625532982e-05
7692,0.0007117229191054678
7693,0.00032860462308829415
7694,0.001638140501425775
7695,0.0029003395277068934
7696,0.00010655096740696975
7697,0.004968508622476655
7698,0.005135830998932933
7699,0.9854439440818612
7700,0.00562713899485771
7701,0.00020415291081180999
7702,0.9560087322079172
7703,0.024746660273426112
7704,0.005888363215552894
7705,0.001553734006241334
7706,0.0001755087602766711
7707,0.00028282106292282466
7708,0.004208481355239977
7709,0.0060085139815932
7710,0.00768440507297567
7711,0.00027392683728913735
7712,0.9353406875806642
7713,0.011469562746633492
7714,0.006119559937331768
7715,0.19859312407007731
7716,0.023974236924643032
7717,0.002343190323557822
7718,0.025047426768326535
7719,0.2644209031937817
7720,0.00035658165003511316
7721,0.0002494196230455865
7722,0.0003679583943224962
7723,0.010032743575121563
7724,0.048431271296016716
7725,0.007500702846711111
7726,0.011373359047249695
7727,0.024064254411760005
7728,9.994838724914418e-05
7729,0.0007997010799373415
7730,0.00012583387968293698
7731,0.0010338574706365976
7732,0.024656460314380717
7733,0.00358420309429603
7734,0.00280782176984877
7735,0.00023210411549964133
7736,0.0002229104582320707
7737,0.1962429899325714
7738,0.006387650185716356
7739,0.00013991325834877111
7740,0.00033815578226635177
7741,0.00011861703769375675
7742,0.983638417972364
7743,0.0018765969134730204
7744,0.008200161065481607
7745,0.9971309509959593
7746,0.005650505315418492
7747,0.012076498356556439
7748,0.0017723888406130446
7749,0.0008079092929874915
7750,0.011847618772871356
7751,0.007859880219382472
7752,0.008913694589499237
7753,0.9971123758680216
7754,0.001646251705134963
7755,0.000656777315474787
7756,0.01159448234751465
7757,0.00013371773707519688
7758,0.00018421147228223547
7759,0.0004446607769424284
7760,0.0002228239506590131
7761,0.004066665136469774
7762,0.0034990728488372195
7763,0.0002821445016046261
7764,0.0004902738789095341
7765,0.00015866396971867143
7766,0.0001192929671903998
7767,0.0007321072100451154
7768,0.00022847461425569887
7769,0.0003231227035239993
7770,0.012107650171927659
7771,0.0001725288362113809
7772,0.025453214169503666
7773,0.9964328853023878
7774,0.004417125826601955
7775,0.011974259862042438
7776,0.006225283060251116
7777,0.0001263875014542649
7778,0.09586603750298939
7779,8.587126421135217e-05
7780,0.0026910495646775747
7781,0.0014512417158523668
7782,0.2443317989541316
7783,0.0018762320777446515
7784,0.010707691601725933
7785,0.0001289586404209232
7786,0.00020574911056353852
7787,0.02900470416285377
7788,0.00021841701756890604
7789,0.9976614035713843
7790,0.0001950613321999416
7791,0.0001459859963461578
7792,0.00020693422994436567
7793,0.00018545458735105054
7794,0.00034015327527513954
7795,0.0003914467564250889
7796,0.03743032234764843
7797,0.00028840212743298733
7798,0.04728466480412917
7799,0.9884344983868206
7800,0.017390402729173277
7801,0.0005811521001821247
7802,0.00942004343992905
7803,0.005580471815236845
7804,0.007510890046014385
7805,0.997502570318549
7806,0.0003383507120452361
7807,8.952358421687293e-05
7808,0.0003277101177750798
7809,0.0002603005711554083
7810,0.000739003916959348
7811,0.0025770441191552474
7812,0.05665033084082732
7813,0.03143257744896617
7814,0.00010493506453307293
7815,0.00037120278245545
7816,0.9950123368813356
7817,0.00015526044703673597
7818,0.0002629248805492613
7819,0.9977842424567118
7820,0.0006351470977389229
7821,0.0003386130921822612
7822,0.0019236176746664471
7823,0.31343404443304185
7824,0.00031588952551404626
7825,0.0002102375490391382
7826,0.00021980354480777165
7827,0.9967774869888653
7828,0.012821141616801111
7829,0.013295423226384979
7830,0.0002370735209841661
7831,0.0003232006780203665
7832,0.009700428176453882
7833,8.249234287673827e-05
7834,0.6031625014856619
7835,0.17105162198046645
7836,0.032920915608799006
7837,0.006034322218755726
7838,0.0003854290754728152
7839,0.001295788960436832
7840,0.0008973819419292077
7841,0.004435488581960692
7842,0.001765609377980688
7843,0.00019914092788177868
7844,0.00042295069432298394
7845,0.006710879168378618
7846,0.0002663218856143065
7847,0.00023519481702832259
7848,0.00018075867726083302
7849,0.9930152369163406
7850,0.0001751613482537054
7851,0.004678801201730966
7852,0.00022598033989817973
7853,0.005084992809517808
7854,0.0003160518408206571
7855,0.00019092797724605702
7856,0.00033464005059179245
7857,0.0015473514686865275
7858,0.9972026680834011
7859,0.00015152494140749639
7860,0.00047444632329842666
7861,0.002017242150733882
7862,0.9980367228389009
7863,0.00033999432711350787
7864,0.0002566736767108478
7865,0.12140594662380493
7866,0.0033699278440197586
7867,0.00018971502634883302
7868,0.0002442795922050991
7869,0.00025391862172011653
7870,0.00029504287255961617
7871,0.00023140205403912982
7872,0.00017018557826170978
7873,0.0029168459823889848
7874,0.0002085726180174139
7875,0.8801200243926236
7876,0.002149335801785778
7877,0.012507942506444762
7878,0.019519790838095002
7879,0.9978493773641005
7880,0.0001123265210241818
7881,0.0002908703051733474
7882,0.8810916486101855
7883,0.0003657589174673162
7884,0.9965520861487485
7885,0.005794827762259054
7886,0.000795279582648238
7887,0.9958410484325402
7888,0.00037186593460584555
7889,0.0011308760120973813
7890,0.009659310469684988
7891,0.00023543557080910095
7892,0.006572394009973809
7893,0.00010338255523043898
7894,0.0005832552952153028
7895,0.0019134061596115302
7896,0.9977476263665672
7897,0.00012832919813375983
7898,0.000454615247872024
7899,0.00020576885201332466
7900,0.0016422640412352648
7901,0.013692821240641476
7902,0.9954581806017737
7903,0.9957788530037287
7904,0.020682131135105346
7905,0.1223175465018623
7906,0.00025643856239748795
7907,0.03002123639847683
7908,9.962929274687092e-05
7909,0.00023987941888630802
7910,0.0012420336913144222
7911,0.0020993011593876494
7912,0.0002167975947511256
7913,0.0001774499158183387
7914,0.00030019437517474885
7915,0.9965066431118679
7916,0.0007506489962196479
7917,0.0003663590237815041
7918,0.9984743923603688
7919,0.009735809366367223
7920,0.0002869744750118896
7921,0.012508667461580263
7922,0.019135530030210256
7923,0.0003079714547293884
7924,0.0006978193322080834
7925,0.0002905476285277757
7926,0.00020226899086937613
7927,0.0010502819952223905
7928,0.0009030643944228393
7929,0.9584767364947833
7930,0.0002653450129312997
7931,0.0003629601858345518
7932,0.00018572871815514068
7933,0.00021548703740107016
7934,0.0003553329553114112
7935,0.016225620366185536
7936,0.0007374076684782428
7937,0.000495541085690558
7938,0.0003272647935552868
7939,0.004776238207544935
7940,0.0020772330264502174
7941,0.000218605043794705
7942,0.00011512370952654729
7943,0.00018554806680129811
7944,0.0002568305025620091
7945,0.9980485034226886
7946,0.00010552382860037187
7947,0.000465862411860999
7948,0.0037595651031991644
7949,0.008944476669273836
7950,0.0002716581046669269
7951,0.00029910516668281244
7952,0.0016623785082519394
7953,0.0008122710331564475
7954,0.0006183155778781932
7955,0.9433954081643001
7956,0.9968332459651393
7957,0.0004815213513419257
7958,0.0036822897747172396
7959,0.09099730029204195
7960,0.002182538362487665
7961,0.0008192484762740313
7962,0.9979827983783971
7963,0.0023556347455647264
7964,0.0020563552057823436
7965,0.0001066095470985839
7966,0.00011840832865223784
7967,0.00010528370194266235
7968,0.00043594170366741185
7969,0.00013590364972284176
7970,0.00028358919388220185
7971,0.0002064425927085931
7972,0.00011862561973139638
7973,0.00036697034380773466
7974,0.020696811050033275
7975,0.0005065648090978568
7976,0.02189430721581872
7977,0.00023050020800603464
7978,0.0002982962666574365
7979,0.00011373011552032213
7980,0.00014461370374780678
7981,0.0004597899870613778
7982,0.00025107322810740177
7983,0.00013524781090679187
7984,0.00018439091634924352
7985,0.012450662123549306
7986,0.0003071019947299935
7987,0.00011592940210936106
7988,0.0007125116966226953
7989,0.00010473327697837605
7990,0.00040899221316065905
7991,0.0002039475987690799
7992,0.0003359571191697043
7993,0.02715520279161806
7994,0.005195780407516607
7995,0.00027640841963493917
7996,0.00014515367450885044
7997,0.00025687906183797615
7998,0.005039049785102836
7999,0.00021458539926743142
8000,0.000428146046925637
8001,0.0002474119356446153
8002,0.032193200052466675
8003,0.004396918148319826
8004,0.9980441187566217
8005,0.00039515846504573835
8006,0.2309833839319482
8007,0.02994789199785293
8008,0.00024202695456030475
8009,0.016420511098755235
8010,0.000753335058817952
8011,0.00025522810840179153
8012,0.0002490034779753452
8013,0.0002849459412523855
8014,0.00015965298460636883
8015,0.0005144681136729204
8016,0.0005837459650174791
8017,0.000682484436086882
8018,0.0028927701195279243
8019,0.003920470376029531
8020,0.003170079631239926
8021,0.008417739391003294
8022,0.7991366302461841
8023,0.0010597767022181034
8024,0.0002922613020336279
8025,0.040555539596695354
8026,0.000281211522556884
8027,0.9975853308446644
8028,0.00026919275134634497
8029,0.0025483454343346082
8030,0.3709100845878188
8031,0.003554537962168099
8032,0.00032027228416049155
8033,0.00015462520457623237
8034,0.00011937390358368303
8035,0.001769888088993593
8036,0.003599553282159944
8037,0.0002411644348265056
8038,0.9984901437748761
8039,0.0001562080129185136
8040,0.9943269363768111
8041,0.014378105764298857
8042,0.00022726190417546692
8043,0.005147134835446155
8044,0.0005635503974079537
8045,0.35534988494032993
8046,0.0004005287574293947
8047,0.9977819380656705
8048,0.9982189977626591
8049,0.0010463276892807294
8050,0.00034127062932353536
8051,0.00027681260324260705
8052,0.05083835724985622
8053,0.0003268342624392188
8054,0.005174125088918216
8055,0.0013606777994993342
8056,0.2072556791919704
8057,0.00037365027501374355
8058,0.027992650072280963
8059,0.002257891107159202
8060,9.536376695748429e-05
8061,0.0006533391779671857
8062,0.9908992800715545
8063,0.014251951418604657
8064,0.9985332192965302
8065,0.002885554102345043
8066,0.9982650778481129
8067,0.06318305331364427
8068,0.0001780248260228623
8069,0.0018650971417390376
8070,0.001829864622975809
8071,0.0015314440089867606
8072,0.993377706994467
8073,9.459630147211986e-05
8074,0.004996919811712429
8075,0.0028378893679392764
8076,0.0002780914831046563
8077,0.0003157827883201526
8078,0.8371368167771164
8079,0.000478014358925847
8080,0.00017335084404047316
8081,0.0001491503563484801
8082,0.0002485347156015603
8083,0.0004888294009540469
8084,0.0010562502802575998
8085,0.1412088749575487
8086,0.00041042102418926876
8087,0.00010806902869799893
8088,0.000288656369855756
8089,0.0004561280017476071
8090,0.001724994637419869
8091,0.0001249370327185402
8092,0.00014196800187429534
8093,0.0001100258173203845
8094,0.00828258762772203
8095,0.0020240117093878397
8096,0.0013620314244644958
8097,0.00039063812955607774
8098,0.9919856514811553
8099,9.993767527811464e-05
8100,0.0001316597489072232
8101,0.016603670049468142
8102,0.0007087192278800685
8103,0.0006294526549268363
8104,0.0002618296998501089
8105,0.018917984460475393
8106,0.0003967418796331638
8107,0.0002513048930955963
8108,0.00014257093255874478
8109,0.002524006176375318
8110,0.0002670549700250577
8111,0.00023232084573467888
8112,0.000292679002592594
8113,0.00024618802080792114
8114,0.00034374587155298485
8115,0.9972352711964397
8116,0.9980545012103216
8117,0.004779550838507192
8118,0.00021902824336434638
8119,0.0002020947263012445
8120,0.020027856463627543
8121,0.00024178534232039418
8122,0.0021437232895326736
8123,0.0002436675685181351
8124,0.0002480945609117135
8125,0.00017535752490310192
8126,0.04052255192705707
8127,0.002740776467123024
8128,0.00031308626596219017
8129,0.0002518004827671601
8130,0.006916666811715632
8131,0.0002504783968673093
8132,0.00082360597523201
8133,0.9964073088184527
8134,0.016670432162124136
8135,0.9982125105146925
8136,0.0005037664909264373
8137,0.0001349654908749221
8138,0.00016373608630839505
8139,0.997883562232387
8140,0.0002835312238663486
8141,0.00021258223814343835
8142,0.0058771784537183566
8143,0.02290605894384226
8144,0.00032494281619857893
8145,0.0002928264082681533
8146,0.00020071446710643085
8147,0.0003569805610388683
8148,0.0015114562642408978
8149,0.00029798288557453614
8150,0.0007673962367565852
8151,0.00045230161591917683
8152,0.00022110646874336175
8153,0.00031645778107633265
8154,0.00043461031191697184
8155,0.02170721644974399
8156,0.0049977964467966115
8157,0.0005253653111090677
8158,0.00028960171546370245
8159,0.03086452677446911
8160,0.00013873508000041798
8161,0.0050234498806345845
8162,0.004329949174876204
8163,0.00024236235252108923
8164,0.0008765269978179604
8165,0.00018441252936648935
8166,0.0017100369926124784
8167,0.00029792035594400747
8168,0.00011106934134990387
8169,0.009044262506149703
8170,0.00011317157993234706
8171,0.0018092849763128582
8172,0.0002294466498245304
8173,0.0002254564171410821
8174,0.03409018222308807
8175,0.0057579064570861885
8176,0.005016763918250034
8177,0.00886845333402446
8178,0.000592697368553867
8179,0.02443743933320895
8180,0.0005452582253378306
8181,0.0010966092728395824
8182,0.00020409257927724145
8183,0.003350446723062522
8184,0.001940620359080734
8185,0.9920870978968372
8186,0.983351706171533
8187,0.03606224965385305
8188,0.00030247269536149964
8189,0.0010199213776422543
8190,0.00032828219811177866
8191,0.9942979236759883
8192,0.00025266333913309815
8193,0.00019863844857690284
8194,0.00018864462025396228
8195,8.564874507663291e-05
8196,0.0004798275466564058
8197,0.0003670700603346431
8198,0.0001143241812185623
8199,0.9980974392537947
8200,0.000731990065587344
8201,0.0001023238579443661
8202,0.00015249712693930488
8203,0.003038424187026476
8204,0.03914527487303086
8205,0.008221590826874594
8206,0.00039577844992965517
8207,0.00013798992907513116
8208,0.00023802677386918722
8209,0.016695916136039258
8210,0.9952129415989064
8211,0.9970629069083804
8212,0.00015820920777736053
8213,0.9968965487941917
8214,0.0012834128794028722
8215,0.0008863285524217463
8216,0.00043675908741707016
8217,0.004772494756452087
8218,0.006072898030604915
8219,0.000200340360995464
8220,0.06206055449812891
8221,0.0003765974727043603
8222,0.00020194042978596193
8223,0.9983923916216946
8224,0.00010298881429684482
8225,0.00029824391951907716
8226,0.3523394085748419
8227,0.0013189671498584053
8228,0.006138026206911684
8229,0.11669247515105406
8230,0.00020394045693112903
8231,0.0604927761019369
8232,0.9740985279833533
8233,0.00022043749155277318
8234,0.00034927850210208773
8235,0.0035583115342367275
8236,0.0005958022931669437
8237,0.00032160247438781277
8238,0.00028199369336156133
8239,0.00017439488767645488
8240,0.0074900645134388655
8241,0.00012585013083499865
8242,0.0004695427000231598
8243,0.00024169193364411215
8244,0.0015312996027777772
8245,0.00038054935434856947
8246,0.0003711908129564851
8247,0.00042466271182204566
8248,0.0003741154736963041
8249,0.0002175326944243226
8250,0.004650633840620847
8251,0.9972961918277703
8252,0.012900958071737688
8253,0.015420338155428762
8254,0.003568894062013418
8255,0.010308069467939648
8256,0.0003702090227838399
8257,0.00035751491449192497
8258,0.0002147633061058592
8259,0.036485179271624875
8260,0.001709741966813213
8261,0.03164023683671085
8262,0.0005057781357413988
8263,0.00068588647043764
8264,0.00035923200449421497
8265,0.00019806046097326586
8266,0.0004421996629919196
8267,0.00015244658538440332
8268,0.00041926291548351137
8269,0.9984383215987549
8270,0.0010788300725711499
8271,0.0037777728115176205
8272,0.0005162295504397624
8273,0.0002747591686309302
8274,0.00015574662564221922
8275,0.00021144737256842113
8276,0.0062021420301997185
8277,0.0018747710267770319
8278,0.0003341527229006003
8279,0.0003508603072606806
8280,0.0003030375669587043
8281,0.00020200012768325845
8282,0.0003654551451209906
8283,0.0004484261267555921
8284,0.008197050013889453
8285,0.9981159857711943
8286,0.9958493678614269
8287,0.994242026714834
8288,0.0003118350722105854
8289,0.00020153941203280776
8290,0.038106569051470016
8291,0.0003274440475144452
8292,0.9977265002310697
8293,0.0001417509805437827
8294,0.00024727593456619985
8295,0.9940657766562819
8296,0.0019080136130904333
8297,0.01247409293006151
8298,0.0004392672670054019
8299,0.0003453750190049302
8300,0.0002404221369715383
8301,0.00027855417603787083
8302,0.9979009978212996
8303,0.0016017278970739542
8304,0.0001353710373845957
8305,0.00037502216887185967
8306,0.0001813151103141273
8307,0.005582193696129569
8308,0.01955070123164084
8309,0.0018498466194685683
8310,0.005575269627674885
8311,0.00033640097326328945
8312,0.00035381903163160555
8313,0.0010917846690822078
8314,0.00018836441241205871
8315,0.0005359888268704778
8316,0.002552758446668272
8317,0.0008040313703450974
8318,0.9973691096436086
8319,0.000259684693937749
8320,0.05281765355960342
8321,0.00046084368645340026
8322,0.0003035884009285157
8323,0.00031127845499383244
8324,0.006580215821792664
8325,0.0002606934272175123
8326,0.00021344629568506958
8327,0.00027836012979195053
8328,0.9974886674676772
8329,0.0002275598385657735
8330,0.0007987329173256416
8331,0.013315836856665821
8332,0.12469654353325067
8333,0.00037264463273036934
8334,0.2880223902594484
8335,0.00022300068091993217
8336,0.0002037766678865047
8337,0.017317654053370355
8338,0.0016196096964148589
8339,0.00016479609144518203
8340,0.0001396194485175777
8341,0.0014471318122428049
8342,0.00010454777636470099
8343,0.9975598633284702
8344,0.003187809314312614
8345,0.04305434624483906
8346,0.6996060602515
8347,0.03322394427451537
8348,0.00028434448941311904
8349,0.00030712875544037924
8350,0.00021192281034108145
8351,0.0002041028143732629
8352,0.000618821326025551
8353,0.00015308560252049464
8354,0.0005010352128242316
8355,0.8361170134710278
8356,0.0023807547852301384
8357,0.010422849906360795
8358,0.002363066854932825
8359,0.00022773155458066468
8360,0.9794217435516258
8361,0.0004039887084769336
8362,0.00025528930691857857
8363,0.004526754924669065
8364,0.003064365133177063
8365,0.003548435430653529
8366,0.053890114689386356
8367,0.0010272219368751313
8368,0.00016327136430090505
8369,0.0003964793644620879
8370,0.0006811462223199933
8371,0.00023575834438585458
8372,0.4509653108343025
8373,0.01270206723080872
8374,9.284987752330904e-05
8375,0.00011918531737650704
8376,0.00010791004337402559
8377,0.00010760321345279313
8378,0.00011193437472469042
8379,0.007572783643252797
8380,0.10434635855989638
8381,0.0002924428415752727
8382,0.00026962295395625813
8383,0.9801817749469115
8384,0.00043695795977954775
8385,0.0002714483300525988
8386,0.000525154079273774
8387,0.00015763808058249249
8388,0.00028745396311539843
8389,0.00014611297303252345
8390,0.9980797280355935
8391,0.0002806647181857709
8392,0.00039882473591041
8393,0.00026461720987552265
8394,0.0008173553558118071
8395,0.0003339156081879135
8396,0.0004412260110223388
8397,0.0004261821314086686
8398,0.0002689508371451001
8399,0.00012017399841864727
8400,0.04038929647831792
8401,0.00043130903211671575
8402,0.9889333164666173
8403,0.07528533790575545
8404,0.0008343518503861502
8405,0.0031649170225677005
8406,0.0003594418688279518
8407,0.0007104886261255008
8408,0.009230040924446879
8409,0.0002579133598139374
8410,0.0005863177908308432
8411,0.0006820924156140194
8412,0.0006096465295862309
8413,0.003993906276718783
8414,0.0002840926221550372
8415,0.00028344718080462283
8416,0.0026663714753752325
8417,0.04301247857876342
8418,0.011087361600407533
8419,0.002085368815794755
8420,0.00778570218107807
8421,0.00023871937020401897
8422,0.004798713604180915
8423,0.0004176088974322977
8424,0.00025115740916109943
8425,0.9965770096261501
8426,0.00021670386653413235
8427,0.00038389654551272
8428,0.0002530237247655958
8429,0.00021552556433436537
8430,0.00010759215433006404
8431,0.00020768693273021119
8432,0.00011636719871615728
8433,0.006373923294588531
8434,0.0003630949654751869
8435,0.0002630205943315074
8436,0.2087700223871042
8437,0.0003634747552568272
8438,0.00023282401057411552
8439,0.0006045110758306744
8440,0.1700149503416214
8441,0.0003688307234523571
8442,0.0003338002858879891
8443,0.0014759025234952286
8444,0.00046802351166085217
8445,0.0002451711754394152
8446,0.0004032877517996061
8447,0.0003440043838331425
8448,0.0085884705435318
8449,0.000511709390477705
8450,0.00022279527906965378
8451,0.0027862491800719306
8452,0.000328107616309939
8453,0.00043555516036336344
8454,0.004978332001951719
8455,0.00041453477299791875
8456,0.9894750126334073
8457,0.00019566773123646974
8458,0.00012965005626679716
8459,0.004657599016797979
8460,0.00033082543629160124
8461,0.0005656360126345754
8462,0.9939609047223227
8463,0.0002742793616133612
8464,0.00034087311180206446
8465,0.00048824615874223514
8466,0.006376517064238849
8467,0.0003249726197285224
8468,0.35365280147575845
8469,0.005688927176137151
8470,0.0002107098350428483
8471,0.0001244687401863393
8472,0.00011582062371017556
8473,0.00041250985240441645
8474,0.0011743540454756895
8475,0.9904078288746887
8476,0.023198820997283886
8477,0.0060301982670618905
8478,0.0001858851297570988
8479,0.014555131204320285
8480,0.05115167607691143
8481,0.015069166453245011
8482,0.00026778189998999575
8483,0.000178147800856789
8484,0.0006505719459655053
8485,0.00019901596349409002
8486,0.0010999456375519467
8487,0.00013525632509987423
8488,0.0016570846701225034
8489,0.0012203673066786506
8490,0.0002064796284849885
8491,0.008534567417187434
8492,8.54411812940707e-05
8493,8.19359582808385e-05
8494,0.00022236452516614618
8495,0.000287971165103534
8496,0.00016295375928537952
8497,0.0002887688666603395
8498,0.0004110408104198939
8499,0.00027546033527703535
8500,0.00022465997599636878
8501,0.00022890363146523462
8502,0.09067798859522433
8503,0.0005511977335613434
8504,0.00013277045043275437
8505,0.0001983018213624273
8506,0.00020182087226540939
8507,0.02056299704587134
8508,0.0002680878658262412
8509,0.010070724347181571
8510,0.0002804466063420552
8511,0.0002974303019763581
8512,0.00010738916361224514
8513,0.0017252252561280187
8514,0.00012557893193619228
8515,0.0003294934887713003
8516,0.021860081774357665
8517,0.00021916162747777747
8518,0.0010416219986586687
8519,0.00021435749414061418
8520,0.00021341382486429292
8521,0.00021276167131638739
8522,0.00039234063646629853
8523,0.9950320647483455
8524,0.0047361345161293904
8525,0.001980719732986846
8526,0.05340378816070576
8527,0.0002870456067668611
8528,0.9953596974585648
8529,0.00011777707010190899
8530,0.009562689261743331
8531,0.0032006544580528993
8532,0.00020819824038215295
8533,0.0011903109686237142
8534,0.00018322677840983622
8535,0.0001501216940035726
8536,0.022481080639638336
8537,0.0021749174730683533
8538,0.00010545754287500502
8539,0.7076644764972649
8540,0.0004208163218820936
8541,0.00014536933205077287
8542,0.0002981874931127201
8543,0.0007168815378036684
8544,0.001962491292185883
8545,0.00027034418412881874
8546,0.00025730989642407077
8547,0.998163027119479
8548,0.00109250574505755
8549,0.00037773819867289126
8550,0.00021387579989383854
8551,0.0007291841376036578
8552,0.00022899801303865005
8553,0.995889699795851
8554,0.02543633686746612
8555,0.11705768477931752
8556,0.00015135579735522613
8557,0.003553441914552884
8558,0.00191085371928853
8559,0.00026991764746242704
8560,0.0002539860681206376
8561,0.0027171568175957477
8562,0.0003031667046624315
8563,0.26035707302770417
8564,0.0003538474115309501
8565,0.010300193309553226
8566,0.00048174134577835923
8567,0.007128627368394916
8568,0.006210183487834491
8569,0.10859029240202393
8570,0.0002622589403362088
8571,0.00012122848103448834
8572,0.00027001394601738454
8573,0.00018365219424925142
8574,0.004686580148004533
8575,0.5568481672005718
8576,0.00015501729750786757
8577,0.0002932321133095487
8578,0.0002181077592948928
8579,0.0002487415805898641
8580,0.009722013497264747
8581,0.9957616585947536
8582,0.008883115443702037
8583,0.9969793775721933
8584,0.0004943005731341931
8585,0.0003143959854500611
8586,0.00017955380909226275
8587,0.000334018888337228
8588,0.0069960542995385075
8589,0.0018299729647344102
8590,0.00011167407390206096
8591,0.0005413396418389576
8592,0.00025689688156356726
8593,0.0012911114519743464
8594,0.0001408128384316668
8595,0.002448842776374427
8596,0.0007101836458488378
8597,0.0005795925180424535
8598,0.0003467102454863915
8599,0.00019163283766809874
8600,0.00035445627571413686
8601,0.00015282586225590002
8602,0.02013629446040829
8603,0.00047675969947749946
8604,0.00026335970082818044
8605,0.005698871887473891
8606,0.0003208772922766062
8607,0.9974042071976124
8608,0.00040373382101453753
8609,0.0004970062648665739
8610,0.0010099696276807603
8611,0.00018926565514627015
8612,0.0003197908039733805
8613,0.027715437533509177
8614,0.00044658298556757487
8615,0.0004826325290821737
8616,0.00022122703519800215
8617,0.0001890924279887087
8618,0.05849579462653667
8619,0.00014815695567844917
8620,0.00029849898254133807
8621,0.0020111655393016464
8622,0.004247140734511711
8623,0.00883263123438288
8624,0.0003276863827092357
8625,0.009287687792644217
8626,0.4833638107038685
8627,0.00015749807598546063
8628,0.000263585780911873
8629,0.0006246788799263697
8630,0.0008796749393680485
8631,0.009926430138494877
8632,0.000864936579480321
8633,0.0003229983513512662
8634,0.0003462552992905122
8635,0.5213808391275004
8636,0.000282776195377185
8637,0.0005135884665031077
8638,0.0001903060641248016
8639,0.0060910498578717175
8640,0.00013992569706879605
8641,0.0002827058043441888
8642,0.00011223436277144518
8643,0.0019838996418840155
8644,0.00024672986104480046
8645,0.00010603604000777941
8646,0.003939156155729099
8647,0.01438768811603231
8648,0.0019575593116958052
8649,0.00011254677722177442
8650,0.0008544967861951796
8651,0.02468690136709786
8652,0.00013887709144329936
8653,8.027676327995179e-05
8654,0.0004840179205372432
8655,0.0010709694129934345
8656,0.0006014925871383015
8657,0.027809011632207222
8658,0.000988894579935581
8659,0.0005342812074508399
8660,0.002356583411724866
8661,0.004646521375254979
8662,0.00020407084295379971
8663,0.0009501936302527198
8664,0.0009687105019953416
8665,0.0013826939151352004
8666,0.0001225382388340713
8667,0.0007649488870984898
8668,0.0018503130938807223
8669,0.00029589365258044886
8670,0.0003944769199877197
8671,0.000249639715013129
8672,0.000960944251637808
8673,0.0007669334759784646
8674,0.0010553328714643971
8675,0.0037738009056024805
8676,7.935964171895208e-05
8677,0.0004422475587340419
8678,0.0010071708629090113
8679,0.0015116279082437831
8680,0.00040989141184151126
8681,0.00010675832811052559
8682,0.0059575530235523476
8683,9.085376293361366e-05
8684,0.0007677359515019049
8685,9.724381221942597e-05
8686,0.0002534205227122987
8687,0.00027348173494407126
8688,0.0014401361416765586
8689,0.000917066545170189
8690,0.0010026897321454272
8691,0.0019895145611275736
8692,0.0007385319536348719
8693,0.0008924702771564019
8694,0.0006861929501537188
8695,0.0004693606598435191
8696,0.0004238425264705958
8697,0.0056874841943338195
8698,0.010486304356314764
8699,0.003819351472148284
8700,0.08265157888491116
8701,0.00012013235714059227
8702,0.0010982311122716662
8703,0.0008661071647091608
8704,0.00011592710687151627
8705,8.966459819341946e-05
8706,0.0006493785365246659
8707,0.008591793197139635
8708,0.07487915360164757
8709,0.0006154189015664589
8710,0.000715455018752235
8711,0.0016595799809681472
8712,0.0007803462563885787
8713,0.0009477613178074267
8714,7.825813855102526e-05
8715,0.00010357334231431197
8716,0.0009474288434932235
8717,0.0034198806254691996
8718,0.024051147956772215
8719,0.03258453688886121
8720,0.03996607368628185
8721,0.02034697762995263
8722,0.0006072186976372582
8723,0.02473850061339206
8724,0.0834682533036397
8725,0.0014269219407846742
8726,0.02731651319460231
8727,0.0038294975764225645
8728,0.0002845933132732285
8729,0.0037566643722653065
8730,0.00023717250042617772
8731,7.969722237301805e-05
8732,0.0016115238021300064
8733,0.0005182521967472352
8734,0.003158397475816181
8735,0.00021304814604239207
8736,0.0007837183513642253
8737,0.010065536254701728
8738,9.068776361629691e-05
8739,0.0013761869856392635
8740,6.9634477710535e-05
8741,0.004364988092541898
8742,0.0016649325623416763
8743,0.1696704476693247
8744,0.0037239113365574996
8745,0.001426024886687645
8746,9.36359425406796e-05
8747,8.652607638201553e-05
8748,0.002935314330472049
8749,0.10103504731926471
8750,0.007284184691512752
8751,0.0004130030103101384
8752,0.04947013890776565
8753,0.001803678387251191
8754,0.0005071185010899343
8755,0.00024661709544600107
8756,0.057702801800452536
8757,0.001130593933032759
8758,0.00038299205151468805
8759,0.00045583281071397434
8760,0.0008818364787084681
8761,0.0011361340405530251
8762,0.00010397339216931803
8763,0.029856749779927638
8764,0.0002416350224398747
8765,0.4424300743285158
8766,8.025647939816346e-05
8767,0.0009388259108881386
8768,0.00022339332480455373
8769,0.00011206124419897122
8770,0.0036390339388087866
8771,0.00024951638762805284
8772,0.005544118905749722
8773,0.0007985222860755628
8774,0.00013163810638713863
8775,0.0011710429464533302
8776,0.00025823723940736196
8777,0.0015294246904420557
8778,0.01711055127320186
8779,0.00026609578692127445
8780,0.0015126940748305337
8781,0.0007250586758939196
8782,0.09665183552551582
8783,0.004263465820594287
8784,0.014447264001709202
8785,0.00407853134034883
8786,0.0008021062486789169
8787,0.0007928091693463594
8788,0.004367237686111542
8789,0.028922741033554803
8790,0.00038334973440431834
8791,0.0008613418463294799
8792,0.0024101559250984802
8793,0.001518542213082814
8794,0.008953014540079064
8795,0.00794673555308128
8796,0.0038697634903301667
8797,0.0006585751244022144
8798,0.0002460039510547643
8799,0.00010953979260582366
8800,0.0003607794593051959
8801,0.0001814688025436524
8802,0.001976213442953161
8803,0.0008652025304465724
8804,0.0003592774989949173
8805,0.000682462965567478
8806,0.0008082326851444678
8807,0.001986737278516712
8808,0.000947597664332058
8809,0.0008507672052580238
8810,0.0005691012856051396
8811,0.0010365045693407596
8812,0.005664683300725523
8813,0.001261924261053399
8814,0.007963224584674898
8815,0.005882871528980129
8816,0.0016605350310413998
8817,0.02758462335533245
8818,0.038657628576474465
8819,0.010084310750760684
8820,0.00035653070563294626
8821,0.0010870459077354814
8822,0.008301158148700994
8823,0.0006734997219968135
8824,0.00014330310075892972
8825,0.00088374418893243
8826,0.0007115360028575909
8827,0.0004437526093170123
8828,0.00026129051288234604
8829,0.0021522722464331844
8830,0.047339482662622945
8831,0.0015699326346720363
8832,0.004404622663649188
8833,0.0004891388109473645
8834,0.002213837829737866
8835,0.002418650561814935
8836,0.007675652604385462
8837,0.0002573127907026335
8838,0.00042035464863454533
8839,0.002149354127404133
8840,0.0009240892647023449
8841,0.00731623406295375
8842,0.0007893201850378397
8843,0.0006730687500414537
8844,0.0002718184917427096
8845,0.006756684463902258
8846,0.007079507082610548
8847,0.011720985660433694
8848,0.0005964627545255052
8849,0.0012130720464149044
8850,0.00013642166004830525
8851,0.002440721557295939
8852,0.0003775304301132371
8853,0.0004061460855356966
8854,0.0006257117415521086
8855,0.00011935975131568143
8856,0.0018745080667562576
8857,0.0009996432270224882
8858,0.05000164408923968
8859,0.0006330947078685869
8860,0.0004400768911819641
8861,7.666419783915418e-05
8862,0.003729337622351919
8863,0.00041900171741170774
8864,0.00048540225653087777
8865,0.0007856429359547066
8866,0.0010512736924366648
8867,0.00014609621324067037
8868,0.0004808388875026171
8869,0.00029802908214457397
8870,0.0005061555020494615
8871,0.00010244496745777731
8872,0.002654207664154101
8873,0.001770296976032456
8874,0.0002683417197706622
8875,0.00044101004940502936
8876,0.000776112295661418
8877,0.05748325388685903
8878,0.00028526500409915937
8879,0.0009497273441655024
8880,0.001411041745865048
8881,0.0006220668987145487
8882,0.0009866685916668579
8883,0.0007289883402313799
8884,0.009262505447341666
8885,0.0010482259279387118
8886,0.0029222232720975
8887,0.0028830134923505247
8888,0.0010054767073850602
8889,0.0004947562199345323
8890,0.00034906927403170843
8891,0.004102902250682757
8892,0.0003032071496020591
8893,0.0003562966720157339
8894,0.0003152849034310869
8895,0.0009138012290514503
8896,9.688248928260733e-05
8897,0.00029029690011887066
8898,0.0026131569045433557
8899,0.00039009990807171237
8900,0.004210233377241766
8901,0.00015532339456426374
8902,0.008623118593562823
8903,0.00023263608029472338
8904,0.003942685239460938
8905,0.0011181206026433792
8906,0.0003027655819444353
8907,0.0006879777950380591
8908,0.0025130803726582133
8909,0.005872868344800754
8910,0.0014791348987374306
8911,0.00166395140889622
8912,0.0032972661202623466
8913,8.607788685668795e-05
8914,0.0007654979954643267
8915,0.00019536187826713536
8916,0.04398580237500354
8917,0.00014993953040006117
8918,0.00560988743739444
8919,0.0009237358184656492
8920,0.2249550425997641
8921,0.002646327597580297
8922,0.004255733324240775
8923,0.0002358936393674667
8924,0.0010131285403733826
8925,0.005197360017691876
8926,0.004605368568370853
8927,0.00029272724201594434
8928,0.0005713197418748297
8929,0.002954290093637747
8930,0.00011218196655379067
8931,0.001655918979951889
8932,0.0005781676406010015
8933,0.001326059217042381
8934,0.05584357165261446
8935,0.0003535002847827662
8936,8.522468019029666e-05
8937,0.0012961503191024186
8938,0.0014760928373426026
8939,0.0005858582010593237
8940,0.004745264707285226
8941,0.00021934953510804116
8942,0.00043428640697315877
8943,0.00039100673825573807
8944,0.0011671335513116343
8945,0.0005077479150289215
8946,0.0009541741479730363
8947,0.0002161388413865587
8948,0.002095003635224792
8949,0.012391757128790527
8950,9.368218071931922e-05
8951,0.0003920453490804548
8952,0.01579722915694358
8953,0.00033507787706231896
8954,0.019179813857691623
8955,0.015884879713968087
8956,0.0026747902408084737
8957,0.00045887324492606277
8958,0.000744559993964836
8959,0.0012412121824236912
8960,0.0003363535075743432
8961,0.0033060973740813983
8962,0.0004075138361447713
8963,0.0011667012222878867
8964,0.001778069230122734
8965,0.0019725260903984353
8966,0.009226675187103912
8967,0.0011990718402548148
8968,0.0001748812985408284
8969,0.0008059076155457569
8970,0.0005666878007321274
8971,0.0012792916114866219
8972,0.007786240404856593
8973,0.048847891379937766
8974,0.0007676471520397392
8975,0.001293599711904308
8976,0.0010949502329233374
8977,9.016581018118272e-05
8978,0.0009258514436213392
8979,0.005979462820461814
8980,0.002002997539592017
8981,0.0012673615295523723
8982,0.08086026246603759
8983,0.0004588556048959824
8984,0.0008615103499321219
8985,0.0009914143936284286
8986,0.07155149316826807
8987,0.0030165802164686777
8988,0.00026432613476629443
8989,0.005206055386628293
8990,0.0003994534148238482
8991,0.00010475794931246863
8992,0.001718016026366788
8993,0.0013005696538331715
8994,0.03312742373765799
8995,0.0009180525361005118
8996,0.0006072323653704381
8997,0.0013740973336741858
8998,0.0008040672163965626
8999,0.0009724976400590201
9000,0.0006230288187235733
9001,0.017386134396180544
9002,0.003071868187759258
9003,0.0003878483424076063
9004,0.010217397023464032
9005,0.0036394629285825763
9006,9.711249274505395e-05
9007,0.004534018940263412
9008,0.0032233034918149437
9009,7.78773834490941e-05
9010,0.0002601824581278973
9011,0.07150520108754024
9012,0.42898585938806616
9013,0.021899319290691232
9014,0.0009882431513507119
9015,0.01016842640864854
9016,0.006237437308509157
9017,0.001354685094626918
9018,0.00014418857608089713
9019,0.008233468499469123
9020,0.0006855166688818102
9021,0.0003525667988373346
9022,0.0005811796752646426
9023,0.013285174217282984
9024,0.0011191297226812694
9025,0.0021445803848616305
9026,0.0007454681707929995
9027,0.0037058771423305655
9028,0.004895393324817082
9029,0.0010162325503011817
9030,0.0004498488301699382
9031,0.0003775824461422949
9032,0.0008388942873354564
9033,0.0002831089926740383
9034,0.00011170292008430833
9035,0.00011778395950593806
9036,0.0004337273857298047
9037,0.001078358423430853
9038,0.0010450648299808324
9039,0.003516601064542789
9040,0.0003364037389952946
9041,0.009509437573674876
9042,0.004375300789237235
9043,0.0008790521901069462
9044,0.0018382513389463943
9045,0.0004297295795809208
9046,0.010115984956872897
9047,0.001988166048751116
9048,0.0011747144104353024
9049,0.001455204990668672
9050,0.0007033867808722779
9051,0.032985272795398576
9052,0.026570137758885715
9053,0.006039045912760164
9054,0.0023540627963289586
9055,0.0011140540087152023
9056,0.0016560868129471733
9057,0.0022003397468386876
9058,0.0008893133497375691
9059,0.003721336619181281
9060,0.009228065774170584
9061,0.006995106448036717
9062,0.0003786630991834638
9063,0.0006517241580690071
9064,0.562457555463333
9065,0.001657719856517644
9066,0.0004744458534936435
9067,0.0006502915077233971
9068,0.010923601804461325
9069,0.0015402612503752227
9070,0.0018414099696878361
9071,0.0012590394271879016
9072,0.001913541431629229
9073,0.00011561250343237267
9074,0.0002874331186358005
9075,9.841437032729954e-05
9076,0.0007917147671018194
9077,0.002034639990316714
9078,0.004658248482544742
9079,0.0013880515640217084
9080,0.0004473855446007096
9081,0.00036451837209809597
9082,0.0011225416343830289
9083,0.0026378414984872425
9084,0.057780401965882314
9085,0.025729804206104764
9086,0.0008304673025445954
9087,0.0013529621293492135
9088,0.020182233262241837
9089,0.03557197774913367
9090,0.01858703282307734
9091,0.0009072074946037634
9092,0.0013876803298926814
9093,0.0004432503304167485
9094,0.0010981090824105136
9095,0.00043543881429064795
9096,0.28254561378791315
9097,0.05623657099391976
9098,0.0011029214411640256
9099,0.0002763857776055282
9100,0.0021044925528470666
9101,0.0018721898585329665
9102,0.00024727735170171653
9103,0.004219613069272929
9104,0.00852470965247256
9105,0.00419412292122536
9106,0.02388903112288166
9107,0.000616099895837424
9108,0.0022690527144265294
9109,0.001333027722399717
9110,0.003058053247743095
9111,0.0013289442401695519
9112,0.004255665900982303
9113,0.0011423582832095804
9114,0.010597055452715531
9115,0.044261749482369855
9116,0.00011407051238265328
9117,0.009509886577160152
9118,0.0014644049608055296
9119,0.0005720366103096518
9120,0.0010925539127523284
9121,0.003856704450119027
9122,0.00012779447350202508
9123,0.0006714594306822682
9124,0.00154004803484237
9125,0.0030093782611208277
9126,0.022371638073566052
9127,0.0015661592903386794
9128,0.03262085530920249
9129,0.0011702717268978246
9130,0.000502897525252254
9131,0.004122891968243037
9132,0.0003394789287108787
9133,0.0008960005729996747
9134,0.08211161871930837
9135,0.0008920995788741185
9136,0.000382050484652905
9137,0.0007527659099979878
9138,0.0005136413053263992
9139,0.0006871139520143284
9140,0.0009371723314939977
9141,0.0002457064366862976
9142,0.0014616669977791702
9143,9.769037722712567e-05
9144,0.000932590933393542
9145,0.0005148364102727119
9146,0.0010227341467713346
9147,0.0006452385721996387
9148,0.0008167942163978397
9149,8.923901289723478e-05
9150,0.0015152102930344983
9151,0.06982835920062645
9152,0.033102550378374666
9153,0.00010280797049339456
9154,0.003740594900689973
9155,0.004843848150946342
9156,0.0032800718430740527
9157,0.0015593724648113629
9158,0.0007978557956015838
9159,0.0001265876875396439
9160,9.682000713859162e-05
9161,0.020082911332858788
9162,0.0023999409850058713
9163,9.582699715580607e-05
9164,0.010550625120934852
9165,0.0006749514856780646
9166,0.000490026847741186
9167,0.02391435509804613
9168,0.0020420082299075306
9169,0.0030254208553375625
9170,0.0019792782709786433
9171,0.0006374338139368448
9172,0.00274071556457729
9173,0.006416974346738769
9174,0.015230640408396456
9175,0.013020483832239211
9176,0.010528525569000951
9177,0.020524426627559766
9178,0.0014410421715924872
9179,0.002926855975497635
9180,0.0012965415621249096
9181,0.00048469741516340574
9182,0.002628053508278758
9183,0.1412817399390092
9184,0.00043244727278118493
9185,0.0015290712355953376
9186,0.010529871157177
9187,0.005268531165222058
9188,0.0026865822333540733
9189,0.00010999532337449197
9190,0.00011281348512967358
9191,0.00042620695933378525
9192,0.010508609357542635
9193,0.0009606874240269525
9194,0.0007788291051826085
9195,0.0018897186223493742
9196,0.001262765687440984
9197,0.00010410610263942933
9198,0.004643379336562751
9199,0.0010989903755869324
9200,0.002170970740013399
9201,0.0006567880507234845
9202,0.0050010510894641785
9203,0.0017497494969812954
9204,0.000811055066233923
9205,0.0002316090576133189
9206,9.868488709121732e-05
9207,0.0002565152561925587
9208,0.0012825238338272276
9209,0.0012342614195846463
9210,0.0010259419464419375
9211,0.018649521824205817
9212,0.0017052915778822545
9213,0.0013634337601662757
9214,0.0005879697996092988
9215,0.00046638628592762273
9216,0.0001413189200449242
9217,0.0017963975819956122
9218,0.001157988379121853
9219,0.0015684874137050968
9220,0.001253397379155931
9221,0.013978710680597748
9222,0.0017550851331785025
9223,0.002214661474492437
9224,0.010854755116540852
9225,0.0062627272514265
9226,0.044113875689705796
9227,0.015927768647088076
9228,0.0002527801008114876
9229,0.0006746558473490257
9230,0.025929870959037996
9231,0.0007985903843442656
9232,0.00013401908475804512
9233,0.0014814897776951124
9234,0.007363192701397325
9235,0.0024255035044963885
9236,0.002968152547884451
9237,0.08491777166998538
9238,0.0002741193886382168
9239,0.0016971424392015048
9240,0.0013522425757004535
9241,0.0001956845459476147
9242,0.05760720004715907
9243,0.0010681950968712958
9244,0.0009056755676676175
9245,0.0008197213386744587
9246,0.0018111015054358805
9247,0.0005838140729427721
9248,0.0016591569243468135
9249,0.0009485583303600277
9250,0.0004517946745910115
9251,0.005517968892250519
9252,0.0010908512469245246
9253,0.008286985882828784
9254,0.0005925282002119539
9255,0.02287455421508866
9256,0.004408715983200293
9257,0.0010983434123247957
9258,0.0005574230592387363
9259,0.0007668868067018791
9260,0.00023092032760330136
9261,0.0007323025733804432
9262,0.0016859946138381282
9263,0.0013272191086674979
9264,0.0016164463401122727
9265,0.0002882893003067476
9266,0.00026327902267008266
9267,0.008301936922036393
9268,0.001644414268906437
9269,0.0013000716293757072
9270,9.71299192646307e-05
9271,0.000483640630387892
9272,0.004588828604285065
9273,0.0016093511764925551
9274,0.0011098231382370514
9275,0.00037412313032379616
9276,0.0017436977116739617
9277,0.0009286397675399965
9278,0.0016628161168491958
9279,0.0064870273761980565
9280,0.0017908540945475824
9281,0.10501511058101849
9282,0.00014240917008448016
9283,0.019800805054627026
9284,0.00013208694254207665
9285,0.00038500806965450124
9286,0.003028596502250869
9287,0.0005016321466333838
9288,0.00039803512844045183
9289,0.003157731725076005
9290,0.001999696178081768
9291,0.006548767161297503
9292,0.0021837235383781136
9293,0.0008125915920810424
9294,0.005047299460668352
9295,0.0007372188886090474
9296,0.00025131132163878873
9297,0.0024327420924934503
9298,0.00020366876176815656
9299,0.0030426884530092013
9300,0.00298156667698931
9301,0.003069509903359041
9302,0.004281900689917585
9303,0.011721970495249449
9304,0.0008836548333005124
9305,0.004190152469713258
9306,0.00539914199044225
9307,0.005064441963617375
9308,0.0002703141500829341
9309,0.0030440168610446437
9310,0.0007453482954040314
9311,0.004912840219898892
9312,0.00041430805150942
9313,0.020560478121267368
9314,0.032279993539290265
9315,8.196993263933067e-05
9316,7.79087814736806e-05
9317,0.0012842631447266377
9318,0.003959113687758738
9319,0.0043638369874131845
9320,0.0012895660212689328
9321,0.006066053892546483
9322,0.023147082509089922
9323,0.0020631593381072954
9324,0.0011516156570072962
9325,0.0025925458181983796
9326,0.0003809275065573759
9327,0.0010193722611922104
9328,0.0016291228928161923
9329,0.32241925195904053
9330,0.0001282024209590522
9331,0.005060717001431598
9332,0.0030729844511243874
9333,0.0012374827817296112
9334,0.0073719946755698255
9335,0.00033531487652336785
9336,0.0002966418007832537
9337,0.009141602043434685
9338,0.0008208938324341615
9339,0.0007679083254950441
9340,0.0020967095260024508
9341,0.0010242363761779152
9342,0.0016686828276990774
9343,0.009267599122520852
9344,0.0003872154453347359
9345,0.00020317554894417288
9346,8.541950563964504e-05
9347,0.0020968566268935677
9348,0.0007445726526186328
9349,8.445621765296499e-05
9350,0.006427729571573808
9351,0.0020041805282584872
9352,0.00022007330652787239
9353,0.001955099050628688
9354,0.0009454791059710092
9355,0.001060255595778119
9356,0.0008824545840187335
9357,0.001190768564363515
9358,0.00037935051542765475
9359,0.000100898787017871
9360,9.766111184080303e-05
9361,0.0008096065901557697
9362,0.0005537853684351732
9363,0.0007132738106016954
9364,0.0011209740457784085
9365,0.00013217778830965405
9366,0.001488101989693086
9367,0.0020202561189531136
9368,0.001903367472640224
9369,0.0011897439921794341
9370,0.001084270790118313
9371,0.00014078904386883822
9372,0.001215969886769876
9373,0.033741404801823596
9374,0.007603614559857577
9375,0.0007867132286122627
9376,0.0012973046289126975
9377,0.0015161742770742424
9378,0.0012357471484684415
9379,0.00177539488480474
9380,0.0006586682168067446
9381,0.001895457899961971
9382,0.0012691266828810718
9383,0.002370507888025825
9384,0.00024276829593172344
9385,0.08593131539526963
9386,0.0008244458299305115
9387,0.0019539118880868207
9388,0.0012006215478134977
9389,0.005108543346710253
9390,0.032714491413366485
9391,0.0005560596495074072
9392,0.01196038638950641
9393,0.0012379688707376273
9394,0.0009049361450351535
9395,0.0036621563403513202
9396,0.002130294293841949
9397,9.789729615813509e-05
9398,0.0014440925148702238
9399,0.004389072046136143
9400,0.0021081707441303285
9401,0.0009122298410544098
9402,0.0005716427147182911
9403,0.04788389037497065
9404,0.0871445764306339
9405,0.0005693133630861938
9406,0.0004220303783332326
9407,0.008076917184821175
9408,0.0005698851663508668
9409,0.0010587441496386297
9410,0.03466723609860378
9411,0.0023262195269468295
9412,0.0014557627390527786
9413,0.11220781743727574
9414,0.009717466467785337
9415,0.008671250012367708
9416,0.0007439948885578688
9417,0.00152178724949822
9418,0.0008759904421830708
9419,0.00224607979097353
9420,0.0006511576566706611
9421,0.0021289602799050436
9422,0.0009849837134714545
9423,0.0006326459604273439
9424,0.014821351262875294
9425,0.00016369205670140968
9426,0.00015636828436830968
9427,0.03253556990671003
9428,0.004048932977204473
9429,0.016571819419777954
9430,0.04675713563249155
9431,0.014140526781310437
9432,0.006548304112756631
9433,0.0009930257020657075
9434,0.0023262532651629896
9435,0.0009685085687740014
9436,0.0011224527002291406
9437,0.0007248184902970668
9438,0.00012591878476092257
9439,0.02022125569778782
9440,0.010195619603231062
9441,0.006491630905579705
9442,0.00012890240890627046
9443,0.002671120765799335
9444,0.007019030047042523
9445,0.00017572718052812867
9446,0.0004517211840662209
9447,0.00027196359668226036
9448,0.0010168596852859512
9449,0.0006429100356230603
9450,0.0008195773478191867
9451,0.0011918117575655514
9452,0.0053039712580644945
9453,0.00028081380799583765
9454,0.0011334157953991233
9455,0.001757144407274797
9456,0.0017294158537099421
9457,0.0007007659119877426
9458,0.013232393452218553
9459,0.0008003891739197719
9460,0.0003153426947961481
9461,0.0028343918190345046
9462,0.00033022827515411755
9463,0.0011657749788406247
9464,0.0003192975582598744
9465,0.00022661441228363747
9466,0.00339279407880806
9467,0.0002674048400337107
9468,0.0009749686796705613
9469,0.001807523560655402
9470,0.00037769820529420155
9471,0.0008312794969810106
9472,0.0006220839095785238
9473,0.00028157941587131894
9474,0.0014082963139979694
9475,0.00027912524385326085
9476,0.0021399738080172875
9477,0.008039595877530916
9478,0.0010245669986774684
9479,0.06537996353905566
9480,0.00016913333014577896
9481,0.00020802220625891244
9482,9.61629967188036e-05
9483,0.03815134837256449
9484,0.0009770141116072757
9485,0.0012600911272299933
9486,0.0003896458181832439
9487,0.0002918158909157248
9488,0.0006257884453809414
9489,0.0016270696232137576
9490,0.0010754056543927433
9491,0.0008844656396009074
9492,0.11240958240055539
9493,0.003151032568843068
9494,0.0015730945122453442
9495,0.008332909533532691
9496,0.0009652144500921903
9497,0.0004787737467254552
9498,0.0014145481694616982
9499,0.0012106808063626219
9500,0.00251733640951207
9501,0.0014007237448524887
9502,0.011748710849852647
9503,0.00118551907527197
9504,0.0023383886208775038
9505,0.01250244281922779
9506,0.002074378817723564
9507,0.005014959371691604
9508,0.00010512105850505011
9509,0.028012395911937164
9510,8.661895239365121e-05
9511,0.002121172460920025
9512,0.015567866394359454
9513,0.0011690620317106127
9514,0.006026844544093132
9515,0.003200537508390007
9516,0.0013652154191641998
9517,0.00237358724281784
9518,0.0003954932894088855
9519,0.1100270793898039
9520,0.006463974347306285
9521,0.00019869762462287497
9522,0.6281938750397659
9523,0.0017468819371388483
9524,0.0018216240167973458
9525,0.002878252962098821
9526,0.0011863288501484705
9527,0.00026019617015488386
9528,0.004410990953288869
9529,0.0034251300667518586
9530,0.0018733243395305306
9531,0.00014800982737778914
9532,0.025686741786690632
9533,0.0029827766417893507
9534,0.001192785697326994
9535,0.0010825448252450097
9536,0.018198221591015314
9537,0.00011283624170165804
9538,0.001865622699524974
9539,0.0010132996223591027
9540,0.002573393227987033
9541,0.0003193927904635308
9542,0.00436992114336329
9543,0.001481660074724605
9544,0.0005722554234800275
9545,0.0008665929470902317
9546,0.0031120510564221987
9547,0.08673545962153893
9548,0.002721974737890813
9549,0.0008316227265677118
9550,0.016625077288901318
9551,0.037885770495953465
9552,0.05100193808946607
9553,0.0003024308532813581
9554,0.0006361564428603914
9555,0.0005191422715174537
9556,0.002593394307718823
9557,0.0016984242583172645
9558,0.0007348905806422614
9559,0.005798553176752576
9560,0.0012725896143337653
9561,0.00037579107082216643
9562,0.0006891168058224826
9563,0.0036204803556517777
9564,0.0008271801616675568
9565,0.0010772819508791745
9566,0.0007298787695265087
9567,0.01108954160964093
9568,0.0014586519257347044
9569,0.0109011145387045
9570,0.008154226798646884
9571,0.01076380870087393
9572,0.004376823773745597
9573,0.0016448957596475204
9574,0.003977974792303034
9575,0.0013865489436827782
9576,0.0022473161273625
9577,0.00048435257941499175
9578,0.04788591378817785
9579,0.0012396255690099844
9580,9.522556522781732e-05
9581,0.0010141537926518231
9582,0.000708629152438697
9583,0.002184051381101551
9584,0.011517919148876248
9585,0.0018792888995724343
9586,0.0011230082451893395
9587,0.049008473174761556
9588,0.0013961325430993149
9589,0.09308353892694858
9590,0.00038041902310519284
9591,0.10808189295369898
9592,0.0016228695404050491
9593,0.003648395709886288
9594,0.003400180554620989
9595,0.002220643238813756
9596,0.0006349675368643507
9597,0.0055008425581369045
9598,0.0026689812193077707
9599,0.01325565236998938
9600,0.0010699892207068572
9601,8.51292863158045e-05
9602,0.00011823449916271834
9603,0.0009431784208927884
9604,0.004834448692187279
9605,0.009166261908319016
9606,0.0032151164399179823
9607,0.0028492342513123637
9608,0.0011108918851381632
9609,0.0025608336405112506
9610,0.0009062129325099085
9611,0.24944910755383076
9612,0.0012327209018888475
9613,0.00023189223335840775
9614,0.00303238723034588
9615,0.001272602864834998
9616,0.0011810582931677334
9617,0.0009788730217714953
9618,0.0022485146027416947
9619,0.003229963397721988
9620,0.00491304924810976
9621,0.0003519898565820704
9622,0.006395785524810371
9623,0.00027812617936453924
9624,0.023876907244454487
9625,0.0002643357515890022
9626,0.019772820960501758
9627,0.0031302440603276894
9628,0.0028683689941689655
9629,0.0014632350922110745
9630,0.0008090294840898003
9631,0.0010208621930753005
9632,0.00023592194305368123
9633,0.03701839791371093
9634,0.003329530892121925
9635,0.00022024093677287717
9636,0.0035597023556237935
9637,0.0010792234577835574
9638,0.0048556013175085
9639,0.0008482261017401825
9640,0.0012755242074087637
9641,0.0012662607856586342
9642,0.0046733255447126715
9643,0.012239652558478985
9644,0.0027408235517501585
9645,0.0006141622524329437
9646,0.0009507050012696109
9647,0.0010997999565101628
9648,0.0002940048528549203
9649,0.0017475970482612705
9650,0.0015770355539800004
9651,0.001325964285714214
9652,0.003613855395821912
9653,0.0003401316599463186
9654,0.0013800424134766277
9655,0.0009325416795277517
9656,0.011756879947313304
9657,0.06492841413540061
9658,8.044864310098425e-05
9659,0.0001353797668210978
9660,0.00021350056189759072
9661,0.0006307591863256699
9662,0.004117264750884694
9663,0.0009271020553746872
9664,0.001258713702374434
9665,0.002840657244063538
9666,7.837771760697258e-05
9667,0.0013450539622339903
9668,0.0026933284412139487
9669,0.0016558424985827504
9670,0.005142653872519917
9671,0.016549902396091318
9672,0.00030042111513457824
9673,0.002178528082607225
9674,0.001302415207749861
9675,0.0019738234147307306
9676,0.0035235867898068783
9677,0.029698971085099373
9678,0.0007597511332528229
9679,0.0007033564161865172
9680,0.003966477625398106
9681,0.0025324452146476798
9682,0.0024933172795894116
9683,0.0006532008118096497
9684,0.001098365918667178
9685,0.00018713964701403072
9686,0.019164554282462304
9687,0.000705090804636621
9688,0.027890950403381264
9689,0.0007822745564773266
9690,0.0011538783701379898
9691,0.021175859560638995
9692,8.326840169381144e-05
9693,0.0033605915457628056
9694,0.011939123856003389
9695,0.0015332240754596567
9696,0.0003896328479370268
9697,0.0008764450401264896
9698,9.385588488774016e-05
9699,0.0012982415248673324
9700,0.0010483739782288471
9701,0.0021898428378896834
9702,0.0010339640300093239
9703,0.000848425525683273
9704,0.00040513520147040583
9705,0.0005489253610496572
9706,0.0006647147273550608
9707,0.000359210511466629
9708,0.004216345850351674
9709,0.2782149682935632
9710,0.0010462444926393113
9711,0.00015762752361964227
9712,0.002982513041185041
9713,0.00026070503641666116
9714,0.005062314539290204
9715,0.0008128193868034881
9716,0.020249610576511777
9717,0.001955971436169085
9718,0.00011029746167384785
9719,0.0011743137713112822
9720,0.0011710823319002527
9721,0.0010130112057961148
9722,0.00284306915098877
9723,0.0003021519724955298
9724,0.003556137024176496
9725,0.000895619404239062
9726,0.0029985121504407723
9727,0.002081715818044029
9728,0.0029194687317952175
9729,0.0018441778582073962
9730,0.02348953245912786
9731,0.0035259698303757156
9732,0.010175519116238926
9733,0.0008461340192613282
9734,0.00038382996420427374
9735,0.037319354246749425
9736,0.007532928865158249
9737,0.00013041255396930258
9738,0.1341161781864994
9739,0.0003756936778984044
9740,0.008393531135634742
9741,0.00026615998076696376
9742,0.0007033311523660362
9743,0.010073783435891517
9744,0.0056107003775650475
9745,0.0010495518281428405
9746,0.0007934091611756088
9747,0.0020665950564858326
9748,0.000503165598395475
9749,0.00010229904925805964
9750,0.000344048235299883
9751,0.002107722443310123
9752,0.002816621310717172
9753,0.0006835796538805526
9754,0.013149338187026193
9755,0.0027800361996950943
9756,0.001065149356308325
9757,0.02991725214504367
9758,0.00012447470364334112
9759,0.0004635180454801098
9760,0.006294450998651667
9761,0.004235124658767713
9762,0.030795017377864147
9763,0.0026437021629275546
9764,0.004849928481210313
9765,0.0006705625917466327
9766,0.0002198268772475929
9767,0.005972043238933874
9768,0.0848970936442084
9769,0.0027714000162131647
9770,0.013826858133083722
9771,0.0013163844848204504
9772,0.004249948256603312
9773,0.0010529168488743817
9774,0.0002566297209556211
9775,0.0004892797318398693
9776,0.0018541369071460752
9777,0.000674392242925114
9778,0.13572732966890477
9779,0.0014664554951963804
9780,0.0019009394846433011
9781,0.0006038112334190104
9782,0.0013319551604183935
9783,0.0016723439754430351
9784,0.007216167011639791
9785,0.0009196953378374667
9786,0.00024006332251579388
9787,0.0025464822353393883
9788,0.0007923297981502954
9789,0.0015155167404896865
9790,0.0009230021042341786
9791,8.491344856519786e-05
9792,0.0012226766366687058
9793,0.0009131143146132993
9794,0.00015759457754517566
9795,0.0031238051445546893
9796,0.016277178642508872
9797,0.002989426894927275
9798,0.00168521610292481
9799,0.001588800661724358
9800,0.001215463609859948
9801,7.830139932853044e-05
9802,0.001996996965474466
9803,0.0016157433285505568
9804,0.0008055010909300455
9805,0.002597138879135932
9806,0.00817334438192782
9807,0.0002926129769732517
9808,0.0008048197836055778
9809,0.00023809827358168862
9810,0.0037811104146672986
9811,0.0024617413285321836
9812,0.0031117707868968565
9813,0.00021830687688404105
9814,0.07146261586244278
9815,0.004689970128043615
9816,0.000166587118700154
9817,0.015131361596093946
9818,0.0007757829956872742
9819,0.006099234739533345
9820,0.03456834942921298
9821,0.031398279464984746
9822,0.002817961001617242
9823,0.0016026963650779009
9824,0.00174893931547746
9825,0.06847142592360266
9826,0.0007499860609117918
9827,0.0005362752218633617
9828,0.010519052084128101
9829,0.000778918263524583
9830,0.001768861867872076
9831,0.00035524697456803254
9832,0.0012162965320295716
9833,0.00015684203268649172
9834,0.013418876647018432
9835,0.009887859377925187
9836,0.0008552510640438166
9837,0.0006615481419124573
9838,0.0001059783578110057
9839,0.13998421324908678
9840,0.001310791010390143
9841,0.0018615657450618936
9842,0.0007499171500154888
9843,0.0019678879824744783
9844,0.0028446216788672912
9845,0.0029615511780578343
9846,0.0011030834029031485
9847,0.0008420133642686088
9848,0.0015873077797974515
9849,0.004352422360111882
9850,0.00079861453740997
9851,0.0029122266594846288
9852,0.05323693867020537
9853,0.0010923668086485678
9854,0.0005877417776599144
9855,9.679746759564192e-05
9856,0.0030162832172010417
9857,0.0007995693633526831
9858,0.0018570702580611835
9859,0.0005601338795426201
9860,0.00010826839136542383
9861,0.0006413193587350627
9862,0.0015596966782420573
9863,0.004269245490268138
9864,0.0032651738114616953
9865,0.0017125285378084333
9866,0.0043606402692762366
9867,0.0038886103408953075
9868,0.0012205347972837836
9869,0.002293004668085252
9870,0.0006045127566652531
9871,9.608670180176903e-05
9872,0.003263573336224865
9873,0.00031846742449579617
9874,0.07357193656842571
9875,9.822134281547388e-05
9876,0.0013669199428043629
9877,0.002435236265101785
9878,0.002140004561739724
9879,0.00194125143802058
9880,0.027135321155021302
9881,0.001095800814984271
9882,0.019465059077580976
9883,0.0008732774488625484
9884,0.010983225157225905
9885,0.004312840627577008
9886,0.0014885690711584861
9887,0.000509771839479977
9888,0.001617269041136649
9889,0.00736472920031401
9890,0.12274777944882835
9891,0.006050507823247105
9892,0.0009612687487777033
9893,0.0011006312389555252
9894,0.0007693458306819136
9895,0.001013233476628081
9896,0.00970126929596174
9897,0.00026055024667133534
9898,0.00011896367704924836
9899,0.0033708837136829134
9900,0.0016183205506839684
9901,0.0006275650246329374
9902,0.0014646446795455797
9903,0.0011802589751686722
9904,0.14781988140851374
9905,0.005996308555447975
9906,0.003736200424155015
9907,0.0009646073371246293
9908,0.0031080187865958155
9909,0.0017477077260260989
9910,0.0009432495184719291
9911,0.0002636862925874735
9912,0.003834125716408347
9913,0.015987047932196848
9914,0.0005123924917625538
9915,0.0009313259657595107
9916,0.00048703314491341617
9917,0.00011578036761066683
9918,0.044732644920320544
9919,0.0005570862488832643
9920,0.0014010683061057036
9921,0.0008469655141670378
9922,0.007506875359024173
9923,0.0008143279472042946
9924,0.0013751514878897323
9925,0.00010234998589063183
9926,0.00020458300586772033
9927,0.004455967952518747
9928,0.0022472707822751834
9929,0.0001058999552566379
9930,0.0009824863735497327
9931,0.0009130520477443981
9932,0.00013309909982042056
9933,0.00010847946938641278
9934,0.002576942291242239
9935,0.0007618055737390617
9936,0.0025899188393568497
9937,0.022172180547784647
9938,0.0012960207149090449
9939,0.00035960143702161776
9940,0.006394715912792964
9941,0.00047556397178544815
9942,0.0005089925693969471
9943,0.0002673352682772548
9944,0.0006369635318347387
9945,0.0070299875013771105
9946,0.0006996881824151891
9947,0.0002792860144424429
9948,0.0011652596232829464
9949,0.0025314797217323866
9950,0.0011933883473864014
9951,0.018595158245061274
9952,0.020673157007121922
9953,0.0025603921740967738
9954,0.001024491294101163
9955,0.0026175036012904855
9956,0.00013488851955700278
9957,0.04396135739935958
9958,0.016379733781996378
9959,0.00019729431841437891
9960,0.00033522547841092923
9961,0.0006296658666953492
9962,0.0009414101643407013
9963,0.0008960788795638375
9964,0.0010476257988639868
9965,0.00029668404718371
9966,0.004237340546376986
9967,0.0010312832389980495
9968,0.0010123120685372093
9969,0.0002526817219340537
9970,0.011084860828885275
9971,0.0018752903843851695
9972,0.001119812610064616
9973,0.0010474628919158436
9974,0.0015042088445544153
9975,0.0001096798770762823
9976,0.0003149519870002106
9977,9.822077473823893e-05
9978,0.010231021144126409
9979,0.0008871049758242097
9980,0.015041404500834544
9981,0.0009626263469184495
9982,0.0012046677950413062
9983,0.0014441496518854432
9984,0.00259486664760145
9985,0.4153905744920579
9986,0.0008232600911157494
9987,0.0012346496879362037
9988,0.003537077510620082
9989,0.00032550385070479224
9990,0.00039345605176210684
9991,0.0027032439210209025
9992,0.0008215080089271825
9993,0.0017587433720932459
9994,0.0007272369886073015
9995,0.0013186827866514235
9996,0.004095043003014588
9997,9.059692588661085e-05
9998,0.0026148101498303595
9999,0.0012883296025612678
10000,0.0001066413068318058
10001,0.005937933579161826
10002,0.00035648154458651354
10003,0.00027100261191264724
10004,0.0006101858006694097
10005,0.0010994012584319597
10006,0.0003343046050973701
10007,0.0016178749833171296
10008,0.0012070635171022946
10009,0.00029655787087237516
10010,0.0021176248403899068
10011,0.0011303509825854742
10012,0.0034208939612695374
10013,0.005888871674254706
10014,0.00015414043292918738
10015,0.02568803694988112
10016,0.00010866417555444701
10017,0.0001740233062461965
10018,0.09997009019774443
10019,0.002970074348369864
10020,0.002326963621117919
10021,0.00010169519433308637
10022,0.009496636743262274
10023,9.954445794997538e-05
10024,0.00010651157851047894
10025,0.00013138333149151636
10026,0.001926171912532372
10027,0.005338676510960399
10028,0.00035583711899725336
10029,0.8241909973270567
10030,0.00010263531594343463
10031,0.00033772071519473217
10032,0.0033732243819629276
10033,0.00029224812675851265
10034,0.0004462185223594236
10035,0.00652132548799522
10036,0.003815122644687118
10037,0.00015510391842380188
10038,0.00021758550457054337
10039,0.03828364937640723
10040,0.0003608470622645715
10041,0.0009967535653710956
10042,0.0484072197696263
10043,0.014333866558568002
10044,0.00026723645248875183
10045,0.00031307936412371
10046,0.0002522087290250302
10047,0.00028113773780630714
10048,0.0002755997681910793
10049,0.0011164556115349663
10050,0.001358186503400621
10051,0.00023827513790005865
10052,0.0013319126156272675
10053,0.00018594767926111947
10054,0.007504008660603093
10055,0.0003260225510934554
10056,0.0001355131953669531
10057,0.00010158597558716612
10058,0.0014954811718795604
10059,0.0027681392997076135
10060,0.0720402440395192
10061,0.004333590779139569
10062,0.00560947747918111
10063,0.00010239857501283196
10064,0.00019859791414117414
10065,0.011837227665936732
10066,0.0016890795718795537
10067,0.0020566733175070976
10068,0.0028427254645611174
10069,0.01652561679695138
10070,0.0018500160118965735
10071,0.0006757301834125004
10072,0.0028309131143009203
10073,0.004448079954206049
10074,8.34087487316496e-05
10075,0.0004717177978703525
10076,0.006124075806634712
10077,0.004711595094184398
10078,0.00033608992645688774
10079,0.013353421126956611
10080,0.00011205512473354032
10081,0.026961418237471616
10082,0.0005356882718964106
10083,0.0009293743075318205
10084,0.0021110832275650212
10085,0.0008641434037077701
10086,0.011568934239645555
10087,0.002416583246006378
10088,0.007165604489594903
10089,0.0007713113939578791
10090,0.0170944546935127
10091,0.00258167883258061
10092,0.031511967483920926
10093,0.00019813718664713257
10094,0.002299538708737268
10095,0.00030889723576132613
10096,0.001144576529791998
10097,0.00079289315725922
10098,0.0005312148998760876
10099,0.0006113271991815105
10100,0.006298280329986274
10101,0.004410353691192397
10102,0.001871369415684645
10103,0.0007220384319567861
10104,0.009029567318839415
10105,0.06299647288161886
10106,0.0043742729850120565
10107,0.0030196898694841647
10108,0.01034978973197168
10109,0.05765872447764962
10110,0.0007840376467025177
10111,0.008613018954168855
10112,0.007103895945570816
10113,0.00027932041031462386
10114,0.005113543002763721
10115,0.010016980743808466
10116,0.0019387465037286331
10117,0.006289872160028642
10118,0.005091435970745902
10119,0.00019118772260471887
10120,8.978326734518861e-05
10121,8.800035067195806e-05
10122,9.40328016185219e-05
10123,0.011483618628270627
10124,0.002868411474219218
10125,9.53648329964138e-05
10126,9.40328016185219e-05
10127,0.0002586417709721692
10128,0.0005226691025867119
10129,0.010869480854344034
10130,0.0003461648327776722
10131,0.00031175478332514723
10132,0.08428372463237728
10133,0.00010795838597873683
10134,0.021268806896312477
10135,0.01683451083218241
10136,0.05243494425866332
10137,0.00014543863351609024
10138,0.000154202604657568
10139,0.0010123202416864535
10140,0.0013981487632558536
10141,9.75760486656138e-05
10142,9.997718039256813e-05
10143,0.00011007925777259899
10144,0.00023407543822254732
10145,0.005774955886737167
10146,0.034823907814074004
10147,0.009549055693601115
10148,0.0009614747802803704
10149,0.00035880881388966824
10150,0.00011316977822814699
10151,0.03603801287597349
10152,0.0029153023080124014
10153,0.024303587212422182
10154,0.00012116743770039455
10155,0.00019943498089904164
10156,0.00014476201177517434
10157,9.0567929113214e-05
10158,0.0037959265173533353
10159,0.00015760896788687102
10160,0.008405723790060932
10161,0.02211027940666467
10162,0.0008428881354884882
10163,0.37522349716759607
10164,0.016569262110701144
10165,0.008088007666919106
10166,0.005161167521525877
10167,0.029119488792210425
10168,0.0009185804664876764
10169,0.00025820119515433535
10170,0.053970900705937366
10171,0.005561220313871965
10172,0.0010004187202292331
10173,0.00038092133402655283
10174,0.010546904298770376
10175,0.00012153209739359255
10176,0.009545056592910233
10177,0.02883633758179737
10178,0.0016547989098844743
10179,0.0014426908485004938
10180,0.00032791960348162934
10181,0.0015368272336661521
10182,0.00024241571611830805
10183,0.0016774726231433205
10184,0.006762435490552923
10185,0.0281590293059356
10186,0.002604666383479407
10187,0.00020051788731291495
10188,0.007238675395752586
10189,0.01984536533243357
10190,0.0584894333385313
10191,0.011884218894350927
10192,0.10919939802709844
10193,0.0030373070450210667
10194,0.023378841056311654
10195,0.00685855666376909
10196,0.002671017999680579
10197,0.0008005673957238143
10198,0.004620739718526268
10199,0.006058500999901251
10200,0.041719792498668896
10201,0.012458078415688608
10202,0.001003580788406835
10203,0.09586371200277193
10204,0.001526463047399668
10205,0.0022262914038009593
10206,0.03989755441255981
10207,0.017738279421630754
10208,0.007090633834914377
10209,0.03733789330591527
10210,0.0015609877515773796
10211,0.00020625952600173436
10212,0.0007536832306028637
10213,0.002227660323478503
10214,0.03149013569452801
10215,0.015296425995091751
10216,0.00511745728648994
10217,0.0010604946459862941
10218,0.010253541974868146
10219,0.00010357211966745822
10220,0.0014414012978494208
10221,0.004283696572520132
10222,0.01678063169439139
10223,0.01883160209625706
10224,0.035350001116632515
10225,0.07829563885941561
10226,0.0029723729480324148
10227,0.007410610369920972
10228,0.005398808840443182
10229,0.0013414396917882793
10230,0.012389374573873792
10231,0.0013481552137513532
10232,0.0004721534280358987
10233,0.00017010684899766587
10234,0.00023295299422314205
10235,0.0003510864507633027
10236,0.0005496088015671568
10237,0.0003784366652451281
10238,0.02150596095148985
10239,8.198477921847752e-05
10240,0.00013798728991078007
10241,0.0026646889953324746
10242,8.061663124843264e-05
10243,0.03272674818252837
10244,0.09266787077325365
10245,0.000966086284891792
10246,0.00038975289117563767
10247,0.0057229539204822245
10248,0.001002048019698768
10249,0.08089379034911234
10250,0.31377507520634745
10251,9.156287088610522e-05
10252,0.023612858976242088
10253,0.0008508818212908144
10254,0.019429010527873897
10255,0.026156825977787932
10256,0.0010797697136662094
10257,0.0008565997209179763
10258,0.046440375366127114
10259,0.03096666784911772
10260,0.006809754249651773
10261,0.03971565152034497
10262,0.014720394040822263
10263,0.017892295242280525
10264,0.000351029865423341
10265,0.007288728933230484
10266,0.013488400823818584
10267,0.00012865793423414554
10268,9.617664377077971e-05
10269,0.003570930668016584
10270,0.001650348221237906
10271,0.009231299082835416
10272,0.0007957373602994024
10273,0.006814194150580982
10274,0.02491410610136564
10275,9.878371725545656e-05
10276,0.008003659750642949
10277,0.0013314593880673026
10278,0.00013986952365963216
10279,0.0011474669666930826
10280,0.00010438299270116533
10281,0.003256165725465598
10282,0.00977929085666166
10283,0.0001155150221549407
10284,0.00039720004802659757
10285,0.006121147785463996
10286,0.004844292878693633
10287,0.01392973651252034
10288,0.013846101099356791
10289,0.002887988278202745
10290,0.000374229991169372
10291,0.0004311027840073286
10292,0.005515047289708205
10293,0.004612281959913116
10294,0.00011257586488287078
10295,0.00022767203351824376
10296,0.0006291553875213886
10297,7.841571658678455e-05
10298,0.004135574792168907
10299,0.0852349583464382
10300,9.460912326724763e-05
10301,9.676579023652726e-05
10302,0.002342792307337297
10303,0.00010751919700064826
10304,0.005050964921290663
10305,0.05081358668182681
10306,0.002528879558470461
10307,0.2244992434876885
10308,0.009550437280788353
10309,0.03922735034219463
10310,0.03624673016811135
10311,0.024549898843254727
10312,0.0028053603840794646
10313,0.00029885235970921495
10314,0.024623603501259486
10315,0.00011286824479443311
10316,0.001960924051533834
10317,0.006500761793414982
10318,0.0001063071869858975
10319,0.00010319863401243214
10320,0.0040937590138046985
10321,0.0031815850334904277
10322,0.030437098814140386
10323,0.017650318616901153
10324,0.00010239263032277213
10325,0.04964922616791285
10326,0.006617298057676537
10327,0.00011973788862385215
10328,0.01887109305318862
10329,0.003239598331796014
10330,0.23525226555451198
10331,0.0038594147255735403
10332,0.09336460785052117
10333,0.00199602703435646
10334,0.0004199140331217901
10335,0.0013766616741838409
10336,0.02745067307218589
10337,0.006500207217448565
10338,0.005726963775206672
10339,0.00032669592048315736
10340,0.002843174296535955
10341,0.0018937917684007577
10342,0.0042747522112112635
10343,0.0081083663817121
10344,0.00012755872075024361
10345,9.367708150932365e-05
10346,0.002047677828222141
10347,0.00924861600890865
10348,0.02404256535715854
10349,0.0054253262495052475
10350,0.0004543625438394764
10351,0.015689868089766724
10352,0.00035059086889583534
10353,0.04899679013392327
10354,0.007194139641766394
10355,0.01379223052096084
10356,0.004292217926873093
10357,0.13971688755074932
10358,0.0001198152772898551
10359,0.00782253390401579
10360,0.12384384534833268
10361,0.08918387739858086
10362,0.0012579776188914897
10363,0.0038067256806527333
10364,0.001673589338728383
10365,0.0028779384153745998
10366,0.015800453358381872
10367,0.010881325083271153
10368,0.002406309516300085
10369,0.002370172592325058
10370,0.00021658687975837217
10371,0.047452476763665666
10372,0.012419757527590072
10373,0.00020865664022986046
10374,9.492690999505506e-05
10375,8.743016610836378e-05
10376,0.04375058046717892
10377,0.07170755685287684
10378,0.00015634308253725262
10379,0.00011646088213865185
10380,0.0007052789639930236
10381,0.009887585760619062
10382,0.0001241661770711447
10383,0.00282147508714958
10384,0.00011602900469515144
10385,0.00029877165541239317
10386,0.0007759085779115465
10387,0.025984195089106463
10388,9.55274538210658e-05
10389,9.18403844425532e-05
10390,0.0018387537587201204
10391,0.0014545714516426935
10392,0.0028528004294538006
10393,0.022225939868983264
10394,0.0019967112772957597
10395,0.027142851060253718
10396,0.020717411425080174
10397,7.413604407074236e-05
10398,0.0002226102006962153
10399,0.00011288387842405624
10400,0.004795397794230418
10401,0.07175834015448672
10402,0.09240010670069394
10403,0.005398864300094578
10404,0.028548861400468976
10405,0.010274614575571302
10406,0.0647226012667087
10407,0.014508150175943908
10408,0.00011779420326378366
10409,0.00010702369247607755
10410,0.000548177242218596
10411,0.0020637424204043354
10412,0.005819951535681149
10413,0.0002926834840542988
10414,0.004164057568942459
10415,0.0008748598150798602
10416,0.0036835215158788483
10417,0.07045487427284165
10418,0.00020707022888968778
10419,0.00011599655987326727
10420,0.00010016325670817961
10421,0.005100288457032752
10422,0.0008218785826504056
10423,9.010188781717053e-05
10424,0.020205182197436913
10425,0.0025392021034552183
10426,0.0017216524648135734
10427,0.00028061265165154974
10428,0.01480471595528468
10429,0.00015329090679642415
10430,0.014798436184457735
10431,0.005572343437990849
10432,0.00012687606468887998
10433,0.003359090205729177
10434,0.005732576732177551
10435,0.002227551265400568
10436,0.003065500597261351
10437,0.001825782702860185
10438,0.00013392782282403034
10439,0.00014302608007340728
10440,0.0013285208520855637
10441,0.0009036920945084163
10442,0.008023583226928999
10443,7.396637840154061e-05
10444,0.00019738270637031008
10445,0.013984827306282118
10446,0.00012095651657529401
10447,0.00011206980725604433
10448,0.03372989337965379
10449,0.000418203024519124
10450,0.000782401198035318
10451,0.007258681539740679
10452,0.0019955107185779253
10453,0.010135452418187666
10454,0.0026275178057052657
10455,0.0018324721156769705
10456,0.0280602635428733
10457,0.10357599194034843
10458,0.0025847640560847838
10459,0.001954979439756649
10460,0.00012010832207263183
10461,0.08361993158085401
10462,0.022771365958759747
10463,0.001628118416417036
10464,0.0020789852136250354
10465,0.004078110558834743
10466,0.023125634894772103
10467,0.010630513092939083
10468,0.003028757576924483
10469,0.003032700207210082
10470,8.043239025461061e-05
10471,0.0016838158206825616
10472,0.004874259755474918
10473,0.003272374341546241
10474,0.001881360587852513
10475,0.001397878532959281
10476,0.01750319479296197
10477,7.40741987006359e-05
10478,0.001499064763738381
10479,0.0036202633294671023
10480,0.002839429218970118
10481,0.0008431968173973811
10482,0.0071051090662578205
10483,0.00027347201315287183
10484,0.007364019534037434
10485,0.0033234256259519084
10486,0.00011182190813785151
10487,0.00011518032782082522
10488,0.0017482258064199848
10489,0.00010031115820273583
10490,0.0005723498097951378
10491,0.007941417896529964
10492,0.011066818401474976
10493,0.00010814967705802747
10494,9.469215628619536e-05
10495,0.00014198096739577787
10496,0.014231381958008368
10497,0.0051387009521417495
10498,0.012569149255156833
10499,0.0059015645903112346
10500,0.05366237328235003
10501,0.02541223127182354
10502,0.042993281770763524
10503,9.131764680881746e-05
10504,0.0009331105964950293
10505,0.0037554680518431106
10506,0.0006721284323035315
10507,0.015448083429140051
10508,0.015025790303930985
10509,0.0028774837583179103
10510,0.004277915652566265
10511,9.823983325898184e-05
10512,0.001751702360251561
10513,0.002882359261624546
10514,0.013353928217570333
10515,0.0018386182200420178
10516,0.1829607515632928
10517,0.009451044473019938
10518,0.03435132413468273
10519,0.019182329881859136
10520,0.10635874215968129
10521,8.353696083131888e-05
10522,0.00013590943131969535
10523,0.00014958403071010164
10524,0.003912877134671845
10525,0.007810167751572996
10526,0.008515404883975002
10527,0.00033108561305900016
10528,0.00033094104091143533
10529,0.0019836153980928523
10530,0.10386959365732573
10531,0.012914765523333377
10532,9.14403324759355e-05
10533,0.0010829176953709616
10534,0.00014233405756519755
10535,0.004193829988793559
10536,0.004350870234617202
10537,0.00014737808503962138
10538,0.015834158070350195
10539,0.00023054857185681843
10540,0.000869497830603899
10541,0.0013963495810490228
10542,0.010830806522570166
10543,0.006365832268235496
10544,0.00439483910283777
10545,0.0018433407453621823
10546,0.00018939894886507271
10547,0.0002426197670155144
10548,0.001211238488132802
10549,0.0007691424935037176
10550,0.00032980696297802467
10551,0.0010775659582710512
10552,0.0002335989403312226
10553,0.00046441744430487946
10554,0.0002060637116452865
10555,0.01551052270905807
10556,0.014797567726846624
10557,0.009834214016392019
10558,0.00013447827729468192
10559,0.0002974430418624962
10560,0.02639690019207479
10561,0.0025666787452654325
10562,0.00793951894162033
10563,0.034301098623650376
10564,0.0010459762834800974
10565,0.005274249995927454
10566,0.00020734093121201335
10567,0.0011917822799718209
10568,0.0032891655737160874
10569,0.00015357210000795156
10570,0.00012468249569208954
10571,0.014904523125523306
10572,0.06287955076011087
10573,0.0018301576774651012
10574,0.003190738676623188
10575,0.00013931783888511396
10576,0.008036287187787977
10577,0.0011315903779375224
10578,0.00030409146549315686
10579,0.00010439244248924127
10580,0.004509510705241795
10581,0.0001518400776548606
10582,0.04334915248322136
10583,0.0036637837153035984
10584,0.00039266982050631003
10585,0.0262669391816542
10586,0.005088811168127875
10587,0.0016048394643254644
10588,0.011171940022637829
10589,0.01172037359539327
10590,0.0038616425107964427
10591,0.00021214115151484413
10592,0.12016841071767682
10593,0.0050124082379145824
10594,0.0011384618569592513
10595,0.005618880833187975
10596,0.0005965956840978257
10597,0.0015362002322949222
10598,0.0004465525773264274
10599,0.04644862015407218
10600,0.0013374555475112718
10601,0.0008150673159899291
10602,0.04258820947019053
10603,0.0013078847837608197
10604,0.036550161522123634
10605,0.001274553035442138
10606,0.001073721684786086
10607,0.12013534136444137
10608,0.06648247678666343
10609,0.0006182107872292838
10610,8.813742066452081e-05
10611,9.473788920577574e-05
10612,0.0022828774171886374
10613,0.00041344868849846925
10614,0.11472379909004568
10615,0.016348064609924537
10616,0.006670890044286388
10617,0.0004430197798306287
10618,0.021390595143969387
10619,0.00011731086239425787
10620,0.0737634828005769
10621,0.008110484061847764
10622,0.000908944237612966
10623,0.01375909765072324
10624,0.00025006996422688183
10625,0.0013608504451586459
10626,0.001986725852507971
10627,0.006884550970281199
10628,0.8710494222281109
10629,0.08822075808770612
10630,0.0006580645307473732
10631,0.0002866903550284545
10632,0.00041673512706974687
10633,0.00011460653467802656
10634,0.0008071112991312958
10635,0.0006400197040840052
10636,0.003947023009981927
10637,0.0022816838550792774
10638,0.002596736430749419
10639,0.011364195819506836
10640,0.02768788343823867
10641,0.00729860432666366
10642,0.006726203070600697
10643,8.194082197104939e-05
10644,0.01553821338603535
10645,0.16163916496919423
10646,0.000734104154529804
10647,0.0001739862440929245
10648,0.002116343077849504
10649,0.036073464187046475
10650,0.000670525696755593
10651,0.050273477196143224
10652,0.0024644076875708493
10653,0.00011840598441079161
10654,0.013008417214132914
10655,0.018313590159558253
10656,0.029441699473917133
10657,0.0016575275129418142
10658,0.0008311472740902015
10659,0.02924781164471499
10660,0.0006861647896846352
10661,0.00047059442030425387
10662,0.013470164927587588
10663,0.00017387340449158758
10664,0.01624164511222882
10665,0.8288361978759011
10666,0.0006561469563886871
10667,0.005664932741189514
10668,0.001687628977159097
10669,0.013503146474280834
10670,0.010555862630504537
10671,0.00016628591877524586
10672,0.00013287237639803744
10673,0.007463306095408521
10674,0.006880035394149289
10675,8.197922293956437e-05
10676,0.014592171495951165
10677,0.001210301224657305
10678,0.0044812396287592805
10679,0.0036562467504592496
10680,0.002325482241998749
10681,0.006799376715142378
10682,0.12140985348871938
10683,0.7375204909549532
10684,6.869036967112071e-05
10685,0.0025923665092632683
10686,0.01415099220193808
10687,0.005411173881159634
10688,0.00044944773378694273
10689,0.018265261366300148
10690,0.0036010228855414307
10691,0.001719453598408496
10692,0.002266367473719282
10693,0.004477194719032476
10694,0.00442628910585379
10695,0.16911938965783804
10696,0.0028718295017007645
10697,0.0034912164404305992
10698,0.009667793315633793
10699,0.00010163273882391725
10700,0.0031906878360788435
10701,0.0027323928513288635
10702,0.005373574270244104
10703,0.00033843309204612974
10704,0.0009778625773014193
10705,0.08371995722784499
10706,9.02946033252873e-05
10707,0.0028670766871655693
10708,0.0006035161769421952
10709,0.004246752944431158
10710,0.0025529840914791375
10711,0.0031540237691208405
10712,0.008452771771866527
10713,0.00499630705525447
10714,0.04112237451578
10715,0.08010515154020088
10716,0.006002144085558339
10717,0.0007337949108578708
10718,0.023835872004440768
10719,0.06302800586538584
10720,0.010373197838959684
10721,0.002687748723244912
10722,8.99438736413562e-05
10723,0.0011602297518126855
10724,0.00047526840351308866
10725,0.00044222988310374213
10726,0.0025744759496918253
10727,0.00014584611440759235
10728,0.00016969877657468843
10729,0.0162183221564211
10730,0.025778554925831882
10731,0.03662376269528912
10732,0.004184914032869575
10733,8.353819820372921e-05
10734,0.0026860366201500825
10735,0.00397400943092233
10736,0.004004751996017426
10737,0.0018604105196765711
10738,0.018691016605325985
10739,0.00018450619782332844
10740,0.008970598997008595
10741,0.03786714711355689
10742,0.0020063833861971247
10743,0.009648032741999393
10744,0.005189643165638218
10745,0.01966249631185205
10746,0.0005311028453040574
10747,0.0022136846730059327
10748,0.00359550870792085
10749,0.00014639385746824472
10750,0.0019972556077437736
10751,0.02086541490379252
10752,0.0019404913611737675
10753,0.0006573626293277005
10754,0.0002388514873421458
10755,0.00021986534039253
10756,0.06220645675132084
10757,0.011584596609964007
10758,0.00430280740246416
10759,0.0016015335001052502
10760,0.0005961930487895817
10761,0.004577270461637651
10762,0.0004261756548742341
10763,0.0013537792545643555
10764,0.0008855536544593621
10765,0.00025803537485063376
10766,0.0006832425901969296
10767,0.0020225347474594423
10768,0.0018447632498025037
10769,0.05766272536240752
10770,0.0010618820073223017
10771,0.0005756943089732579
10772,0.024590042332784563
10773,0.2415980384637137
10774,0.01737007854737339
10775,0.0020536727529827975
10776,0.0003732660411133926
10777,0.006022530331691955
10778,0.01693203788589516
10779,0.11329205153717349
10780,0.019309987263363842
10781,0.0014647941375720733
10782,0.0001858682136556432
10783,8.262212897446314e-05
10784,0.001292215985380361
10785,0.010246531577130201
10786,0.005251520822514776
10787,0.003819325566632631
10788,0.04606532142511462
10789,0.03528120596945131
10790,0.0011715443168767653
10791,9.461131389179002e-05
10792,9.770118391407462e-05
10793,0.0028009839287400653
10794,0.11956716583470368
10795,0.02161349391680621
10796,0.00019102776185412387
10797,0.00023047786286450512
10798,0.004956079623443697
10799,0.012906905178269347
10800,0.0069039849190130195
10801,0.002146267910414828
10802,0.0013805541620285841
10803,0.18504417419096758
10804,0.013146919035997795
10805,0.0013349275859098197
10806,0.004285488869836244
10807,0.006536018061530138
10808,0.004915814154297287
10809,0.054420731730508876
10810,0.01884718160282304
10811,0.012823621706580645
10812,0.001877515302638341
10813,0.003843144892281492
10814,0.010546690783364517
10815,0.00602508944831637
10816,0.000295880033474478
10817,0.0001004081795425776
10818,0.007590210721286167
10819,0.0002847387226181194
10820,0.0003320966517620568
10821,0.0002921766205153269
10822,0.0005756954873990421
10823,0.015705303864392638
10824,0.03956684798392765
10825,0.0024125941737730967
10826,0.0010741002785841034
10827,0.0037768321001664623
10828,0.004798485974989129
10829,0.0024002283201034493
10830,0.010154275852672298
10831,0.00532790502973992
10832,0.015924486336138903
10833,0.008762738317922441
10834,0.0007845774763102057
10835,0.0047221382285636245
10836,0.011683817339359514
10837,0.031393790379198594
10838,0.03332945168233349
10839,0.0023067681741136014
10840,0.04980898163013512
10841,0.034785020635891555
10842,0.17701588055140957
10843,0.021071250535864665
10844,0.002955461011482842
10845,0.05405277535474815
10846,0.002608134274581758
10847,0.024721200017318343
10848,0.11834330045354921
10849,0.018841678758885736
10850,0.005622369009610458
10851,0.009217802637300305
10852,0.00020185242941257956
10853,0.002171585673995266
10854,0.0011025559280883888
10855,0.001903381491111365
10856,0.0004427739612278941
10857,0.0005609458110655705
10858,0.005419650834656283
10859,0.015534166330914869
10860,0.00010624571719835254
10861,0.015309832406300605
10862,0.004382580781897571
10863,0.00919327435826735
10864,0.011286906070491967
10865,0.0029855637771773504
10866,0.0009147841549710645
10867,0.0020938094712157195
10868,0.0002462807232273824
10869,0.00053990739121312
10870,0.0024958388956139465
10871,0.08065504245956626
10872,0.0003417984439071952
10873,0.09158966228815078
10874,0.0014136767907395942
10875,0.010078232072724994
10876,0.0020027685947438074
10877,0.00048403811078126817
10878,0.00019052238430795787
10879,0.0015964490245185701
10880,0.020165570075462987
10881,0.0018912607899666835
10882,0.02531815024367331
10883,0.0010059081877249669
10884,0.0001307448542501913
10885,0.19335595004586734
10886,0.0004563741947557243
10887,0.03245395704042557
10888,0.004583277623823367
10889,0.008359197891811464
10890,0.0002060338089624132
10891,0.06924415200259021
10892,0.004126892679191098
10893,0.023898622282661267
10894,0.00011874294510682759
10895,0.0001659457631043633
10896,0.00026930370900695594
10897,0.00027279949021145623
10898,0.03525625849606695
10899,0.1205356924715088
10900,0.002754447063289601
10901,0.015281322197437714
10902,0.0055443663272348575
10903,0.002358739509957146
10904,0.014721931985559742
10905,0.022854231300651538
10906,0.034751235625945225
10907,0.0014384433998821734
10908,0.0008311025283661101
10909,0.04415249014229931
10910,8.570256858952673e-05
10911,0.002183048124188787
10912,0.004190292283792909
10913,0.0007823731415794454
10914,0.005015134360747672
10915,0.048188346046187686
10916,0.00021957864325450506
10917,0.046238626484114295
10918,0.0008793736674565821
10919,0.011096776187938483
10920,0.0026756583629846723
10921,0.0071935817803165415
10922,0.012226880185242315
10923,0.00029780302083484136
10924,0.052533497480901775
10925,0.004165352658025095
10926,0.012433712164916328
10927,0.00011708653391070355
10928,0.004000154124821081
10929,0.01634290438680466
10930,0.024404330510089778
10931,0.0008961004660657093
10932,0.001504138730941498
10933,0.0008879662892489239
10934,0.0035820022590306944
10935,0.002792425661342168
10936,0.00027594977757545807
10937,0.0010885413326382268
10938,0.004665928275893766
10939,0.0009309231753124489
10940,0.003973159910244358
10941,0.0042410279311873465
10942,0.0036410287913528606
10943,0.009637688714944017
10944,0.013163250385779932
10945,0.002725284509510188
10946,0.0047790152591355665
10947,0.0001129339023630724
10948,0.011795315761289608
10949,0.07119222443921781
10950,0.0032336475359039307
10951,0.01305106905815648
10952,0.048229091032247685
10953,0.053326889483225295
10954,0.00024860473568234326
10955,0.000531820872400644
10956,0.00799108911191406
10957,0.010561673869192196
10958,0.002091736912994626
10959,0.02549667741902397
10960,0.0005893725137109244
10961,0.00011416585785173967
10962,0.0002691831253467711
10963,0.008830292774423746
10964,0.0018239974225450922
10965,0.007709729179790481
10966,9.978762120509329e-05
10967,0.44764929084531285
10968,0.0011905855592950067
10969,0.019952233783599088
10970,0.0025940364571667486
10971,0.006898384383356558
10972,0.015581473162153086
10973,0.002195910745157737
10974,0.00023237099793263128
10975,0.012901780221377671
10976,0.02078433714541044
10977,0.04309504941581307
10978,0.005875885424277921
10979,0.9933668962242612
10980,0.0028231526541539925
10981,0.025199302225897998
10982,0.0029056436948777134
10983,0.002247303166021256
10984,0.022077668066992146
10985,0.008058534543559459
10986,0.001014240899294427
10987,0.0056721511800729854
10988,0.002216665797102703
10989,0.001976060366614272
10990,0.00139964380835918
10991,0.02953941139420629
10992,0.006395309011718733
10993,0.00010391636598319691
10994,0.1885930359716576
10995,0.0005879778913615742
10996,0.044064965404645814
10997,0.028016864848432882
10998,0.032235701004433785
10999,0.0002667340039298782
11000,0.00044401114271114977
11001,0.9891632336814321
11002,0.013132457964573541
11003,0.0019796178610594815
11004,0.00022839568501708103
11005,0.0007905563034289712
11006,0.011369455301430239
11007,0.03451705396596274
11008,0.005936069221875895
11009,0.007821311622378247
11010,0.049758205587040034
11011,0.01086474201592382
11012,0.0024342130302508025
11013,0.021805934552673503
11014,0.0002446824795252844
11015,0.00010423828696835156
11016,0.01662013266272181
11017,0.0005599662515872809
11018,0.004093560122233311
11019,0.00010048850770588308
11020,0.005088676248755822
11021,0.00039480074042529936
11022,0.00016590007192219007
11023,0.00020948540267835705
11024,0.012311073866657854
11025,0.016628932978739235
11026,0.00010408994462814209
11027,0.009835557998303069
11028,0.0008696299242664415
11029,0.002399162776658308
11030,0.0031760329495732335
11031,0.00202246448980598
11032,0.0035186015877498996
11033,0.3356873786666004
11034,0.00011519155662888888
11035,0.003951748177839373
11036,0.006410871274480354
11037,0.0002367255852864451
11038,0.002336331275012066
11039,0.0033903612087569394
11040,0.00032100326112741737
11041,7.905659248175345e-05
11042,7.51801423067597e-05
11043,0.005850110209990552
11044,0.0007849042280663947
11045,0.00022690549021379608
11046,0.045226336597228696
11047,0.005751222137944845
11048,0.004603647608499576
11049,0.0023030832806046997
11050,0.0005644510428243478
11051,0.0007418920306549824
11052,0.11476034577988732
11053,0.011544702152206782
11054,0.0036063327112313037
11055,0.047497283714626505
11056,0.039354902679137646
11057,0.0030605776747117622
11058,0.00010713704755394417
11059,0.0035666985924150646
11060,0.004622060738761396
11061,0.05583323350959685
11062,0.0001938661174131933
11063,8.628761591033946e-05
11064,0.002896485831248282
11065,0.006235068956947277
11066,0.004011087952272388
11067,0.003212445786636829
11068,0.007074413070058887
11069,0.058254372256115905
11070,0.014096302410514518
11071,0.08173492579032644
11072,0.0018149767805534858
11073,0.011667133653911024
11074,0.006084266519611741
11075,0.004168909862873993
11076,0.05713677703074683
11077,0.00029895688973934266
11078,0.0006373827121801568
11079,0.0103280119142034
11080,0.0004862728304406304
11081,0.0003004975369902555
11082,0.004532991025668151
11083,0.004596774700710881
11084,0.0002940154611794741
11085,9.160799067045675e-05
11086,0.003225314972501253
11087,0.0074022330334236955
11088,0.0609661423534532
11089,0.006575115118097496
11090,0.007942122489973759
11091,0.013198544178691651
11092,0.0017194057628008932
11093,0.01460773295010724
11094,0.002782730853111827
11095,0.000249530645805719
11096,0.02684270190850526
11097,0.0016287555489030118
11098,0.0031349351545677095
11099,0.003759400484090466
11100,0.0013760743702259512
11101,0.10658598148929832
11102,0.0014390971059467428
11103,0.0023268289010367257
11104,0.013715545985280282
11105,0.0023315353545184125
11106,0.00984571158097838
11107,0.003260808010440994
11108,0.06215930756728939
11109,8.867714897883925e-05
11110,0.011438591042487057
11111,0.003330349500319593
11112,0.01060236353101928
11113,0.0005558787786591307
11114,0.0005853087964398093
11115,0.0054628190205356095
11116,0.003545877761215389
11117,0.1405665044482131
11118,0.0018857347101265075
11119,0.02383054832478778
11120,0.04033365380726405
11121,0.0001853936659856276
11122,0.004984812245828759
11123,0.0015873657973436792
11124,0.04695072282922147
11125,0.23038820927088355
11126,0.012125742001637616
11127,0.07956298132036377
11128,0.1044535583138276
11129,0.0006549496552166444
11130,0.00120981333761999
11131,0.0022273451213331652
11132,0.0034280205790712223
11133,0.07804320684829433
11134,0.0021857228769698762
11135,0.007858098035111963
11136,0.05095453659328294
11137,0.0016093708197987369
11138,0.0002043103872836426
11139,0.00048650070552842703
11140,0.005260827325818656
11141,0.007325265114868817
11142,0.003480889849177936
11143,0.014418747442882806
11144,0.01607882711128617
11145,0.003035550734181747
11146,0.001988102810214983
11147,0.07378711637637096
11148,0.0004623635375679308
11149,0.0028158345925977353
11150,0.001977075012544134
11151,0.005978128309036596
11152,0.022767486891846708
11153,0.003456178431414702
11154,0.1055030623035928
11155,0.00013827759990829672
11156,0.04594299818459514
11157,0.0004784517356370089
11158,0.001603315142812199
11159,0.021654661284479623
11160,0.00033734623745368105
11161,0.00010631733667710669
11162,0.00011157451075654509
11163,0.0005437415267669684
11164,0.0012391038228242997
11165,9.508008530525176e-05
11166,0.007523467556409774
11167,0.0026033443807737767
11168,0.0008011859373313359
11169,0.0006099457381727391
11170,0.00010642196813743948
11171,0.07433112273977532
11172,0.00019854810268277447
11173,0.0006363925119778446
11174,0.041720097648050146
11175,0.0004745571645793206
11176,0.0010500742192230033
11177,0.00011021080468444147
11178,0.0021695022020794476
11179,0.0002668632871787287
11180,0.00048514500875469985
11181,0.0010701567635505317
11182,0.0066154197339601565
11183,0.08793304163759876
11184,0.0005962590603811941
11185,0.0002749971509172217
11186,0.031543518162960985
11187,0.1435442464327489
11188,0.00045733064186807853
11189,0.0009238637587076508
11190,0.00022616131386055273
11191,0.06838686872956942
11192,0.0003006636963385283
11193,0.0003309438938409279
11194,0.0016073483958915264
11195,0.037698966218143386
11196,0.0011234121098170572
11197,0.00015172061258090055
11198,0.0011795744072443592
11199,0.02236999674526251
11200,0.0016769446316182476
11201,0.0006746483619016344
11202,0.042516504568070594
11203,0.001381072288193694
11204,0.0005596600266578051
11205,0.0037713681983270126
11206,0.06481338628734148
11207,0.00018806915063300015
11208,0.00029464124114565374
11209,0.026727367816818615
11210,0.000551181311226049
11211,0.00011703569312843111
11212,0.00204512828460161
11213,0.00026309767771604084
11214,0.003962889254766244
11215,0.005017978133471186
11216,0.0006392357365120392
11217,0.0003800488583289356
11218,0.004731841062085731
11219,0.001961883255860801
11220,0.008975397124651152
11221,0.08494042230055081
11222,0.0027064080953543438
11223,0.004522459546520401
11224,0.0012516951954469632
11225,0.1642697595214796
11226,0.02262837293807611
11227,0.0009260850089801133
11228,0.00030414681107346407
11229,0.22092563798582057
11230,0.0001990044034022294
11231,0.008385522106583703
11232,0.023053240041673917
11233,0.002692343310210081
11234,0.0030018317864182542
11235,7.367302129546429e-05
11236,0.0007833614075509914
11237,0.009100552405728492
11238,0.004313535976818797
11239,0.004335010551425191
11240,0.0012679306205855643
11241,0.0021304023836913625
11242,0.00208097890115706
11243,0.004879407451253855
11244,0.0002493130181440464
11245,0.0003694275731976591
11246,0.052617079198987865
11247,0.00803648615667794
11248,0.004442409920827301
11249,0.059936381704435014
11250,8.776436234640876e-05
11251,0.002584207719396188
11252,0.002382439700467613
11253,0.04146269921739981
11254,0.010800803129771839
11255,9.834792068173762e-05
11256,0.0033282501975676663
11257,0.01437016156518547
11258,0.0030944194711571933
11259,0.11746368576015026
11260,0.007975712827239858
11261,0.020741535940348197
11262,0.007710923304400458
11263,0.0002635139561315181
11264,0.0004410448654515276
11265,0.005579170021348325
11266,0.02841553201211346
11267,0.031204263181669283
11268,0.034880821483424335
11269,0.0010791546835630572
11270,0.0017021554118828203
11271,0.04973497163882013
11272,0.08841080363753853
11273,0.0018935998946815885
11274,0.029083692947148264
11275,0.00420696645838318
11276,0.008008659258817311
11277,0.006830756256510708
11278,0.02033905256232493
11279,8.059810818530356e-05
11280,0.02534942026376567
11281,0.14747609083096613
11282,0.00033838419424140633
11283,0.0031737319795655345
11284,0.0026286785958413816
11285,0.007120522115594276
11286,0.00018905963300220666
11287,0.00456726205675514
11288,0.0009574679011025002
11289,0.0019055535257352318
11290,0.0003743038143171388
11291,0.004918449030375265
11292,0.00019134222893428947
11293,0.003560885294345881
11294,0.0058356790370426015
11295,0.00011228321683183287
11296,0.00010957200274992441
11297,0.002781617924192211
11298,0.2674858703071463
11299,0.0042470677019952295
11300,0.013865712986817613
11301,0.3310109997109838
11302,0.004829506308556405
11303,0.010838214448693696
11304,0.004432591939076444
11305,0.0003055437507700334
11306,0.012123348873712522
11307,0.015612792125159723
11308,0.000486252133592172
11309,9.658203497031021e-05
11310,0.0041250542565543225
11311,0.039336454124637335
11312,0.00269439273177051
11313,0.00013359803527092078
11314,0.0001264289622946213
11315,0.0007459318203641024
11316,0.0023036332794016024
11317,0.0030452026973580575
11318,0.0002406291426359505
11319,0.008783248248723674
11320,0.0063182441044353065
11321,0.0033690588450832294
11322,0.01188832809594846
11323,0.0008321573046633214
11324,0.03401792122885419
11325,0.00011435818611459785
11326,0.15064525228426423
11327,0.0009172119181656487
11328,0.0023196534021358993
11329,0.013964752272338399
11330,0.00024246860876170069
11331,0.005312738209124842
11332,0.009011459190893537
11333,0.002905240195954677
11334,0.0038878716690444524
11335,0.0038743749052829743
11336,0.003625230508003455
11337,0.29869793348515594
11338,0.01787148905459422
11339,0.008231605948917661
11340,0.0011082442224631425
11341,0.007668384259640573
11342,0.00015636340933135586
11343,9.720691142726527e-05
11344,9.811524522827992e-05
11345,0.0032071483388514672
11346,0.011209372468367408
11347,0.01147400542185746
11348,0.002256833155476069
11349,0.0026684678404224754
11350,0.008738830483483638
11351,0.13883483989367718
11352,0.008857585492749826
11353,0.01237939620855141
11354,0.0040971622054096065
11355,0.027424965783515977
11356,0.0034061078655955412
11357,0.0038522853177389415
11358,0.00475974095461273
11359,0.0024208847046438766
11360,0.1260558292343857
11361,0.0005791044457480558
11362,0.004947108407552494
11363,0.0017531854111827326
11364,0.0035832271730877057
11365,0.004014445539251867
11366,0.00029404097985704
11367,0.11710539976375804
11368,0.0037341818350174532
11369,0.005073083374778858
11370,0.00013381792693799725
11371,0.0032669649728396593
11372,7.987197811150422e-05
11373,0.005340125322827308
11374,0.003592505517936387
11375,0.0017641704376649137
11376,0.0003724956486048798
11377,0.003419092990236979
11378,0.0004857065524704475
11379,0.002193679003095249
11380,0.00020012282248358732
11381,0.0005438700000884371
11382,0.0005604534779554487
11383,0.003617600389725501
11384,0.016932437597749993
11385,0.008219433275423224
11386,0.00017486059643615374
11387,0.0018292181014076658
11388,0.04179461216550358
11389,0.04028906648783372
11390,0.04139450119436314
11391,0.0038143641126883576
11392,0.00010912397515123334
11393,0.24642961935824537
11394,0.11274824749059122
11395,0.00028144381222969993
11396,0.005068307410086986
11397,0.0133854912897668
11398,0.03651879264824345
11399,0.0005536570390036604
11400,0.0006646803125983221
11401,0.0006032751735202583
11402,0.00044851899666134245
11403,0.004623405647910526
11404,0.20486699795959964
11405,0.055186066661356434
11406,0.0008006437435296191
11407,0.012428111373450184
11408,0.3893162469689655
11409,0.0003431008411033693
11410,0.0021620009618399127
11411,0.0014857964646178055
11412,0.03083758920438041
11413,0.006922548926347203
11414,0.00040139895932424463
11415,0.004673958573623678
11416,0.017440272995525863
11417,0.00019666211995838102
11418,0.0004829874864379647
11419,0.002062077000089013
11420,0.0013804502931508648
11421,0.0002070330841642418
11422,0.008113968218145156
11423,0.005075244906801313
11424,0.008557924861223818
11425,0.00020829633826800943
11426,0.04523154666973721
11427,0.00016283362259352302
11428,0.0024466083481581528
11429,0.001325856251136599
11430,0.03000027772571015
11431,0.00039938576983171014
11432,0.252768077252084
11433,0.0029371361155385695
11434,0.016934034981904846
11435,0.005144559081139354
11436,0.0023005799289689435
11437,0.001111910339330203
11438,0.015660040559474273
11439,0.04298543011110417
11440,0.0015464285878055083
11441,0.04516008578631126
11442,0.0008854866162420135
11443,0.021874847726671788
11444,0.039218153523431214
11445,0.05478095259894835
11446,0.0022371076253045225
11447,0.0005246129046093499
11448,0.03282571647652564
11449,0.0017945180238660052
11450,0.07704815536676579
11451,0.00028093441089099147
11452,0.0015637060284398585
11453,0.07669028408012445
11454,0.0005088333304556694
11455,0.00013836134521015702
11456,0.006075805776047108
11457,0.004132905200396948
11458,0.0005885377180006043
11459,0.0004208582284677675
11460,0.006857674114049091
11461,0.055024540890998556
11462,0.00042873323727154507
11463,0.0007365231535494143
11464,0.015364397752002715
11465,9.871107091529387e-05
11466,0.0008934261552941146
11467,0.0002521744087911041
11468,0.14559967981971073
11469,0.007383165502721325
11470,0.011085338866916455
11471,0.003349630991055433
11472,0.004902835980802112
11473,0.0038013575983690782
11474,0.43726459806600426
11475,0.005642572097043246
11476,0.0039328420688266455
11477,0.002648108538322792
11478,0.002022705280148907
11479,0.0020332773832064622
11480,0.0003161537641614676
11481,0.0032023286051403033
11482,0.023821773576537492
11483,0.00020718681199502479
11484,0.0023452994460475703
11485,0.0003069536273254503
11486,0.2702753371409653
11487,0.00025349134698856516
11488,0.0065691091650229095
11489,0.005658759189112273
11490,0.0008743905620579331
11491,0.002571353356999823
11492,0.006127652761813135
11493,0.0013535778088341784
11494,0.0018082860747186491
11495,0.013547378444401197
11496,0.003931562909429996
11497,0.006664506148127347
11498,0.014692168469294815
11499,0.15207832331163085
11500,0.0031555649328269225
11501,0.010845694812358146
11502,0.0004272193848848633
11503,0.0032354196990732396
11504,0.008463837335090787
11505,0.026737762985324206
11506,0.03999671409946263
11507,0.0029555384588577905
11508,0.00994858370498242
11509,0.0010405800648097885
11510,0.0002937684712596983
11511,0.002741750148701495
11512,0.0021011638161945513
11513,0.0005474373559296472
11514,0.14415848222303942
11515,0.0014170421363528213
11516,0.008487659213392269
11517,0.0037038706028841547
11518,0.0002202608401645503
11519,0.022789851151318544
11520,0.00010363314145591593
11521,0.00018455160878900223
11522,0.0001314370325081992
11523,0.0013807379511021592
11524,0.007943157506576138
11525,0.0002559050206584126
11526,0.016504705897247472
11527,0.0001836404581488581
11528,0.008443590312745356
11529,0.1758166622548964
11530,0.0004655673862377345
11531,0.0003582282175874017
11532,0.00011444615254288388
11533,0.0004657837180848126
11534,0.008783739975427909
11535,0.00030317529825174983
11536,0.00012734809574644915
11537,0.030942959405683153
11538,0.017905328323585424
11539,0.005538366799975817
11540,0.0016483106293052132
11541,0.00011127200550170375
11542,0.0007061373919432384
11543,0.0005211326779077006
11544,0.0009677924242560797
11545,0.0018797087372626592
11546,9.961749190237179e-05
11547,0.01308898927367557
11548,0.0003729547096090347
11549,0.002237065159282906
11550,0.0005123998621389432
11551,0.006131211386943023
11552,0.00010218979419319758
11553,0.01336924346632681
11554,0.0005719364112327057
11555,0.010578186803894175
11556,0.009653756755466376
11557,0.010996011567782328
11558,0.00542998531348964
11559,0.0003985362511428983
11560,0.0003219273719585258
11561,0.036997905057698954
11562,0.002122452807232287
11563,0.432691058494527
11564,0.0009400906204709981
11565,0.9940309349594634
11566,0.0009509819465534582
11567,0.00044271744844457604
11568,0.00018292631450320324
11569,0.0004111018828537821
11570,0.004356593736202034
11571,0.0001179005449793839
11572,0.009620323690622185
11573,0.000734487008424845
11574,0.00020954575356166028
11575,0.06280179731094994
11576,0.0255344534302198
11577,0.0008517432802191391
11578,0.05949243350642508
11579,0.0004061342361960393
11580,0.0007964867252852306
11581,0.0002867575733656171
11582,0.001966797288058764
11583,0.0001446943831238641
11584,0.0025441843042438386
11585,0.00041391389997850255
11586,0.012538821324367528
11587,0.00020806001600009438
11588,0.02595539768196165
11589,0.0035720714595294787
11590,0.00021377831434020445
11591,0.004194069498960952
11592,0.0001966054389737659
11593,0.0003763300047928622
11594,0.019597314915922478
11595,0.18676335610536837
11596,0.0006499755669650684
11597,0.00024070268465529708
11598,0.007044235476988254
11599,0.0005621187424060894
11600,0.006475203953508083
11601,0.00011846506893944944
11602,0.15365598523773075
11603,0.1889931060282674
11604,0.07252700042364883
11605,8.92537030202934e-05
11606,9.474548675343647e-05
11607,0.004114366149804314
11608,0.009196807001398646
11609,0.006159284127622181
11610,0.00010154376664889117
11611,8.467906593755127e-05
11612,0.0002121137137724051
11613,9.95310858605036e-05
11614,7.583788870530177e-05
11615,0.00015524707879730005
11616,9.060288299004654e-05
11617,0.47364524802328406
11618,0.005267600863579591
11619,8.85588342696784e-05
11620,0.006847732822538795
11621,0.025154405250648618
11622,9.409344532931851e-05
11623,0.00018208830842510702
11624,0.0002437163335579376
11625,0.0006939470260863182
11626,0.0004727923514285537
11627,0.00015378611168631034
11628,0.0001489880815666569
11629,0.0004718770829275841
11630,0.021193439890723278
11631,0.0007891904013817273
11632,0.0065728367505695565
11633,0.3070076161865815
11634,0.056800902303699656
11635,0.008331969233311667
11636,0.0002499668463057404
11637,0.0001387170281846112
11638,0.00011828876476414329
11639,9.369118367272584e-05
11640,0.00028847426821265477
11641,0.0047758949443570215
11642,0.046175053636945504
11643,9.197885808043695e-05
11644,0.1902126554868754
11645,0.1674125212188772
11646,8.811816548014174e-05
11647,8.023119806035902e-05
11648,9.912648250068163e-05
11649,7.64464235632226e-05
11650,8.69500186966691e-05
11651,0.002966487750723808
11652,0.0003210502466205956
11653,0.0021700414532993414
11654,0.00010487515242899408
11655,0.00012049323985763934
11656,0.00015631572426879682
11657,0.024412281486182637
11658,0.0001283017126570277
11659,0.00022834616781901588
11660,0.0003151772170837835
11661,0.00012019651254323791
11662,0.022240844053777478
11663,0.00011366185648157735
11664,0.00010729891813638054
11665,0.00010400816218227206
11666,0.00147025763996325
11667,9.37456839885615e-05
11668,0.00021334992123036984
11669,0.00010180856426111132
11670,0.001973325479050614
11671,0.00018189349365201196
11672,0.0003888159628742606
11673,0.00016450069095551257
11674,0.00022089893304747852
11675,0.00031360830041801425
11676,0.0006440878054063948
11677,8.659092118943204e-05
11678,9.222397820879145e-05
11679,0.00023085868730145253
11680,0.00026224100472664765
11681,0.000299985737799407
11682,0.0005688554908563679
11683,0.000242229078813042
11684,0.0004705882513296639
11685,0.0002207415943247788
11686,9.046520830185651e-05
11687,0.00038787627867305094
11688,0.00032680017734514457
11689,0.001471188709443651
11690,0.00016096669381436898
11691,0.00014015137093675989
11692,0.00043443627263268906
11693,0.1714054906132017
11694,0.010624657117330103
11695,0.00011134216772128606
11696,7.364180682992089e-05
11697,0.013066942344822264
11698,0.00012271627488587714
11699,0.009243804611235338
11700,0.0004861485612045592
11701,0.00012962922424576334
11702,0.0002811842353347678
11703,8.964441920918161e-05
11704,0.00760427662476718
11705,0.39737696421353624
11706,0.005832038080014382
11707,0.0001225421410350371
11708,0.00020220037224932225
11709,0.001196286506110635
11710,0.00028713453761962436
11711,0.00043611175430287205
11712,0.00013712352851396445
11713,0.0009134512276625006
11714,0.00044552429288670386
11715,0.00010144500838213421
11716,0.0008264856918668418
11717,8.946045229812346e-05
11718,0.00010734455551526093
11719,8.440083292555424e-05
11720,0.0001242999538551636
11721,8.160609442357267e-05
11722,0.07194572303737574
11723,0.00039423809411648684
11724,0.0006929107078881519
11725,0.0012911420851914887
11726,0.00028877585580458585
11727,0.0004975513025948756
11728,0.00015044263446566738
11729,0.017178995925883605
11730,0.00040435464698576406
11731,0.0008113095310260794
11732,0.003997307224947334
11733,0.02812213092719816
11734,0.013064419378875102
11735,0.06777246628323752
11736,0.00040685856318698697
11737,0.00026295818231584166
11738,0.00036341611711668514
11739,0.00015517452777607317
11740,0.046724540876194896
11741,0.0005674650045151163
11742,0.00013595147534079655
11743,0.00015297656325503672
11744,0.00028604197987072954
11745,0.0004038067578290166
11746,0.0002479513460051062
11747,0.01542131439004506
11748,0.00012027224919813128
11749,8.503123998100934e-05
11750,0.00014319511953638083
11751,0.00013798547525394286
11752,0.00023801133212582803
11753,0.0010476705069886825
11754,0.013839238715032011
11755,0.00012979614354743208
11756,0.00011131668550681263
11757,0.00010363031882543191
11758,0.0001346171020949316
11759,0.1257004677400967
11760,8.723720309704579e-05
11761,8.836067825314922e-05
11762,0.0036559187371672922
11763,0.0006951801388831131
11764,0.00025635413369695453
11765,0.00011627919475640037
11766,0.0003847437748571843
11767,8.350729336573189e-05
11768,0.0013289280478534949
11769,0.0005329083946248305
11770,0.00019958002583137196
11771,7.770760508328937e-05
11772,0.0004083984798629991
11773,0.0001236600641464709
11774,0.00011336936778489873
11775,7.961877183469557e-05
11776,0.0002805255070523194
11777,0.00015728023205256646
11778,0.012432149230060814
11779,0.47967279331633533
11780,0.036798230351136496
11781,0.009447959003614724
11782,0.007785319594811701
11783,0.002478559864357914
11784,0.05056404568085335
11785,0.007933542594564738
11786,8.423660201954165e-05
11787,0.00036555589781081196
11788,0.0033997593868798884
11789,0.0009782441712791192
11790,0.00010657016282056994
11791,0.00036573018327591114
11792,0.00043237967711581057
11793,0.0008350517333796086
11794,0.0026368696586939466
11795,0.0010601270645916796
11796,0.0005650165789312475
11797,0.2787763421372521
11798,0.0004140430604171451
11799,0.0018431576876601944
11800,0.00018204670095573193
11801,0.00013770929443563876
11802,0.0004314232428843389
11803,0.0026721631940110815
11804,0.011954567710491143
11805,0.026279016582859534
11806,0.00011158121096152321
11807,0.0004551320473845234
11808,0.018076795367353873
11809,0.12871277274655168
11810,0.0006317289882883779
11811,0.0002499540441244088
11812,0.00019693129514435098
11813,9.421381852425589e-05
11814,0.00012817538962785321
11815,9.179424096637163e-05
11816,0.033899616225844274
11817,0.020115726164696514
11818,8.032297494060068e-05
11819,0.00026771464449382724
11820,0.00041463838007855803
11821,0.00018783326816398273
11822,0.0001066895642489713
11823,0.00010410714043133389
11824,0.006982998000010005
11825,0.00024324061119330973
11826,0.00031032324581934707
11827,0.007092280658295459
11828,0.0005699240325202214
11829,0.00030871040812193644
11830,0.001913287211206207
11831,0.0002582749939335905
11832,0.015443076528374407
11833,0.00011795756233645774
11834,0.0014856327233643324
11835,0.00019048480391653332
11836,0.0004905115955483839
11837,0.00027972635768665514
11838,0.00015215321345942763
11839,0.00011662591999007192
11840,0.00020398774289362372
11841,0.002170491992766464
11842,8.765724331449845e-05
11843,0.0020341231238520645
11844,0.000311853441973193
11845,8.936588755948149e-05
11846,0.00043049453762682654
11847,0.00019469110762954691
11848,0.0001180827069121538
11849,0.00013983936745930276
11850,0.00013611088934041955
11851,0.0357047667599488
11852,0.00026042123145907076
11853,0.0031469844954984624
11854,0.0011310856922212083
11855,0.00024676886857868393
11856,0.0003264228280153459
11857,0.00027161597519260853
11858,8.689311769773881e-05
11859,0.00032960317014978877
11860,0.0002476071316620332
11861,0.0001590361072883236
11862,0.00013483011995444428
11863,0.00010990725357401156
11864,0.00047741035072380834
11865,0.00022877603991401695
11866,0.00030485317416383955
11867,0.0006407399733963466
11868,0.06256902695366134
11869,0.003813517739581042
11870,0.06021823813799501
11871,0.0005868413931241048
11872,0.00035530809387525846
11873,0.00025333125646411235
11874,0.00142778141332969
11875,0.00042589856706781715
11876,0.009626965219311964
11877,0.00020726535596306294
11878,0.004222633102690736
11879,0.0001746135828516757
11880,0.0002227228451772524
11881,0.00024064152023899534
11882,0.00010580177525899254
11883,0.01276580037293211
11884,0.04275851244486319
11885,0.00017973919878514277
11886,0.0003296050809721093
11887,0.0015577069244143704
11888,0.029734483641471885
11889,0.14367463553379697
11890,0.07466129806436457
11891,0.0036229377549342663
11892,0.0007430498657228028
11893,0.00010125005789056462
11894,0.00022700947834195886
11895,0.000514306761019526
11896,0.002600750462588808
11897,0.00018775075592223305
11898,0.001321845820340758
11899,0.00012465920598874727
11900,0.00022642473980092557
11901,0.002753388139607715
11902,0.0007219457682733887
11903,0.012497750494662948
11904,0.00031475792440209863
11905,0.00016468436207382417
11906,0.0003705612302831178
11907,0.0006316856189926772
11908,0.0017271526735401705
11909,0.0016978534690400612
11910,0.00027553970660548847
11911,0.0005395589718916655
11912,0.09814794071623408
11913,0.00011940685722287916
11914,0.0001560020714800066
11915,0.047830363751705185
11916,0.00028700497463996893
11917,0.0003575786683310674
11918,0.0001355493306257157
11919,0.00030952842298401164
11920,0.00011537862822795295
11921,0.00017424051744966733
11922,0.0005664374781358955
11923,0.00023125676689313523
11924,0.0003502720428881091
11925,0.00033627964896341245
11926,0.0003140870615380299
11927,0.0009263030324425357
11928,0.00010849517215753143
11929,0.00036214330575565034
11930,0.00018756499766547382
11931,0.013241382919575044
11932,0.008170736289357463
11933,0.0001514553939461427
11934,0.00011150091080278978
11935,0.0005528959448830756
11936,0.0035969182374960113
11937,0.009771229887601365
11938,0.0003678693580349718
11939,0.3378378260732798
11940,0.0008270794927004387
11941,0.0003268491042451898
11942,0.002602375312207287
11943,0.0007187666737215736
11944,0.0028480548852278234
11945,0.00044693285710466316
11946,0.0002197851030855412
11947,0.001592300382724038
11948,0.0020215564187353887
11949,0.003987746945917868
11950,0.00019431485913717358
11951,0.0003927196260084834
11952,0.00010259243631641564
11953,0.010341870163258394
11954,0.0002700339544392464
11955,0.0001139240366552083
11956,0.00020316590430511893
11957,0.0008622131632517833
11958,0.0011153976287781567
11959,8.702673830235328e-05
11960,7.719448103639432e-05
11961,0.0001708549920415397
11962,0.00013515899056004121
11963,0.00031518726402588924
11964,0.04156079803201517
11965,0.002867627963879396
11966,0.00017750276880457765
11967,0.00010744610074272502
11968,0.38887583147265165
11969,0.006398291671551318
11970,0.00019220384632972766
11971,0.011365096624419523
11972,0.23934487015918898
11973,0.0012107677317060527
11974,0.003842707283686944
11975,0.0028009513864621083
11976,8.725220971471914e-05
11977,0.011138021456274207
11978,8.354639031421308e-05
11979,0.00026585656652365175
11980,0.0002880924487687766
11981,0.0003396254443064541
11982,0.00013929701743330649
11983,0.008752355987542237
11984,0.06500753758470296
11985,0.00018767574442470674
11986,0.006528213141969452
11987,0.0007361646586675579
11988,0.0004324543739029086
11989,0.00033029037491197794
11990,0.0006692275705874325
11991,0.010509643793477054
11992,0.0016698876613311868
11993,0.002821133640744694
11994,0.00015743256018436108
11995,0.0008163784179778193
11996,0.00015680126382787104
11997,8.878450592757929e-05
11998,0.011722749026202389
11999,0.002063369981239578
12000,0.0074603179289486335
12001,0.00021610628843653722
12002,0.00035174988558619373
12003,0.0003763519244524136
12004,7.221136954910364e-05
12005,0.00018990949694495506
12006,0.029466167559230257
12007,0.2804372241412349
12008,0.01940807205153702
12009,0.0160140573215273
12010,0.0021926989241408284
12011,0.006047463256038069
12012,0.0011860361887973082
12013,0.0006347767026057314
12014,0.0005451233547254439
12015,0.00015519416029711867
12016,0.00019320130921414254
12017,0.010737666702016348
12018,0.027758904227377736
12019,0.00022612164178604396
12020,0.0011315623105564133
12021,0.03673599587923677
12022,0.006385996154732744
12023,0.00019715302531809177
12024,0.0014242119305064068
12025,0.00011755110913077263
12026,9.877018976755442e-05
12027,0.0008050794087702213
12028,0.00011935973452658449
12029,0.0005192655747023596
12030,0.00012160142418718073
12031,0.9073681031271122
12032,0.00011713206132289976
12033,0.0005190539551605814
12034,0.027582901385827408
12035,0.004383990739722312
12036,8.295673727323665e-05
12037,0.00017031149106997914
12038,0.00011764961004961407
12039,0.00010703980215638567
12040,0.001806192445049024
12041,0.001016183506166425
12042,0.00011713287252514415
12043,0.00014528291958663538
12044,0.03662525834947114
12045,0.00030728728374340047
12046,0.00011492418003360067
12047,0.0002318842422535782
12048,0.00016474855762051708
12049,0.07443403606762104
12050,0.007209097156695533
12051,0.0008887223030592485
12052,0.033149665318984174
12053,0.00039962889723853723
12054,0.00030506024537151386
12055,0.00010811821071845553
12056,0.00015545282266423693
12057,0.0014274151564558526
12058,8.070523608052145e-05
12059,0.00012759308132684677
12060,0.00012354948501614905
12061,0.0003164303361497418
12062,0.00010369721373122747
12063,0.01439190248335102
12064,0.02921901258956556
12065,0.015839602729149062
12066,0.00012131169328007036
12067,0.0005443590319586081
12068,0.003997483361600979
12069,0.0003313933465878246
12070,0.00032268125093833105
12071,0.008622993252779583
12072,0.0028301433127305357
12073,0.00033942955917420144
12074,0.0004027409940908823
12075,0.007760394441313444
12076,0.1286916824693561
12077,0.06591894587301866
12078,0.00010536640287004382
12079,0.00018952386640641044
12080,0.0003428973478331358
12081,0.007891897434488147
12082,0.0031478179709682023
12083,0.0003310601798663164
12084,0.0003009494860758571
12085,0.0012538478264622612
12086,0.00021771591888350571
12087,0.0004005224630302088
12088,0.0004701961531665505
12089,0.00020939712521152266
12090,0.00026018713345542655
12091,0.07546985193607436
12092,0.0007436546638469213
12093,0.005649953566444453
12094,0.0003138864293843522
12095,0.00021310848002279966
12096,0.0004546812711877655
12097,0.06451825841167777
12098,0.04243889439203457
12099,0.0005359495799664225
12100,0.0002358740072647556
12101,0.0004806928875720477
12102,0.0002967272125771161
12103,0.000394268459098997
12104,0.0019750999279045
12105,0.0012564867989835393
12106,0.030867278218101882
12107,0.00024501122412753473
12108,0.021884506134671234
12109,0.032764021306883315
12110,0.007120738630518389
12111,0.0006905295171191463
12112,0.0023152181852002978
12113,0.003384334505730477
12114,0.0038120839725041197
12115,0.005960696239005409
12116,0.0018591015244458847
12117,0.007215273087183855
12118,0.0009762521535412085
12119,0.0030584330489861044
12120,0.002117975449916292
12121,0.0001793899017444057
12122,0.002471886723132031
12123,0.0004517350150536742
12124,0.0002182123349983976
12125,0.04676031982685054
12126,0.01789701383788122
12127,0.0010318162757868164
12128,0.00019023798415401382
12129,0.0016881021246786445
12130,0.0001244130310977192
12131,0.012588188676337793
12132,0.002641790630027673
12133,0.00027177333617565166
12134,0.0036412476087054903
12135,0.00231631625574066
12136,0.0025149368038555634
12137,0.008865833665210092
12138,0.00028261970552379305
12139,0.0006131893975755863
12140,0.000718191475379247
12141,0.0001217170496988106
12142,0.00010701936428703448
12143,0.00012116220941398896
12144,0.0003316484688577834
12145,0.00022689567292623393
12146,0.005155923589221688
12147,0.011481469778599452
12148,0.0009173557021582655
12149,0.0005086502167697861
12150,0.07786232697854514
12151,0.008879185341269665
12152,0.0002807183872330817
12153,0.005327666304317921
12154,0.0004852575151504368
12155,0.018485289958665208
12156,0.00011913553947251035
12157,0.0001541607693170314
12158,0.0002358104712869184
12159,9.553600115721814e-05
12160,0.00010936627326685428
12161,0.0011058396100554323
12162,0.0005154631508733451
12163,0.00015248978434899947
12164,0.007361554274414881
12165,0.00034098248945924276
12166,0.03425758296476936
12167,0.08085925887214904
12168,0.0002379891481863032
12169,0.00017389250481525937
12170,0.00014581985156700934
12171,0.0042267977388506
12172,0.12432014154504853
12173,0.008169479269472868
12174,0.00024676828854289543
12175,0.0006968497032165157
12176,0.006690375221259293
12177,0.005786721027575443
12178,0.0003240059331549781
12179,0.12222353131521324
12180,0.00016793190425865574
12181,0.0002631503623381913
12182,0.049844259134670735
12183,0.002014450793401551
12184,0.00027672248401628666
12185,0.00011203848822214579
12186,0.00057023980942988
12187,0.0012751646913330358
12188,0.0016841820656410733
12189,0.00025564252468295744
12190,0.01828497171235048
12191,0.004938942951152731
12192,0.002416181798094173
12193,0.0003847365880301943
12194,0.00023560823975609662
12195,0.00021851170312872967
12196,0.00031046643593612554
12197,0.00950402918650719
12198,0.0002148788253260104
12199,0.008120695508716766
12200,0.00028803299518460424
12201,0.00018887420339892152
12202,0.0001233307392742726
12203,0.1117688591874855
12204,0.0001339116167048291
12205,0.030771277722511987
12206,0.0005498419507847449
12207,0.09653990057899695
12208,0.04468075156565971
12209,8.21729351248391e-05
12210,9.195927133302952e-05
12211,0.00010077252941917108
12212,0.0009276690235061233
12213,0.0001788196555967118
12214,0.0010862883890429783
12215,0.00018629757027550437
12216,0.00023640543301713487
12217,0.000294782880934602
12218,0.3830407705040224
12219,0.0004751415041756264
12220,0.002564150011416367
12221,0.00015353305796289031
12222,0.006097579128057632
12223,0.00011681077079513878
12224,0.0001873281776299676
12225,0.0002546537776539346
12226,0.0004282943401391853
12227,0.00013317977216800093
12228,7.526375537060217e-05
12229,0.00022336784588763135
12230,0.004558640418421754
12231,0.003583466284304212
12232,0.005306305597373815
12233,0.0008220766529931097
12234,0.022460318338662567
12235,0.00010105964892015627
12236,0.0192133390601041
12237,0.06424660212405056
12238,0.0004461987578179182
12239,0.01717792914143188
12240,0.0013414357492511663
12241,0.015687178411712323
12242,0.000787281916965189
12243,0.0004638799956930165
12244,0.00015353784383601604
12245,0.0008234894126304568
12246,0.012574712168734715
12247,0.002440905049040203
12248,0.00010968997342327464
12249,0.0076477826327198935
12250,9.37846246716393e-05
12251,0.24116983110485815
12252,0.05186238965455814
12253,0.00028216273305450146
12254,0.00029433822649602425
12255,0.00042089073838172896
12256,0.0006257163436597301
12257,9.521675447937683e-05
12258,0.00016926496381506871
12259,0.0014135219266012493
12260,0.0188538965373535
12261,0.003627985325894887
12262,0.09686745450105884
12263,0.0012030663798483776
12264,0.00047192507997988187
12265,0.007482597334791599
12266,0.005862043449580662
12267,0.00010250016028414187
12268,0.0003209487625549993
12269,0.011132799778138565
12270,0.00042110346167461524
12271,0.0068268160611903795
12272,0.01328898748646689
12273,0.0011649076903274744
12274,0.5723200752197696
12275,0.00021962163674432017
12276,0.00041995936644613377
12277,0.0003499613904716889
12278,0.08596810272939835
12279,0.00011437097569115344
12280,0.011167199599919977
12281,0.006897837110354636
12282,0.00014432781643713375
12283,0.0003663031567570158
12284,0.03346057462190648
12285,0.01829553374632947
12286,0.05720191249572232
12287,0.010032613939872159
12288,0.0002313732752324065
12289,0.0007396289024008888
12290,0.0026014383287009486
12291,0.02008620868713377
12292,0.22684983667042216
12293,0.24038763149791503
12294,0.0004563450323301903
12295,0.001908759464015932
12296,0.00011678127022582526
12297,0.00010436908345518404
12298,0.002523805533797494
12299,0.00031418326605060765
12300,0.00020384480915698188
12301,0.005031187233144131
12302,0.00048177216924996457
12303,0.0005171847179427648
12304,0.0003587207786501427
12305,0.00012815411220887737
12306,0.0052273039125104335
12307,0.0004610591541331948
12308,0.00034713686392835556
12309,0.00037283365843103613
12310,0.000286616210088395
12311,0.00041455260662889067
12312,0.001227215531790895
12313,0.001055336972585625
12314,0.00044154866762706257
12315,0.00015620945197791767
12316,0.11786057450568521
12317,0.0003214018294630703
12318,0.0022084712189157922
12319,0.00010346971571213955
12320,0.00011831944986238373
12321,0.00023068186611504215
12322,0.000344234877237152
12323,0.00024319727870701543
12324,0.0015436408171894433
12325,0.00037314779176754654
12326,0.006213004299461132
12327,0.0006181658129663072
12328,9.08968377158243e-05
12329,0.00015560127803421883
12330,0.00032071248819792053
12331,0.00010769434600028397
12332,0.016790036922680877
12333,0.0005540411375639176
12334,0.03128942935822496
12335,0.00032499315763765384
12336,0.0004007588081267755
12337,0.005403904040311555
12338,0.011086439630360575
12339,0.0002353999680741326
12340,0.0005415953575530419
12341,0.00039771903488737656
12342,0.00022245060091599487
12343,0.006963303599413
12344,0.00033757696993174903
12345,0.0023498364058172514
12346,0.0166087030792933
12347,0.00034746694942963744
12348,0.0004408074138804516
12349,0.00015326552870416216
12350,0.054653730147499364
12351,0.000136994264653123
12352,0.00022636112375823842
12353,9.646618569116895e-05
12354,0.00030269474152094225
12355,0.004807099495630565
12356,0.02428727548380231
12357,0.038331650153917644
12358,0.0014412236092520363
12359,0.00010466232717325542
12360,0.006210623170344128
12361,0.0006072082771160846
12362,0.00027524724415166064
12363,0.0003374297200678932
12364,0.0005599888448140338
12365,0.01861926431245348
12366,0.003484333556823635
12367,8.549859175034e-05
12368,0.0002895348921053071
12369,0.0012506900547241072
12370,0.0004419664647100704
12371,0.0016848138327281148
12372,0.00025819171624483743
12373,0.029349065175920053
12374,0.0005017213819821606
12375,0.008925865642689452
12376,0.000235483988369645
12377,0.0006323844241085305
12378,0.0003099265298301611
12379,0.00013507260419651112
12380,0.026851863622187163
12381,0.053946691346683714
12382,0.0003087445656557039
12383,0.0027699031489621696
12384,9.87590929348823e-05
12385,0.00016695951370992873
12386,0.00016678489720271613
12387,0.00010181752581993161
12388,0.011573189562930207
12389,0.015805908703694794
12390,0.011969577363547269
12391,0.005585318279350428
12392,0.05510346629159124
12393,0.02061476471884939
12394,0.0025620248785886046
12395,0.020620097336929398
12396,0.00229618997414379
12397,0.025002817594270144
12398,0.013542573332922305
12399,0.000438331993218231
12400,0.30190802483066453
12401,0.00039316819888261453
12402,0.0005871021458241698
12403,0.03821226159687325
12404,0.0004919574621177084
12405,0.0001326209011695362
12406,0.0026465679847059924
12407,0.00035914115473870145
12408,0.01147943320998595
12409,0.0005581996359291194
12410,0.0002578598079474326
12411,0.0002483017019336669
12412,0.0017908278295337033
12413,8.06055305594259e-05
12414,0.17525799132905678
12415,0.01270559124027552
12416,0.015703727274799975
12417,0.007127428328679509
12418,0.0001154015362680925
12419,0.00013236362521298548
12420,0.00033128547370569724
12421,0.002846373894842684
12422,0.0012224817189362344
12423,0.00033985043792297923
12424,0.012744749376419694
12425,0.013140880196148086
12426,0.14358228918817317
12427,0.0010577038265935075
12428,0.061081622320838955
12429,0.0003265431208948031
12430,0.06138478801126982
12431,0.0005112406372864496
12432,0.00010203561935610233
12433,0.00013403759916534862
12434,0.1444165028306251
12435,0.0005034183423886268
12436,0.007635442890357429
12437,0.0011243573235425724
12438,0.007128785150466072
12439,8.2016776134994e-05
12440,0.00013531590686356525
12441,0.00040265876789024555
12442,0.39692248335648045
12443,0.0001562692000814132
12444,0.0001277760875962007
12445,0.03724302363221072
12446,0.01515594208717033
12447,0.000519956979193814
12448,0.00045296081510920173
12449,0.028480631285823173
12450,0.0005624441972701247
12451,0.0436127642353646
12452,0.029849899891538776
12453,0.07407258137241157
12454,0.0014414424641396178
12455,0.010441326861619417
12456,0.008844417504347675
12457,0.010160753479338498
12458,0.0011361607066914213
12459,0.0032438844773105885
12460,0.03131798291634414
12461,0.003209308302468538
12462,0.0028151635689114547
12463,0.00416871461958426
12464,0.0001930549814822986
12465,0.00022476177449739485
12466,0.00017631483635195024
12467,0.00025160777438245247
12468,0.0002753570129629112
12469,0.00176425781798755
12470,0.002736353987740551
12471,0.00015262257434345421
12472,0.07125168347091901
12473,0.00015702258006382197
12474,0.028805679152458016
12475,0.004323699646518031
12476,0.008119244745469616
12477,0.0003383299806739758
12478,0.03442503775896304
12479,0.0009249080770625412
12480,0.03417290141115507
12481,0.00028314893214713725
12482,0.010103658801993955
12483,0.0003083410848991532
12484,0.00033368010273004316
12485,0.0002547246815023753
12486,0.008659415870673893
12487,0.009085063734398928
12488,0.0003755970417705436
12489,0.017078015772807785
12490,0.154313716093764
12491,0.0001509524047017273
12492,0.0002604965384728712
12493,0.00045459212716844133
12494,0.0003703305130692302
12495,0.00029468448550994526
12496,0.0003038764051755964
12497,0.023922052505455954
12498,0.0481111131387721
12499,0.007714169045525277
12500,9.058716123216704e-05
12501,0.25006727115699595
12502,0.0013764158116003383
12503,0.001835786510440626
12504,0.00045157610046101757
12505,0.0005771279788385339
12506,0.00030819417648728206
12507,0.0016377914281806808
12508,0.00028832466051537673
12509,0.05504051883460521
12510,0.01826038513039842
12511,0.00041319089490568354
12512,0.0002781755801625543
12513,0.0003622054861591117
12514,0.00038817309346888396
12515,0.11290489923725033
12516,0.0005114653987751633
12517,0.00043267894959506727
12518,0.00020101707786157643
12519,0.0013789870642626587
12520,0.00369506784187312
12521,0.11073200454925665
12522,0.0001329560349461751
12523,0.00022700961066615398
12524,0.006706355711133175
12525,0.42077070923926435
12526,0.0002962180744718559
12527,0.0003078800115814041
12528,0.0004068062074436727
12529,0.0030056846199993255
12530,0.04956135443895895
12531,0.09354923773948046
12532,0.00017201488438040323
12533,0.00033893651002772586
12534,0.1712848263815128
12535,0.00022835458141829367
12536,0.00022842532447808102
12537,0.00021730543121834737
12538,0.00010019198920856858
12539,0.03899390838767602
12540,0.0007468568025638985
12541,0.0004082935596590314
12542,0.00047478201402373897
12543,0.000306663652492603
12544,0.0008194699366166568
12545,0.067626195363373
12546,0.00012517720686716874
12547,0.0005515206234505183
12548,0.00021446973998820543
12549,0.08168802281270265
12550,0.07323274890951106
12551,0.0029938340804215756
12552,0.00043945948302782234
12553,0.004895421600061181
12554,0.00011725174663778975
12555,0.0006406332129745212
12556,0.009051392841920351
12557,0.00026225279956626534
12558,0.00011440946524551928
12559,0.00028608933669342163
12560,0.00028738669855467167
12561,0.0004187107906628929
12562,0.00013694659337368348
12563,0.00033512251502194835
12564,0.012516711628347109
12565,0.001381156284902649
12566,0.00030763522858325357
12567,0.02203575637142837
12568,0.0002461122673813396
12569,0.07371707514314228
12570,0.125562396078435
12571,0.0005689546379555475
12572,0.008891689399703783
12573,0.000506776958699809
12574,0.01073351369792274
12575,0.00013086715624500807
12576,0.0002629849339228599
12577,0.0027059770657064126
12578,0.002062214911835109
12579,0.06727312860987796
12580,0.00035570868695390624
12581,0.0004686044267219221
12582,0.00035485125663238233
12583,0.000223050701731483
12584,0.0004710158724774259
12585,0.0003289015230708996
12586,0.0006985228364988317
12587,0.012161211781552283
12588,0.028526517158134663
12589,0.000288625372028783
12590,0.003409870853184045
12591,0.000176569601137336
12592,0.0006020130976228536
12593,0.0004248364449565603
12594,0.00017690315071573217
12595,0.0035468315616842263
12596,0.00020637665985044596
12597,0.04983636301314352
12598,0.0011124329754462774
12599,9.152671529416783e-05
12600,0.0013407233841580264
12601,0.0027378385408792743
12602,0.16331889038300765
12603,0.008360447460331101
12604,0.0003025046557618112
12605,0.0032220456433508203
12606,9.71324305522563e-05
12607,0.00197529412335558
12608,0.0009269569098531578
12609,0.004416829369664055
12610,0.0003058243733697258
12611,0.00035812036363436873
12612,0.0003362396370837031
12613,0.0002989670542775587
12614,0.017678175910590174
12615,0.0032799372951815525
12616,0.0009761662408374725
12617,0.0002132404098088814
12618,0.044762655398979716
12619,0.00043127741477455973
12620,0.00036123190356036016
12621,0.00706274310221105
12622,0.07620184869195852
12623,0.004577156015156223
12624,0.46580175512366107
12625,0.00020401079471851264
12626,0.0004636510010323562
12627,0.5339667182289604
12628,0.00010140662704089699
12629,0.034836376417231786
12630,0.0001928584372464988
12631,0.01273006415749979
12632,0.010488154887292815
12633,0.008222504127665294
12634,0.0013205821241772135
12635,0.04436185774368604
12636,0.0007358524622580032
12637,0.0002135419066856265
12638,0.0002602383254016795
12639,0.00024582766098057654
12640,0.06861259874873138
12641,0.0005529046456825259
12642,0.0001132458288830193
12643,0.0008011605105608111
12644,0.00022129042915362745
12645,0.0003860052190241892
12646,0.00020372930352571846
12647,0.0006957511170857909
12648,0.00026902358257337226
12649,0.002032766580485185
12650,0.0002499377740997437
12651,0.0016924307034480116
12652,0.005592884592737821
12653,0.00838507848300393
12654,0.00024050103018875247
12655,0.0015889327377729182
12656,0.3228330076111728
12657,0.031501378579912954
12658,0.0011459136649131134
12659,0.006371342140796139
12660,0.0037863324687049363
12661,0.0004325910034570066
12662,0.008251702025420471
12663,0.0003165927594335557
12664,0.03120619796119197
12665,0.0002068469279279809
12666,0.0002357760086039821
12667,0.0015627381658173754
12668,0.00021466666950855636
12669,0.011094058349717273
12670,0.00010630075544709938
12671,0.00017583051931902905
12672,0.015495130780458296
12673,0.0015091829969127487
12674,0.006824745024590543
12675,0.00017456600035367225
12676,0.00042432646432835825
12677,0.00024386459139666175
12678,0.0047228425092278
12679,0.001336044363312086
12680,0.0002457648659160618
12681,0.0171193805771844
12682,0.0006932319536604067
12683,0.0002510284988432551
12684,0.0004109761527804229
12685,0.006107642668992617
12686,0.0002662036215803381
12687,0.0018574760040525194
12688,0.0013124776487875636
12689,0.0002579265996644314
12690,0.013399841340814804
12691,0.00019015347711207165
12692,0.0002175586793543039
12693,0.0006167484679789725
12694,0.00020990110955661638
12695,0.025569200965504114
12696,0.00019657329636819983
12697,0.00048505333976840356
12698,0.0001515480377298875
12699,0.00032563889241393794
12700,0.00044470835055693633
12701,0.00043648677268857624
12702,0.001292763447999754
12703,0.0031955561727171422
12704,0.00822795157249852
12705,0.0002930246867668772
12706,0.0006835361835997098
12707,0.00029273238427407087
12708,0.0002578581424279103
12709,0.00010751016864325834
12710,0.00025773314209072634
12711,0.0003984089179615089
12712,0.05264409844388173
12713,0.0001581288825387617
12714,0.00011315552121481775
12715,0.007301734986037857
12716,0.0003590037706877615
12717,0.08262413370754554
12718,0.0008203358835772274
12719,0.00019492073935066233
12720,0.07049062187282305
12721,0.0025252669007024015
12722,0.026527277539799436
12723,0.001111780959302866
12724,0.025131340931501375
12725,0.027794475547258234
12726,0.011703012357192122
12727,0.059720155597458774
12728,0.009038410998808071
12729,0.02253645394594015
12730,0.038089785804558324
12731,0.0007363568671490549
12732,0.0005920924896044784
12733,0.00017453359003608964
12734,0.03933115109693637
12735,0.00013628285427653603
12736,0.0002749981072419374
12737,0.00033797042130341966
12738,0.00048534850764691244
12739,0.00019902086738362795
12740,0.00022892796922148985
12741,0.013940065759224648
12742,0.0001854163022129643
12743,0.0016671603980771127
12744,0.004260602618536572
12745,0.0002732568695633099
12746,0.010676057146592496
12747,0.10844865375867535
12748,0.0001221025401972648
12749,9.938890295685493e-05
12750,0.00010025572813782092
12751,0.00010856532225483893
12752,0.010518388881589446
12753,0.0009103281716590253
12754,0.011600301719212903
12755,0.022579812770013852
12756,0.18881188754475223
12757,0.013085195500490606
12758,0.00024321340905590643
12759,0.059685979324266863
12760,0.004933322882570245
12761,0.0001082722774461662
12762,0.004329054176888978
12763,0.06854031312229095
12764,0.11147494590786054
12765,0.02065977394062181
12766,0.005857228017895298
12767,0.08157108666411705
12768,0.00034558543350984866
12769,0.002904804004605934
12770,0.001926181254802951
12771,0.0015880274259865643
12772,0.04381841014753204
12773,0.00031998522170009454
12774,0.03571071952035857
12775,0.00014216154239893352
12776,0.00021308378186772907
12777,0.0017425144233249373
12778,9.34345759512684e-05
12779,9.353393525865442e-05
12780,0.08892422316257148
12781,0.418815591468479
12782,0.011434448239402793
12783,0.00016428037245050692
12784,0.0008018719929620257
12785,0.00022296522024589996
12786,0.000407783933341785
12787,0.0005825366414811771
12788,0.00020162688834777774
12789,0.022258104506834905
12790,0.00019201026624020786
12791,0.00048177141944753446
12792,9.651767739997671e-05
12793,0.3255127153564372
12794,0.0002499757572028788
12795,0.05605869061812559
12796,8.360677200015e-05
12797,0.0003828171896223597
12798,0.00036712995541381604
12799,0.00010351125175752237
12800,0.006575220215120752
12801,0.0007032843679468661
12802,0.28078048753359836
12803,0.021391168109323778
12804,8.163022004528805e-05
12805,0.00039844209477579056
12806,0.003575834090398337
12807,0.0001279767354460385
12808,0.07416797986626729
12809,0.026927256166706416
12810,0.007594111675635892
12811,0.00020542000144463924
12812,0.00029823591725200985
12813,0.023187440107915055
12814,0.0010169261809743649
12815,0.0022562572552488353
12816,0.2870291246498749
12817,0.00026000678196307563
12818,0.0006690842380975276
12819,9.95904183926047e-05
12820,0.00018903801645885141
12821,0.000203422106423236
12822,0.00035501710849143644
12823,0.03525796041977016
12824,0.0004172147678558223
12825,8.51618537818632e-05
12826,9.682334058994678e-05
12827,0.0015615603591711033
12828,0.00025674317476961813
12829,0.03851508460470738
12830,0.002985693632802928
12831,0.0002658742350519415
12832,0.0003981011998705845
12833,8.815794051850141e-05
12834,0.0008450452291570233
12835,8.955086833390602e-05
12836,0.0009623309292992259
12837,8.029395133552484e-05
12838,0.0008306939372164955
12839,0.0011107476628201198
12840,8.859946025273664e-05
12841,0.00022684619797930185
12842,0.03905300621841636
12843,8.788503002049435e-05
12844,0.007280493927929669
12845,0.008863898414184041
12846,0.00018131797612978346
12847,0.00030205935987417915
12848,0.0006740950749703023
12849,0.00035522969460824786
12850,9.629171457762394e-05
12851,0.0007080081555727198
12852,0.0006386000826775869
12853,0.07669296942177804
12854,0.00018008075508500542
12855,0.00016014739859826423
12856,0.0005602299342708925
12857,0.00011302749766596629
12858,0.00039028711267356526
12859,0.0037718323619144673
12860,0.00010213711029906092
12861,0.0020722380436284595
12862,8.568888274533368e-05
12863,0.00032021895290264214
12864,0.00030744912320003297
12865,0.00012221271291399302
12866,0.0004956042564748705
12867,0.00034084168480407286
12868,0.006555952581992789
12869,0.00036923070036668084
12870,0.0004069087496342396
12871,0.0002009887155056777
12872,0.01088478165276232
12873,0.8811732058800371
12874,0.0013017857954800134
12875,0.00013426581770230046
12876,0.029874386717581122
12877,0.04569620997968305
12878,0.01969137107594263
12879,0.0021547842227052335
12880,0.0002516048500016691
12881,0.00027152431739906123
12882,0.0031163015267747177
12883,9.908830078002645e-05
12884,0.003991989983101829
12885,0.0023448491534937836
12886,0.0009561728064141577
12887,9.946090283799166e-05
12888,9.937500659588103e-05
12889,0.00013860161667787312
12890,0.00139755138677898
12891,0.0001224459227227909
12892,9.083566942974885e-05
12893,0.000856764696078177
12894,0.00019381518368733866
12895,0.0011950138934841916
12896,0.00037450834822379405
12897,0.002211844127961219
12898,0.005138290763765198
12899,0.26415838406266584
12900,0.00025546836374459864
12901,0.001010771344103127
12902,0.0004970362328894419
12903,0.0003059439754028169
12904,0.00017191274471114597
12905,0.00016770434595336008
12906,0.0002497752638824
12907,0.0003083176951539641
12908,0.003919455363998926
12909,0.000218621278598246
12910,0.0003414744823859469
12911,0.0004272397048036194
12912,0.01446330780776138
12913,0.0002452110077236116
12914,0.730264189096019
12915,0.010546025342646932
12916,0.0005833275837451473
12917,0.0024183984050071814
12918,0.0013942872212717272
12919,0.001664638346592989
12920,0.00027471057827557023
12921,0.0002430255510212932
12922,0.01311830386639415
12923,0.00014589764252574084
12924,0.00011924221786559413
12925,0.00016014330200524044
12926,0.03686597659521681
12927,0.00016381751132872344
12928,0.0007136877494299626
12929,0.000394838658497831
12930,0.00019206980446468696
12931,0.00010265100891791753
12932,0.00027207095682347425
12933,0.00018391421885115042
12934,0.0007372945286657871
12935,0.00029395979579965967
12936,0.00043801824915867593
12937,0.0003633224204683773
12938,0.0006625711105141994
12939,0.00021698234943833436
12940,0.0004233729429257559
12941,0.004739007131116458
12942,0.0003246905318253545
12943,0.000385137071043246
12944,0.0005173145758406312
12945,9.547985709589237e-05
12946,0.001016053483470989
12947,0.00035763434726166
12948,0.00036943688634951484
12949,0.0003666605766765334
12950,0.00020398533358428252
12951,0.00218171626434529
12952,0.0003675282416241683
12953,0.00027951967427833054
12954,0.00024330482981458587
12955,0.9668700447879541
12956,0.00039875099848712785
12957,0.001061111249734713
12958,0.006064583778013095
12959,0.0004341211812506603
12960,0.0832837520451039
12961,0.04740252173134236
12962,0.000364300093437276
12963,0.0004247651237772092
12964,0.0003004698568624357
12965,0.0011521590551984843
12966,0.00020064680763140217
12967,0.0005729593820383599
12968,0.00793979236199046
12969,0.00020382163813798635
12970,9.129561201182376e-05
12971,0.0021489835766369536
12972,0.04335178247053787
12973,0.000368949357835685
12974,0.01643398819099663
12975,0.003388284041990836
12976,0.0010769580009519048
12977,0.0004104161061937342
12978,0.00022059496136785743
12979,0.37959196301111486
12980,0.3361808014557338
12981,0.005222373730837853
12982,0.008064549509276073
12983,0.0015705874155291398
12984,8.448288548636404e-05
12985,0.0001694753534742408
12986,0.01688703273340656
12987,0.00023643289768860814
12988,0.0002712827519426265
12989,0.04819527976738235
12990,0.047061062180220596
12991,0.0003069523687670611
12992,0.008360803713479437
12993,0.001994642766042011
12994,0.0002925669938280627
12995,0.0001007091315498049
12996,0.00027901606941835365
12997,0.06049659745822625
12998,0.40021137965600573
12999,0.0005371187825644845
13000,0.017511910073049433
13001,0.09517080083217666
13002,0.0003233348530977251
13003,0.00025678957567956315
13004,0.00033108572735715894
13005,0.0016102435875602753
13006,0.00022839059090630476
13007,0.0002224845679216514
13008,0.10608977864893222
13009,0.0031013479869114514
13010,0.02690584977139635
13011,0.0004536652195505583
13012,0.0003114029496480196
13013,0.0023892907368911185
13014,0.015113272001208435
13015,0.00014261689073941295
13016,8.656338296887594e-05
13017,0.00034175015019840665
13018,0.0004900603124809117
13019,0.0002816899865943087
13020,0.00025214432545410403
13021,0.0003348552742865954
13022,0.00015622634636328932
13023,0.00015901438196964528
13024,0.0002887959576284133
13025,0.0002516150421568915
13026,0.00027553348484685386
13027,0.0003688645251591376
13028,0.0007033777018844748
13029,0.00010244931721585318
13030,0.0012939094854579865
13031,0.00027859131968694436
13032,0.00036429433195131163
13033,0.0004233056472662375
13034,0.001153417637945745
13035,0.015703704584058856
13036,0.23915387628762544
13037,0.0013070687904532178
13038,0.1502972485889787
13039,0.0010533352858423184
13040,0.00013364589224144064
13041,0.0040884755889330875
13042,0.0002510343937169657
13043,0.000492278577469249
13044,0.00045646457480688255
13045,0.002490579488716583
13046,0.00140565795281803
13047,0.0002531247170960793
13048,0.012689844120199132
13049,0.0016437760029748662
13050,0.02614011407006186
13051,0.00042041366903363927
13052,0.04864638530705273
13053,0.00034059917897375094
13054,0.022085308719645584
13055,0.003364184582455888
13056,0.0029294464028197585
13057,0.00038738295009228775
13058,0.0010391450588148011
13059,0.00025604609151050605
13060,0.0008769387262136829
13061,0.6408982075904291
13062,0.00028450102463343786
13063,0.0005586303353830836
13064,0.00020404428244695454
13065,0.0009357680711367136
13066,0.08476041897339365
13067,0.00036851468542056516
13068,0.00026279092282221496
13069,9.848050617013133e-05
13070,0.00012101260247700131
13071,0.00026900579881489623
13072,0.0002759309570791927
13073,0.00024211432214166236
13074,0.008447041710481822
13075,0.0017588196153652026
13076,0.0003017557956151905
13077,0.0046655120713427495
13078,0.0002193889291074318
13079,0.07141745831019036
13080,8.987299045030577e-05
13081,9.446985005754801e-05
13082,0.0006268538874445736
13083,0.0002358470048014543
13084,0.0003386113755193946
13085,0.00035300316132869656
13086,0.009849560509151268
13087,0.000287311186176864
13088,0.0065309133464994
13089,0.00015489300212653424
13090,0.000308430733023971
13091,0.00025812825038961924
13092,0.0001210941230776449
13093,0.11201735533111508
13094,0.0006613115777303965
13095,0.000310070117048911
13096,0.0010824561820991954
13097,0.004100832788231864
13098,0.005007721918386592
13099,0.002408475198709904
13100,0.0004755927979233763
13101,0.00010558383468881639
13102,0.0001028243678847226
13103,0.20284203911303375
13104,0.00016542998708094764
13105,0.0001822193038523587
13106,0.00011258055200956887
13107,0.02588665352384023
13108,0.0036517694628196698
13109,0.00022945145833613883
13110,0.004329770286802075
13111,0.0016662801380136327
13112,0.008676750859922455
13113,0.5982995285997729
13114,0.0006080369224389737
13115,0.0013281453984881817
13116,8.95842017889848e-05
13117,0.0004854492441633016
13118,0.005684824312905765
13119,0.000152199072693696
13120,0.0002853128583804686
13121,0.0003118356579759059
13122,0.002842519941147445
13123,0.00015722639790092947
13124,0.00018312487496955268
13125,0.00027878211148876607
13126,0.011632887917469335
13127,0.00014955100933412255
13128,0.020555952846303408
13129,0.0002478370232197416
13130,0.0002845092324658152
13131,0.016933516426142475
13132,0.38179723895505774
13133,0.053414327650319206
13134,0.06321333381005059
13135,0.0019394632968769271
13136,0.0004489107394958683
13137,0.0009542014822244512
13138,0.00013411781026142637
13139,0.00019568063053732084
13140,0.0006366259975577813
13141,0.0005325954670888772
13142,0.0067268573043807985
13143,8.756822735818458e-05
13144,0.000764377088321108
13145,0.0007832704827408554
13146,0.0002791867087890707
13147,0.003244673166054953
13148,0.014352892480052438
13149,0.00019411622816796118
13150,0.0004133502501812954
13151,0.00039752762482225666
13152,9.187310556904555e-05
13153,0.0008355430617580328
13154,0.0009705542056584827
13155,0.0007109673473905975
13156,0.0026923538597510483
13157,0.00034461627680850245
13158,0.26702642109068025
13159,0.013235964729455237
13160,0.0017803271139505107
13161,0.0015050846850589684
13162,0.00021212328855419268
13163,0.0005875089113045038
13164,0.0005478437718683108
13165,0.000306576322705454
13166,0.00012725431371507306
13167,0.0001921467332873925
13168,0.0009709608196178482
13169,0.0002659519492158202
13170,0.0002688115236382918
13171,0.0002850038510156874
13172,0.00030402070756548126
13173,0.0002786104733818892
13174,0.0021925020991882776
13175,0.00023121856985020491
13176,0.0005463392221329816
13177,0.00033824439628450155
13178,0.0001559644073526226
13179,0.000534679932027785
13180,0.00029228608541148843
13181,0.0003393935484373785
13182,0.0002867824878788885
13183,0.0004526583316800935
13184,0.00031883520908303735
13185,0.23203233529581255
13186,0.034577797533402066
13187,0.0007201159331010305
13188,8.896565836050905e-05
13189,0.00030691982339644034
13190,0.00014036487115224016
13191,0.00010752002716356914
13192,0.00036647648164508316
13193,0.00024547731416134214
13194,0.18495482592261198
13195,0.05930241646026843
13196,0.0002537724571134477
13197,0.0012112156265904426
13198,0.0003743879638722272
13199,0.00023151890809723207
13200,0.006040190422294854
13201,0.0008148767175394593
13202,0.0002477393752223806
13203,0.0003679167689988304
13204,0.0005618820234849745
13205,0.0003750319774272301
13206,0.00010472975944741033
13207,0.004900198538095523
13208,0.0005342365205590876
13209,0.0005807797856542675
13210,0.0021256542130516877
13211,0.00016606471873796164
13212,0.00018014230175653233
13213,0.00047856801575535515
13214,0.1539154407319686
13215,0.0001438203081591698
13216,0.0015751173639028766
13217,0.003008733170240361
13218,0.00033055314159547203
13219,0.000428964980824228
13220,0.006051359401689459
13221,0.010910321925340766
13222,0.001228171640205676
13223,0.00032437286428804344
13224,0.00045988332022759635
13225,0.00024942287078611456
13226,0.0002067528263226302
13227,0.0003835446949178088
13228,0.000160124820426266
13229,0.00038976356251412296
13230,0.0004128112984080081
13231,0.00043792895815370213
13232,0.00035954599346768666
13233,0.0008154654210543225
13234,0.0010195830968486516
13235,0.0006922162251382337
13236,0.020491938773927545
13237,0.00024516479779984916
13238,0.0026249719993038045
13239,0.00029331075251664337
13240,0.10083086731274066
13241,0.0006984948179479134
13242,0.0016857778556355098
13243,0.0022648516256739823
13244,0.00015729945110498457
13245,0.0005668159376121296
13246,0.0006730591084269247
13247,0.0001635941717039971
13248,0.0001818903523453082
13249,0.0004090649554778795
13250,0.002194535519744326
13251,0.0005017668889186589
13252,0.00029743545588298254
13253,0.0007864443945210205
13254,0.00017878470888395455
13255,0.00016700050526389804
13256,0.032752991595575265
13257,0.009596858187259465
13258,0.0001039910747306818
13259,0.0001472169086205487
13260,0.0007499864288820874
13261,0.00032357736250740666
13262,0.002316859946080216
13263,0.0010869750153086652
13264,0.00019210293921355175
13265,0.00014418535640509827
13266,0.0004085904552028503
13267,0.00015084614555030596
13268,0.0008418830530742864
13269,0.06133985343037404
13270,0.0007569200551572155
13271,0.00044405431489183774
13272,0.0009363103160085475
13273,0.0020508524283030898
13274,0.000393777403994373
13275,0.00024769075153517004
13276,0.00033125669869963394
13277,0.00039472117773888866
13278,0.0004410035213487634
13279,0.0003345161042553874
13280,0.0002544103732548816
13281,0.0004019670113212939
13282,0.00013053747859497278
13283,0.0006466427196097206
13284,0.00016978886222863016
13285,0.0015685025586096239
13286,0.0002162173512944715
13287,0.009639324686640778
13288,0.0009808744416392068
13289,0.0007947874849593958
13290,0.0005211081653787354
13291,0.00030650343184221966
13292,0.0002961818547546613
13293,0.0003372998312791065
13294,9.656136002520737e-05
13295,0.002899133664739305
13296,0.0002093769103659872
13297,0.0006946811938917989
13298,0.0003372791104417052
13299,0.00016241848408907297
13300,0.00026373944215255803
13301,0.000469211485561627
13302,0.0004336838794774241
13303,0.00015561142209090845
13304,0.00048538194843507446
13305,0.00013738760599317368
13306,0.0002490397441824806
13307,0.0003930001040566229
13308,0.0018925698539026094
13309,0.009160758702922704
13310,0.00033475904327943127
13311,0.010866718935354014
13312,0.00025246622324966075
13313,0.0002886378541915978
13314,0.0003252646582988297
13315,0.00034416051775947303
13316,0.0001432314193970044
13317,0.00013578983576378152
13318,0.0035829432332852833
13319,0.00026126595122487865
13320,0.00033965429815530936
13321,0.00023429181193497636
13322,0.0006554336040062663
13323,0.0002488836701122821
13324,0.0002514041160072418
13325,0.0003163680140816041
13326,0.0059322007502765105
13327,0.0022522414796732975
13328,0.0005322991713344852
13329,0.00010352857735777719
13330,0.0004088066236062841
13331,8.286082293799653e-05
13332,0.011651673996254322
13333,0.00044718677219039645
13334,0.00017690856587132227
13335,0.00392903785820952
13336,0.00014270025404090523
13337,9.178572366373883e-05
13338,0.09661270336450489
13339,0.00027283243685123594
13340,0.0004280553756431959
13341,0.0015129740901178238
13342,0.00043700758348399576
13343,0.002096408974235368
13344,0.0002786193658027302
13345,0.0002545032080152799
13346,0.00020363977463476316
13347,0.0004227663389831738
13348,0.0501186630450016
13349,0.00038189934242078633
13350,0.0002320097704825266
13351,0.00027586945733759513
13352,0.0001650765166087781
13353,7.578703020955213e-05
13354,9.430380673111517e-05
13355,0.0003242402920905041
13356,0.00044636938092826073
13357,0.00010286439038294851
13358,0.00036555028965210576
13359,9.022283292056132e-05
13360,0.0009229918931556955
13361,0.0004465081383205881
13362,0.00028863623036196506
13363,9.432027452066878e-05
13364,0.0024427011426304867
13365,0.0012480387729149752
13366,0.00015061207275320255
13367,0.00034133253516086193
13368,0.0003838927717046943
13369,0.009426231417817054
13370,0.00028331566897159255
13371,0.00034391666862773374
13372,0.005153198599357973
13373,0.0025286626439397146
13374,0.0004372781926184313
13375,9.788452745429372e-05
13376,0.022009094269837163
13377,0.0008481916652294108
13378,0.03851638311758864
13379,0.00010223652812836133
13380,0.00019341299839000417
13381,9.917480288105616e-05
13382,0.00031808164402030367
13383,0.0001550603198778419
13384,0.001119747302398791
13385,0.0020719645633583868
13386,0.007089118375841757
13387,0.00030396186860204093
13388,0.019636150836913443
13389,0.026738657468294735
13390,0.20070177754932736
13391,0.00023045379978744958
13392,0.0029725017198391776
13393,8.662333325055225e-05
13394,0.0002953358272306474
13395,0.00023180257968231853
13396,0.0001027423282441603
13397,0.00023684988221748894
13398,0.0003629469862577057
13399,0.00014956667205948747
13400,0.00040802791627203686
13401,0.0007079990638855142
13402,0.000453084613175052
13403,0.00040436212425884406
13404,0.0028047929792545216
13405,0.0004927999164336712
13406,0.00010222247979361392
13407,0.0004240303325159579
13408,0.00032511862986595947
13409,0.00038100988415516615
13410,0.00012421699900433533
13411,0.0037103876262806782
13412,0.018707618387007373
13413,0.00015348582397146804
13414,0.00015078408119354616
13415,0.0002496490228742064
13416,0.00040621385483266813
13417,0.009830987282609607
13418,0.00044403959527931566
13419,0.0004776564055205819
13420,0.0001181101672059511
13421,0.0003977368316238111
13422,0.0001591860471428119
13423,0.00030973182878617315
13424,0.0003006719959823496
13425,0.009563667703951619
13426,0.00244714983603292
13427,0.00013054179158755196
13428,0.0005468850185976423
13429,0.000264911866928089
13430,0.0003866464620534391
13431,0.00033955339416437435
13432,0.0002666888421369961
13433,0.0003426788517387446
13434,0.0028871766614509465
13435,0.0002115056896895904
13436,9.075789791101847e-05
13437,0.00399094745779105
13438,0.0002938521394161765
13439,0.00036884587678541085
13440,0.00038852462037973316
13441,0.000785953234270331
13442,0.00017740729699578423
13443,0.0009578301244726164
13444,0.009139340114381904
13445,0.00028639746235087203
13446,0.13506664182562886
13447,0.0005716894507960074
13448,0.00037294131939284014
13449,0.0038577921530546966
13450,0.0011950531542722234
13451,0.00025678957567956315
13452,0.0003621514270537939
13453,0.0004359446582167906
13454,0.011839292919056128
13455,0.025000033793624445
13456,0.004797007371054957
13457,0.0003639295076427322
13458,0.0001726823930710373
13459,0.00010627587846822206
13460,0.019262705423993227
13461,0.000286135755002535
13462,0.0003081509259542919
13463,0.00026582051437202414
13464,0.00031435182290680334
13465,0.0001691659025400397
13466,0.00012605630996401576
13467,0.0008874249050389494
13468,0.00034617628176769605
13469,0.000335474526854507
13470,0.00020962789612357952
13471,0.00023492079183725208
13472,0.0001740164155543334
13473,0.00044163712505685337
13474,0.0002624888199450712
13475,0.0002582519482263112
13476,0.0003945726647378905
13477,0.0015825300842597957
13478,0.0003415460441941247
13479,0.0008056039962483321
13480,0.0029666150491465264
13481,0.0004147097241352487
13482,0.00035808536361174576
13483,0.0013362483065658196
13484,0.0033354647166258015
13485,0.05174064557586859
13486,0.000390247376768828
13487,0.00027765819644091217
13488,0.000264854827066618
13489,0.0003693865461813964
13490,0.00012794872086763803
13491,0.00040526678075889606
13492,0.0003090110872295225
13493,0.0005947179381950296
13494,0.00034374918266035816
13495,0.0001761471458602896
13496,0.00055791985795459
13497,0.0002865977903442651
13498,0.008242053764141626
13499,0.0008200698457065573
13500,0.0003939223630750215
13501,0.0002979571718905333
13502,0.0002380929718782778
13503,0.00031840297482400176
13504,0.0005476997314487231
13505,0.00018086872310064896
13506,0.03731041151327164
13507,0.0004953381851880293
13508,0.000263442566423422
13509,0.0003377717259297294
13510,0.0003210314080450164
13511,0.0003922554048115507
13512,0.000554221222682107
13513,0.00028645412202293115
13514,0.00028501294334143867
13515,0.0020907990614415684
13516,0.00024892613445541616
13517,0.0003051231277524885
13518,0.0025390712817351816
13519,0.00046835682912156585
13520,0.0005817322242577639
13521,0.00021236627957204698
13522,0.00029316724770854855
13523,0.00020434554294471483
13524,0.00023234816537844486
13525,0.00012587502474515738
13526,0.0002833011901287093
13527,0.00020965541168272147
13528,0.00024000147588444388
13529,0.0002964757352029481
13530,0.0002463465650116194
13531,0.0007913351241516508
13532,0.0005942108376328302
13533,0.00017365529747245676
13534,0.0003938746345101179
13535,0.0008983587277015519
13536,0.00015636237806685086
13537,0.0001520322808322632
13538,7.574623458751807e-05
13539,7.04939203414276e-05
13540,0.00037882840359011944
13541,7.287586476497318e-05
13542,9.978493083193974e-05
13543,8.468278078876459e-05
13544,0.0001976084548163374
13545,9.88770442314221e-05
13546,0.0001017940276704243
13547,8.854956928406404e-05
13548,7.572439158959381e-05
13549,0.00030806572163836896
13550,0.00010664632776609562
13551,0.0009754364760847768
13552,0.00010347787155238031
13553,0.00017547743780608351
13554,0.0032863651362157417
13555,7.162917905048566e-05
13556,0.0008835227684850657
13557,0.00014029007724158935
13558,0.002640721502409559
13559,0.0006109444717989967
13560,0.014486060343819862
13561,0.03187925571035125
13562,0.00508195159461089
13563,0.00019140808269860112
13564,0.0002523790374207417
13565,0.0012536300412157972
13566,0.0007478589834855719
13567,7.447082184638811e-05
13568,0.00010348373665893792
13569,7.090726219232936e-05
13570,0.0001205262600104476
13571,0.0036418272362270677
13572,0.0003932182034943678
13573,0.00011027043877869824
13574,0.00010588802875579753
13575,0.0002830832374518544
13576,0.0001666846207368216
13577,0.00014273858344832443
13578,0.002919882311755153
13579,0.0001678855393635921
13580,0.000145917821333297
13581,9.089901192244752e-05
13582,0.0003672058412906526
13583,0.0033769791298732576
13584,0.001867975840013194
13585,9.602535533343085e-05
13586,0.0018721347774184598
13587,0.00027742878822123554
13588,7.653360980613532e-05
13589,0.00014626642133281812
13590,9.497782356028782e-05
13591,0.00010693128952944298
13592,7.875276522651045e-05
13593,8.182703163263598e-05
13594,0.00017385499303971681
13595,0.00012786388962876343
13596,0.002701679133360748
13597,0.00200949289298023
13598,0.00010342674314180669
13599,9.495608441790157e-05
13600,0.0031254354699270254
13601,0.00016467623778191175
13602,0.0001436360712162369
13603,7.638578267348975e-05
13604,0.006066888422044145
13605,9.816852382578514e-05
13606,0.00014706514907809093
13607,0.04995483715945623
13608,0.0062636521054499255
13609,9.133525226010273e-05
13610,0.0001090463749802132
13611,0.0006256941139388163
13612,0.012348815444290336
13613,0.00024395101498229547
13614,0.000621094426104492
13615,0.004766646177082551
13616,0.00012786703190508474
13617,0.00014618191323981187
13618,7.628450113972836e-05
13619,8.642094703701232e-05
13620,7.639683673600662e-05
13621,0.00012016017212921343
13622,0.00030198481169131343
13623,0.00011761899560717333
13624,0.00035994275703984675
13625,9.918449677059927e-05
13626,0.010513466837016547
13627,0.004335587023639306
13628,0.0007940457039890326
13629,0.0001643693199498721
13630,0.00017445548225712912
13631,0.0001601349480861685
13632,0.0002489283926516709
13633,0.00041736318758176747
13634,0.0036938945070124334
13635,0.028903796310364376
13636,0.004492327979591296
13637,0.00010647510427538004
13638,0.00035312702018981424
13639,0.002416746403507061
13640,0.00012598373466128347
13641,0.00029331719277909626
13642,0.00029714142695480154
13643,0.00011709695825852986
13644,0.009554261172075517
13645,0.00440880323162361
13646,0.00012604757191380663
13647,0.0001623851695415292
13648,0.0002658598319038899
13649,0.0005056284536355894
13650,0.0177524234179573
13651,0.018282512102275664
13652,0.0016744803151748434
13653,0.004000919194398263
13654,8.542612618847934e-05
13655,0.0038087406361571696
13656,0.00014546707018051804
13657,0.00018194196482484526
13658,0.0007511316813814354
13659,0.00012601485154487593
13660,0.003490698441973593
13661,0.0007600683940677628
13662,0.0001932195056630206
13663,0.0035107574848279133
13664,0.00048401585569584683
13665,0.00018854439677794596
13666,0.0003290292807250945
13667,0.00017045976149654822
13668,9.926496711679431e-05
13669,0.0028497963823560612
13670,0.000943777204359475
13671,0.0003910175977461503
13672,0.00021899342839061412
13673,0.02119032917570478
13674,0.02677947891089542
13675,9.063997665158485e-05
13676,0.00010496604012807015
13677,0.00012290237900947805
13678,0.00019945309840010923
13679,0.0021615731943495126
13680,0.00011589635298910617
13681,0.0007453981972570456
13682,0.024722038181064495
13683,0.0022269729489907525
13684,0.010646330806697335
13685,0.00022397843570225049
13686,0.0015033149066334323
13687,0.002714659236869398
13688,0.0005912972579224678
13689,0.00010419073517583967
13690,0.0008225032195253989
13691,0.0023416386084502776
13692,0.00014829103399583896
13693,9.557639681188073e-05
13694,9.542008538362232e-05
13695,0.00014714436968160506
13696,0.00017108731710930788
13697,0.0002571813662262277
13698,0.00018319227878754146
13699,0.00021871365077876182
13700,0.00502853577139031
13701,0.00011340597892043027
13702,0.0002416765268477088
13703,9.23970377887779e-05
13704,9.105344067396796e-05
13705,0.00011523821753072004
13706,0.002525923991213771
13707,9.231947172737592e-05
13708,9.129799495459048e-05
13709,0.00010889305754950801
13710,0.0002638646542420775
13711,0.00035001870873514876
13712,0.0002574395677354301
13713,0.0002660617883883243
13714,0.10288727705312434
13715,0.10842089200728414
13716,0.0009262289017869404
13717,0.0006630079025777672
13718,0.008758828634045677
13719,0.0002543298531366301
13720,0.00011768778513149377
13721,0.0008659204863956197
13722,0.003818062079581169
13723,0.0004785873038846849
13724,0.002445662355048501
13725,0.0008579956022235867
13726,0.00011760050363616138
13727,0.0007013176342171858
13728,0.000181983950381532
13729,0.00021069206380584587
13730,0.008395547286587828
13731,0.001374596608565155
13732,0.0003243684183247244
13733,0.0003041615256952537
13734,0.0019503695319483742
13735,0.00012682872363852885
13736,0.00018626007915019006
13737,0.0035604868050095047
13738,8.171448826663818e-05
13739,0.0005868256727815707
13740,0.0008733866187551219
13741,0.0031535961603293395
13742,8.023664011194017e-05
13743,9.723330908380476e-05
13744,0.0009658082959468222
13745,0.0008465900681815053
13746,0.0007962136996379967
13747,0.00011788982974731908
13748,0.00010744144338765746
13749,9.54069921831234e-05
13750,0.00018341161927429913
13751,0.00019348445988547124
13752,0.03396442659824081
13753,0.00031043076432637893
13754,0.0006232117596861574
13755,0.007080017394081134
13756,0.001136409851362847
13757,0.02736242888904421
13758,0.00032189911994653876
13759,0.003963693765889703
13760,0.00017869701646067352
13761,0.005114339653181477
13762,0.00034976835265480117
13763,0.0015611480459428722
13764,0.00010658716125821483
13765,0.0001701371622972414
13766,0.0003037515739141187
13767,0.002691136835438643
13768,0.0018795277597605598
13769,7.634071982247569e-05
13770,0.00010805602462428247
13771,9.469326441816009e-05
13772,0.005002734505829524
13773,0.006874782401468384
13774,0.0006546178985602447
13775,0.00011048203995464712
13776,0.003976680107957413
13777,0.01069791667566997
13778,0.035138181899937504
13779,9.176441388189178e-05
13780,9.877448429355602e-05
13781,0.00011518880281073806
13782,0.0023268251325327493
13783,0.0025200620697322347
13784,0.0035696119487741594
13785,0.00011163104590004379
13786,0.00013588978795389987
13787,0.0005338352348829035
13788,6.680565266308163e-05
13789,0.00025323700261384107
13790,0.00039667593294646024
13791,0.00048750718998777164
13792,0.0007267884481528029
13793,0.03724228479443077
13794,0.0062636355160152766
13795,0.0005559097838064494
13796,0.003800517599618819
13797,0.00014954372704059044
13798,0.00048554015735022743
13799,0.00012431022999852766
13800,0.00013740096304652922
13801,0.00013661944478990664
13802,0.00099999042541259
13803,0.00015496908539033583
13804,0.017826870456915278
13805,0.0003511940865096675
13806,0.001018144435073152
13807,0.00029852654320556665
13808,0.00016971409342168768
13809,0.0045137890911829005
13810,0.00011998076948590071
13811,0.0001163878671104872
13812,0.0070198659327356016
13813,0.0005227951098531067
13814,0.0017543662376535948
13815,0.002837304252298765
13816,9.502343595141797e-05
13817,0.00010567091304591695
13818,0.0001384123622172043
13819,0.000182107512551294
13820,0.00010101678378899044
13821,9.936555442233543e-05
13822,0.0001268070569751519
13823,0.00017764727766215102
13824,0.00021112957650354773
13825,0.00017316393020333005
13826,0.045054597417191
13827,0.00014700506953449475
13828,0.0013768082015649884
13829,0.00044411723752442065
13830,0.007227898607961647
13831,0.0011000574026577867
13832,0.0107114875943169
13833,0.00010784358500197613
13834,0.00019332535395321325
13835,0.00020242941714180822
13836,0.02777647386140971
13837,0.008238253899162648
13838,0.008497922251717069
13839,0.00018336611351619681
13840,0.00016700041168884002
13841,0.00034718037246811705
13842,0.8755174810367258
13843,0.003676410318701818
13844,0.00023904960084968754
13845,0.0002717723450042947
13846,0.003924161206276652
13847,0.0001418036958749325
13848,0.0003999841194704072
13849,0.04430054520114833
13850,0.00985903292241071
13851,0.02887744414037006
13852,9.177412436160342e-05
13853,9.798151776067768e-05
13854,9.462020443876552e-05
13855,0.00010676625259101093
13856,0.00030395429377948305
13857,0.004760609000308781
13858,0.00011177233286163282
13859,0.00028503925373044926
13860,0.01694637769983477
13861,0.0001651564087164902
13862,0.00012653299188923858
13863,0.004153314457283047
13864,0.08028063523067035
13865,0.0002573130881208043
13866,0.0003064913727908699
13867,0.00011821102683734819
13868,0.0003130476634190185
13869,0.00029551394237382233
13870,0.0011869513018732498
13871,0.00015230062390632457
13872,0.0007148182541993821
13873,0.0001868789620332592
13874,0.0003189878100365625
13875,0.003006176269523834
13876,0.0011581856416961844
13877,0.00012099364493335336
13878,0.0003639613891139254
13879,0.00019745230549425796
13880,0.00029707775549788347
13881,0.0017394322450993065
13882,0.009616327642426018
13883,9.473845028326526e-05
13884,0.0001844887678614903
13885,0.0021338451787040456
13886,0.0001583131210669128
13887,0.0012624576601621446
13888,0.006130944162589211
13889,0.00012107331191469165
13890,0.008739797405204535
13891,0.0004982633058329671
13892,0.0005318534200771719
13893,0.0002614083877117712
13894,0.003298275510069654
13895,0.0029492214849872766
13896,0.02576164622881676
13897,0.003766054233529431
13898,0.0004446343983664931
13899,0.00012468559731063905
13900,0.0066317202136820155
13901,0.0021727747091432994
13902,0.00013000554066194207
13903,0.00877704224246413
13904,0.012628214551249161
13905,8.756935034928246e-05
13906,9.354086959384024e-05
13907,0.006547669363491682
13908,0.0003471713543462872
13909,0.0003901041615334509
13910,0.00014314379934577643
13911,0.0207398506789817
13912,0.00020426709125549754
13913,0.0025522393980228915
13914,0.0004431677693306791
13915,0.0024854211031687693
13916,0.004560301938138544
13917,0.00023449246796515704
13918,0.00014257416875632393
13919,0.0003059190935175553
13920,0.0006293298773745815
13921,0.0012962895061938377
13922,0.00010751897384419549
13923,0.00043125572794409597
13924,0.002608979969594924
13925,0.0028793391686588237
13926,0.00011076576925367057
13927,0.00030956281225750295
13928,0.00020132325066238177
13929,0.0013748256202652368
13930,9.293490276569944e-05
13931,0.00015860801223731744
13932,0.0028156387275594303
13933,0.00024010216901463414
13934,9.231208146411796e-05
13935,0.1361795262405909
13936,0.03414645848943699
13937,0.000766781137366968
13938,0.00041905050143251153
13939,0.0049427841202538386
13940,0.0019141868432600016
13941,0.00046305594914895787
13942,0.000380277383325896
13943,0.009483698020937181
13944,0.00046753499071517784
13945,0.0028031869569740413
13946,0.00035649539725497666
13947,0.0001456745305913723
13948,0.0347416353972377
13949,0.00011147620691875072
13950,0.00025111316480998914
13951,0.0007881344338003279
13952,0.00127685200372639
13953,0.00016157386255100057
13954,0.0036839786822758327
13955,0.0003213744662686232
13956,0.0006436443932639231
13957,0.00015028381446774574
13958,0.010844370125273013
13959,0.029527353786548017
13960,0.0033099074401891164
13961,0.006493159765048219
13962,0.00018944810182447213
13963,0.0004715746705416142
13964,0.00017523880675277212
13965,0.00012489953185418448
13966,9.286025769224745e-05
13967,0.1514077934902948
13968,0.0009560227852423071
13969,0.0006928802219337684
13970,0.0005003509634398033
13971,0.00018286259538576976
13972,0.019936976460557046
13973,0.02995305611999711
13974,0.0002531903230350859
13975,0.0002317110412799732
13976,0.0019184010680199223
13977,0.011947827453747156
13978,0.012243149724053522
13979,0.0002907283730123197
13980,0.00021988585472937364
13981,0.00029404425241612227
13982,0.00013064372761009587
13983,0.0001527652541489932
13984,0.00211200569592334
13985,0.00248530078859552
13986,8.692835985300973e-05
13987,0.00010130836825690948
13988,0.007389508439023403
13989,0.00010671190712584828
13990,0.003019100756997693
13991,0.006293592820838172
13992,0.0008471860885733978
13993,0.00011467195241143994
13994,0.020835193025064504
13995,0.005888618919997883
13996,0.0004156560243114635
13997,0.017402683363118475
13998,9.683491894464194e-05
13999,8.850674302961767e-05
14000,0.006468579650619471
14001,0.003933125916340751
14002,0.00027049345193961584
14003,0.00043228344879770326
14004,0.0008350483576249758
14005,0.0002845545685418467
14006,0.00019496135149014033
14007,9.5549532848586e-05
14008,0.00025442982195500756
14009,0.0014731746518503194
14010,0.017732738873540134
14011,0.0004005461092815873
14012,0.010954109987964769
14013,0.007689781298903794
14014,0.00014880111690783828
14015,0.0043522600380077395
14016,0.002079836744564707
14017,0.0003665259551404826
14018,0.000865006522589889
14019,0.0006137299050177945
14020,0.00022857215881774302
14021,0.00010845016918376439
14022,0.00011260451976904049
14023,0.0012083517481787994
14024,0.000628642641762177
14025,0.00010586758429472811
14026,0.0003338914545131715
14027,0.02709634384745974
14028,0.047468372036970616
14029,0.0016011603652832382
14030,0.00015298444310669364
14031,9.546140601458092e-05
14032,0.004511521508669299
14033,0.00041372760009593395
14034,0.0005098260963130846
14035,0.01579470587653238
14036,0.000129258899935087
14037,0.00010528761267291663
14038,0.0013869890890900979
14039,0.037045735142913976
14040,0.00033201016546651206
14041,0.0003720170323875501
14042,0.006109247121079985
14043,0.004485793803581532
14044,0.000519279334149368
14045,0.0021458130324862245
14046,0.00015737899269660312
14047,0.0024084856197893823
14048,0.01854410748639688
14049,0.001149433703378601
14050,8.79348559561189e-05
14051,0.021290973679271467
14052,0.00019960030393563732
14053,0.00018438182512502162
14054,0.04391941121395256
14055,0.00016208148708800324
14056,0.0003732055342612309
14057,0.0015418118452452877
14058,0.00018814772447693377
14059,0.0002918042943420366
14060,0.003143697903630044
14061,0.04177340572718911
14062,0.00012162388682274906
14063,0.006561159873054121
14064,0.053034749423973876
14065,0.01191965552582562
14066,0.0001464701790993382
14067,0.00017475947844444563
14068,0.18987648808509555
14069,0.003311625762370616
14070,0.00012781419843396185
14071,0.0001477719457594378
14072,0.00017386209431395543
14073,9.660062329226679e-05
14074,0.00010848238464081214
14075,0.003313003098139336
14076,0.00020269347352317745
14077,0.00013567552432097892
14078,0.00010809864120050883
14079,0.00011490392520658297
14080,8.198844454208956e-05
14081,0.009388758644902578
14082,0.005091025063506468
14083,0.0004567226625316742
14084,0.011998756394062967
14085,0.00011222452444367408
14086,0.0010676594351511962
14087,0.011338061757915739
14088,0.004544360440169067
14089,0.0002384163075980002
14090,0.00011694258444672452
14091,0.00010594376634328264
14092,0.02411848655412435
14093,0.026402716226799936
14094,0.0010269491548970254
14095,0.00013505986210846102
14096,0.000764416857457696
14097,0.0001110028951420517
14098,0.012263544538890243
14099,0.019552832610672366
14100,0.08675561751856618
14101,0.0010795053741487503
14102,0.00010700508367087052
14103,0.00014731258182925237
14104,0.0067337141361594
14105,0.0005456687075032421
14106,0.00037875591957765484
14107,0.00021017175001113313
14108,0.0003300782454595419
14109,0.009361734018170236
14110,0.0006721313467565949
14111,0.001676106357641468
14112,0.00016091007674095775
14113,0.0019019985953300917
14114,0.00024390313580378433
14115,0.0005302735686012635
14116,0.001479935848740361
14117,0.0001454418685620547
14118,0.002945744405886728
14119,0.0007194277015477049
14120,0.0005165827525227384
14121,0.032437631729673726
14122,9.199116173766622e-05
14123,0.0001277888856487276
14124,0.00015157684319841316
14125,0.026601466001883022
14126,0.00020588557164518835
14127,0.0003608497254898891
14128,0.00015402819720001016
14129,0.0006706958619477094
14130,8.993038194004359e-05
14131,0.00025034129974206413
14132,0.01480798664388913
14133,0.00010729934652052005
14134,0.00011883232370690719
14135,0.011035931481970272
14136,0.00019190918518352111
14137,0.0005052804046341168
14138,0.011340130267051652
14139,0.00017453739166323708
14140,0.0010857727483846325
14141,0.00034790308062807637
14142,0.0015136735915895418
14143,9.361895137372441e-05
14144,0.00025935820047432004
14145,0.0003538041895560735
14146,0.00011125918835839393
14147,0.001600962140672143
14148,9.565559643972814e-05
14149,0.007328484615978043
14150,0.0006577725026784165
14151,0.0003658754463189664
14152,0.00022485993270700332
14153,0.0001542814527306933
14154,0.0001595911965342186
14155,0.0001105814825715351
14156,0.00019924588183723414
14157,0.00022917122574395493
14158,0.011526843201160993
14159,0.011723125420400118
14160,0.0007962232420772728
14161,0.001285151437035313
14162,0.00020542042013385945
14163,9.602675260770186e-05
14164,0.0003566524896809523
14165,0.0014225770284301976
14166,0.00017565981442053383
14167,0.002812320761627528
14168,0.00022230784550942982
14169,0.00016517345260202152
14170,0.00029708503682286864
14171,0.00010730271468053976
14172,0.00016584571733171442
14173,0.0027370512289560207
14174,0.00030997433554286576
14175,0.004808337801164304
14176,0.0006216830480062185
14177,0.001023614508836168
14178,0.0002253605921463457
14179,0.008829276165753854
14180,0.0005379116426422311
14181,0.002546269123637497
14182,0.0009584420858943844
14183,0.02979194812631616
14184,0.0006113871849505201
14185,0.0008087310788106354
14186,0.00018410499435546321
14187,0.001614332270589085
14188,0.0017586031000834464
14189,0.03290436190805156
14190,0.0002592149764421316
14191,0.005622533269156061
14192,0.002246821715722576
14193,0.0018339065219674113
14194,0.11414724565760084
14195,0.003209427471400727
14196,0.003815635537983022
14197,0.0030018540126133903
14198,0.0004442274958363563
14199,0.004088598870902051
14200,0.005713788491732071
14201,0.009620237311687744
14202,0.00023859271130891968
14203,0.00026890918091304036
14204,0.0020195698686861947
14205,0.00018309814322195085
14206,0.0037477976970920887
14207,0.0017676617211405672
14208,0.00015892140649039304
14209,0.02308125139459505
14210,0.0004133194878168043
14211,0.0001081252702556341
14212,0.0006423113367282383
14213,0.0006621071646657482
14214,0.00016584571733171442
14215,0.009740751469092144
14216,0.00014014546188025834
14217,0.003818815654692033
14218,0.082818142839736
14219,0.00020547782482866343
14220,9.836142585823049e-05
14221,0.00016856123487729284
14222,0.00410463327533163
14223,0.020976151889223582
14224,0.0003772240515841699
14225,0.0011811941836361577
14226,0.0008496703008167237
14227,0.0033008066351071894
14228,0.0021715904692623275
14229,0.0029642575354685697
14230,0.00018070018616243099
14231,0.02131610588400566
14232,0.0016091454356815347
14233,0.000585767434044863
14234,0.0004923019938824705
14235,0.05438645026552788
14236,0.021546087182918176
14237,0.0015121327689397773
14238,0.0007398737687677307
14239,0.00011926120178139117
14240,9.855444049282342e-05
14241,0.0098704226297888
14242,0.0012719746194302444
14243,0.03164165235164038
14244,0.10397586861805097
14245,0.00038301248859380307
14246,0.002544563877829988
14247,0.0004254668874040661
14248,0.00011416260389263572
14249,0.0027554948725797067
14250,0.0006564367920924738
14251,0.0009309798982697576
14252,0.00013902407383924715
14253,0.00016075725818907356
14254,0.12627355626077208
14255,0.011384688325713108
14256,0.01265857876922545
14257,0.0008720882237073988
14258,0.0001754360583927552
14259,0.0001497774654697021
14260,7.795670422859628e-05
14261,0.009364186327468887
14262,0.002428380746328904
14263,0.0003813621676479882
14264,0.0001352907554437786
14265,0.0010704569656795626
14266,0.0021128654905694204
14267,0.00014715927009291015
14268,0.0004051947486203723
14269,0.00017711600541421094
14270,0.0181095199495852
14271,0.00014613602624330942
14272,0.00015223032509763138
14273,0.0001446811483623287
14274,0.01539566521505568
14275,0.000333317379677483
14276,0.00018857859981838163
14277,0.2746819725795657
14278,0.0005266622903731725
14279,0.00018352942804604914
14280,0.0005360821887219081
14281,0.009045779575353489
14282,0.0028750438654408677
14283,0.000143757899672458
14284,0.00042204259919507607
14285,0.0007379898985107563
14286,0.0007874576966486922
14287,0.00010808417891256161
14288,0.06315603665245989
14289,0.00014538293499145692
14290,0.00014421553656565023
14291,0.0001566579183975534
14292,0.08400558641168633
14293,9.470695992865617e-05
14294,0.00017688920581926455
14295,0.0005093519370560369
14296,0.0007467100394614234
14297,0.05478222159340238
14298,0.00010061809189153127
14299,0.0005082898727964962
14300,0.0007524148968813286
14301,0.033937307029917894
14302,0.0004950144480095894
14303,0.0001434149190865805
14304,0.017173370869750345
14305,0.00011768139615381638
14306,0.0014066399824890037
14307,0.19040845984101304
14308,0.007733598239772352
14309,0.0037106645878589787
14310,0.00014124018734070875
14311,0.0010353900006177356
14312,0.0004978031805983601
14313,0.0001763497870872194
14314,0.0007980519902598812
14315,0.0048063854338046995
14316,0.011078380185834782
14317,0.00015153531179225776
14318,0.00036697038005416115
14319,0.0114481252677468
14320,0.00013282963313100685
14321,0.001560500093105392
14322,0.017870571861546863
14323,0.00018326294391449654
14324,0.0035616082069770505
14325,0.0003510465780381555
14326,0.00043873172161533876
14327,0.0005807250335499057
14328,0.00016495247581947792
14329,0.0005058409456130202
14330,0.0002832333343477508
14331,0.00014750408612926492
14332,0.025286863615298985
14333,0.026418491903478
14334,0.00017027635829241545
14335,0.00011094375379833735
14336,0.00016547438038483288
14337,0.00742664488779247
14338,0.00024898473815076653
14339,0.0002624953080445631
14340,0.0005586760197132201
14341,0.000992937496393324
14342,0.00023867066437221468
14343,0.004511163176566776
14344,0.014530640659752889
14345,0.00677142339126128
14346,0.0024298662081226738
14347,9.399061935720426e-05
14348,0.0006084517421417233
14349,0.00016016919740866948
14350,0.0026253379791393422
14351,0.013940027141715779
14352,0.006891251109165171
14353,0.00014156794684469384
14354,0.004113986276595682
14355,8.63127057330557e-05
14356,0.0018417963523079646
14357,0.0023132329276478575
14358,0.00017735745333448307
14359,0.003858118705617334
14360,0.022862965073721705
14361,0.007915124641695548
14362,0.09078406296405923
14363,0.001020851012456219
14364,0.00013135876449061503
14365,0.00293133860810046
14366,0.00824756507356946
14367,0.003856264558735476
14368,0.26925245553733135
14369,9.140754157118791e-05
14370,8.324732744437105e-05
14371,0.0004594498791935164
14372,0.00515648901356792
14373,0.0015611528312531806
14374,0.07060095835972906
14375,0.00027223261703146576
14376,0.018909730298926807
14377,0.002772581004864168
14378,0.047475489625506684
14379,0.00014778027351488983
14380,0.0007622950608890518
14381,0.00017230592492681294
14382,7.432904457270172e-05
14383,8.006576043039258e-05
14384,0.003828080445487572
14385,0.00017271027367109327
14386,0.0008823852988359384
14387,0.002006933361676721
14388,7.890664257934403e-05
14389,0.0003069680697020218
14390,0.0001087517909046413
14391,0.00046371275236580325
14392,0.015489800164262775
14393,0.004690333634897074
14394,0.0008207042936570789
14395,0.0004650775739144403
14396,8.739005842288007e-05
14397,0.00045727619634700176
14398,0.07252157082078499
14399,0.0009383450851241479
14400,0.00015376427959798783
14401,0.00018134457319451914
14402,0.00040618141847506057
14403,0.0001549002942451321
14404,9.582973600740134e-05
14405,0.0015291016062119922
14406,0.00023636136431286873
14407,8.57644841472769e-05
14408,0.11402224069699819
14409,0.0005595425849831295
14410,9.918461048234792e-05
14411,0.00010773562261674613
14412,0.00026497538727063324
14413,8.175324207807503e-05
14414,0.0003001099250014559
14415,0.00023244660633835453
14416,7.661193269769726e-05
14417,0.002783037543266265
14418,0.044459147085882895
14419,0.10034288697496076
14420,0.00035865908646137777
14421,0.00012170103408505645
14422,0.00010160444722794458
14423,0.00023838957410372524
14424,0.0003079650590092152
14425,0.0066182443610527915
14426,0.04707761957695531
14427,9.133657441927906e-05
14428,0.00010713890882089562
14429,0.0055785719813743135
14430,0.0006052400153644465
14431,0.011269710134820598
14432,0.0006361961186669464
14433,0.0008545537772228745
14434,0.0001466488280341763
14435,0.0010098247138617708
14436,0.0002201635108904697
14437,0.0005059486389316029
14438,0.00013526603337893063
14439,0.00010804470091322923
14440,0.00013277615016303305
14441,8.600107389570568e-05
14442,7.397034438522844e-05
14443,0.00022232870413498317
14444,0.0013400012081710563
14445,0.008316634854162747
14446,0.0003509066054458761
14447,0.0002468889483842877
14448,0.00019237300549322515
14449,0.000422824791413229
14450,0.02131931257630842
14451,0.575930594988423
14452,0.0001807957111031873
14453,0.00010377383056662002
14454,7.578211074903174e-05
14455,0.00023948875423622875
14456,0.00033905536471392096
14457,0.00011722493243700843
14458,7.970371390769841e-05
14459,0.0004714526307606682
14460,0.007292663176580168
14461,0.000557250463406769
14462,0.00037287901590208163
14463,7.293888240445502e-05
14464,0.004859375576676249
14465,0.00011707237196125763
14466,0.00018516150218756466
14467,0.009357345369531776
14468,0.00017666278057184185
14469,0.00013660927921772
14470,0.00018308118720694605
14471,0.00019247808042920615
14472,0.0001206911402261636
14473,9.491394798412259e-05
14474,0.0027846780454969335
14475,0.00014411837715736094
14476,0.00015579367792451106
14477,0.0005767854379456253
14478,0.0006055944075379494
14479,0.0003359554916363559
14480,0.00020453933320911208
14481,0.006816511443006832
14482,0.00025434953087532803
14483,0.00030181362586325256
14484,0.009959597557784323
14485,0.00017135294594175537
14486,0.0007604053713305029
14487,0.025472267449065975
14488,0.00017974426575263175
14489,0.08019784387033543
14490,0.00017051251353111466
14491,8.162478161929982e-05
14492,0.0002105667382125919
14493,0.0031578476571054517
14494,0.031654225956714174
14495,0.0003120190688718011
14496,0.004119473027149978
14497,8.920109648929811e-05
14498,0.0002126709698938865
14499,0.00020615530839028433
14500,0.00028585811631066656
14501,0.0020468701529793155
14502,0.00016862462918697902
14503,0.0001740850046827932
14504,0.00014382283620390857
14505,0.0003548939997671553
14506,0.0005566834331762691
14507,0.00035854387150207603
14508,0.0003542157584079835
14509,0.012659348980446112
14510,0.0008178536966923205
14511,0.0003348208843150483
14512,8.803458981896872e-05
14513,0.000303756298270362
14514,0.0001456474448910388
14515,0.00011223659762700149
14516,0.00019292604924545296
14517,0.00038842379407858575
14518,8.059046734376839e-05
14519,0.0003925962221521879
14520,0.008809960091292411
14521,0.00667887226264066
14522,0.019654225084232296
14523,0.0001457191648849079
14524,0.008352985717922852
14525,0.0002471420313964432
14526,0.00014548802639045307
14527,0.00013189417494973362
14528,0.0001087567805909112
14529,0.0004016058028526922
14530,0.00034623553384555584
14531,0.010702242610945574
14532,0.00010569880893087647
14533,0.0004813011782869138
14534,8.707504996758925e-05
14535,0.000102838617388758
14536,0.0001265094885844833
14537,9.508817682025261e-05
14538,0.012697663369930407
14539,9.087348671913941e-05
14540,0.0002858443140847084
14541,0.00017733410860152032
14542,0.00021129629854976898
14543,0.07324875993356385
14544,0.0015964867795424398
14545,0.00022481616197995717
14546,0.00026721564230393515
14547,0.0026208948378961057
14548,0.0023600906431261665
14549,0.0011906417070137428
14550,0.0003109058657292712
14551,0.0006419984202273734
14552,0.00016825341755207282
14553,0.0023620105909304065
14554,0.00036527064382070406
14555,0.00170380287070761
14556,0.00039870980364010945
14557,0.00027954384425525977
14558,0.007713136112074245
14559,0.0002296448079575529
14560,0.0002767289268663053
14561,0.00018849338187088992
14562,0.0002469826731569087
14563,0.000266681271337504
14564,0.0002262776110651505
14565,0.00020343569630722726
14566,7.746398613384915e-05
14567,0.00011581183440983201
14568,0.004413024258086947
14569,0.00011248792888772476
14570,0.00018080661779155578
14571,0.00016479688767273646
14572,0.0006764220235922528
14573,7.937680987439492e-05
14574,0.00016297272151564999
14575,0.0002883165828064326
14576,0.0004358353612026552
14577,0.0002183067678333224
14578,0.00015864661923709386
14579,0.00016935252774264505
14580,0.00378455738696666
14581,0.024055642964547604
14582,0.00018149398816881825
14583,0.006016812378138642
14584,0.009822002188187715
14585,0.00032340373060553033
14586,0.00021991694054963642
14587,0.10175280054282765
14588,0.00021143736687360086
14589,0.00020816174247018226
14590,0.0001863070102614549
14591,0.00015816062196880186
14592,0.0005738464003982551
14593,0.00015336626934005752
14594,0.0001509287948081586
14595,0.00021193064225204843
14596,0.02161110856796868
14597,0.00019191383875212997
14598,0.0001421018290999708
14599,0.0020499868230138894
14600,0.0018939593679596987
14601,0.0005916559148306831
14602,0.000220260459057241
14603,0.0003363764239471082
14604,0.00028228357092141576
14605,0.00036442491340134796
14606,0.0001661762053630208
14607,0.0001236543276568431
14608,0.00019370570562493743
14609,0.00012577221848821232
14610,0.00010021572060412906
14611,0.010408610978863517
14612,0.0004063699656687499
14613,0.001313948237162701
14614,0.0018429388295908473
14615,0.00033460314321610645
14616,0.0002222968883986611
14617,0.00010808604222230807
14618,0.00024496838188197117
14619,0.00042368711260913394
14620,0.00023620008173288952
14621,0.00099526023996737
14622,0.00017226011284337338
14623,0.0008059175653696668
14624,0.0015326203564395
14625,0.0006192396776715014
14626,0.00021458250932443045
14627,0.00028522692733829683
14628,0.0005828884837089979
14629,0.002221435399882052
14630,0.00016500156955577905
14631,0.0001878150142893145
14632,0.0001699851682281403
14633,0.00016263162907582295
14634,0.00027957713542579263
14635,0.00029086032781046724
14636,0.00023524021652248183
14637,0.00021673716391215102
14638,0.00011981270736161396
14639,0.00014780999354321221
14640,0.0008481429946396573
14641,0.0007231663014738792
14642,0.0005127078695895103
14643,0.00010032172880315046
14644,0.00011032014060650673
14645,0.00044170175479800775
14646,0.00026295131787882383
14647,0.0010408816937365552
14648,0.0003974032055397384
14649,0.00034180129842314246
14650,0.00023283429609004204
14651,0.0028447592597200208
14652,0.0013193787147496236
14653,9.234417905362759e-05
14654,0.0002245838100812349
14655,0.0006004311686495502
14656,0.003722379308657105
14657,0.00013237910248259076
14658,0.020025495968681594
14659,0.0008106815094288418
14660,8.909320363591084e-05
14661,0.0010044109898518006
14662,0.002844053494365928
14663,0.05139316396491551
14664,9.759167845667789e-05
14665,0.0003266926030332446
14666,0.0003047662127999927
14667,0.0002671432758315633
14668,0.0369462379649146
14669,0.0006956995517619061
14670,0.013036960429910703
14671,0.036546012100013715
14672,0.00018219959493588045
14673,0.04460049481167624
14674,0.005035344130386641
14675,0.0004881571726200056
14676,0.005724271300065922
14677,0.000273530443887165
14678,0.00012960774963763068
14679,0.00013335850196101814
14680,0.0028523507257151
14681,0.0031032051562281436
14682,0.03398806631258558
14683,0.01414206422961688
14684,0.0084238324125013
14685,0.0002093571465085004
14686,0.00012327530834432536
14687,0.00039246909367223067
14688,0.0008463015364414859
14689,0.00014869556695342446
14690,0.002081706523720203
14691,0.002408535114169084
14692,0.0007808399994708721
14693,0.00021336719384079607
14694,0.00018459444822670133
14695,0.005776259330712917
14696,0.11801545171848173
14697,0.00015086265454186096
14698,0.034903591230580185
14699,0.0001923065208037899
14700,0.0002673849601165145
14701,0.00017667473712629743
14702,0.00018329862913766564
14703,0.00017222605764880214
14704,0.0041290852646791
14705,0.0008333944911407124
14706,0.00012328762064693947
14707,0.0002485834829753677
14708,0.0003449251798251455
14709,0.002245522484390732
14710,0.0001547779334616099
14711,0.001287191950841272
14712,0.00021714219923064669
14713,0.0009664031885095874
14714,0.00020165526335513598
14715,0.006181205717612031
14716,0.0003937062590575896
14717,0.00022987762296042643
14718,0.00042758949178899573
14719,0.02111666113541178
14720,0.01034836368474023
14721,0.00015986887310768058
14722,0.00015721937344395585
14723,0.002008582260678252
14724,0.00013168011836301073
14725,0.0001698108072657067
14726,0.02198079639815568
14727,0.00023414032384153858
14728,0.00031067732676499785
14729,0.017946462643003112
14730,0.002022314143751718
14731,0.0001923802824703887
14732,0.00021587932811690285
14733,8.947374803110352e-05
14734,0.006071596299521335
14735,0.0001545115009717855
14736,0.0002124611235013469
14737,0.00014826691202393582
14738,0.0009153529981499272
14739,0.010453409433867805
14740,0.0033534349068115063
14741,0.0004097008639727712
14742,0.00014482861983134752
14743,0.00044794896593477654
14744,0.000379760033023421
14745,0.00011755928766813002
14746,0.0008076057129032444
14747,0.046659936366036645
14748,0.00034372298330917787
14749,0.0002689795723607197
14750,0.0001555942310290885
14751,0.00023905499477001128
14752,0.0010474610712761744
14753,0.0002463455675849096
14754,0.013475073437003203
14755,0.0012913829361642438
14756,0.0002957899213128325
14757,0.00906401321242775
14758,0.0007169240970560439
14759,0.00014381002240214236
14760,0.0006297042515111664
14761,0.0003828846782909993
14762,0.00024360511241944228
14763,0.00889185160435314
14764,0.00026268572594390847
14765,0.0009050029353962581
14766,0.001945619663687182
14767,0.0005118958631447007
14768,0.0001465606955196035
14769,0.00013013907930632687
14770,9.559253039351324e-05
14771,0.008442115239311694
14772,0.0002456676808014195
14773,0.00015092117670356095
14774,0.0015036305813382871
14775,0.00015304195686861928
14776,0.00020715335199695146
14777,0.00020129100522959725
14778,0.00564533329530476
14779,0.00640808538139078
14780,0.011010790549134918
14781,0.0002194530247642954
14782,0.0004173245280773697
14783,0.00017503188449445107
14784,9.695303397724901e-05
14785,0.005859211380827303
14786,0.00022093797000223513
14787,0.005858546152635942
14788,0.0001393246068857827
14789,0.0003786172523614711
14790,0.0002408568886853975
14791,0.0031172423463649125
14792,0.011024416989444856
14793,0.00039419074089270276
14794,0.011178068387837095
14795,0.00019936183740322088
14796,0.0019475775569956976
14797,0.013417381436390508
14798,0.0003776740066347222
14799,0.00021923765071209364
14800,0.0012763053376024889
14801,0.0003687413334095859
14802,0.00041114997593205986
14803,0.0001285498873069352
14804,0.004902336829679635
14805,0.0017545488356507737
14806,0.00028833370566790035
14807,0.0006603592568686912
14808,0.020731957556009404
14809,0.00017728340025674653
14810,0.00015303718317357396
14811,0.00021889515943647654
14812,0.0003243036063984086
14813,0.0002616611271597076
14814,0.0011650238912222052
14815,0.0003284542908119518
14816,0.002210228590452198
14817,0.0004923671963436367
14818,0.0015186977233780524
14819,0.00039611251346033063
14820,0.07409123562239245
14821,9.282470630927163e-05
14822,0.00757982713662453
14823,0.005151739161767771
14824,0.0010990475813086147
14825,0.00029489761489914703
14826,0.00012903131075660867
14827,0.00016874736276917905
14828,0.005246023323275725
14829,0.011521613632441552
14830,0.0010808963284820435
14831,0.001355911854933022
14832,0.0002882583161051583
14833,0.0008777359799061895
14834,0.002644285271002603
14835,0.00039950673880398256
14836,0.00021468117663169399
14837,0.0008018944925766572
14838,0.0004516464095493837
14839,0.0002536561740914397
14840,0.0005794161542261706
14841,0.00032778872060468457
14842,0.00043389129755299515
14843,9.012512256018324e-05
14844,0.004557463879014663
14845,0.36061571045203583
14846,0.0001525245492615904
14847,0.00041429012372076285
14848,0.005325545393944372
14849,0.0006946380756708387
14850,0.00022552300202422453
14851,0.0003456406046973165
14852,0.00019292264866569572
14853,0.0003130446210043003
14854,0.00013439123966776576
14855,0.00010811283255638002
14856,0.00015576193904397496
14857,0.00013792656065864515
14858,0.00017979836701729947
14859,7.963464385816592e-05
14860,0.0002323633206201461
14861,0.0009506167034242997
14862,9.026426704819623e-05
14863,0.002057424956771942
14864,8.91828438286714e-05
14865,0.00010324853026111368
14866,0.0001034929555517249
14867,0.00018912097532669997
14868,0.00014148749995668262
14869,0.0003536771143932752
14870,0.0004921924655136741
14871,0.00014710093463110208
14872,0.00014454997396459664
14873,0.0003977290798534287
14874,0.00019408661559670582
14875,0.0035833518052722697
14876,0.016040980708380483
14877,0.0017101919663424945
14878,0.00011632424451518713
14879,0.00012702685318685512
14880,0.00025547844635666334
14881,0.004086643344754404
14882,8.687532939433381e-05
14883,0.0015581748811829455
14884,0.00014041915789119407
14885,0.0006793137923614526
14886,0.2486455651519577
14887,0.00015386546514426048
14888,0.0029822644813597434
14889,8.383324180765374e-05
14890,0.00018745175534501073
14891,0.00017964061630284384
14892,0.0001718532001337609
14893,0.00022609749697669453
14894,0.0030321322815656743
14895,0.0007679092131515971
14896,0.04331095750231002
14897,0.834048780884951
14898,0.05893477160271645
14899,0.00017252503560442298
14900,0.0001596200808965588
14901,0.00013297829901214242
14902,0.00013868912194904686
14903,0.00016008305358519026
14904,0.0003420307870767117
14905,0.00018148332588745466
14906,0.008999118855889983
14907,0.00014387072101396602
14908,0.0001671261844635217
14909,0.0001507385259129801
14910,0.005199210894014484
14911,0.12309715766409461
14912,0.0001835454818700429
14913,0.00014945589558585987
14914,0.0036914972405064023
14915,0.0003651518872113157
14916,0.0006638665355400516
14917,0.00011429542217836342
14918,0.00017226513937028542
14919,0.00019786868655163108
14920,0.00037281837568227784
14921,0.3992260833721594
14922,0.005679510913565362
14923,0.00022645361974341232
14924,0.0001842855759672644
14925,0.0002432439802530166
14926,0.00013701785637572765
14927,0.00015466116773689558
14928,0.00011338303329776738
14929,0.00016374057910253378
14930,0.0016891946241754461
14931,0.0008895535879687652
14932,0.00034786638157381666
14933,0.00014766130370614435
14934,0.0001458717151115074
14935,0.02567833422255958
14936,0.00018293254743642016
14937,0.00016553671970289896
14938,0.00014691983284087628
14939,0.03252461495968233
14940,0.00026520750261289705
14941,0.00041984281282960914
14942,0.016504074815705108
14943,0.0003086339111881905
14944,0.000762752152156018
14945,0.0002750512523871043
14946,0.00022267107025051726
14947,0.00014219537738383202
14948,0.00013012166456990878
14949,0.0016340025058951752
14950,0.00017521058968906635
14951,0.00048209292976458725
14952,0.00013169022991031914
14953,0.0005852015111098348
14954,0.005137534508984383
14955,0.033397685903097094
14956,0.015299089731523751
14957,0.0010017655143498576
14958,0.00023205415034094378
14959,0.0005249831778528403
14960,0.01411451386043364
14961,0.012692059306326452
14962,0.00017263482085520796
14963,0.0001368435756184363
14964,0.00012509116356842782
14965,0.03904514642238609
14966,0.00011509824686163858
14967,0.00015797619976236452
14968,0.00018022695392522884
14969,0.00015492646483898255
14970,8.063777930905691e-05
14971,0.008765379531934831
14972,0.00021487969996651884
14973,0.0003656176090098868
14974,0.00029171010217588536
14975,0.0001625216288204419
14976,0.00010560946554921964
14977,0.00020820131610476913
14978,0.0002619608785830453
14979,0.0003704866602764345
14980,0.0014586103361576678
14981,0.0013345375508457128
14982,0.00014307763656468066
14983,0.00021796563234369835
14984,0.000788210167198638
14985,0.0007178539142564494
14986,0.004245461195001639
14987,0.0004941392825068554
14988,0.00018901490990447587
14989,0.0001536130276885611
14990,0.00016689472369367013
14991,0.0001760410664177306
14992,0.00023893341647243758
14993,0.00012067306504173692
14994,0.12689071317136136
14995,0.00014304782071234375
14996,0.00031080706744406446
14997,0.00016720458682957935
14998,0.00017353722617689945
14999,0.0002162405676457523
15000,0.03684337702089987
15001,0.00013533987462889028
15002,0.00015342522809491183
15003,0.21434221970125833
15004,0.24566223399567388
15005,0.00010893916615136234
15006,0.00014089578382329144
15007,0.00015858904629037601
15008,0.00019138813949431076
15009,0.00031201972578958297
15010,0.00033285341270996335
15011,0.0014443216762144682
15012,0.01764468701606669
15013,0.008076326597868997
15014,0.00010954008380628765
15015,0.006862008754147251
15016,0.02412359253207272
15017,0.1845466105572551
15018,0.00020279480025082466
15019,0.00017796131207610663
15020,0.0001151315902140453
15021,9.258904031801176e-05
15022,0.0002880017891253038
15023,0.15347729770695112
15024,0.00025489193825819877
15025,0.015615968639737179
15026,0.00014876945761207647
15027,0.00012134890536759131
15028,0.0001778870178336798
15029,0.00018632469978321477
15030,0.00013436017664188735
15031,0.002669823612283706
15032,0.021146969375917334
15033,0.0001643333910683142
15034,0.0001661560062266165
15035,0.08326953931855083
15036,0.00028421370544129957
15037,0.0012763037706919743
15038,0.005110551006557014
15039,0.0001693616106089407
15040,0.0001596952637330906
15041,0.00015062825521386933
15042,0.00016202218780074002
15043,0.00016274895517753821
15044,0.025948428675760783
15045,0.0011012396474010524
15046,0.00028310423694604303
15047,0.0005114072836580018
15048,0.00012217107435966425
15049,0.0001460341556493303
15050,0.00014431188979021603
15051,0.00020051356099873914
15052,0.027408435876112153
15053,0.00017256258221549602
15054,0.00020567606736259045
15055,0.007907339707071158
15056,0.0031585536580183444
15057,0.11406132512129909
15058,0.00015442567660740107
15059,0.0013367806161801278
15060,0.005892180398325151
15061,0.0001379096526076089
15062,0.0001642368780164021
15063,0.001585376976783797
15064,0.0007259731067475289
15065,0.0028471436769196123
15066,0.000356704254225059
15067,0.00017744874180455384
15068,0.04726972704488422
15069,0.005135673343517344
15070,0.000915871686322539
15071,0.013821660578235933
15072,0.00011952665453385868
15073,0.030315180999340524
15074,0.00027487212691348017
15075,0.000181685370133453
15076,0.00015548589485050933
15077,0.0005926593002390948
15078,0.0002110119888925274
15079,0.0001594918996123609
15080,0.00013533987462889028
15081,0.0001471921831680053
15082,0.7000957674667078
15083,0.085281368706196
15084,0.0001445207049499665
15085,0.00012149881874670422
15086,0.00012386076430962646
15087,0.000489784470887929
15088,8.43613708097399e-05
15089,0.0013981392484657181
15090,0.0006987967828510495
15091,0.0323146722293239
15092,0.05984608468847419
15093,0.018844071766337935
15094,0.0003105074365478762
15095,0.00016518443783063638
15096,0.006458315188560198
15097,0.00015573582686632286
15098,0.00017857107805963735
15099,0.00014400982235090906
15100,0.0020087791403169152
15101,9.657479865401811e-05
15102,0.00015928895938234258
15103,0.0001398907493065448
15104,0.0002951758246500473
15105,0.008528808667013037
15106,0.06641576874208407
15107,0.00031278157531726647
15108,0.0006330921545901626
15109,0.0003406426264347627
15110,0.000667710435283195
15111,0.015819256041486852
15112,0.0030840581109488068
15113,0.00014348645064574637
15114,0.00018677623107165981
15115,0.00012174625057056765
15116,0.0022536017626267604
15117,0.00017036379587426282
15118,0.00015707783357665276
15119,9.66042887480782e-05
15120,0.00012725547616855148
15121,0.004812812498535198
15122,0.2465545268668451
15123,0.0001293995700217145
15124,0.0001256302339529552
15125,0.00012292319145138167
15126,0.00013827933880873988
15127,0.00040580030816098815
15128,0.00015919016945168608
15129,0.00022097642161684724
15130,0.009464577062243166
15131,0.00018744179166313077
15132,0.0003702508665269395
15133,0.02156122410437197
15134,0.0001417366418749447
15135,0.002567620016687819
15136,0.012786819729725122
15137,0.015432397639422352
15138,0.0011137084277203955
15139,0.00014863159980251425
15140,0.00014420452393657727
15141,0.00016957717267334908
15142,0.00011609643225925865
15143,0.00021035107032027714
15144,0.009298340911002848
15145,0.00012066703054684826
15146,0.00014786234841597114
15147,0.00010143586347705489
15148,0.00545210108899695
15149,0.001058648073457654
15150,0.00073302887981003
15151,0.00014247447587853473
15152,0.00012946441310507522
15153,0.00021496219734425706
15154,0.0017019069943128462
15155,0.010324000301900406
15156,0.00039813699519649314
15157,0.02685806104140738
15158,0.0017584640785219235
15159,0.038650980571933925
15160,0.0005596724637426687
15161,0.0016431692934579841
15162,0.00014703572169279638
15163,0.00012313560651230622
15164,0.00593408254242821
15165,0.0034408003373659203
15166,0.00026728887971167787
15167,0.00041780931203081335
15168,0.00015409610716293095
15169,0.0001683160172245362
15170,0.13589239829572258
15171,0.00028242319060832054
15172,0.0038849387194489654
15173,0.0003943197580759998
15174,0.017376876212965096
15175,0.000266185890487591
15176,0.0025359367366077955
15177,0.00014652910491478642
15178,0.00011811205454014284
15179,0.0006536733776334283
15180,0.004504571625947308
15181,0.00012254829388592871
15182,0.0070208226802288545
15183,0.0008505737850132051
15184,0.00012125623244773365
15185,0.00019286071600371383
15186,0.00015307585112881204
15187,0.0001548581747106113
15188,0.0002961375032370404
15189,0.0014018381401428026
15190,0.0002211034017503175
15191,0.10838762805172769
15192,0.00016034097709172597
15193,0.00014649084961005694
15194,0.00011114773653260168
15195,0.00011558775103647078
15196,0.0031732142730145608
15197,0.002700637345199821
15198,0.00013014474548827623
15199,0.0038127920490829362
15200,0.00042261924541006136
15201,0.00015008221193779403
15202,0.00017304726775613284
15203,0.0013860938126139526
15204,0.009037169336212422
15205,0.0001791558451597268
15206,0.11163738882250429
15207,0.5833988300824812
15208,0.02446131435258563
15209,0.6752735965263669
15210,0.00026224780329761697
15211,0.00014630879996848902
15212,0.00012278410884699638
15213,0.05947517630085078
15214,0.0005066170765105327
15215,0.0618509439740593
15216,0.1967990257016068
15217,0.0005299013580734462
15218,0.00034270836654614066
15219,0.0007145153086863626
15220,0.00016736746378389302
15221,0.003454204021819044
15222,0.0004792923836106303
15223,0.0001919456218628181
15224,0.0004510280664793082
15225,0.00013839235575511803
15226,0.001139147394915002
15227,0.0013817905010232061
15228,0.0056139591656971174
15229,0.016886687191276378
15230,0.00013597846453093667
15231,0.00015858904629037601
15232,0.0002817225482020336
15233,0.0004024944805277597
15234,0.0005607906834401669
15235,0.00017624334343167223
15236,0.00014280141948524875
15237,0.00011647272968827708
15238,0.005429223788664251
15239,0.0003653959250218034
15240,0.0015536175774567293
15241,0.00019490192072392333
15242,0.0019570432328488508
15243,0.01029187236908027
15244,0.0001444375917367342
15245,0.004844885201508148
15246,0.0015330623862697317
15247,0.00012614973319068572
15248,0.0004472124163771572
15249,0.00012540945220636387
15250,0.0009574547328210831
15251,0.00017156451661900165
15252,0.00016459898976745995
15253,0.019357294009886464
15254,0.00015832367903237344
15255,0.00011043951266170128
15256,0.0007953618677383382
15257,0.003534113347803815
15258,0.15508537592285407
15259,0.0001560429840749061
15260,0.004842746166719058
15261,0.0010043305258834983
15262,0.010619564491811456
15263,0.0029195160096857162
15264,0.001887058399947357
15265,0.0005626192428512914
15266,0.04443366157767746
15267,0.009526723567934846
15268,9.713411402654658e-05
15269,0.00015120011035666507
15270,0.004731928910654299
15271,0.0001716762656174513
15272,0.00015188378923770374
15273,0.00012788891458124125
15274,0.0001069172058176414
15275,0.0019195602580308155
15276,0.14658185815201163
15277,0.00010880210866690517
15278,0.020492648005119036
15279,0.0001507385259129801
15280,0.003949016820136469
15281,0.2751847879660272
15282,0.00010623972294936609
15283,0.0006290630382146565
15284,0.00026860985423549376
15285,0.002031544440643162
15286,0.052360104006145394
15287,0.000154700780238693
15288,0.0001351888585998216
15289,0.0028555621147286917
15290,0.03208930805229147
15291,0.0004925896851084189
15292,0.00012035220053028274
15293,0.00013880807301208033
15294,0.001055433943321677
15295,0.0001453377010755001
15296,0.0035251409019564648
15297,0.00010093118270032378
15298,0.0007559457148129238
15299,0.00015286569547059802
15300,0.000367017358924333
15301,0.0001516632211871191
15302,0.0010128837480421835
15303,0.009595843134537313
15304,0.0001459817596965423
15305,0.0006799636907087969
15306,0.001354421874694113
15307,0.00019321914855280863
15308,0.1502526367057198
15309,0.00018313276748777791
15310,0.0002113157678845705
15311,0.009672619877892356
15312,0.008042274857319516
15313,0.00010686846964658445
15314,0.0007667870710248828
15315,0.0003655480056885918
15316,0.005919772495177125
15317,0.17138415255314363
15318,0.00013738995000940496
15319,0.010493944808076907
15320,0.03838548761385163
15321,0.0073378306014314785
15322,0.00011697026766875078
15323,0.04805006253455897
15324,0.00011855602693314531
15325,0.0013920688131808872
15326,0.011168898479130211
15327,0.0001734851507924355
15328,0.008396499165774472
