index,target
0,0.0025836500320280654
1,0.017784813864083242
2,0.010910997160046695
3,0.007035884515102213
4,0.0024115981789850954
5,0.0033684723878951908
6,0.09896068110425617
7,0.014093428429250068
8,0.001243037128381231
9,0.00411906916020371
10,0.00275470199228493
11,0.00609068081064295
12,0.0029385377770402028
13,0.0014982158997527534
14,0.004271967545819292
15,0.0064014561221336745
16,0.0008323175141353806
17,0.0008323175141353806
18,0.006195245317973865
19,0.006160437086952624
20,0.02658633577151577
21,0.003552511583256796
22,0.0025962020842604456
23,0.024664303026430457
24,0.003438563798851665
25,0.003528501601251876
26,0.004720377368003592
27,0.004717491593336658
28,0.009604537009469123
29,0.9947526341573126
30,0.002908916848609178
31,0.0068333925788052795
32,0.004585625595049682
33,0.028984440596678828
34,0.005391019643712366
35,0.0025681190913431893
36,0.006511718064949413
37,0.0008375574624056914
38,0.0076361129570634255
39,0.14230374397272508
40,0.12872998426450682
41,0.0017950327291085253
42,0.009251434117475468
43,0.004065821447618017
44,0.012491244787348026
45,0.009567371278926314
46,0.003941853976961137
47,0.015604236240928236
48,0.006587048309524233
49,0.006103536603331275
50,0.005288718579728186
51,0.004694422957582527
52,0.0034227940390609193
53,0.001090437087000301
54,0.0009942282468132304
55,0.00727485124648187
56,0.0014383038591041539
57,0.0043779442959194685
58,0.0030679530351632556
59,0.006234991410928066
60,0.0019577539136845
61,0.001754949008867228
62,0.17433447817185893
63,0.002235613567800221
64,0.004624747938489213
65,0.005627345753308539
66,0.02855059931669176
67,0.004793455088280897
68,0.044486645079333274
69,0.010728808231570271
70,0.006728362117392409
71,0.006629783177149501
72,0.0032325794813352128
73,0.00537702153624382
74,0.012673019592032556
75,0.006448102935373555
76,0.004621529240228669
77,0.019125808840782434
78,0.10458360919328402
79,0.01916430265515823
80,0.015951190490977766
81,0.002517884334528394
82,0.002851660639041847
83,0.0026729805153013543
84,0.017108686954796514
85,0.026768726717121598
86,0.17983293309284934
87,0.27726864163584847
88,0.014437381835001522
89,0.012289702881864387
90,0.0073916178058810005
91,0.0019348612282241151
92,0.001206730073581495
93,0.000842436468248014
94,0.0008176058202623948
95,0.0026191778520736598
96,0.0008441040497282079
97,0.0008468369036594715
98,0.0026917125783901055
99,0.0043855401621783795
100,0.02093924334246655
101,0.9947526341573126
102,0.00770880096521974
103,0.0065441196108934905
104,0.0010452151133951706
105,0.0011226985575634536
106,0.01066515351007416
107,0.011465539637990777
108,0.0023129574892449376
109,0.0008727862626604852
110,0.0011776289504246947
111,0.04583694857737857
112,0.0009164955159570868
113,0.0008606100357371151
114,0.0010384832689922803
115,0.007936477432030983
116,0.007418464844536721
117,0.004059274395206337
118,0.005180233856233066
119,0.002550685102260949
120,0.0008585262873629017
121,0.08684254709078672
122,0.0023233772942951154
123,0.0010088331294598343
124,0.007287936636061549
125,0.005454352274572665
126,0.13095872395196748
127,0.05557715401406124
128,0.001969377721557663
129,0.27182192336676547
130,0.21156068613573528
131,0.20544277215435977
132,0.9948016990694982
133,0.166034493131872
134,0.04570480743403231
135,0.004951065688453029
136,0.005112163241372825
137,0.00202307658432695
138,0.0008209629892172702
139,0.004015665037125207
140,0.020966867838591238
141,0.008105949521821828
142,0.006563590435325083
143,0.0016170053833377436
144,0.0050421286998059405
145,0.005112421887235783
146,0.0061501865608280335
147,0.020328510326050726
148,0.005362674400859195
149,0.3589183361090296
150,0.5092087440840226
151,0.0024584207228621102
152,0.00703104249591181
153,0.006898237782115789
154,0.0011275501658486997
155,0.0031141912936545717
156,0.005854198208324223
157,0.020462332932931957
158,0.6898124964221286
159,0.005471204253517573
160,0.006865773670065931
161,0.028898252585584247
162,0.26847854563676393
163,0.006316600884177381
164,0.006660342516998643
165,0.02447091852953742
166,0.7434824166987316
167,0.06541922914804632
168,0.00213668456011707
169,0.0008072747214290979
170,0.0008375574624056914
171,0.034198811025005375
172,0.0019490595190517022
173,0.0026318620626580155
174,0.03728532728194534
175,0.0052364482671557674
176,0.0074156597524932324
177,0.04447266352097126
178,0.0011383610981965814
179,0.0034681717838010947
180,0.0009836301590381749
181,0.0008832762516440533
182,0.002195779433967047
183,0.006363981153282296
184,0.0012976763939789274
185,0.0010845088496521807
186,0.005311671070106667
187,0.0015242801633455723
188,0.030985392858911182
189,0.0030929023295684878
190,0.003286244333986029
191,0.002535753330073341
192,0.002650227131283574
193,0.10047118032281517
194,0.06242481199902349
195,0.014407358044847227
196,0.15336098190611763
197,0.0023813252983700844
198,0.004321883862442034
199,0.002571107805904781
200,0.005954240547970948
201,0.0053876670510538205
202,0.0040015386088346995
203,0.004605386769106825
204,0.007914206763708003
205,0.008974360288412402
206,0.0013781427184559854
207,0.0020034025302836057
208,0.0020986408423347824
209,0.0016817802293035723
210,0.005486847328816039
211,0.0208737858954597
212,0.005848898703589903
213,0.025271394192781915
214,0.002378334322787645
215,0.0016972255160004166
216,0.27970902219338006
217,0.0022040434080434247
218,0.0034064396711297627
219,0.0017819618117456
220,0.0010141277590164208
221,0.0011561512113483785
222,0.001911955033185741
223,0.002649199095938444
224,0.1345548214036605
225,0.3280378735024684
226,0.0009697227024801398
227,0.0008652844235464912
228,0.0014882275238712064
229,0.006454752400135249
230,0.0030664005008408483
231,0.006944617949912359
232,0.0010467075564211331
233,0.001257572369958202
234,0.012827543470479808
235,0.014031060589384076
236,0.003762743507119147
237,0.0027380776079890473
238,0.9665981500021599
239,0.006087307365427379
240,0.00826640485831398
241,0.12189605707127375
242,0.1598309235688189
243,0.015389468121168131
244,0.006351168869029698
245,0.1135695125438934
246,0.0009627451572631765
247,0.0010443783266349098
248,0.0008786024085873839
249,0.0010805654863217731
250,0.001081049258067183
251,0.012917515236846122
252,0.006830712240257642
253,0.228360539830786
254,0.0819667425226508
255,0.0009117186690177503
256,0.0009919827044918713
257,0.0018718596753233337
258,0.002366418324809003
259,0.046815828027859954
260,0.012379139380684427
261,0.002528483104460878
262,0.007698772185763863
263,0.0042520318757976105
264,0.0014761677846982515
265,0.00303183267959423
266,0.0010090461381218625
267,0.001370940471494106
268,0.01316067810985237
269,0.020659440371906198
270,0.0008635388562827006
271,0.0008632515663744466
272,0.0008474038188715507
273,0.0019286523827997369
274,0.010151711984257876
275,0.0014958047444264446
276,0.00517972782125333
277,0.0020768504511008787
278,0.003820958275701692
279,0.003064532015508474
280,0.0016570865703080019
281,0.09470828428659082
282,0.0031042303184861575
283,0.0010041407521585984
284,0.0008915244260985314
285,0.010335659630386913
286,0.0012000979973753455
287,0.0009392938628625848
288,0.03226744887327671
289,0.035114783108246096
290,0.016409583283562186
291,0.0013774660699654043
292,0.0028414054435244814
293,0.0026846219689239475
294,0.0010786171103846407
295,0.010194925982288015
296,0.02662492503111205
297,0.010118873975836945
298,0.07680030650954196
299,0.005671763943224012
300,0.0009774085427277591
301,0.0009206172497172846
302,0.006546630872302957
303,0.0008191485492900886
304,0.0008480317432397653
305,0.007000498124632546
306,0.0009095024737441655
307,0.003422676370136615
308,0.0017032551197327804
309,0.0037612966189172633
310,0.0035963904096951997
311,0.0021396985226987586
312,0.005055204595807671
313,0.0009637437247711365
314,0.042167064150392584
315,0.036245854525970324
316,0.0013411418938193366
317,0.04280020071609488
318,0.0037991297307646676
319,0.0036593245594266446
320,0.0008176058202623948
321,0.000923446632064595
322,0.0009614753253141876
323,0.0009099334386301221
324,0.0008727862626604852
325,0.0025860778196680214
326,0.000842436468248014
327,0.0012626826426330405
328,0.0011237841494007512
329,0.003810993179543026
330,0.005691148060857372
331,0.007795932952005701
332,0.0010479741507930524
333,0.007247360822792106
334,0.004384150901475637
335,0.001211722505269621
336,0.0010053110065339525
337,0.0021446575798317164
338,0.007474948344314365
339,0.0024979214059536684
340,0.0009608314754982501
341,0.008892411230771028
342,0.004015266843505129
343,0.08718762497239313
344,0.03384893035136072
345,0.002570665679292942
346,0.00928669085266418
347,0.005045139742488152
348,0.012220483088075662
349,0.006807098945757118
350,0.006257840416080066
351,0.10525140701242784
352,0.2695493843320969
353,0.008347406092829421
354,0.002180742205297701
355,0.004416236295621533
356,0.004341045350965016
357,0.018452772626823738
358,0.005451704858713352
359,0.008914692422722815
360,0.04459072736385632
361,0.0567309560588089
362,0.0027031748648642575
363,0.004503746593998183
364,0.0015015913878407181
365,0.001755418204728396
366,0.03752566606997811
367,0.0029610723466592164
368,0.0016530636119180678
369,0.059110247321817196
370,0.0028974157665170443
371,0.00436106653317629
372,0.004869418346008693
373,0.0027580377325595084
374,0.0022664265598962606
375,0.0012611161911514194
376,0.45991322921683286
377,0.006100237297005562
378,0.08829763773874605
379,0.32371928051390797
380,0.00359829807761637
381,0.011003094274240975
382,0.021250597757994944
383,0.002104287527882304
384,0.006321702219796115
385,0.0034724715582884567
386,0.0008832762516440533
387,0.002802639451712865
388,0.006598758712399266
389,0.08166598061741252
390,0.0009547274101422298
391,0.0009188571438665812
392,0.002381163005896705
393,0.0008818683612330993
394,0.000851181604522488
395,0.0010392426254338426
396,0.0009640462567142358
397,0.14372391120350944
398,0.03142624822155188
399,0.02067964132069757
400,0.005860328109285896
401,0.35615884641869705
402,0.3229538117280444
403,0.019016955531702594
404,0.24648151778196484
405,0.249452722232132
406,0.07615070225749093
407,0.001557890886285873
408,0.005071230292616944
409,0.0039834652224522045
410,0.0011374309501152489
411,0.0017141783876093528
412,0.0024529840199266966
413,0.0030839955090275293
414,0.0009266639075348672
415,0.0009608870410120979
416,0.019060654125476834
417,0.04548853461068209
418,0.03320544365743579
419,0.00319749249866617
420,0.002057226870241173
421,0.02739244437062092
422,0.0016924178108045948
423,0.0009045303887439799
424,0.9845120500561219
425,0.005439753308026549
426,0.004393243123857568
427,0.02652177785038751
428,0.0013800195209134867
429,0.0012692605689122083
430,0.003852865681463966
431,0.057934697872969655
432,0.0036026396502748313
433,0.0008320406025754242
434,0.005444882567571816
435,0.06256041349918669
436,0.07773084386613674
437,0.0008105089252805574
438,0.0014230609747006425
439,0.0034771716011878745
440,0.0011897416220061534
441,0.0009860313730158134
442,0.013770243481460194
443,0.0037220519069021104
444,0.0009663386658636878
445,0.009171623320276668
446,0.003414854994613434
447,0.0029943853910023737
448,0.0010903963306792502
449,0.0009716436714139824
450,0.00267335405139184
451,0.010410763513106864
452,0.3786731367876264
453,0.17546583722165965
454,0.005035549821704276
455,0.0022461663438424723
456,0.001307583716839104
457,0.006084766797290924
458,0.001062754684101067
459,0.0008831099384831795
460,0.0020375558198919724
461,0.0011741556913225657
462,0.03705711378852023
463,0.007920938887903939
464,0.001050427142831924
465,0.0010410155733757602
466,0.000838851277490084
467,0.0031316926855891585
468,0.006336875598671917
469,0.00884102652435316
470,0.0009776741961150398
471,0.005429059942966857
472,0.0025735730647673434
473,0.0023482340867200867
474,0.001678391249969369
475,0.025585910056463084
476,0.0021963328480885495
477,0.017877575060527576
478,0.018887045775224157
479,0.03126825942971839
480,0.018873401846917583
481,0.006837769605537766
482,0.0031446664201210343
483,0.17629468741629264
484,0.000943104020660266
485,0.006108684988834283
486,0.0015160862135979794
487,0.0041652661449229165
488,0.004731871552572794
489,0.004237948325509534
490,0.012203057707091078
491,0.0053024702407309995
492,0.0594252375473088
493,0.0010355927891284062
494,0.0011955919721784519
495,0.0008668119088963439
496,0.0009489332063752116
497,0.007307401409469812
498,0.007762714485294176
499,0.0021219525026777044
500,0.013115597420356815
501,0.005849356138351561
502,0.00338908416265809
503,0.03642953721153015
504,0.010711424350074277
505,0.005993752363126473
506,0.005209002465441259
507,0.003243325324540625
508,0.023396238214788284
509,0.0032037826867858813
510,0.0070792148520028835
511,0.002620837317531883
512,0.01408102941867538
513,0.10053290430982123
514,0.007458382760825246
515,0.003520027244111185
516,0.000867501238586018
517,0.004070146887452969
518,0.0009705847265565696
519,0.0009006905070004979
520,0.37867180737265166
521,0.06833514841211177
522,0.006944431547550383
523,0.008687314184841172
524,0.0020963793247497004
525,0.008594325921003298
526,0.0012700214651298512
527,0.0013255052983062374
528,0.01699710490381642
529,0.007342527751863095
530,0.0012095023342245503
531,0.0009492971516333699
532,0.007554236303675046
533,0.010507459048074168
534,0.004632400950203002
535,0.055573722399766594
536,0.0033969907579707373
537,0.0033437568182570214
538,0.07839781065133687
539,0.29503439295020195
540,0.018300666787127016
541,0.015805894870465378
542,0.009360289949869168
543,0.0013005267111599879
544,0.01735510171669631
545,0.03846557097919464
546,0.0017091622765119433
547,0.019992003098634966
548,0.022469271685693043
549,0.0023032232220115503
550,0.015999793903673155
551,0.002083872044265268
552,0.004042632439286802
553,0.0026831114277815244
554,0.0017733910155162582
555,0.0013148445701132608
556,0.0009088553113354355
557,0.004888865591419101
558,0.0024726649790333425
559,0.0015361333855092663
560,0.002895570313388362
561,0.004661987365573695
562,0.0011375045139101717
563,0.0010090461381218625
564,0.0017342262135196776
565,0.0040109930972591626
566,0.0008526278523324531
567,0.21057281485739243
568,0.0037851559153516154
569,0.0009920592500762184
570,0.0222729818444616
571,0.004526093828828838
572,0.0027097809980305794
573,0.0034708698052971394
574,0.0009978420241429362
575,0.000964443505724135
576,0.9903943400463155
577,0.0017539698488673154
578,0.008365346246087464
579,0.00607613718954539
580,0.001601168737018077
581,0.0009806939106506982
582,0.009166228951608651
583,0.12543471856070615
584,0.0017643219334751244
585,0.001440244569079144
586,0.7991560158507894
587,0.018339159537821684
588,0.0008817383558294043
589,0.0008375574624056914
590,0.003752319991481355
591,0.10802198284604926
592,0.16498278228308647
593,0.0011375045139101717
594,0.005997320883472843
595,0.022003789493088958
596,0.000995934948276464
597,0.005121484476270472
598,0.001016094729447524
599,0.0009951705986158688
600,0.0009640811961295708
601,0.0009064462327551061
602,0.0011405630808715723
603,0.0009940843371954787
604,0.03975149879729099
605,0.0009255284412919449
606,0.0008827445810128862
607,0.005905603803218705
608,0.001617774945421396
609,0.8411179068630622
610,0.001203040550371491
611,0.007124400085605795
612,0.01121976788756423
613,0.0020390385048021688
614,0.990498097058469
615,0.00881649770651532
616,0.0025986564476379896
617,0.0010981880697041
618,0.001268536687506733
619,0.004215014539906747
620,0.024841738234995036
621,0.003608958678164236
622,0.0008635388562827006
623,0.0032631634947143293
624,0.0009045339975158496
625,0.0009358606000595292
626,0.0031495869459043264
627,0.003503320832100712
628,0.004414139813947463
629,0.0010043171268969996
630,0.0013431962080108465
631,0.02008398180617966
632,0.060872039619648585
633,0.15624183475211567
634,0.010745504815870766
635,0.0028493094430471827
636,0.005041176275576566
637,0.0021418863410210902
638,0.007994640040435798
639,0.11817480821697769
640,0.011497561123234018
641,0.0010217910425576642
642,0.001016094729447524
643,0.0025594634057895644
644,0.007241232519810181
645,0.0025715603923780255
646,0.010148341026814238
647,0.0008786024085873839
648,0.008886242143943037
649,0.0035445340785664947
650,0.0009589092097762548
651,0.0009918390684454618
652,0.006236850153220206
653,0.0053836061151305075
654,0.00520162642666787
655,0.0008895895300834798
656,0.0008618261184554358
657,0.0013474443555386156
658,0.029234940433670288
659,0.004386633571440988
660,0.0034765854810068584
661,0.007119060138854699
662,0.0029855771901686574
663,0.07675619613306421
664,0.04906937339484379
665,0.0013135513348519338
666,0.007452122687909161
667,0.009359023900035597
668,0.0034001152418186823
669,0.003749233235884683
670,0.00277550836516483
671,0.2544569647503555
672,0.12177201383462787
673,0.027195694683544304
674,0.002133713334504551
675,0.003601187442119396
676,0.001985722449010385
677,0.002853271963267348
678,0.006513015356171218
679,0.01889572290734306
680,0.0049812649857428806
681,0.0018891676732216743
682,0.014250042331310131
683,0.004321237422138121
684,0.003968364962586735
685,0.000923446632064595
686,0.001308132279385356
687,0.013958783110330294
688,0.07402539659495092
689,0.0036499251623835606
690,0.18994857467278758
691,0.0011231375414548779
692,0.001179832447150976
693,0.22034740145495424
694,0.0023234436563729093
695,0.0015101927137990531
696,0.00955974984694183
697,0.006393146050297581
698,0.009934852667637908
699,0.0013441685901249539
700,0.005829796275166981
701,0.00328666648526658
702,0.01182594402172362
703,0.0025675972714081646
704,0.0014084925692031444
705,0.0025282200810061643
706,0.007269691209641562
707,0.004253876951706614
708,0.024492754087862043
709,0.003734241851261382
710,0.0015841094523439219
711,0.0010961613706260474
712,0.0035286146048548375
713,0.0014724582108961116
714,0.010244492627330163
715,0.0060047415346736865
716,0.003002316449497643
717,0.003572150246313459
718,0.0014582991896930444
719,0.006810842910713222
720,0.0024101310966989312
721,0.0699443384662513
722,0.11895602288437108
723,0.0036816785587142895
724,0.0041939906597720745
725,0.0031760190941779844
726,0.02640258612015061
727,0.00130881621815907
728,0.005081177529638179
729,0.005127432727106054
730,0.49565279981145877
731,0.008511309851517605
732,0.008665910005524063
733,0.002836442876209414
734,0.08208693376004554
735,0.04417037612417454
736,0.008034594499474206
737,0.002298727586007203
738,0.0011053537673067393
739,0.005284798367889086
740,0.001100739076754797
741,0.015290281203710284
742,0.005496458624615858
743,0.0045951673095157835
744,0.0011039967306966905
745,0.0012889875112036978
746,0.027641739238136058
747,0.052204372669384394
748,0.17084341680433435
749,0.011746768406407381
750,0.001520211883056737
751,0.002558144556199421
752,0.0010564181842679975
753,0.0014201716971562407
754,0.011738958826083315
755,0.0015737268876101157
756,0.0024566581248220087
757,0.015755488532366236
758,0.007060522540085881
759,0.0028860746318551474
760,0.9948016990694982
761,0.0031354673498943104
762,0.006223966419646436
763,0.08633667914867066
764,0.14319201273904714
765,0.050508480579812914
766,0.005986248217857875
767,0.004757458995396696
768,0.0008885196598448717
769,0.0016419423717989998
770,0.012253738462366784
771,0.0016130818399766344
772,0.0038983289805927172
773,0.001633578779494613
774,0.005061817410111111
775,0.005185706566430119
776,0.003029532989596007
777,0.0020246968448350867
778,0.0010453011733508497
779,0.0030721923522679636
780,0.2719708004506464
781,0.002734540425223049
782,0.002119874336930994
783,0.008689095664599716
784,0.004185274128469599
785,0.004674454545066756
786,0.0032042921217506084
787,0.0014752280366341678
788,0.00293962906044167
789,0.0019438210608867972
790,0.2105411478407443
791,0.04429386583960359
792,0.037528053438439075
793,0.01588993669062716
794,0.006886975739036769
795,0.0013148445701132608
796,0.0035486208927056778
797,0.0009475361876821997
798,0.001148016415816539
799,0.02307167932536095
800,0.0405935001883756
801,0.002894137009900137
802,0.0009736941056331282
803,0.1656987157052191
804,0.004224224902031153
805,0.0011141916191344495
806,0.051822431326866286
807,0.014347464513800316
808,0.00636236509285611
809,0.2914845715536324
810,0.0008832448830314723
811,0.0019206899765502694
812,0.1152310841098653
813,0.018535014450599623
814,0.2094084000833748
815,0.0031464079225542087
816,0.003848876292984304
817,0.005910031788401019
818,0.001205385898920207
819,0.0011042260841649279
820,0.0046125293990890845
821,0.001016094729447524
822,0.0010353937003141822
823,0.43266141441392736
824,0.0022206746276740717
825,0.18251533626149968
826,0.0024246224110137534
827,0.10630857981575456
828,0.007987998178538324
829,0.011284213835181803
830,0.026099333991134427
831,0.005063547391353095
832,0.002842212928553385
833,0.0010357488276317316
834,0.000985352957955901
835,0.003121989542080027
836,0.002413334801840942
837,0.006788236627365554
838,0.01519706698605598
839,0.0009777635415094044
840,0.008664855295053833
841,0.008123927510512155
842,0.012055108089155763
843,0.0033955456848208552
844,0.011538833566893933
845,0.0011553831790293856
846,0.005146820853345991
847,0.0031303026273687994
848,0.0014078616606742604
849,0.0021207989571530484
850,0.012130161805640026
851,0.004460991977665327
852,0.003749153151279021
853,0.0023701853967209767
854,0.13228484940030638
855,0.0024246934209210987
856,0.0478912928132017
857,0.07327387204534906
858,0.00687805530793021
859,0.005592027222079839
860,0.0010158833156579138
861,0.001967013962571792
862,0.0009811402307067707
863,0.0020697818174962787
864,0.002068003057622017
865,0.005608357351716798
866,0.04956309641773691
867,0.002376450949260202
868,0.11092390146015971
869,0.011911002882225142
870,0.0034187117036496425
871,0.001186255470485118
872,0.0047945329241853695
873,0.0012934630126771166
874,0.01119686860327082
875,0.008813946677336346
876,0.0016456320950606392
877,0.0016436007897195064
878,0.0046799647309605985
879,0.0010090461381218625
880,0.0010557540919910427
881,0.0015589155719364408
882,0.004365735285389585
883,0.0010694654856096544
884,0.0011351585489819142
885,0.0062972924920126905
886,0.003046455506813133
887,0.0017677039187242486
888,0.013235748179730441
889,0.005378100674724293
890,0.003037717525749613
891,0.003680513792190113
892,0.0036253426881125215
893,0.003880183838272233
894,0.002782774841032001
895,0.0010699566270305598
896,0.13385282125135572
897,0.00479483147514841
898,0.044091294778830205
899,0.0008606100357371151
900,0.007379766200087247
901,0.0015292149037669897
902,0.0025302863471916466
903,0.011919258363574289
904,0.017591829254748358
905,0.002921049523828915
906,0.006546828162933812
907,0.0036910475473409723
908,0.007692737798426995
909,0.0010814757855265155
910,0.0014890552407302445
911,0.0020942499951020167
912,0.0014294410037360727
913,0.025487409253594003
914,0.0023460899793835443
915,0.000923446632064595
916,0.11730124025786877
917,0.0034418097622370197
918,0.0045050212744370275
919,0.07666862426080426
920,0.011034778602953073
921,0.012912985017423537
922,0.05940264440948906
923,0.5077351418131826
924,0.08585869588512292
925,0.0009313396419784697
926,0.009069242417529658
927,0.2055395126204492
928,0.002746767892025546
929,0.01764616322443596
930,0.006485150045159809
931,0.03726547727186714
932,0.0886689951721062
933,0.0012599476177263958
934,0.0009479209205300802
935,0.0034148493454142963
936,0.0010600060105828914
937,0.0009814977473061998
938,0.007375632410396689
939,0.0018624741240461484
940,0.0009523926122039233
941,0.000964443505724135
942,0.009114702273282774
943,0.004127558783991926
944,0.006815186718864403
945,0.001934645681389991
946,0.007880916636104287
947,0.002527677080862216
948,0.017861135030554705
949,0.004312121703379884
950,0.0010584120455593158
951,0.006973001989681276
952,0.0008575945720490798
953,0.0038129083266454714
954,0.008866751622480691
955,0.001076666945511455
956,0.006774168578538017
957,0.007143041913681109
958,0.0016702511608301558
959,0.0009479209205300802
960,0.007048395229616094
961,0.0021200516535459747
962,0.003330935258113232
963,0.004503158658175014
964,0.0041901563465040655
965,0.0009513570705231749
966,0.010050774415701548
967,0.048807470060076616
968,0.009507177278409414
969,0.0008963108868941047
970,0.008264424945723884
971,0.001930472141387922
972,0.004105178274293715
973,0.002546202237187256
974,0.09563202729325468
975,0.021800808601144667
976,0.012863570147935769
977,0.029240695190190555
978,0.005466924397297393
979,0.0010920514169671688
980,0.0016071141131119985
981,0.0010942450472079686
982,0.009453292812017657
983,0.012024723034222718
984,0.00816726336669121
985,0.003534491633496915
986,0.028609016669538124
987,0.10450048967608015
988,0.00493374353515719
989,0.0015796985128459329
990,0.10379159012759054
991,0.0025559758631332635
992,0.006205849677714001
993,0.003339764608119475
994,0.0010194197547880861
995,0.004403183755197267
996,0.0008941131184028085
997,0.002262094079399851
998,0.003036175563423502
999,0.12217953503290475
1000,0.004062482234484569
1001,0.003498055124886959
1002,0.002848774443763362
1003,0.0032932293186904178
1004,0.003136565090468524
1005,0.012206785491806345
1006,0.004392753435600944
1007,0.00714040227757827
1008,0.0013135513348519338
1009,0.0009963028171322825
1010,0.002523922652864935
1011,0.015771510102780363
1012,0.0019162996971096517
1013,0.0032712645094476567
1014,0.03984337231563588
1015,0.001211826964286813
1016,0.0028402906729048764
1017,0.031081369367498748
1018,0.003308689730296285
1019,0.008302549519124559
1020,0.0009164955159570868
1021,0.0045554675340303335
1022,0.0051024391398201375
1023,0.014668961995049705
1024,0.0015782674561367661
1025,0.002418586210770824
1026,0.010315893867365134
1027,0.0015061941625980314
1028,0.001894956165834693
1029,0.0029249158574174206
1030,0.03351829323886437
1031,0.00330199055027323
1032,0.004729045812084748
1033,0.00758730704724164
1034,0.007971591363282573
1035,0.003969214853630174
1036,0.001216357928084355
1037,0.9948016990694982
1038,0.0076071824407798515
1039,0.0027792985514973286
1040,0.0014107409904742698
1041,0.0025588144032869845
1042,0.3331089515302891
1043,0.0009893189688097198
1044,0.0026603087949749514
1045,0.0010405496981240265
1046,0.054443585166102766
1047,0.003493369643075021
1048,0.0029869934406344893
1049,0.0037535828699776855
1050,0.003000371084706149
1051,0.11079058993664333
1052,0.0034763743268756654
1053,0.017453599616236954
1054,0.0010180812602545797
1055,0.0011263139153764117
1056,0.002974169370964505
1057,0.002251201350753886
1058,0.006678782537724363
1059,0.047928061201119386
1060,0.009788586221830542
1061,0.005697755183752347
1062,0.009817128856897117
1063,0.00368176407745141
1064,0.0028803301727268094
1065,0.099755520066869
1066,0.005742908504178045
1067,0.00807506493059706
1068,0.0021327954353690458
1069,0.0017124296230961573
1070,0.01396638084565834
1071,0.06054177166736951
1072,0.010575306036501987
1073,0.0034228034252515157
1074,0.001463144758550136
1075,0.037949595239208087
1076,0.0015957051439421423
1077,0.0028019422851458297
1078,0.0008702236857276855
1079,0.0031410099284687573
1080,0.0017367695963182762
1081,0.032636994147718805
1082,0.0044996710730547135
1083,0.03149876263413791
1084,0.002729751370106914
1085,0.0019698728112083194
1086,0.00301720705636775
1087,0.031171397061411886
1088,0.009206771827812186
1089,0.003769007556985867
1090,0.003550314307358695
1091,0.006907014653512437
1092,0.005974121149892739
1093,0.0032196982540122912
1094,0.0032182895677763277
1095,0.03329307607110914
1096,0.004226156516025334
1097,0.009253132748322441
1098,0.001797736793809061
1099,0.07519719551666999
1100,0.0009854959472602412
1101,0.03191321115786861
1102,0.0031502147664802735
1103,0.009286956306566434
1104,0.0010414035843694105
1105,0.0009152626794843258
1106,0.0015802226556975508
1107,0.0010443783266349098
1108,0.004436751001382315
1109,0.009228787258078254
1110,0.0032564820597984715
1111,0.0016869358188079365
1112,0.006054823376798145
1113,0.07009598192707311
1114,0.0008656783846957603
1115,0.007157780804169611
1116,0.0009506861861587723
1117,0.001916618265357735
1118,0.001025846756029253
1119,0.0010059642300681594
1120,0.0032290691038094565
1121,0.0024670102860201125
1122,0.001016094729447524
1123,0.004387141886808933
1124,0.0012611881449800975
1125,0.003135583017069085
1126,0.003834142564545593
1127,0.0032394383378669778
1128,0.0036772569563802244
1129,0.004217099177131333
1130,0.00799999430198454
1131,0.00255137311364295
1132,0.004234496336980485
1133,0.005395679966584195
1134,0.059006383367690186
1135,0.9948016990694982
1136,0.0029201298891635055
1137,0.04867732320940049
1138,0.0033078849913477154
1139,0.1908836298382274
1140,0.17184217541889787
1141,0.001929199898638933
1142,0.001073121241940666
1143,0.0018951660128864237
1144,0.028125354812286365
1145,0.014211116061399357
1146,0.01539547924014698
1147,0.01589418318529808
1148,0.0044808826588529915
1149,0.0012385948198672739
1150,0.0010450542971465495
1151,0.0013144737909342437
1152,0.0019206521790890473
1153,0.0010024632664806263
1154,0.20931359827248308
1155,0.3035333997356586
1156,0.0345478007101961
1157,0.015199032543886697
1158,0.0020557855592576845
1159,0.01811751909475509
1160,0.005119082893196382
1161,0.006448628859419467
1162,0.001067780245574276
1163,0.3141710484981734
1164,0.0012888107776532895
1165,0.3311093280597963
1166,0.0017557429165880952
1167,0.02412096466277213
1168,0.06379257196929378
1169,0.001594595671049371
1170,0.005192321637729993
1171,0.007372032301020587
1172,0.017499293953030456
1173,0.004473390399416631
1174,0.0054258577190129205
1175,0.01150126056327442
1176,0.002916033133951614
1177,0.026403095941974056
1178,0.005307733642690377
1179,0.0031417714411413385
1180,0.006705731995627652
1181,0.001419887174078439
1182,0.007613664430065827
1183,0.08402226075389095
1184,0.07608438735686078
1185,0.004044348579110239
1186,0.0009305339797330245
1187,0.00475975476530657
1188,0.008314023602179131
1189,0.0019932681650106678
1190,0.0038101909984214672
1191,0.12154794306869808
1192,0.00092956910392412
1193,0.0011108397425388958
1194,0.007069082548693461
1195,0.024221329053724053
1196,0.005798554546928074
1197,0.007840188650100633
1198,0.0014335505057397383
1199,0.004535160431988253
1200,0.00412553117101979
1201,0.008407196316594106
1202,0.004109926361241557
1203,0.10295552445849256
1204,0.003853823616777394
1205,0.002673158073918247
1206,0.026369582669534552
1207,0.00307375053713907
1208,0.990498097058469
1209,0.002638069525952175
1210,0.011138943875867443
1211,0.0021438619756858415
1212,0.033422485367540125
1213,0.0034607636711348915
1214,0.003537377586848342
1215,0.003414370129162189
1216,0.0029088356492904272
1217,0.005930668799935951
1218,0.0009614753253141876
1219,0.008535865911736837
1220,0.07659612659768737
1221,0.005526500153814802
1222,0.005209811436330286
1223,0.0010487656561226236
1224,0.006445570376981799
1225,0.0018195453555240391
1226,0.007496400097750214
1227,0.0012212282660144964
1228,0.003963880842135852
1229,0.001941408315612898
1230,0.05001053548894168
1231,0.003848053349124202
1232,0.0009140342978613033
1233,0.015547206672759816
1234,0.0036617774854764227
1235,0.0047334742540982395
1236,0.9943655503200869
1237,0.010133581050647942
1238,0.9948332395314664
1239,0.07326872252944315
1240,0.002952263236457839
1241,0.032979248568703934
1242,0.011130837575914451
1243,0.1782274773742893
1244,0.00851230246660219
1245,0.0009354640106587469
1246,0.0036876531687691865
1247,0.0046137910496717996
1248,0.011724465426271853
1249,0.005546330424671196
1250,0.020925319616063774
1251,0.001016094729447524
1252,0.9946483494006966
1253,0.00554709042091092
1254,0.0045008562246056935
1255,0.004627571718438474
1256,0.001683565614268964
1257,0.0014212227053422967
1258,0.0597025334626896
1259,0.005784940935714177
1260,0.0022982733380299243
1261,0.004028889947143853
1262,0.005015148773879377
1263,0.006898907836984752
1264,0.004158872794081901
1265,0.0023515723708387583
1266,0.43428728515309434
1267,0.0009152626794843258
1268,0.0009403382180809408
1269,0.004408780094017687
1270,0.0017724330883795404
1271,0.0009640811961295708
1272,0.005401803858816817
1273,0.021101468678181835
1274,0.004492923278976065
1275,0.009134721436742746
1276,0.0023367236097385684
1277,0.0033018908855381285
1278,0.004938473003723482
1279,0.0036099077020297944
1280,0.004334723258186894
1281,0.1417408852971928
1282,0.03881577458449464
1283,0.008867168842146242
1284,0.012265518947492273
1285,0.0029652370821216002
1286,0.005917670387426367
1287,0.9550739526177984
1288,0.9946660249473872
1289,0.004587221061670883
1290,0.6450982045409687
1291,0.9947844707577026
1292,0.04680508900787435
1293,0.021437880847709798
1294,0.005560908493174005
1295,0.0039678504628621655
1296,0.006266515477278392
1297,0.003492101725765769
1298,0.003063435580428958
1299,0.007602118304734192
1300,0.029762547553138067
1301,0.007025356187914715
1302,0.0013307565049992822
1303,0.0028764750116492687
1304,0.9948016990694982
1305,0.005701462079306797
1306,0.9948722488445256
1307,0.001068165525381418
1308,0.20998338849992845
1309,0.02337341031883791
1310,0.0014574155348841798
1311,0.0014369874522718023
1312,0.001960768005117286
1313,0.0011031157180435586
1314,0.0011031157180435586
1315,0.0050404124505758425
1316,0.010370587928178795
1317,0.4862075930449858
1318,0.0021303386969459626
1319,0.0027361302131792
1320,0.004754278506029719
1321,0.005840803099523031
1322,0.001617840026440772
1323,0.17176574069756867
1324,0.006684461555895548
1325,0.0034823196659296996
1326,0.0024287839592976447
1327,0.007472186399074148
1328,0.0010805654863217731
1329,0.0011100963981396377
1330,0.001763081945764689
1331,0.0020762851136010754
1332,0.5713848582132955
1333,0.7346549039709194
1334,0.9948016990694982
1335,0.002681355210768783
1336,0.002505184001462338
1337,0.0044693708656097075
1338,0.0018965963414442088
1339,0.0008974197839064979
1340,0.05535272760264579
1341,0.0046585616961209225
1342,0.005595165223110307
1343,0.3378784070615837
1344,0.0022805378244611994
1345,0.001415874056654803
1346,0.005541452195480637
1347,0.0018623131736367608
1348,0.00715688219365257
1349,0.0025711631758799022
1350,0.06933555532720796
1351,0.004724078067811639
1352,0.003160657082764912
1353,0.0008606100357371151
1354,0.002167714842793574
1355,0.03497448877553876
1356,0.002754077303201493
1357,0.009058264084185507
1358,0.0011426861057253202
1359,0.0014699627258354523
1360,0.007941459534300482
1361,0.0030810765141093695
1362,0.07262473187857131
1363,0.06599767973090774
1364,0.0030647214827656073
1365,0.010321536788047555
1366,0.0028036995810077955
1367,0.038219268301273944
1368,0.014278027494256211
1369,0.001898738307415864
1370,0.00314742938178119
1371,0.0029387740694774077
1372,0.007767344050597984
1373,0.0841333525422389
1374,0.9947849061110947
1375,0.0011669995134402258
1376,0.01956720268528576
1377,0.04073466656123313
1378,0.0035725875255458537
1379,0.11378607231086078
1380,0.002978710518780562
1381,0.007645925908069401
1382,0.002821822493188541
1383,0.0016418660071993423
1384,0.061844084292912584
1385,0.0063867743158820215
1386,0.008755381698985794
1387,0.0014511656380451288
1388,0.0026633128305793797
1389,0.0020657465816491887
1390,0.0037185811421142226
1391,0.0021555129028748977
1392,0.0010245120225965472
1393,0.0008816986555063757
1394,0.9948016990694982
1395,0.004206054827257417
1396,0.0040689907270025265
1397,0.1033693020615118
1398,0.01924970198712937
1399,0.005175140813826347
1400,0.004522083566687999
1401,0.0031793462231039043
1402,0.0033391117981927156
1403,0.0042660214239623965
1404,0.014732367713957051
1405,0.0034875719710470874
1406,0.007488686247586276
1407,0.005783927603596623
1408,0.002071521134822109
1409,0.004048084338572992
1410,0.004572827238072453
1411,0.9948016990694982
1412,0.012924186273793988
1413,0.000830804127335867
1414,0.0031231311604838895
1415,0.007203708464378
1416,0.2576284472039294
1417,0.0009421015134858219
1418,0.005604108873829934
1419,0.003073805265945984
1420,0.001103048758869122
1421,0.1391139013438298
1422,0.0011348517763061813
1423,0.008558802893988016
1424,0.004644014077324177
1425,0.013370380583209381
1426,0.0041193684405250106
1427,0.0009473667933752232
1428,0.006424005310775769
1429,0.004228303108406658
1430,0.0009634713858955676
1431,0.005886789542464065
1432,0.11024255685954407
1433,0.004766480771979537
1434,0.004170673511688028
1435,0.03573042771590387
1436,0.001280593909777323
1437,0.05545016562615312
1438,0.020783474830596258
1439,0.012206307081477423
1440,0.003506738688138564
1441,0.0015676912755548465
1442,0.0022913808263846157
1443,0.007981792644552016
1444,0.016466540639673403
1445,0.0031222097386253106
1446,0.0014219212828559308
1447,0.12112925167276954
1448,0.03767790567135327
1449,0.004221750981543929
1450,0.00230911230498158
1451,0.0014906662414341982
1452,0.012903804283815387
1453,0.00526135703885031
1454,0.0944183756988898
1455,0.0038480258678114665
1456,0.005312948438758822
1457,0.003321225970317452
1458,0.08218211107666668
1459,0.015006488925163753
1460,0.0019583511278855447
1461,0.003061826239436328
1462,0.0050412691210347015
1463,0.010008654101544107
1464,0.04261571854379577
1465,0.0030434025699915554
1466,0.002839478107774101
1467,0.006464161887580838
1468,0.15059779588772293
1469,0.0032853568117274506
1470,0.008208832970024203
1471,0.031135569055541684
1472,0.0023672385921273812
1473,0.0013119836813896264
1474,0.9946660249473872
1475,0.00274958641689428
1476,0.0036071120863093204
1477,0.001610445897322211
1478,0.002774265154012425
1479,0.002364571368610581
1480,0.022914257462064092
1481,0.0012355749335123429
1482,0.001179832447150976
1483,0.003848051491561487
1484,0.0019267890298049252
1485,0.02165397532811791
1486,0.002984812165432865
1487,0.0010819673259741243
1488,0.010444188491495005
1489,0.004809781896564798
1490,0.0017438626720967805
1491,0.004789030455417681
1492,0.0011375045139101717
1493,0.019734212966044364
1494,0.01479415419151896
1495,0.0026023817502181202
1496,0.003382242702297644
1497,0.005705149193498464
1498,0.0693709155188497
1499,0.00650459900680275
1500,0.0009031721469007823
1501,0.0009479209205300802
1502,0.004711581847307892
1503,0.10815888946126002
1504,0.004213435900024234
1505,0.007473658772619838
1506,0.006440600941062322
1507,0.003211801027710761
1508,0.03780920342482302
1509,0.0019981442038549593
1510,0.0034860732161836874
1511,0.005915193806938987
1512,0.05112093237092143
1513,0.0712213201903726
1514,0.001780750812933346
1515,0.0019166790205847938
1516,0.003347800669980184
1517,0.07218846992496253
1518,0.00705110794942503
1519,0.020090118359257066
1520,0.0009743816015979953
1521,0.00252415109855501
1522,0.08494753045169612
1523,0.0027521503483463306
1524,0.0020327659539836214
1525,0.009786732488455773
1526,0.03911144607547649
1527,0.0014295015290586815
1528,0.004458204071606551
1529,0.000923446632064595
1530,0.007400394132243568
1531,0.00399941293739404
1532,0.0011258099104337529
1533,0.000995246601822387
1534,0.021804477151607472
1535,0.008504518709026515
1536,0.0018968963264487562
1537,0.002403025820183459
1538,0.004014870198984432
1539,0.031167473435391863
1540,0.1313843419890885
1541,0.3726956845879485
1542,0.030043748978204873
1543,0.005608204430186853
1544,0.1028383388583813
1545,0.00118454044529204
1546,0.0024989526762054545
1547,0.0011857068158151304
1548,0.0043395241146887715
1549,0.008933584542112653
1550,0.005127871288729969
1551,0.004960406245365023
1552,0.0016543005075662733
1553,0.0018526939493399156
1554,0.006423975552484442
1555,0.12013625468325556
1556,0.08243582048687052
1557,0.00984601863737467
1558,0.0019600318442579024
1559,0.009466517142545245
1560,0.0011724306852803174
1561,0.0034791674086384512
1562,0.9948016990694982
1563,0.005262868469598172
1564,0.003246779738600931
1565,0.012729938652096087
1566,0.0015928621858874205
1567,0.00211148154923354
1568,0.0021037561972441833
1569,0.005116992215586807
1570,0.0028741471723043423
1571,0.9946660249473872
1572,0.0022521751484451354
1573,0.004327134239266119
1574,0.0044914991454061935
1575,0.0012599476177263958
1576,0.007914458036152847
1577,0.0034604165728825483
1578,0.009470056552283022
1579,0.026488393701882103
1580,0.006162309064096105
1581,0.009688017842632476
1582,0.002776309062901129
1583,0.002573760223657084
1584,0.010538566113536514
1585,0.004233492277113107
1586,0.0027253228204322257
1587,0.0021809972346432424
1588,0.21506554107687892
1589,0.0037540154241841274
1590,0.0026534285553786825
1591,0.3528756422769589
1592,0.016359799707753166
1593,0.003516151777599141
1594,0.26140455938968793
1595,0.2517632568639878
1596,0.007447857294115481
1597,0.00541044124368304
1598,0.006504318476815311
1599,0.007595696856222144
1600,0.003404250969449716
1601,0.0030157035788076977
1602,0.0015858449322993322
1603,0.00256537325085281
1604,0.024150279277316215
1605,0.0031270439356152232
1606,0.0036888893463431307
1607,0.005723985836573343
1608,0.0024648656844817986
1609,0.24168894507130526
1610,0.0014758366091943305
1611,0.002605998169769817
1612,0.00343447944080726
1613,0.0036158823575907014
1614,0.990498097058469
1615,0.0031904582944826403
1616,0.0032384441530779995
1617,0.011002142776557271
1618,0.09446590691408609
1619,0.00343213767755813
1620,0.003960374731003838
1621,0.0017364705702761787
1622,0.11411984487688816
1623,0.0031178309693437383
1624,0.014476960311394902
1625,0.0012618534353706506
1626,0.0018517713893201337
1627,0.9903943400463155
1628,0.009880531329661027
1629,0.003581803977093767
1630,0.007789267069550395
1631,0.02978648371511767
1632,0.003218426612620535
1633,0.0019857025616994597
1634,0.007760814014834287
1635,0.0009847867519043945
1636,0.004062166579199804
1637,0.001470355321487426
1638,0.00318344674999723
1639,0.002920233334912426
1640,0.0024062575719068988
1641,0.00426726156229829
1642,0.004275932545407536
1643,0.0025038771640431656
1644,0.010992630468256891
1645,0.9948016990694982
1646,0.002941783366603422
1647,0.30249944397397216
1648,0.0008341904394941687
1649,0.010946233928852422
1650,0.011294518084927254
1651,0.002369908258347798
1652,0.0008105089252805574
1653,0.0035787708584062035
1654,0.007918538580761985
1655,0.00255587363218995
1656,0.27384004129173534
1657,0.007381989592465965
1658,0.014944904459203347
1659,0.0025087309206302086
1660,0.00329687380257238
1661,0.00809944738746324
1662,0.0032431639676635178
1663,0.0024355394945895993
1664,0.002130414083559641
1665,0.003694417715038246
1666,0.0014626801336846997
1667,0.0048381532509057116
1668,0.005693760115682162
1669,0.008365571443862073
1670,0.003235968022372279
1671,0.002034713999493481
1672,0.0070957378573643735
1673,0.009286603842858735
1674,0.9946660249473872
1675,0.010346074003755893
1676,0.0025142321764536416
1677,0.0029557313433790796
1678,0.002014080191694696
1679,0.002430342946949044
1680,0.029740735850624065
1681,0.001518701261440129
1682,0.006367677603748869
1683,0.020115623537536414
1684,0.017993606695485064
1685,0.005036567636639896
1686,0.001137658576564464
1687,0.0025120029416200503
1688,0.0021790385022742082
1689,0.0714487224406288
1690,0.009654479197873505
1691,0.0017093405909200717
1692,0.00525580951602994
1693,0.011123906764465306
1694,0.0015027506256797172
1695,0.07002252423926472
1696,0.0017861271537988536
1697,0.005771991849359498
1698,0.004179603357309667
1699,0.002439697589387696
1700,0.003784718259100494
1701,0.0032709965933224003
1702,0.002623745266328593
1703,0.003110270753855422
1704,0.5892814623250775
1705,0.0013123435848573085
1706,0.04024137409115867
1707,0.9948722488445256
1708,0.9829424236983152
1709,0.0016642429953950444
1710,0.0012616306423816833
1711,0.0015224273597533576
1712,0.004003652232665332
1713,0.0015278655261837886
1714,0.0025669919515161413
1715,0.002621552136162554
1716,0.004464532541841796
1717,0.003561848126870235
1718,0.0031812462479338124
1719,0.0011843595070064909
1720,0.0009338185530501689
1721,0.9713118237844822
1722,0.9948722488445256
1723,0.0011521620560689047
1724,0.000965236597801047
1725,0.004339216385663431
1726,0.0010669232721535538
1727,0.006714826664053231
1728,0.5632266701226428
1729,0.029244715555065953
1730,0.0008606100357371151
1731,0.0010548215049584991
1732,0.15768284611094308
1733,0.2363545986253959
1734,0.011307164509696753
1735,0.004711126070807029
1736,0.00945799122333598
1737,0.0010021730044534579
1738,0.001341199051274417
1739,0.005343015263973008
1740,0.0009411019037534348
1741,0.0009127409137673299
1742,0.0008433104546452852
1743,0.0008526278523324531
1744,0.003817117011127736
1745,0.31635098966724323
1746,0.0407183822469621
1747,0.001186255470485118
1748,0.0009506861861587723
1749,0.9921261081781109
1750,0.001970379572181756
1751,0.011866747877858965
1752,0.0371680145743229
1753,0.0036935403421905324
1754,0.004750450783256514
1755,0.000947904864623126
1756,0.0009313011468916983
1757,0.0011491164690828912
1758,0.0009619307253564718
1759,0.00116865580430655
1760,0.0009206172497172846
1761,0.0013907067675149537
1762,0.001082028230381951
1763,0.004008299994433266
1764,0.0009676004890433727
1765,0.010622565373520616
1766,0.000962588936873247
1767,0.0012511586380341856
1768,0.013371832269852689
1769,0.8442938502022084
1770,0.06742327559168015
1771,0.000840912886616075
1772,0.0009504732982517816
1773,0.0009028853043524598
1774,0.0027994459147655353
1775,0.00129139275971987
1776,0.0009841184878580512
1777,0.001283072613458399
1778,0.0010460359618262181
1779,0.001117061469332928
1780,0.000923446632064595
1781,0.013287522774323195
1782,0.004439500996205803
1783,0.015225242301621877
1784,0.0009506861861587723
1785,0.0009506861861587723
1786,0.004098310344885593
1787,0.0011231375414548779
1788,0.0011780945729440936
1789,0.003383979171509057
1790,0.0015402066389160174
1791,0.001248101494135587
1792,0.0009769711050532104
1793,0.0009822293688766933
1794,0.001147773225253164
1795,0.002272908472561247
1796,0.003884778650150432
1797,0.10075720323048387
1798,0.005435498287368062
1799,0.0012195447663703287
1800,0.0013379425077086505
1801,0.029881157165824894
1802,0.0011375045139101717
1803,0.09618212334239563
1804,0.009043579771404252
1805,0.00234337241474251
1806,0.0011926402450963022
1807,0.0010529278846868456
1808,0.9948722488445256
1809,0.0012811933166627905
1810,0.001480673401888824
1811,0.24016205813840388
1812,0.0009647107216536444
1813,0.007353062844571764
1814,0.004141855323051755
1815,0.991915773280934
1816,0.003413141083611571
1817,0.09334542023142443
1818,0.9856754370679245
1819,0.0033021560347019294
1820,0.0011532502308335007
1821,0.0009489977600254362
1822,0.001134429204003619
1823,0.001004682236412906
1824,0.0009127409137673299
1825,0.0010021730044534579
1826,0.001121829491591963
1827,0.000923446632064595
1828,0.0011237841494007512
1829,0.0011243199685957808
1830,0.001807403836847674
1831,0.0010909727107194763
1832,0.001173818014978487
1833,0.004270415623110872
1834,0.0008433104546452852
1835,0.0008600948453111563
1836,0.039430663772990975
1837,0.03429458163377767
1838,0.0012393849969203703
1839,0.0010596798280197567
1840,0.004471355048041313
1841,0.001688425156509557
1842,0.08302009537878421
1843,0.004668699645073874
1844,0.0010272206639132502
1845,0.030442205102979784
1846,0.00644625699881465
1847,0.0024883725287475266
1848,0.0093806019466178
1849,0.001427361727879959
1850,0.001459974040615235
1851,0.001153079744339766
1852,0.027621102425494766
1853,0.0008375574624056914
1854,0.0013844186637970298
1855,0.05782973617468739
1856,0.0013204096930934434
1857,0.0011098248304948393
1858,0.0008900292924576262
1859,0.2804815803858083
1860,0.07473606585272956
1861,0.0009475205890773292
1862,0.001608541268389999
1863,0.000955016445107199
1864,0.008318095700752658
1865,0.001230047050328738
1866,0.010373159945671047
1867,0.004797181286858603
1868,0.0018716948291033675
1869,0.0011236120324242785
1870,0.0036214696724669996
1871,0.030804779883659702
1872,0.0012881607233372143
1873,0.0009774085427277591
1874,0.0012511717299390171
1875,0.0010318362451023212
1876,0.001483755202990743
1877,0.0011467762887730746
1878,0.002952041894550556
1879,0.15368291322972763
1880,0.001433680589469119
1881,0.001121327491094487
1882,0.044645722179634154
1883,0.0010847062858346064
1884,0.0011995320160905095
1885,0.004495397936749784
1886,0.0018294098552999157
1887,0.0020204191134600732
1888,0.005908812281040748
1889,0.07301632871746269
1890,0.0008867453993091048
1891,0.0025116569504623127
1892,0.000977227118584308
1893,0.11228805611910438
1894,0.0008483601061602705
1895,0.0008375574624056914
1896,0.025349567370550125
1897,0.004897597890476571
1898,0.00089841541041829
1899,0.0009392924645260997
1900,0.006601012283563982
1901,0.0034340263802302164
1902,0.008779744075943776
1903,0.0008460821495605037
1904,0.0029066685766159926
1905,0.0017279498423856045
1906,0.2832464277657287
1907,0.0014513180829568504
1908,0.0009316098205729426
1909,0.0009034935770650903
1910,0.012058047177163505
1911,0.008813469324859501
1912,0.04401850795373893
1913,0.0009811899485197824
1914,0.10528417997959226
1915,0.015993968804150202
1916,0.001788984545244845
1917,0.0009930420751305927
1918,0.001256978052773281
1919,0.005548698099332376
1920,0.0008829426396047264
1921,0.000861305794183412
1922,0.1553498013226292
1923,0.0010027645091128985
1924,0.0010037974484300328
1925,0.0011318815334471833
1926,0.0009313011468916983
1927,0.0009127409137673299
1928,0.00439621989036621
1929,0.0008670529771834215
1930,0.000918651376908198
1931,0.6869984507747767
1932,0.01538097173827737
1933,0.0008801516713006989
1934,0.0009352703255362931
1935,0.01045560134176599
1936,0.001985298008164514
1937,0.005527591504447799
1938,0.0013613636511934629
1939,0.010755435411031564
1940,0.046221146695110675
1941,0.000815491441419531
1942,0.0009392938628625848
1943,0.0009479209205300802
1944,0.0010026562304194537
1945,0.0010938656154905833
1946,0.0009411019037534348
1947,0.001149242712354001
1948,0.0015426074242579817
1949,0.0009572656434812848
1950,0.002314126235088139
1951,0.004383409477885925
1952,0.005368351750452531
1953,0.002428416216831413
1954,0.0013144737909342437
1955,0.0010951298093320153
1956,0.014186703892417012
1957,0.004024367970660229
1958,0.007494074472043826
1959,0.9948722488445256
1960,0.10250842310590086
1961,0.0009614753253141876
1962,0.0013777399313040757
1963,0.005387355796251383
1964,0.013819635941058013
1965,0.00447579393845807
1966,0.35929494207510027
1967,0.0009031721469007823
1968,0.0008777294416267567
1969,0.016639041809155115
1970,0.0015210983666434804
1971,0.02772614997206319
1972,0.03589585301914927
1973,0.0032752822876441455
1974,0.010991472356461076
1975,0.01912106422198704
1976,0.001246718381679715
1977,0.003989427641709388
1978,0.0021512218375369634
1979,0.0009301916946081176
1980,0.004201456741040476
1981,0.11226463299568751
1982,0.9940634695996456
1983,0.004081564396958008
1984,0.001808290606814256
1985,0.0013231739893674256
1986,0.0011174175677918763
1987,0.042817635153929806
1988,0.0009031721469007823
1989,0.00949303906667076
1990,0.006310129459164702
1991,0.0008606100357371151
1992,0.0008566629465630322
1993,0.9681957775346417
1994,0.017891471509020252
1995,0.0015645150450769082
1996,0.7321723019850542
1997,0.0010893638052221558
1998,0.0011474914842252617
1999,0.001010126599357669
2000,0.0045141407370789715
2001,0.007070904460442065
2002,0.0098645815271104
2003,0.0019659272149097264
2004,0.9115022062063444
2005,0.0038181355579237643
2006,0.0009169702164155258
2007,0.001055418227048924
2008,0.0011057087489778554
2009,0.001081708737460635
2010,0.001746845578797235
2011,0.0015008118618088837
2012,0.020470972006660492
2013,0.2745737187103283
2014,0.0013696576571116793
2015,0.0013637233443158617
2016,0.0009919899406831219
2017,0.000980400512437714
2018,0.0012617117700001864
2019,0.0009615442526153177
2020,0.003043289174085658
2021,0.004659441316015608
2022,0.004380501084184723
2023,0.0008368299115374515
2024,0.006993030927224283
2025,0.004704393611577612
2026,0.02945787188041368
2027,0.9948016990694982
2028,0.0010126555519484406
2029,0.09846288577701787
2030,0.08979352980777723
2031,0.0010226381339111452
2032,0.002909302618525651
2033,0.0011070401785075532
2034,0.002219895680606956
2035,0.0017470279834957412
2036,0.003297639561537245
2037,0.0009023390291596961
2038,0.028999050834463757
2039,0.0033339589711206996
2040,0.005592120471157583
2041,0.03267577935790461
2042,0.0010622919595420146
2043,0.0011031826970853587
2044,0.0037726442687530835
2045,0.10238917421773676
2046,0.07345283369129729
2047,0.0011243199685957808
2048,0.0030903409384604075
2049,0.05166170264514879
2050,0.9714160606232101
2051,0.0010847062858346064
2052,0.001363384073511027
2053,0.0011436973672778279
2054,0.013225614587684413
2055,0.12023878013481595
2056,0.0009774085427277591
2057,0.008954240992707967
2058,0.009514900273751539
2059,0.0021974393428908444
2060,0.002839849330456603
2061,0.0008619828963687291
2062,0.03660717233727131
2063,0.001701877838831426
2064,0.0014145891823414765
2065,0.0013840198215839263
2066,0.004805943969405577
2067,0.0013879337537516798
2068,0.0030639468978124994
2069,0.001538545971501711
2070,0.0024638788314994956
2071,0.00555242532015896
2072,0.0014040571485330461
2073,0.0012893561290546348
2074,0.007409818974921826
2075,0.0010343430274269427
2076,0.0010987595585446664
2077,0.0009770118422896307
2078,0.0011807228509761976
2079,0.0010036826259350977
2080,0.001043523533090643
2081,0.002800262695448933
2082,0.09085158998420215
2083,0.05612190683644042
2084,0.0014003692799724819
2085,0.0010834648362429127
2086,0.0009411019037534348
2087,0.023029984615107083
2088,0.0010632190967321755
2089,0.9653909403097765
2090,0.0010598609803151029
2091,0.0031587345430002644
2092,0.002665789864580309
2093,0.006220245470409686
2094,0.9948016990694982
2095,0.0008827445810128862
2096,0.0033764150370345185
2097,0.00098211678010989
2098,0.006172260367687262
2099,0.0013918373580597064
2100,0.7684581594760705
2101,0.9948722488445256
2102,0.025910900603052744
2103,0.0013658335325163586
2104,0.33424790180141006
2105,0.9948722488445256
2106,0.0013931363408134407
2107,0.0017790053451914598
2108,0.9948016990694982
2109,0.004720518268125725
2110,0.001081186330812892
2111,0.0010812831785842378
2112,0.0010893638052221558
2113,0.0013419952865070433
2114,0.6992373154318071
2115,0.006822394596435815
2116,0.08299327021463473
2117,0.001830210049063447
2118,0.003242402512788052
2119,0.001024148681652138
2120,0.03859410280971735
2121,0.08524834067307309
2122,0.0010618904369551953
2123,0.9948722488445256
2124,0.008792952795669245
2125,0.0009583632744157788
2126,0.0015641905265128403
2127,0.0047281310019895205
2128,0.0035021049922911154
2129,0.0023494890146517206
2130,0.03219151815703817
2131,0.9948722488445256
2132,0.0008666893803508335
2133,0.05431205146166633
2134,0.014150840552241903
2135,0.0014837586645113782
2136,0.1399789301531413
2137,0.0009596314534579767
2138,0.06582888556062431
2139,0.008435349074630923
2140,0.03881456324787221
2141,0.00124702202405995
2142,0.0009099334386301221
2143,0.0009634713858955676
2144,0.009220161771667873
2145,0.0011753314902410118
2146,0.9948016990694982
2147,0.0013915692084934535
2148,0.0009313011468916983
2149,0.003481674558750524
2150,0.023229289079267405
2151,0.008349363661528634
2152,0.0011167166929118481
2153,0.008358971617077195
2154,0.332519377585486
2155,0.004223321187612238
2156,0.0014591212876440413
2157,0.004022765084881917
2158,0.0009776920678258826
2159,0.012033444484007373
2160,0.000923446632064595
2161,0.0024871449074550093
2162,0.003823242981892881
2163,0.0366533213768794
2164,0.3555086238271241
2165,0.006935699062889522
2166,0.0015339201171394319
2167,0.0010887146610136654
2168,0.0010443876950670063
2169,0.01806253358608883
2170,0.9948722488445256
2171,0.0010308196153376167
2172,0.0021109827693381314
2173,0.0013092952752596786
2174,0.0011467762887730746
2175,0.0013450817637191308
2176,0.9948722488445256
2177,0.003872391024945695
2178,0.001222817456424433
2179,0.0027313163925039314
2180,0.0032563650421212125
2181,0.0018617485990231784
2182,0.001595161005779626
2183,0.09115206639612053
2184,0.03785847146676589
2185,0.003006764939303198
2186,0.0011423179777549388
2187,0.002836426788767112
2188,0.0017357882953708598
2189,0.0010428826028305277
2190,0.008838784990669014
2191,0.0032702609154995183
2192,0.9922885955593823
2193,0.0020368078810938657
2194,0.0074168063138665
2195,0.02741628031593696
2196,0.001437185436962539
2197,0.003197172319865306
2198,0.0033126891497654376
2199,0.002624293851234619
2200,0.00871887653036414
2201,0.006819030741252645
2202,0.004398369029940671
2203,0.003877624517142653
2204,0.056214531800422
2205,0.0008731804420763809
2206,0.002572965936957433
2207,0.0010025728687725515
2208,0.0015159439409942652
2209,0.006301901281423624
2210,0.001606220621374139
2211,0.004641601373682269
2212,0.25065251330043076
2213,0.007156679651443576
2214,0.3549846916777366
2215,0.0008891186744781643
2216,0.004233012666819026
2217,0.0011478935302392417
2218,0.001042866363966608
2219,0.0012455114148664363
2220,0.0014063506980322895
2221,0.9912213018757151
2222,0.002227379202960336
2223,0.008806098714811358
2224,0.5427216846792975
2225,0.0015369096571732372
2226,0.0043454747644749965
2227,0.9915695249921969
2228,0.002966439947532321
2229,0.004096340435451044
2230,0.0010941724654722742
2231,0.0012099553031377425
2232,0.001883923502712364
2233,0.0010312794721186098
2234,0.0009140626408003146
2235,0.9840445493912277
2236,0.0012633032658128853
2237,0.0012836331077186365
2238,0.006372671044656524
2239,0.02704328859466238
2240,0.04405358055306213
2241,0.001332709397444951
2242,0.9913146808190488
2243,0.0148656051167503
2244,0.0017448225758681787
2245,0.03448521817913314
2246,0.0014235434763831222
2247,0.0013116412107288592
2248,0.0017232621837910231
2249,0.10092042311029015
2250,0.15342536677626345
2251,0.0008569094605657633
2252,0.016045938096078415
2253,0.00132505823392205
2254,0.050199500884988375
2255,0.1418121682764421
2256,0.022225705230459282
2257,0.0012121250952031534
2258,0.0014881354940514623
2259,0.0010515115613984327
2260,0.9935952314314792
2261,0.1850094051164216
2262,0.0011240117888156281
2263,0.001218150221829679
2264,0.0008460821495605037
2265,0.0029196055796566938
2266,0.0010514420331401199
2267,0.0009803006268452208
2268,0.0011008010613309022
2269,0.0010435688994886575
2270,0.1655600804516835
2271,0.22040164233524306
2272,0.001018761702896909
2273,0.0009127409137673299
2274,0.000923446632064595
2275,0.0011640115588736585
2276,0.005006699668985433
2277,0.9900997511007716
2278,0.0018588650147534928
2279,0.0009343113152714323
2280,0.003858271127353374
2281,0.0012816048050564367
2282,0.0011093281959225635
2283,0.9948016990694982
2284,0.004879654534226927
2285,0.002704743889115328
2286,0.9842587818496048
2287,0.0010188220538543352
2288,0.004509022160662953
2289,0.005072867752705394
2290,0.001353307615676789
2291,0.0013233293653016403
2292,0.0161228307126414
2293,0.008206004438316147
2294,0.021945670002381998
2295,0.010033006316849663
2296,0.9942210796846067
2297,0.0014933737150888437
2298,0.001754839577115716
2299,0.011760662593009294
2300,0.05512529127678759
2301,0.0023713978131393843
2302,0.0010563590946275655
2303,0.0009572656434812848
2304,0.0008864797246767428
2305,0.007065079159924031
2306,0.004408689143664319
2307,0.0020302343454893204
2308,0.9943755031044232
2309,0.0010709059804911401
2310,0.0011549356874194124
2311,0.0016342246261916936
2312,0.0016990045388555327
2313,0.0009204955102861843
2314,0.000923446632064595
2315,0.0010080757086078685
2316,0.034889087551035786
2317,0.9775363552226136
2318,0.006062448966645738
2319,0.0008566629465630322
2320,0.0008753597544237895
2321,0.024893994112250954
2322,0.0013538134721437585
2323,0.0011546799214689684
2324,0.0010210069976627975
2325,0.08829799607206959
2326,0.9947621558754418
2327,0.001325622031419204
2328,0.0009954402593230574
2329,0.14771281965621003
2330,0.00987298257792386
2331,0.012739301101347864
2332,0.15480438914459746
2333,0.0034847398497651256
2334,0.001148576101176892
2335,0.0016512987941721756
2336,0.006714452818108584
2337,0.9948016990694982
2338,0.0016142832712495118
2339,0.0012764155256621394
2340,0.9929921230166909
2341,0.0009436359378909424
2342,0.0013908516932369206
2343,0.000982409563698791
2344,0.002690192639883545
2345,0.0211213603725267
2346,0.0016705401242741655
2347,0.9851139450366844
2348,0.014785523651855566
2349,0.9879487750314684
2350,0.013884787060859256
2351,0.0021740296098356265
2352,0.9838714696814306
2353,0.07287457795070452
2354,0.08783928849973709
2355,0.003282234402011929
2356,0.020432014509967306
2357,0.9927606174700959
2358,0.04495895748077001
2359,0.004676354381770038
2360,0.9666653426505619
2361,0.01083210238072904
2362,0.9804877738065813
2363,0.0014400805769562498
2364,0.0009245766003126143
2365,0.9904862392844233
2366,0.06582772909597565
2367,0.08337918689864733
2368,0.056802993744872625
2369,0.023721950808150667
2370,0.0010864909643769447
2371,0.0010726749218657225
2372,0.4408500358107425
2373,0.0013250289580365928
2374,0.011128290382844802
2375,0.004584965945785295
2376,0.6860203944068767
2377,0.30094335344077094
2378,0.9915695249921969
2379,0.7245735256832072
2380,0.9943755031044232
2381,0.019907292100179788
2382,0.001696256945808018
2383,0.03895543657990438
2384,0.9900997511007716
2385,0.0011724576735932385
2386,0.0009634713858955676
2387,0.9948332395314664
2388,0.002591865427598932
2389,0.0016669701872025317
2390,0.0017017736627357762
2391,0.04242649894762399
2392,0.017258780801532324
2393,0.0017677208936181694
2394,0.0010941724654722742
2395,0.0012986762545024707
2396,0.025062670472675214
2397,0.000840912886616075
2398,0.993044935675023
2399,0.0021952208288135823
2400,0.0030184434812782455
2401,0.002878143653854
2402,0.0008844258791272073
2403,0.0026373151325634753
2404,0.9930724089090608
2405,0.0017509313517462446
2406,0.0015933998107796928
2407,0.007934186898086101
2408,0.0026306134961857947
2409,0.0013828250328348079
2410,0.00958050773464218
2411,0.008535473598587688
2412,0.002299120970928296
2413,0.002293169890967873
2414,0.0013423316970798942
2415,0.0011436973672778279
2416,0.08969791330373918
2417,0.0009706983397316415
2418,0.001179832447150976
2419,0.03928645034519449
2420,0.0010941724654722742
2421,0.000923446632064595
2422,0.001399268137880779
2423,0.0009690755027448244
2424,0.9943176971298174
2425,0.10446641019655688
2426,0.11127144360990607
2427,0.0009884738264702374
2428,0.0013479683974106174
2429,0.0008602464616104769
2430,0.0011388495434792962
2431,0.001291222279953932
2432,0.0010438580090125326
2433,0.0009716436714139824
2434,0.007530344240676314
2435,0.0013146733249261775
2436,0.001260044561828036
2437,0.9915695249921969
2438,0.0016230760177990756
2439,0.000993486701407397
2440,0.0009930420751305927
2441,0.0011433255116353976
2442,0.0009600091389597593
2443,0.000993486701407397
2444,0.8346337374794119
2445,0.9948016990694982
2446,0.0016361423090664794
2447,0.0010433398900959333
2448,0.0010213225337050032
2449,0.14593146232951562
2450,0.06031157195673069
2451,0.05122307761158873
2452,0.0009369274192206353
2453,0.0011419524188982352
2454,0.003027685299287228
2455,0.07170650542262436
2456,0.002385887910293043
2457,0.09616516972901767
2458,0.0027613017625224374
2459,0.00519506449939581
2460,0.0008510627371950602
2461,0.03827745945584764
2462,0.07538559032765675
2463,0.9915695249921969
2464,0.001029868117768459
2465,0.20478790261303026
2466,0.011627539278123334
2467,0.003624768439180498
2468,0.0010315123913358366
2469,0.028746216028384803
2470,0.10467755908609402
2471,0.0014965129353765804
2472,0.0008699951854331028
2473,0.15304323766588673
2474,0.03691016089287865
2475,0.028489070010075463
2476,0.004132547765635151
2477,0.00722994420991091
2478,0.9744658728955728
2479,0.002755762082391707
2480,0.0010277932063795802
2481,0.0009274962399651204
2482,0.007103437781583422
2483,0.9900997511007716
2484,0.000880146539943478
2485,0.005077438959006292
2486,0.0009654189900076306
2487,0.0008948615119384156
2488,0.001030969503686056
2489,0.0022532518278431924
2490,0.08451029983639317
2491,0.0032781912569583276
2492,0.0013715699413384306
2493,0.9901447747307832
2494,0.0015248177159322132
2495,0.001529774724745789
2496,0.0010260401789418182
2497,0.9942210796846067
2498,0.0007994611481944244
2499,0.0024768772842994873
2500,0.001129986892876364
2501,0.9946480885985058
2502,0.3796651222171675
2503,0.6200031307538504
2504,0.001052371039551027
2505,0.009398792913371569
2506,0.0010828227595184724
2507,0.043994619258491685
2508,0.001204920942889484
2509,0.004143509270779864
2510,0.038007069501339426
2511,0.011082495862285144
2512,0.007687802908137323
2513,0.0023638500067235087
2514,0.0012699232857214403
2515,0.0020498240409096125
2516,0.0011347792614039916
2517,0.002356259119843113
2518,0.0009600091389597593
2519,0.9915695249921969
2520,0.0010410820684980488
2521,0.0011341808071324874
2522,0.0012316583496660256
2523,0.0011767729443546168
2524,0.00733534599277528
2525,0.9899159264733159
2526,0.8813480822237274
2527,0.0010063842086442784
2528,0.0011611169240289731
2529,0.001142589827396115
2530,0.000923446632064595
2531,0.0009116079501481356
2532,0.0009497344657812315
2533,0.9946660249473872
2534,0.16570465082749794
2535,0.08230975104345417
2536,0.21102440785823354
2537,0.005499773256888141
2538,0.0012730236151239445
2539,0.0015904497468101594
2540,0.0010225658904617608
2541,0.0010834648362429127
2542,0.0011155098079255407
2543,0.01718168679695992
2544,0.0009016488874259071
2545,0.022739180408922456
2546,0.1875819167397384
2547,0.000979325014173911
2548,0.0011371609175620872
2549,0.0010210350230819244
2550,0.008452126672799607
2551,0.0012049286850998558
2552,0.0010515034493534725
2553,0.0011255202104820028
2554,0.0010579460561413834
2555,0.033857072544684806
2556,0.9947621558754418
2557,0.0011351124932305263
2558,0.000921504331362107
2559,0.8959097111055455
2560,0.9915695249921969
2561,0.0010275652036394797
2562,0.003486118525232172
2563,0.001695009652052805
2564,0.004769540406137355
2565,0.0009366670048109347
2566,0.0009101501474451108
2567,0.0011480864391574604
2568,0.0015252342148743504
2569,0.0009893263928870985
2570,0.001121829491591963
2571,0.0009600091389597593
2572,0.009007971155539403
2573,0.001580953682945677
2574,0.9838839401342148
2575,0.007375918108164098
2576,0.0010154934898403908
2577,0.0012470549223975887
2578,0.001007065905498581
2579,0.0010092616694891267
2580,0.001074724440232006
2581,0.07561458537514412
2582,0.001542797512904214
2583,0.7042330361331306
2584,0.0013087063469960762
2585,0.0032919641308287706
2586,0.0012614524446082696
2587,0.0010076365894245878
2588,0.006545926180153453
2589,0.002441166473187157
2590,0.47565795360220225
2591,0.0010213225337050032
2592,0.0010272893211324295
2593,0.0012295870433160258
2594,0.0010864909643769447
2595,0.0010761671966447379
2596,0.01008859875764336
2597,0.0009942354919791996
2598,0.0010522043811555472
2599,0.002120536741831495
2600,0.0016464257981755792
2601,0.0011388078123509074
2602,0.9947849061110947
2603,0.12788944575368225
2604,0.10831497437571826
2605,0.9825765158794159
2606,0.9316250186409353
2607,0.07305294900965836
2608,0.009196749800959289
2609,0.0009830402588559565
2610,0.0013917574116832216
2611,0.9946487960553607
2612,0.014151562946599394
2613,0.00100448391024102
2614,0.0009548877847782349
2615,0.002820132224497115
2616,0.0020018235804049266
2617,0.011663851654753157
2618,0.9790760414216698
2619,0.0016732070595125755
2620,0.16824180395669103
2621,0.016316947111971826
2622,0.010006600672553802
2623,0.0009614753253141876
2624,0.0037157402953014135
2625,0.9907714211925782
2626,0.0009814977473061998
2627,0.00236185436866471
2628,0.9840445493912277
2629,0.0017116287941806264
2630,0.9619395271953827
2631,0.0009996977186786987
2632,0.0010847062858346064
2633,0.0009116079501481356
2634,0.9900997511007716
2635,0.9940092294886544
2636,0.014591046663501401
2637,0.0016627191972370368
2638,0.010335466612635097
2639,0.0011243199685957808
2640,0.000993486701407397
2641,0.001484419215493049
2642,0.0011580448282628927
2643,0.0016962966341476388
2644,0.006306046505321669
2645,0.0009113940866502638
2646,0.04954430209686411
2647,0.01574396285752642
2648,0.000979886261890314
2649,0.9379621057202154
2650,0.0012470549223975887
2651,0.0010222753015928761
2652,0.0008752836032144165
2653,0.9900997511007716
2654,0.0011273467835156092
2655,0.0009691872873227815
2656,0.029137140204605172
2657,0.17515534187586684
2658,0.0009411019037534348
2659,0.0014145313212831343
2660,0.0009827350866270645
2661,0.014663865344244492
2662,0.014129034610695198
2663,0.0017097374101993296
2664,0.9915423793616409
2665,0.0012724032385288157
2666,0.0011791536279547586
2667,0.0009354640106587469
2668,0.0012884162077124027
2669,0.0010253337412507691
2670,0.9840445493912277
2671,0.0011661578615748556
2672,0.0010877613101246413
2673,0.029651776081297404
2674,0.04947235774332252
2675,0.0020279363656037106
2676,0.0010420558495188189
2677,0.0009067688270771227
2678,0.0035841483690494725
2679,0.0030174326040936466
2680,0.0015803289604190032
2681,0.0011531518748413914
2682,0.9948016990694982
2683,0.004502464487312127
2684,0.003984256389998005
2685,0.9840445493912277
2686,0.007032721956109645
2687,0.2189776728975193
2688,0.0008070485054754109
2689,0.0024554058463846346
2690,0.004307385668882657
2691,0.002228911311178818
2692,0.0022565658004434198
2693,0.000947100271209765
2694,0.0008823834678424391
2695,0.02207847239209819
2696,0.002024202633703539
2697,0.00519673748917188
2698,0.0012591290928961874
2699,0.0012828694557698432
2700,0.001053756153126447
2701,0.031914707622457655
2702,0.0036656006018206317
2703,0.08754059128290048
2704,0.001348259049422329
2705,0.005243797515432287
2706,0.0011318893638698822
2707,0.0035743395174739657
2708,0.001852782310613095
2709,0.41977915757017564
2710,0.012665520929541383
2711,0.0013033710092245439
2712,0.011104562007729881
2713,0.0010941724654722742
2714,0.0037545052010231525
2715,0.9840445493912277
2716,0.0014242367499479635
2717,0.0009600091389597593
2718,0.9948016990694982
2719,0.0015175720765106806
2720,0.0014479575644510186
2721,0.0011455404386243586
2722,0.9842587818496048
2723,0.9904793078130849
2724,0.0010709059804911401
2725,0.0009666938836485724
2726,0.001371832560681783
2727,0.02925555160848651
2728,0.004374921149615677
2729,0.0007833121015489736
2730,0.0014621521576635842
2731,0.0009419464731783216
2732,0.001363384073511027
2733,0.05610735184051525
2734,0.024292150002756925
2735,0.0009706983397316415
2736,0.006294727983339437
2737,0.001154189610539099
2738,0.0011264153622401523
2739,0.0011439650447075723
2740,0.0011758406791752855
2741,0.0009421803857061986
2742,0.001179880046527834
2743,0.0012652028737175898
2744,0.0024620769688669278
2745,0.0009547885312610582
2746,0.0009153410244171851
2747,0.0011589106442902956
2748,0.0009016488874259071
2749,0.0011107584567361373
2750,0.0011264153622401523
2751,0.00625857265402129
2752,0.990498097058469
2753,0.0011791536279547586
2754,0.006234036825717272
2755,0.9900997511007716
2756,0.9899635186382002
2757,0.001452144939044167
2758,0.001428084421052862
2759,0.006300857397016694
2760,0.9629033468197717
2761,0.9907873696379995
2762,0.9948722488445256
2763,0.002680774644007728
2764,0.002787780054510849
2765,0.06182843468919264
2766,0.00686269462545535
2767,0.9914634282611668
2768,0.9890374244243928
2769,0.0010379763107360989
2770,0.0010958926715736836
2771,0.0009744829943000016
2772,0.001978562217778448
2773,0.0011455404386243586
2774,0.0009634713858955676
2775,0.005648841546536907
2776,0.004614987007265541
2777,0.02414745559117493
2778,0.0036630711160309183
2779,0.001166337070574805
2780,0.0018624901818818478
2781,0.0010754927025197476
2782,0.0012893561290546348
2783,0.052266038139011387
2784,0.0051563045116938605
2785,0.9894813049611001
2786,0.009498703030684397
2787,0.0015366199708160898
2788,0.9842587818496048
2789,0.011716386403356725
2790,0.0008506818964471845
2791,0.0010649108020424792
2792,0.3349412280815317
2793,0.0010834648362429127
2794,0.0020833272219574817
2795,0.06305498281868589
2796,0.0029464997450162145
2797,0.7293222568686999
2798,0.0017748581854294568
2799,0.0009775128596707446
2800,0.10870501729872104
2801,0.029174655250902945
2802,0.0009634713858955676
2803,0.0009547885312610582
2804,0.0039563810516383136
2805,0.0009614753253141876
2806,0.993044935675023
2807,0.0014797728842429277
2808,0.03555410753199121
2809,0.14517664642235842
2810,0.728561535424989
2811,0.003618986264768859
2812,0.07316185668457656
2813,0.006741938364970551
2814,0.11321124967873569
2815,0.00227629638379304
2816,0.01987612953492105
2817,0.0009447173210447499
2818,0.0010275652036394797
2819,0.9948016990694982
2820,0.0010461833792969773
2821,0.0016579936813516493
2822,0.004859891785399004
2823,0.00130679857143001
2824,0.0025610074885730723
2825,0.0010757307721870107
2826,0.9915695249921969
2827,0.0009676873758407659
2828,0.9838714696814306
2829,0.11205513160390003
2830,0.016057450761829215
2831,0.00667294527243495
2832,0.9840445493912277
2833,0.0021234874704377407
2834,0.007625351045033913
2835,0.0008264043116821313
2836,0.001268877596840326
2837,0.0013641430146757616
2838,0.0020856410910978533
2839,0.02364965795009684
2840,0.43280631632209904
2841,0.09961643196923217
2842,0.0011806708530693248
2843,0.012849911961094307
2844,0.002199153665116055
2845,0.0014655518015598784
2846,0.004244506339592407
2847,0.0010299652971313493
2848,0.9946440322802881
2849,0.9899916882603007
2850,0.0010795167285644653
2851,0.000979886261890314
2852,0.0016583469150999496
2853,0.001871711303640129
2854,0.00981662323862211
2855,0.019426880672789484
2856,0.9838714696814306
2857,0.0017222675626385772
2858,0.03458888804042528
2859,0.012197476106261354
2860,0.004939780314153876
2861,0.0010529278846868456
2862,0.0010304426077881147
2863,0.011837855081708653
2864,0.5849541663409145
2865,0.0009720907697134671
2866,0.01585898438902399
2867,0.0009116079501481356
2868,0.9899994747075234
2869,0.0010423925384851834
2870,0.011133226837520459
2871,0.007458164992902112
2872,0.3981325911890164
2873,0.029383892094979665
2874,0.009663401789837852
2875,0.001179832447150976
2876,0.005621126208469364
2877,0.014167807832476799
2878,0.0069527608791517875
2879,0.008489803874093423
2880,0.0009249913804291489
2881,0.9915695249921969
2882,0.04362279444929225
2883,0.01117557973554206
2884,0.030468498654749057
2885,0.0014186499543826854
2886,0.0010420558495188189
2887,0.0015911258164430034
2888,0.4104013531850136
2889,0.0027821009905420664
2890,0.13965989111746355
2891,0.003130555509016827
2892,0.9808273383812705
2893,0.024033921414981
2894,0.9840445493912277
2895,0.0034379378302101683
2896,0.004242781750535437
2897,0.007571577315915874
2898,0.0011243199685957808
2899,0.03780554471569621
2900,0.060330529771503404
2901,0.0028329569168529523
2902,0.00765316872859338
2903,0.0009411019037534348
2904,0.9903829116562025
2905,0.9919347699142679
2906,0.0016579936813516493
2907,0.0033045947205417705
2908,0.0009660655944075158
2909,0.02904873239724947
2910,0.07325867435857247
2911,0.0394474046764561
2912,0.9900997511007716
2913,0.03271918549898135
2914,0.0023188728075515764
2915,0.0401600983676451
2916,0.029612265984759197
2917,0.0013510832576759744
2918,0.001179832447150976
2919,0.9948722488445256
2920,0.0014278471433202774
2921,0.007407577566984418
2922,0.003105330538962907
2923,0.9904018162683718
2924,0.001125267612605259
2925,0.80656912043086
2926,0.0020278752586174115
2927,0.01297043539130019
2928,0.990498097058469
2929,0.002794386643891711
2930,0.9840445493912277
2931,0.008958235394343655
2932,0.9869809298313238
2933,0.006180604906057779
2934,0.0014410752445361771
2935,0.0036262334972593053
2936,0.01381881391666049
2937,0.005723865688335577
2938,0.003366574510660592
2939,0.011725921181405785
2940,0.007929226479785865
2941,0.0024738230006661655
2942,0.004201588869655356
2943,0.47635769966876895
2944,0.020874738485207
2945,0.0047810208872517
2946,0.001062178138361396
2947,0.001963912883780936
2948,0.0010624754153316814
2949,0.0008165783516080662
2950,0.0033809426487250147
2951,0.9916205113385618
2952,0.001601378543817006
2953,0.03134374074486152
2954,0.9838714696814306
2955,0.00505985299630595
2956,0.007997248137854804
2957,0.00344533722391514
2958,0.003774374738888379
2959,0.152169005207089
2960,0.940800194436446
2961,0.009274652191401223
2962,0.0009206172497172846
2963,0.0009284751851214268
2964,0.11830937379964925
2965,0.08552782914695425
2966,0.0013800195209134867
2967,0.00098439907606044
2968,0.0019918807224195622
2969,0.0016961273854052418
2970,0.0013498531782031712
2971,0.9902334878066256
2972,0.9847604611178175
2973,0.2616612571625764
2974,0.020466319092736843
2975,0.01648640420369019
2976,0.0011412047982739515
2977,0.0010781372969075331
2978,0.003934026987801136
2979,0.000995222174920577
2980,0.0009274962399651204
2981,0.0021021718912526918
2982,0.0217396845228261
2983,0.043670057093890935
2984,0.44129248052671605
2985,0.0013665568786803345
2986,0.0014996058786413918
2987,0.0736304567254124
2988,0.0047314876285740525
2989,0.0009514088662141634
2990,0.001054995145003935
2991,0.0010805817343987768
2992,0.003711041230614127
2993,0.0023239596386203684
2994,0.0010876265717123747
2995,0.0014013156528192973
2996,0.00751428059230032
2997,0.0011418735858350507
2998,0.001095408652943475
2999,0.3106505661975202
3000,0.0009149131751029965
3001,0.0008524496856532271
3002,0.0008486025389270011
3003,0.0533703939695691
3004,0.0009492527900686926
3005,0.001169297177669567
3006,0.0029068636894288165
3007,0.0112536863418395
3008,0.0009301916946081176
3009,0.0014420193581826046
3010,0.45599663177477556
3011,0.9838714696814306
3012,0.0017740212568312626
3013,0.03716900570137422
3014,0.030651628258284932
3015,0.06349926842387632
3016,0.008661217918246535
3017,0.04277648301679322
3018,0.004933730971592272
3019,0.36141552828426265
3020,0.0014634663077059617
3021,0.0015006672088240824
3022,0.0008734042293929757
3023,0.0011854877590121255
3024,0.0010870003702350428
3025,0.001028827568641398
3026,0.01636989549169311
3027,0.0009974752272311452
3028,0.0012752671520327662
3029,0.0010902439907507042
3030,0.0011077311521666248
3031,0.0009453989017663035
3032,0.0009508083468617588
3033,0.002565359511831648
3034,0.0032800387265523936
3035,0.0009831019328980994
3036,0.0013000368088984474
3037,0.0906302694720183
3038,0.19208629312861666
3039,0.16411546331494703
3040,0.0021386425846148535
3041,0.05559818621082725
3042,0.0036550585240007084
3043,0.0052905390032101885
3044,0.001134770558588749
3045,0.0010408593424242353
3046,0.005003281688448859
3047,0.0010277932063795802
3048,0.0009825285274894047
3049,0.0590630868943268
3050,0.0018822463200457978
3051,0.0845389073637307
3052,0.07230426672651598
3053,0.0015316720362707947
3054,0.0009219815246767546
3055,0.0010696498651274623
3056,0.0010442074109998705
3057,0.0010418628012089674
3058,0.0010978266188593471
3059,0.000991516708939817
3060,0.0008918298387157867
3061,0.025858007830497787
3062,0.0010186838539029128
3063,0.011981678102890343
3064,0.0009492644814708521
3065,0.000818606554287122
3066,0.0025189467591131146
3067,0.013853269936295322
3068,0.019524582297589133
3069,0.0008367004851070505
3070,0.0008375574624056914
3071,0.0013476508201680703
3072,0.0013607499555360616
3073,0.0009151986523609473
3074,0.0009708428317080094
3075,0.0010210939678625003
3076,0.0009274962399651204
3077,0.0010107007529034586
3078,0.003230698265818544
3079,0.061962057716476567
3080,0.0011412047982739515
3081,0.0010667777953010406
3082,0.2349045831094598
3083,0.0008685601340472234
3084,0.0009161843746289477
3085,0.0010667777953010406
3086,0.5102983248254337
3087,0.0010918205299459
3088,0.0011801980920814314
3089,0.0008505579352960193
3090,0.006404563807335685
3091,0.014598902347626152
3092,0.25264036522067945
3093,0.10022132726645035
3094,0.0024745814977029947
3095,0.0009719774220914532
3096,0.0010793954982524529
3097,0.002917233695393487
3098,0.001892867868167949
3099,0.9902334878066256
3100,0.4362897217493635
3101,0.01109697736251597
3102,0.0018216377458836193
3103,0.0010186838539029128
3104,0.0011124744176825242
3105,0.001087758274536825
3106,0.0011876132627326133
3107,0.0010171413419446094
3108,0.0009053699288353994
3109,0.0009752441811031784
3110,0.001169297177669567
3111,0.0013189026774774592
3112,0.06346942975810817
3113,0.0010055164939879215
3114,0.001309674513587061
3115,0.001089051126529008
3116,0.0014996058786413918
3117,0.001044552769680019
3118,0.0009802957411375467
3119,0.0009111648373692894
3120,0.001204914565996951
3121,0.001079875100609446
3122,0.0009354640106587469
3123,0.0008367004851070505
3124,0.0011243199685957808
3125,0.0010710835947767296
3126,0.0009966516612656855
3127,0.0011263075543506936
3128,0.0014481098666936866
3129,0.0011485456429809128
3130,0.02079315563159065
3131,0.010722866760704705
3132,0.050695055504959265
3133,0.004362886621062674
3134,0.0008471640578875389
3135,0.03344526398705888
3136,0.0010975409819983708
3137,0.0009494072779794071
3138,0.000950928701436002
3139,0.1431994703137232
3140,0.05314005686601921
3141,0.0803780155891387
3142,0.0014219441732719045
3143,0.0011830085318543947
3144,0.0039010090390957384
3145,0.005871217215218126
3146,0.030258012149842844
3147,0.037679359294856635
3148,0.0010038530652626012
3149,0.0013806755094551487
3150,0.0009170390005076199
3151,0.0010870003702350428
3152,0.15914373769629842
3153,0.17644585703795593
3154,0.04566172706849172
3155,0.0014516660209466239
3156,0.0009693042179908381
3157,0.032361783193774266
3158,0.05590338609098256
3159,0.0009583032135408728
3160,0.0010088801132153227
3161,0.02861304486905392
3162,0.0531675764275312
3163,0.9899811996166435
3164,0.03176597019765265
3165,0.00999070098078043
3166,0.21553530287321096
3167,0.040289273499792076
3168,0.012727181893117116
3169,0.0010239849990192856
3170,0.015046930554207364
3171,0.05846083823301283
3172,0.0048747647751785665
3173,0.0011693625486590695
3174,0.0009161843746289477
3175,0.0011375045139101717
3176,0.0011183101348074902
3177,0.0011225681875297656
3178,0.0011365892660771507
3179,0.0009708428317080094
3180,0.07767471982631069
3181,0.03355894382624451
3182,0.004002030242484195
3183,0.0032455432028447953
3184,0.0010408593424242353
3185,0.6002575631042687
3186,0.9760706488583458
3187,0.003434285988968493
3188,0.00651524420040938
3189,0.0009665847041341077
3190,0.0014822716518422046
3191,0.3750662468275021
3192,0.0010696498651274623
3193,0.0009219815246767546
3194,0.003402145250566746
3195,0.018621322395471963
3196,0.057457517406191844
3197,0.9842587818496048
3198,0.006548140345628228
3199,0.04086718835391457
3200,0.20949830967804947
3201,0.002097504217539742
3202,0.9840445493912277
3203,0.0012524414984532199
3204,0.0011724418792191241
3205,0.0008460821495605037
3206,0.0009739302457444268
3207,0.0010889108400083509
3208,0.15099170192972247
3209,0.0014658064751418012
3210,0.0014145782981816366
3211,0.0010811758501255702
3212,0.0011951514173724623
3213,0.05298857502572267
3214,0.0013141805295411155
3215,0.0010737891526214026
3216,0.9840445493912277
3217,0.0015670860590207602
3218,0.01069476974225726
3219,0.005142080923878185
3220,0.06529400636037214
3221,0.0009151986523609473
3222,0.08238183310035659
3223,0.002325649671496649
3224,0.9812381887350926
3225,0.0011611287565092042
3226,0.0009269942862928245
3227,0.9882170798435981
3228,0.003974864463503171
3229,0.0014618722592811355
3230,0.001463803939265034
3231,0.0009824982361322269
3232,0.0008864177598464746
3233,0.0009140626408003146
3234,0.005993835625401721
3235,0.9842587818496048
3236,0.002605201015485585
3237,0.0009269942862928245
3238,0.001120299713894792
3239,0.0008734042293929757
3240,0.6646403792874477
3241,0.016874479569495334
3242,0.0010437076260809593
3243,0.0011057087489778554
3244,0.00549683958482225
3245,0.0008734042293929757
3246,0.0010257762207914654
3247,0.9892699352025321
3248,0.020114298334862245
3249,0.03544731882233355
3250,0.1634333551414506
3251,0.0009765525878800735
3252,0.0011416236691258012
3253,0.5502637446522238
3254,0.0011211002869530595
3255,0.0009927767065520164
3256,0.06395033190416918
3257,0.10055792681993173
3258,0.008732238920891854
3259,0.02799413971063103
3260,0.10196371646971747
3261,0.248986578323371
3262,0.03056411914689939
3263,0.9902334878066256
3264,0.0009888050747435745
3265,0.001299367303610906
3266,0.9847247441797654
3267,0.0009619307253564718
3268,0.002190063412814487
3269,0.0008652146944687184
3270,0.05680310921686062
3271,0.01665663385184417
3272,0.0008514290937751538
3273,0.0013827164147782176
3274,0.0009239856453977266
3275,0.003923222204145385
3276,0.016024819742442145
3277,0.0010262875586807007
3278,0.0008828862389690387
3279,0.0009151986523609473
3280,0.0011922802120148397
3281,0.05704811214339348
3282,0.0018734986952434888
3283,0.009078475603718387
3284,0.002932622492943584
3285,0.0020471138841977442
3286,0.0010805817343987768
3287,0.0010380644964319296
3288,0.0008526278523324531
3289,0.0050482934867633646
3290,0.0023672609090737654
3291,0.0008508872755400637
3292,0.03787310402426259
3293,0.018612022251326955
3294,0.04222661111965867
3295,0.009068164786876432
3296,0.011394300704924285
3297,0.0009239856453977266
3298,0.0011110046201432005
3299,0.014646596964115138
3300,0.0158541143956802
3301,0.001099476897946909
3302,0.0010394780767490816
3303,0.00522132405864145
3304,0.001401564904534129
3305,0.007846172770684435
3306,0.00093507530993864
3307,0.0009111648373692894
3308,0.012191900511009856
3309,0.052910732903216864
3310,0.0009749910299657392
3311,0.0013609603556347892
3312,0.007317042601775153
3313,0.0011225681875297656
3314,0.0010840292448534407
3315,0.006108132033803696
3316,0.002481301779259392
3317,0.0019146405321702382
3318,0.0014673177616274027
3319,0.0011273467835156092
3320,0.0010341716539585676
3321,0.0009500476520110122
3322,0.0011619881802645408
3323,0.0010413647735359511
3324,0.0010737891526214026
3325,0.001095335482571906
3326,0.2533802246027765
3327,0.00476930708437468
3328,0.001288043877632764
3329,0.0010188460555780178
3330,0.0010876265717123747
3331,0.08953425116566617
3332,0.01892447270844616
3333,0.026932272775046555
3334,0.0009634713858955676
3335,0.0029820933692646908
3336,0.0010277932063795802
3337,0.0010182276284407636
3338,0.0010930981813969279
3339,0.0014334422508567564
3340,0.000990222471528225
3341,0.0008734042293929757
3342,0.06974429050826671
3343,0.0032785615358330335
3344,0.001027945809662366
3345,0.0009269942862928245
3346,0.0010273332423157003
3347,0.0015388647546265737
3348,0.0012442826566685123
3349,0.0011294478118524928
3350,0.0011597966298585343
3351,0.0012477789511942696
3352,0.0010611401899673525
3353,0.001053756153126447
3354,0.001169297177669567
3355,0.0932385081102334
3356,0.036758557327469035
3357,0.019607788448739245
3358,0.0010368535173803657
3359,0.0009657101504621816
3360,0.003491796870723565
3361,0.9784532137760938
3362,0.0010055473582682175
3363,0.0009245049001894707
3364,0.0012982715837868584
3365,0.0015089179870226674
3366,0.0014709424470718995
3367,0.08680405048672088
3368,0.0011259163914117281
3369,0.0014224541800448081
3370,0.0010700225294554152
3371,0.012384701017944722
3372,0.05458380488080993
3373,0.03783132434866715
3374,0.02966251077890524
3375,0.011701293284596914
3376,0.002956326221173437
3377,0.0011234742739328933
3378,0.990753345127322
3379,0.002350078744031436
3380,0.0010259891122336824
3381,0.0009905472257668705
3382,0.001483755202990743
3383,0.0014808721859588187
3384,0.002161168697311357
3385,0.43352305777698424
3386,0.026387343166365214
3387,0.000840912886616075
3388,0.0015311035703930755
3389,0.0011661578615748556
3390,0.0012611881449800975
3391,0.0010269386330696568
3392,0.0010696498651274623
3393,0.024538715005645906
3394,0.9901595382208109
3395,0.0011087693071890404
3396,0.0009974752272311452
3397,0.0011377497124884343
3398,0.0018635355465380045
3399,0.001179832447150976
3400,0.0009954402593230574
3401,0.0012393792722154705
3402,0.0011418735858350507
3403,0.1843778303973279
3404,0.0012991731178235112
3405,0.03358267241596312
3406,0.0032897395638944622
3407,0.001997266174700121
3408,0.10309049229487324
3409,0.05498950033810471
3410,0.0010057009667276016
3411,0.12863812369075947
3412,0.024903644920344862
3413,0.051278827804105885
3414,0.0010860496303720583
3415,0.0010737891526214026
3416,0.0009056041430189176
3417,0.0010696498651274623
3418,0.03678393897413813
3419,0.0009274962399651204
3420,0.0010459102770285105
3421,0.010628005242623128
3422,0.00675581003784575
3423,0.0008490482662388586
3424,0.001016094729447524
3425,0.9837776816242488
3426,0.0010792711829793909
3427,0.00091235817529031
3428,0.0011351124932305263
3429,0.007752190849795649
3430,0.0021379197887869644
3431,0.12742364695381533
3432,0.0010312794721186098
3433,0.0014256086422925044
3434,0.0011381683299174074
3435,0.0014822716518422046
3436,0.000980400512437714
3437,0.0009739302457444268
3438,0.0010876265717123747
3439,0.0009485219579542355
3440,0.0011319049305669666
3441,0.0009885500093284945
3442,0.4322129836790944
3443,0.13397518576733458
3444,0.0012611881449800975
3445,0.07309363312363934
3446,0.0027451728041895207
3447,0.0012915609728340373
3448,0.7779189061723675
3449,0.0009236200988523423
3450,0.0008751379938190135
3451,0.005141718339305599
3452,0.0010834909280529735
3453,0.0012469431970621781
3454,0.029109926868779664
3455,0.01875267119255807
3456,0.011621156941135698
3457,0.0009151986523609473
3458,0.0013779911913170747
3459,0.001139220456952095
3460,0.0011661578615748556
3461,0.0011243260019022348
3462,0.0012615312903770598
3463,0.0008765055508241822
3464,0.006736337158107497
3465,0.007308405174264735
3466,0.07596564716473288
3467,0.0010179444124895016
3468,0.0010996648413150695
3469,0.0010158451381906556
3470,0.0010413647735359511
3471,0.0009762350968190893
3472,0.08473314404325574
3473,0.001612797258682948
3474,0.0010483137324457843
3475,0.06547263797736526
3476,0.0010515261080190862
3477,0.008828389663430759
3478,0.0009185829576323695
3479,0.001143095743796112
3480,0.0021220176683044946
3481,0.06968036108635887
3482,0.033744917644654024
3483,0.003986446553258645
3484,0.0011243199685957808
3485,0.001185438591751814
3486,0.0014224541800448081
3487,0.0013512780573038158
3488,0.0009645207895460939
3489,0.0010944354362359093
3490,0.004109817306567763
3491,0.8610216856487826
3492,0.9906266596496566
3493,0.0009475361876821997
3494,0.001054995145003935
3495,0.9842587818496048
3496,0.06816419567442547
3497,0.004709509294112686
3498,0.001053756153126447
3499,0.001111203562087283
3500,0.0010781372969075331
3501,0.002066946688244339
3502,0.16380813721847842
3503,0.006652561829582113
3504,0.000962200328818535
3505,0.0010739672445791754
3506,0.0010737891526214026
3507,0.026250196423092956
3508,0.0011351124932305263
3509,0.006958673924316334
3510,0.0010794169016570042
3511,0.35070873744727876
3512,0.0014369171334606295
3513,0.015523327647940377
3514,0.0010663556245121197
3515,0.19037874808580058
3516,0.0010613227795527272
3517,0.006656798029804349
3518,0.09791686845404626
3519,0.21498646715510758
3520,0.000991516708939817
3521,0.0014044906043294712
3522,0.005304652845991029
3523,0.0013144737909342437
3524,0.1081607788211337
3525,0.04705720239923882
3526,0.0063284432611214105
3527,0.04332975990355531
3528,0.0011010068908126197
3529,0.000918651376908198
3530,0.0008734042293929757
3531,0.0015352238162970643
3532,0.0010737891526214026
3533,0.03847233422972987
3534,0.08953609280066825
3535,0.5444712882378144
3536,0.07457877928713692
3537,0.0009998450890005722
3538,0.17471589190929632
3539,0.003346849353147437
3540,0.018308210479399168
3541,0.0012199912987138105
3542,0.0009736881408485529
3543,0.030642755805901645
3544,0.001129843303637812
3545,0.0010979984781815685
3546,0.001401564904534129
3547,0.3064009701687644
3548,0.007621227181069838
3549,0.01518870015880958
3550,0.16249811875590195
3551,0.05213553411527388
3552,0.0009638134975968723
3553,0.01008515865383225
3554,0.10146693827867086
3555,0.00517111932665725
3556,0.0010864909643769447
3557,0.0010792711829793909
3558,0.011920089782714128
3559,0.0009792415625975894
3560,0.0011127119771268382
3561,0.01371237296352906
3562,0.00783809370859818
3563,0.0009274962399651204
3564,0.0010572552261307346
3565,0.0011569234035009107
3566,0.14540945185116894
3567,0.006995059966742134
3568,0.0014247390336111412
3569,0.009357431955256085
3570,0.0015352238162970643
3571,0.0011649268217959433
3572,0.0010932425025981006
3573,0.0010696498651274623
3574,0.018002630841856358
3575,0.00144978714310169
3576,0.0009739302457444268
3577,0.0009723728770089107
3578,0.0033436804018484776
3579,0.0009638134975968723
3580,0.0009274962399651204
3581,0.0010257762207914654
3582,0.0009885500093284945
3583,0.0011327817214854265
3584,0.3349052765688906
3585,0.0009691872873227815
3586,0.024107223977081822
3587,0.0008517554683626279
3588,0.22312533174659957
3589,0.04091928490817668
3590,0.09230121408646566
3591,0.0008504899439329023
3592,0.000949650441346461
3593,0.0010312794721186098
3594,0.008534306312823826
3595,0.0013168403634205058
3596,0.001020102794848681
3597,0.0011944685949777827
3598,0.0038790415667081268
3599,0.0414758768756529
3600,0.013667514160457509
3601,0.060343796306354135
3602,0.074909093193629
3603,0.0011294478118524928
3604,0.0009695019799021783
3605,0.002456395081145997
3606,0.022008391163760677
3607,0.004318679748428755
3608,0.0011388078123509074
3609,0.9848888078027357
3610,0.0009695019799021783
3611,0.003213284659286086
3612,0.0010829318722850635
3613,0.004578247572563975
3614,0.0013365867438444668
3615,0.01267981226510778
3616,0.003083616637226986
3617,0.9833036805984438
3618,0.0010709059804911401
3619,0.006801959393519748
3620,0.0019927249308916003
3621,0.001467466983177198
3622,0.030701055512804647
3623,0.0015147968743730058
3624,0.06440395039469213
3625,0.011248437009935445
3626,0.0009278847856760707
3627,0.0009710468169711227
3628,0.0031724504996155393
3629,0.04881253126642623
3630,0.000978892219092786
3631,0.001179832447150976
3632,0.9839501225602921
3633,0.014169861724426273
3634,0.04665974272297555
3635,0.9842587818496048
3636,0.0011388078123509074
3637,0.0010945941050213195
3638,0.02203832876506207
3639,0.033951241583116694
3640,0.0010737891526214026
3641,0.00655112105706727
3642,0.9902334878066256
3643,0.012114963937319161
3644,0.0008772026269643656
3645,0.0009919208255383019
3646,0.05272328517801356
3647,0.0013993472909930161
3648,0.0011867722842528847
3649,0.0011381683299174074
3650,0.26276563487985133
3651,0.0012319854083117998
3652,0.0010737891526214026
3653,0.001297196873959339
3654,0.320828852431468
3655,0.07411891219596949
3656,0.07317570392339509
3657,0.0010459102770285105
3658,0.001094568636954287
3659,0.0009411019037534348
3660,0.001087405854187029
3661,0.014292577678707896
3662,0.0012325746306826274
3663,0.156110679744729
3664,0.6445898121260634
3665,0.990772107813428
3666,0.0032403188425844604
3667,0.008280111269936266
3668,0.03446156921617251
3669,0.0032793067937463287
3670,0.9840445493912277
3671,0.0014806595604814493
3672,0.0021151792047946357
3673,0.0014025801950131554
3674,0.9840445493912277
3675,0.0009532237432670664
3676,0.0011137488030182555
3677,0.0012033731454594607
3678,0.00486741230432318
3679,0.01543681036627179
3680,0.0011359302850199437
3681,0.0011273467835156092
3682,0.7228542902322734
3683,0.0008895895300834798
3684,0.08069469793615837
3685,0.005663734060938353
3686,0.034698954311005885
3687,0.14207529721799997
3688,0.0009269942862928245
3689,0.0010737891526214026
3690,0.9898765765375462
3691,0.07344616379608745
3692,0.001116136958756621
3693,0.0016105426834707789
3694,0.9751255608060371
3695,0.0009334092724802931
3696,0.06749427535697834
3697,0.0013427114005939188
3698,0.0009646228739418402
3699,0.028793955346484837
3700,0.02902341970100737
3701,0.000912600916251296
3702,0.0021302431728979485
3703,0.0012080820888610098
3704,0.0009151986523609473
3705,0.001019262525549776
3706,0.044598110414738774
3707,0.001483755202990743
3708,0.0009588876110715168
3709,0.0011294478118524928
3710,0.0008826326349024684
3711,0.05266766926327589
3712,0.005581454259251855
3713,0.001179744900524934
3714,0.008326629706006358
3715,0.0032952234824813664
3716,0.05825974852868241
3717,0.03895676381262172
3718,0.0009712980194947289
3719,0.000932696379073808
3720,0.043423161235459924
3721,0.0016788055603003903
3722,0.03173185042407279
3723,0.9893557174350778
3724,0.21876218227183497
3725,0.12645020155828743
3726,0.2777380651073829
3727,0.03372063433344009
3728,0.0009210564126025038
3729,0.13007147740663103
3730,0.0023512461884945064
3731,0.0011234742739328933
3732,0.0013833823467017663
3733,0.0010428617561236357
3734,0.03047169818559296
3735,0.03773045418576615
3736,0.001169297177669567
3737,0.0011418735858350507
3738,0.0031429862800111015
3739,0.0009301916946081176
3740,0.001069627144321181
3741,0.001055984010862293
3742,0.0010876265717123747
3743,0.02637034783486128
3744,0.01875849179042462
3745,0.0011268406301667723
3746,0.0010503544826430378
3747,0.007205385948467546
3748,0.0010458336573826086
3749,0.0011201321384111602
3750,0.06421193686657829
3751,0.9779930653624498
3752,0.0009660655944075158
3753,0.02721555076023197
3754,0.0014373729634079445
3755,0.005318093263741288
3756,0.0009127409137673299
3757,0.0008536498799119536
3758,0.0011778530261616167
3759,0.9902334878066256
3760,0.00096123885852617
3761,0.0009765525878800735
3762,0.0010312794721186098
3763,0.03407554894738674
3764,0.010264457814697621
3765,0.001361190614989647
3766,0.0010200162782961174
3767,0.9840445493912277
3768,0.000923446632064595
3769,0.05690302109189873
3770,0.0009341516675048768
3771,0.0011243199685957808
3772,0.0011225861483517801
3773,0.00656630709333888
3774,0.05121357282500442
3775,0.003784345378212578
3776,0.5119396982934846
3777,0.0021305411940566303
3778,0.9900247990948159
3779,0.006702349016520219
3780,0.0007994611481944244
3781,0.0009210564126025038
3782,0.0009210564126025038
3783,0.010605580277472678
3784,0.0011798516535451418
3785,0.020721425350459847
3786,0.002433107095881911
3787,0.0010543615603238468
3788,0.216779178761464
3789,0.0011355862024744366
3790,0.0014132893917660327
3791,0.001195328195119141
3792,0.0013826313458908533
3793,0.0010316920151888713
3794,0.09376002702797281
3795,0.001252390522629505
3796,0.008979016288392986
3797,0.030185571798466176
3798,0.0013970994566449733
3799,0.0011735113931328801
3800,0.5432081932406777
3801,0.001589002068028308
3802,0.0009669219127935536
3803,0.0047262081511775965
3804,0.05753691357009903
3805,0.0008480317432397653
3806,0.007614634300279039
3807,0.0012931173993565783
3808,0.0013915692084934535
3809,0.03455748751617722
3810,0.055281624495548194
3811,0.001446614514616303
3812,0.0010896214849218154
3813,0.001169297177669567
3814,0.03518842585190904
3815,0.16427522644750356
3816,0.022416919596760933
3817,0.030165715063571956
3818,0.006373683642197696
3819,0.022097531772671118
3820,0.0210722124818175
3821,0.9902334878066256
3822,0.0010696498651274623
3823,0.0012779799437511931
3824,0.10297883468813021
3825,0.0009765525878800735
3826,0.15463711119057497
3827,0.0014485517491822201
3828,0.0010876265717123747
3829,0.0011418735858350507
3830,0.7638758717230134
3831,0.001179832447150976
3832,0.0009274962399651204
3833,0.0012010120085013544
3834,0.9787175369320148
3835,0.0011273467835156092
3836,0.01853122437979525
3837,0.044317506905946276
3838,0.015756838727021383
3839,0.02241635584227824
3840,0.04684810493055074
3841,0.0014418351635507884
3842,0.00152778704475848
3843,0.0009200307173819715
3844,0.2336415121874453
3845,0.0017966030153234967
3846,0.0008987244241308571
3847,0.0009418230332141784
3848,0.02404419643739989
3849,0.0033241707566142712
3850,0.0011513653372517663
3851,0.0012229311576672668
3852,0.06225954398210578
3853,0.021030542659984997
3854,0.0027570819852391747
3855,0.05161185043489608
3856,0.00910090203892186
3857,0.013398030684981539
3858,0.13203432970806664
3859,0.0011273467835156092
3860,0.001425376476668519
3861,0.031109606284062074
3862,0.10710238474170268
3863,0.003039177727857314
3864,0.002784478027879883
3865,0.22354570491542
3866,0.9850653693382483
3867,0.0016610571189834512
3868,0.010503180450033163
3869,0.001729719398416923
3870,0.0020124249516088716
3871,0.004726205646659069
3872,0.02663070648526026
3873,0.06977000123136631
3874,0.979483264125524
3875,0.04047540623155381
3876,0.015028505568314685
3877,0.11418910992899477
3878,0.990645676970278
3879,0.0009278847856760707
3880,0.01723253191621034
3881,0.015160401660312496
3882,0.002853757031625175
3883,0.001327269826598797
3884,0.000963214923238382
3885,0.02073698421659975
3886,0.1282181922060333
3887,0.046838392133195544
3888,0.001192802799837146
3889,0.0009366670048109347
3890,0.015275761718500579
3891,0.0017444323940531052
3892,0.000939450223608064
3893,0.003959791885709451
3894,0.152639367747098
3895,0.0009630030877288301
3896,0.0019933352738396664
3897,0.001338590443285792
3898,0.7766683292403609
3899,0.9896370861102748
3900,0.0011894847902768936
3901,0.0011661578615748556
3902,0.0012080820888610098
3903,0.001438557164796011
3904,0.0015299694925589075
3905,0.0009695019799021783
3906,0.0022416091290122504
3907,0.0031349678477869606
3908,0.001599163058714896
3909,0.020307143140044354
3910,0.9840445493912277
3911,0.0034813638286244485
3912,0.004449616818841294
3913,0.0010828336692151248
3914,0.0009151986523609473
3915,0.00439759598645658
3916,0.0009210564126025038
3917,0.03226675712370676
3918,0.0009559694814113761
3919,0.0011646645292162422
3920,0.4271510156034588
3921,0.0009239856453977266
3922,0.014288745913070397
3923,0.9505656692530653
3924,0.001791378435142145
3925,0.02772824077457099
3926,0.10294754007747643
3927,0.03536840572677969
3928,0.005281185536084854
3929,0.0035357866161479646
3930,0.9906266596496566
3931,0.0013638019969604738
3932,0.00123712759661048
3933,0.001054995145003935
3934,0.038722854271337016
3935,0.01686040280405577
3936,0.03721154758088571
3937,0.022044762771250077
3938,0.03355246944084913
3939,0.0014458958607742403
3940,0.058582843495491636
3941,0.04431594334060268
3942,0.0010183426283020284
3943,0.2868135850762052
3944,0.0009398437723579026
3945,0.0013511468585646548
3946,0.990645676970278
3947,0.01549802021602599
3948,0.9848888078027357
3949,0.158615723329598
3950,0.0016928828264602478
3951,0.0010697948556755636
3952,0.12994593982753425
3953,0.02201698961306137
3954,0.0013650153291312802
3955,0.14072186061170736
3956,0.001001157486468805
3957,0.0009242775859638357
3958,0.0009739302457444268
3959,0.03232833299093524
3960,0.0011619881802645408
3961,0.0008638123782109822
3962,0.0034256013776687412
3963,0.9900131801025531
3964,0.9900997511007716
3965,0.0009249169861100069
3966,0.07204177934424714
3967,0.00100502693321258
3968,0.0032821858804603712
3969,0.004454257917598257
3970,0.003465660193243399
3971,0.0009151986523609473
3972,0.0011034790465242986
3973,0.00230011531096578
3974,0.0013512780573038158
3975,0.0010881843100267138
3976,0.0025478069218074885
3977,0.0011040386965195297
3978,0.06178252073303475
3979,0.003667665597923754
3980,0.0011418735858350507
3981,0.0010743981002614125
3982,0.0011418735858350507
3983,0.9874297463608578
3984,0.001134735812011034
3985,0.0010472296490450954
3986,0.0020753137898634143
3987,0.05810397186265822
3988,0.012665631724033479
3989,0.0009612253308976618
3990,0.0037021252405583112
3991,0.000923446632064595
3992,0.047117214388071114
3993,0.0009175355684908471
3994,0.0012522328215509942
3995,0.9900997511007716
3996,0.4758208919915358
3997,0.0015015015861361996
3998,0.0009604170951633536
3999,0.0009404417739678621
4000,0.006554336064343317
4001,0.0551796903066286
4002,0.0014132893917660327
4003,0.0011388078123509074
4004,0.0013804692029235862
4005,0.008179039815506715
4006,0.17191532906606097
4007,0.01154142087941373
4008,0.007899442908155533
4009,0.0011839872269382183
4010,0.0009384081190628926
4011,0.990645676970278
4012,0.08417973176002816
4013,0.001215879474979915
4014,0.0009392938628625848
4015,0.01028595071695883
4016,0.0039049706269577507
4017,0.047864005151183844
4018,0.003989198489511134
4019,0.0011536936069871664
4020,0.5455195001301903
4021,0.0014315035241631098
4022,0.0012001424525100457
4023,0.12042916576822416
4024,0.0009630030877288301
4025,0.0016120020367404089
4026,0.0009278847856760707
4027,0.0013512780573038158
4028,0.0009604170951633536
4029,0.1052718276532664
4030,0.3883116096535002
4031,0.20972513659539682
4032,0.0009734568689707825
4033,0.006668019112289065
4034,0.012281885734287786
4035,0.0038722232626168833
4036,0.009439039419242429
4037,0.009698572492701873
4038,0.9840445493912277
4039,0.0011598499742630675
4040,0.005114585947083367
4041,0.005559878159088748
4042,0.004660649683734772
4043,0.0025396462547530563
4044,0.009108228399117122
4045,0.01919562685780032
4046,0.0009111648373692894
4047,0.0010948500079403848
4048,0.003639719793509096
4049,0.008812254461668976
4050,0.0009935740230321412
4051,0.005682735294242123
4052,0.06193012261234517
4053,0.007039644364648366
4054,0.9785705351428681
4055,0.9901595382208109
4056,0.0009630030877288301
4057,0.0014684627498078573
4058,0.00097866514472209
4059,0.07560592354570729
4060,0.02234527492864645
4061,0.0525727381735475
4062,0.0010667777953010406
4063,0.0010834648362429127
4064,0.0011575266407694807
4065,0.007844658585270723
4066,0.9900997511007716
4067,0.0020536324517829115
4068,0.6099274032939893
4069,0.0009053699288353994
4070,0.0010625358108832163
4071,0.003957901383372556
4072,0.0012048387690727568
4073,0.0049433988001568886
4074,0.019899719307791202
4075,0.002125876029877707
4076,0.0010433512281919554
4077,0.05011050644809161
4078,0.004070613945331552
4079,0.0019076338966139419
4080,0.0032522046783924957
4081,0.0011388078123509074
4082,0.0021201357666779165
4083,0.0010650155607633334
4084,0.007949615217550459
4085,0.42720463016967253
4086,0.01628450356660271
4087,0.002196032934648695
4088,0.0029091950851366268
4089,0.0009048342271720036
4090,0.0033098679988840447
4091,0.003859031212401617
4092,0.0009798901538695308
4093,0.9840445493912277
4094,0.0010834648362429127
4095,0.05486537789596391
4096,0.001081186330812892
4097,0.0024183989650017825
4098,0.07408453556952378
4099,0.008097137768290212
4100,0.038819380181891336
4101,0.0010794559787309652
4102,0.12946060274550547
4103,0.0033072126065798674
4104,0.05914929131881967
4105,0.015582303176280737
4106,0.057303022801713954
4107,0.000932370296328224
4108,0.0009638986592613708
4109,0.0009230429879882533
4110,0.9653420890280106
4111,0.018358738786226795
4112,0.013599736066549363
4113,0.9569268544030699
4114,0.00652568065253581
4115,0.9902334878066256
4116,0.024408135494187615
4117,0.028382825920887565
4118,0.008936230863820498
4119,0.0009691872873227815
4120,0.0009974752272311452
4121,0.0042868667896111224
4122,0.9820331845069415
4123,0.005801109253120274
4124,0.9842587818496048
4125,0.024877200048028653
4126,0.9840445493912277
4127,0.011691156130112288
4128,0.0009507080201341557
4129,0.007636377141391974
4130,0.9889935822787573
4131,0.12498356629931842
4132,0.006964722701133511
4133,0.018334974131810247
4134,0.010369004150047668
4135,0.00443952019160066
4136,0.011673929027586554
4137,0.0011593440866897113
4138,0.10889694696455957
4139,0.02891578631424835
4140,0.00314181747861064
4141,0.19025887052069282
4142,0.19766370991605006
4143,0.004916819206862708
4144,0.027363589570974702
4145,0.027906075122571112
4146,0.006190818790626409
4147,0.0037734323160642084
4148,0.0009621413516080713
4149,0.0013586506044073858
4150,0.0009224971057265685
4151,0.0025686648564506235
4152,0.00090431735645941
4153,0.0037977849083196233
4154,0.0009755011686815264
4155,0.0009783156585583142
4156,0.0009581775888078004
4157,0.004011360210586575
4158,0.000922850947872545
4159,0.0014280467788600447
4160,0.0009728318928964571
4161,0.0010234071870868448
4162,0.003907617383122434
4163,0.02788606718230739
4164,0.0009675767680252206
4165,0.012854487735151222
4166,0.010267819829010231
4167,0.003082078338297541
4168,0.000980818875040206
4169,0.002239434168301765
4170,0.00894454649568688
4171,0.0051919227323211714
4172,0.0008910006758755751
4173,0.0010255507308079236
4174,0.008020564033617146
4175,0.0021407379363899554
4176,0.00585915178110595
4177,0.022593927908417147
4178,0.0008400524789799468
4179,0.003228560080904258
4180,0.0010000844453676614
4181,0.0022843751488477427
4182,0.01611120187840217
4183,0.0008886083256595948
4184,0.003039662960646367
4185,0.005178153281900196
4186,0.001805017475211021
4187,0.22863223051556902
4188,0.014646299878390206
4189,0.014827316006103089
4190,0.007251112561873736
4191,0.009857889092333311
4192,0.0018685278757757206
4193,0.005716054325559652
4194,0.03101843448311733
4195,0.0021308662143336215
4196,0.0009846062274333743
4197,0.3156647126850946
4198,0.44741923730347044
4199,0.010822656781449044
4200,0.06256680664400248
4201,0.0010448703755364644
4202,0.9906266596496566
4203,0.005021107123365518
4204,0.0008794217851684885
4205,0.002593094322614072
4206,0.0033142235053524724
4207,0.00152547621696042
4208,0.008655082723804573
4209,0.0013990327644669172
4210,0.0028993431088231094
4211,0.002623240471112228
4212,0.14913754320411782
4213,0.02135426324199984
4214,0.005195356869462214
4215,0.010403637379471196
4216,0.001697666463820627
4217,0.0008840223210515187
4218,0.0019994608513153635
4219,0.020207602005179265
4220,0.05400670045095329
4221,0.1091895598082131
4222,0.001977675623472737
4223,0.007762428402372713
4224,0.07239869219607559
4225,0.012062649456821728
4226,0.024103934432922657
4227,0.003473510057478948
4228,0.003207388465236255
4229,0.0014575489185174447
4230,0.008393498786570032
4231,0.5845781431785587
4232,0.025054187962072094
4233,0.0008561224365277722
4234,0.0009277958330632926
4235,0.0009547985908570373
4236,0.07552705211839235
4237,0.0010064246971485705
4238,0.04131053902237153
4239,0.001800190862637558
4240,0.13783949909402637
4241,0.002317247543897816
4242,0.002906197275374377
4243,0.010064812528610289
4244,0.0015080587817911724
4245,0.0010571784845458145
4246,0.01562472674783756
4247,0.9825922287688201
4248,0.0018825039127791925
4249,0.0008614592443600395
4250,0.004144016329476718
4251,0.07375539458773059
4252,0.08027013452503023
4253,0.0009360798663422189
4254,0.0066006192337879615
4255,0.001757731257765529
4256,0.0038238000122047034
4257,0.001480900621987127
4258,0.24234433178843634
4259,0.0011055789867776872
4260,0.0032947082567543074
4261,0.0014383783669755822
4262,0.0010008023693504943
4263,0.0010720878350690645
4264,0.0014643056963885529
4265,0.004324297784599995
4266,0.052027805984574654
4267,0.04395484154368132
4268,0.13676472303466075
4269,0.013357470230224842
4270,0.013759862529437153
4271,0.0008385614405779919
4272,0.0008720205215911988
4273,0.0036939355667165996
4274,0.006986216903000077
4275,0.025210792439003905
4276,0.0022815752987097237
4277,0.003389233361997271
4278,0.23119226099076914
4279,0.001737650789257321
4280,0.015539193294246339
4281,0.0022197753687075625
4282,0.990555658669534
4283,0.18318996489950867
4284,0.0010105477941414493
4285,0.0013685042774776808
4286,0.001967364703784794
4287,0.04132332589332226
4288,0.008629960037679912
4289,0.06534311409382465
4290,0.11349796005162247
4291,0.0060861339157512314
4292,0.0016320959699623419
4293,0.002441344952112524
4294,0.13953400959314444
4295,0.0059152251874545645
4296,0.0012133984555279507
4297,0.15088369167720528
4298,0.10602037634804296
4299,0.0041463158260362535
4300,0.0018617988951928714
4301,0.006318913148065577
4302,0.003586484157621074
4303,0.013069980051836003
4304,0.17830357062515206
4305,0.001080070479598966
4306,0.011284454996354092
4307,0.0022609006691802313
4308,0.02574373481975261
4309,0.001830204809917693
4310,0.27577593472885514
4311,0.003486070254415188
4312,0.061805604078759596
4313,0.04886894058111114
4314,0.016105200786961028
4315,0.041067423476330134
4316,0.0008943126742741428
4317,0.0009637339280512847
4318,0.1236213580574162
4319,0.11652988124028364
4320,0.04075190541821053
4321,0.0035053548439580133
4322,0.947939937177625
4323,0.0018485080644589614
4324,0.04583642323445648
4325,0.04160960993096091
4326,0.005042184119503079
4327,0.001044191282197575
4328,0.0013847893284038143
4329,0.0014220828002393686
4330,0.2682507206152236
4331,0.0047711790649521526
4332,0.0008611258157084094
4333,0.03461665239615411
4334,0.0020918490078172284
4335,0.0008967451512981265
4336,0.01018662341211577
4337,0.013107166484253545
4338,0.0052986255881182324
4339,0.0037326532839294176
4340,0.003244470628394709
4341,0.0009397982415292927
4342,0.002841335047059608
4343,0.01958272204521544
4344,0.0008490482662388586
4345,0.9877708462878774
4346,0.0009413468919481001
4347,0.007398100646710925
4348,0.13104843963341306
4349,0.008378743886644151
4350,0.0035937238148159687
4351,0.020695920215564562
4352,0.10339817311052511
4353,0.05755627563068267
4354,0.024148878467679102
4355,0.008582086586797657
4356,0.002760983729188403
4357,0.0020588417266038856
4358,0.004565006280950551
4359,0.004847061748469771
4360,0.0043842418523586425
4361,0.0034756688075441764
4362,0.1197762284054086
4363,0.004068314448062019
4364,0.06459896350609079
4365,0.010632836650436525
4366,0.008285861758298171
4367,0.04788313943496953
4368,0.004531438088800302
4369,0.001455222876037673
4370,0.03831025887236708
4371,0.005307531380491682
4372,0.0017231314575762002
4373,0.07708212446188119
4374,0.0018339155496217047
4375,0.0035522933766684163
4376,0.018583342113717087
4377,0.0029050830249237438
4378,0.07327424440554862
4379,0.22179779020010582
4380,0.0010206778081015473
4381,0.005780963486469696
4382,0.0034947019062641195
4383,0.4763904566978953
4384,0.050231638381978604
4385,0.018613029906860545
4386,0.001718455989712726
4387,0.0012408691767551885
4388,0.009282298402996861
4389,0.00395834572139771
4390,0.0011559786344626979
4391,0.08263861037719941
4392,0.025651472217767347
4393,0.032543305009206255
4394,0.006998786913066872
4395,0.0137135798893069
4396,0.0008504899439329023
4397,0.0023493221280028254
4398,0.003511904050299436
4399,0.003422261339833671
4400,0.0017020072136345603
4401,0.9906266596496566
4402,0.0014285816366454835
4403,0.0016160209353265511
4404,0.0008829254078400203
4405,0.204568339637566
4406,0.023282577001538917
4407,0.008029892139644532
4408,0.020769231201585872
4409,0.004503104394878452
4410,0.0192971109627788
4411,0.0017705892555875524
4412,0.03399856901702455
4413,0.017003097408037765
4414,0.14478337561691734
4415,0.06746092380083438
4416,0.005136393426676021
4417,0.0857948820390576
4418,0.008800948201960913
4419,0.001494940839145161
4420,0.029600228063233897
4421,0.003921652153163473
4422,0.04028664605727089
4423,0.0016862063840929298
4424,0.00550114597217905
4425,0.6565167849332207
4426,0.9900997511007716
4427,0.003814812977111609
4428,0.0018467660746589285
4429,0.990555658669534
4430,0.0067170504775159465
4431,0.010309508605450827
4432,0.008775306565774393
4433,0.10308094551301618
4434,0.05131366552791999
4435,0.17758798575652537
4436,0.0008899321936283426
4437,0.0022700392497811707
4438,0.024728646449173736
4439,0.012692826915290117
4440,0.06734635389540797
4441,0.007684409841363653
4442,0.0008783194545949831
4443,0.0042235265382263906
4444,0.003697371645967509
4445,0.09314125450582549
4446,0.003456145745884477
4447,0.023574149532368773
4448,0.08142940329516812
4449,0.0008794024921337396
4450,0.007676852725431002
4451,0.0016528502617377976
4452,0.09597309633782358
4453,0.0009369785608260154
4454,0.07065110479392489
4455,0.03572871223711947
4456,0.014785834370666572
4457,0.03926982757439821
4458,0.0023736004319043612
4459,0.00892657763377589
4460,0.008461878823119051
4461,0.08725334097262416
4462,0.07911832073847107
4463,0.014522554850451657
4464,0.05267027334629762
4465,0.003527029912768879
4466,0.018695220493793772
4467,0.06705285604077878
4468,0.08507325745485696
4469,0.27826704096583404
4470,0.0017313280670817612
4471,0.018424325424285192
4472,0.0016154669894222304
4473,0.2716118419952733
4474,0.0029743291911898005
4475,0.04755775343663834
4476,0.00101366555542684
4477,0.024071421992651176
4478,0.009014712628081272
4479,0.008246851273894415
4480,0.009887135364998818
4481,0.16165732527397425
4482,0.016558196597751172
4483,0.0009028577468379548
4484,0.6312105691675715
4485,0.02736719096195163
4486,0.003055682846974053
4487,0.09558300800571243
4488,0.0011363041006501114
4489,0.0009894945351886107
4490,0.012018447147749906
4491,0.02069255260501925
4492,0.03390592597149854
4493,0.021866257566789747
4494,0.0044580364389468045
4495,0.9710874822975538
4496,0.0051484786265747874
4497,0.008263164350311847
4498,0.04361388138699114
4499,0.990753345127322
4500,0.007839529033818533
4501,0.008347318773951352
4502,0.0024095184581486347
4503,0.027983848046952597
4504,0.0047128890844626205
4505,0.004421747998694581
4506,0.0068829919265812195
4507,0.024530238701859264
4508,0.024745567000091305
4509,0.0021723809806591574
4510,0.14539367868460884
4511,0.008684522202203953
4512,0.9900997511007716
4513,0.0008581017713321305
4514,0.009326990589736099
4515,0.003897246460333684
4516,0.004506524338491153
4517,0.3763978032575999
4518,0.00912464010104471
4519,0.12072362362759606
4520,0.001134263058719301
4521,0.223276374618756
4522,0.006627037590761874
4523,0.12307449122395524
4524,0.0010649975669009412
4525,0.0033694789493207006
4526,0.9894091115163997
4527,0.025534739490529593
4528,0.0009311012192500863
4529,0.0019110606909026168
4530,0.012223425548190395
4531,0.002467310936103267
4532,0.018499475532709912
4533,0.01513382804608492
4534,0.000877512163078627
4535,0.004203370579311035
4536,0.004071088860074658
4537,0.00088051812172503
4538,0.003410006652391374
4539,0.009740736107684616
4540,0.023275646607234114
4541,0.0059026965052446975
4542,0.0009672195139726069
4543,0.016723466980564008
4544,0.01958636088112849
4545,0.001623063622651224
4546,0.00926754814009579
4547,0.004846778941867792
4548,0.022633605112331534
4549,0.11745295019918187
4550,0.022502214987315684
4551,0.0014758803333152486
4552,0.9900997511007716
4553,0.003939062509729648
4554,0.012703877092300149
4555,0.9713281469964762
4556,0.009211063400046512
4557,0.0015738231085482657
4558,0.0024192525047199574
4559,0.01679670948754157
4560,0.013116595871291638
4561,0.03360234520836841
4562,0.05433728933087141
4563,0.06437078048212203
4564,0.01905704941624929
4565,0.04958055898168622
4566,0.05542963735516162
4567,0.001947561236128742
4568,0.015332766798906354
4569,0.013045035620552467
4570,0.9848675152940307
4571,0.006516237070235272
4572,0.02043679547759813
4573,0.8553196588329783
4574,0.0013741173582143525
4575,0.10484080552872434
4576,0.00732498325983415
4577,0.021779714719737744
4578,0.030975776748049758
4579,0.19129942960315846
4580,0.0508325128629628
4581,0.0023062007410623087
4582,0.006502337304248912
4583,0.03339252548698815
4584,0.2484643598362096
4585,0.036402685367434066
4586,0.01077054159515473
4587,0.0076822004024976265
4588,0.13897267123302046
4589,0.09351126660848057
4590,0.021125772354982003
4591,0.016062235551894496
4592,0.028570827339972626
4593,0.0014013549756066582
4594,0.0038316870975026542
4595,0.0339315887536128
4596,0.23173212950823588
4597,0.0008796555439249699
4598,0.002179436666364026
4599,0.07055910911730257
4600,0.015068956635187944
4601,0.0009656465995846199
4602,0.0009538687405615967
4603,0.15568741612223366
4604,0.015194241074503364
4605,0.007401344221529483
4606,0.6646933153369841
4607,0.0009603991368767179
4608,0.02651538539286755
4609,0.0014898503805808377
4610,0.048811551903899596
4611,0.017600529447486923
4612,0.042066910308315386
4613,0.016494678910383753
4614,0.009492710809890236
4615,0.0010536299319250696
4616,0.9919283187953205
4617,0.0046429479901501656
4618,0.0025329609056840103
4619,0.0029383516005596104
4620,0.036968330015699255
4621,0.013295386623372568
4622,0.010773161412013912
4623,0.0009328870920006223
4624,0.0009092944963401145
4625,0.0027563559700881416
4626,0.010114731445908624
4627,0.012088029549463216
4628,0.01887153749331176
4629,0.002172169952553232
4630,0.0053579470998861315
4631,0.06144449872055311
4632,0.0016922994416890024
4633,0.007370346007445939
4634,0.06334737839301348
4635,0.006886676898675636
4636,0.05753944657863291
4637,0.003111210954143737
4638,0.030370273580030346
4639,0.0013041490868581592
4640,0.0023386747145158937
4641,0.0038027497583994433
4642,0.000931124844629157
4643,0.000870959401097592
4644,0.00418583678244506
4645,0.08616899171264802
4646,0.07636000469687565
4647,0.0011691506350438902
4648,0.0020959519083215616
4649,0.013596697685954897
4650,0.005960816343834682
4651,0.0012377854973069523
4652,0.01740707092027228
4653,0.0011406340862312836
4654,0.013044954231540293
4655,0.01614285719194077
4656,0.0038661023830754535
4657,0.012268103353647395
4658,0.06695160732361335
4659,0.16251895350876194
4660,0.007441410138699336
4661,0.024444185343163154
4662,0.0024061179994529468
4663,0.0040799127980295806
4664,0.004630834584621053
4665,0.003301339359747796
4666,0.0536707851651918
4667,0.037365305677438794
4668,0.0035810577275487477
4669,0.004376584836190431
4670,0.017990565533332864
4671,0.00405830575389574
4672,0.23684674356498672
4673,0.010727717727372478
4674,0.0017455162782619986
4675,0.04779750613638101
4676,0.07956981195091645
4677,0.013179722207634026
4678,0.9921268591569026
4679,0.9328386597557838
4680,0.9906266596496566
4681,0.989524694986643
4682,0.008872482835290909
4683,0.06444891545758726
4684,0.015010434603242383
4685,0.03964044347023062
4686,0.006071079699908718
4687,0.0109999426234076
4688,0.07007843872833157
4689,0.10889823318486097
4690,0.004066940702468518
4691,0.011733847070728606
4692,0.03127572931713521
4693,0.004854918537558097
4694,0.005560680980312807
4695,0.004166064119919343
4696,0.22372751075180952
4697,0.062097233680943616
4698,0.04621448102296146
4699,0.01091205877412068
4700,0.10670387235434808
4701,0.004693575413827019
4702,0.0011478584051925738
4703,0.005256108075483786
4704,0.9055414740880633
4705,0.004211128484684994
4706,0.13257960113341918
4707,0.0010000489761995592
4708,0.004328507649801702
4709,0.3192345760322429
4710,0.014622104704318621
4711,0.020247524982237728
4712,0.037604827678873874
4713,0.002369864951419602
4714,0.005614518091836036
4715,0.004680250992520666
4716,0.002397240471422985
4717,0.014213764271658085
4718,0.0026055522053746952
4719,0.0014387906673766792
4720,0.06867247361421135
4721,0.07402860037799343
4722,0.1306392246139975
4723,0.05871668681022474
4724,0.005003552878819864
4725,0.01356161674094634
4726,0.0009307248962966648
4727,0.010139224953718079
4728,0.001737650789257321
4729,0.001173647308599527
4730,0.0009271540849937315
4731,0.07560859867375078
4732,0.09667853684395683
4733,0.22035053498410478
4734,0.0017802726011495722
4735,0.0023875931044176203
4736,0.0034041252500049343
4737,0.013589858545354345
4738,0.014680119485691513
4739,0.1193047038053514
4740,0.07489083817091831
4741,0.06615227099567877
4742,0.01721833862534657
4743,0.06757719430936422
4744,0.016975888634812454
4745,0.015081428741502671
4746,0.1545453969251111
4747,0.006698966409627199
4748,0.011908764423464334
4749,0.009585481906388964
4750,0.050504513877526296
4751,0.990555658669534
4752,0.0033971889232978746
4753,0.11357315169464748
4754,0.0010979223329831982
4755,0.0032385668213383385
4756,0.10623353285269864
4757,0.019682920984848102
4758,0.006799302549028631
4759,0.0048527169112675414
4760,0.047657778394924744
4761,0.006451920031628733
4762,0.001030808292132943
4763,0.0010349736370679674
4764,0.04917657841311644
4765,0.010112814992827731
4766,0.009456819002727346
4767,0.011766987500058232
4768,0.00768757121193137
4769,0.000944577604987974
4770,0.0011534419136515518
4771,0.000989534317477445
4772,0.006776485332597962
4773,0.004110167731867542
4774,0.6224474790069666
4775,0.074838313818261
4776,0.9861143131742743
4777,0.9920188401663205
4778,0.004564604605858183
4779,0.012297240611788867
4780,0.020335993852024756
4781,0.004946551075988915
4782,0.001179832447150976
4783,0.0009513313600465975
4784,0.9895385428793291
4785,0.00805613124451581
4786,0.002844887157230257
4787,0.0037432586249954904
4788,0.004128151306590884
4789,0.00815425585315831
4790,0.005847405052847069
4791,0.004225674483051338
4792,0.6937833370198466
4793,0.0009224668491372742
4794,0.004156948061150769
4795,0.9088717093762859
4796,0.9906266596496566
4797,0.04230387335027089
4798,0.0033933478606274475
4799,0.03340629960209036
4800,0.006987824113894669
4801,0.0021361291549771267
4802,0.9894813049611001
4803,0.06688806351013248
4804,0.006155856191039648
4805,0.011966389006301151
4806,0.01793178368478851
4807,0.006988712630387571
4808,0.007997617796206604
4809,0.003482288497217939
4810,0.0011237841494007512
4811,0.02887252440932854
4812,0.022791709588319074
4813,0.06303395385862494
4814,0.0009386995080591081
4815,0.04561410271443557
4816,0.07614539010789757
4817,0.018486367912200936
4818,0.019582931479356934
4819,0.2400477491484748
4820,0.004234397425741901
4821,0.9248379538232298
4822,0.010987100906287081
4823,0.0009119997791477686
4824,0.09343448249388502
4825,0.0014060697578446191
4826,0.0023357713152060266
4827,0.9609381334493585
4828,0.014013204034732808
4829,0.03217558201960654
4830,0.011693821065862692
4831,0.004185046223966666
4832,0.8492080135565305
4833,0.0027940377487443015
4834,0.988128045566973
4835,0.006101080262599432
4836,0.9900997511007716
4837,0.9906266596496566
4838,0.3594076339085808
4839,0.04193462403183415
4840,0.006319458635028202
4841,0.002005503238234608
4842,0.007883630599437133
4843,0.0034449944709316472
4844,0.17894057759365375
4845,0.01485047258610227
4846,0.8551148509210362
4847,0.9900819024434334
4848,0.03463246892834937
4849,0.014466177434182022
4850,0.0207574351411149
4851,0.004780685206789023
4852,0.0008923046279984448
4853,0.0009747383305360415
4854,0.022654495791640195
4855,0.0008998727309365009
4856,0.09755514556991232
4857,0.004018731722334744
4858,0.0037104800929920506
4859,0.049640991201956065
4860,0.014241778000928386
4861,0.015231306072941599
4862,0.001117209987716244
4863,0.0010102680861102235
4864,0.0030315192293079146
4865,0.025534352236228505
4866,0.02562591382502092
4867,0.005747016410186963
4868,0.10514069606962201
4869,0.012184455011685013
4870,0.0018070169199203676
4871,0.034436673591193984
4872,0.002827934459906265
4873,0.014501253053957061
4874,0.011922863435304729
4875,0.0008668420360227948
4876,0.01232659131032775
4877,0.010712049468833964
4878,0.9323808330046113
4879,0.0035171072329663777
4880,0.02674920960004226
4881,0.0025519014318047756
4882,0.0009524054345293969
4883,0.001101148533263706
4884,0.0009571191047836312
4885,0.015651885143959553
4886,0.01450928748709812
4887,0.0009241629466116545
4888,0.24771110621357356
4889,0.004434815520903499
4890,0.009219787693290744
4891,0.04314121126856913
4892,0.0018904338811335328
4893,0.1806402573481186
4894,0.032350236181780526
4895,0.013257796187145225
4896,0.007648302713615954
4897,0.00513042789063017
4898,0.07500766048399281
4899,0.008907066112119005
4900,0.04644427772676557
4901,0.016284493113626973
4902,0.028305221776571427
4903,0.037578737593400136
4904,0.0009560252391883469
4905,0.4352621361683826
4906,0.09915137247139491
4907,0.002014577792845063
4908,0.009589928979791298
4909,0.0032345620619345598
4910,0.004358661062446083
4911,0.07623808879965208
4912,0.004881741828858146
4913,0.031320129650791034
4914,0.005975581584125541
4915,0.0015117688376907485
4916,0.00139476685407735
4917,0.1294436592740354
4918,0.007170555929759426
4919,0.05044112431934087
4920,0.023849848339169387
4921,0.024988054829383228
4922,0.0027733348568322316
4923,0.007022348924109667
4924,0.007969561668784214
4925,0.015309614053387922
4926,0.020874539829692305
4927,0.015226771007401134
4928,0.013196290187710506
4929,0.03517772757499602
4930,0.017605449193902733
4931,0.004753587746002928
4932,0.01128167755551717
4933,0.005144365252941027
4934,0.9906266596496566
4935,0.005342309318359262
4936,0.0016043508553477777
4937,0.032201059388981115
4938,0.010087392505707109
4939,0.005276858688409871
4940,0.001010847521536885
4941,0.001222849667666925
4942,0.09697942388738079
4943,0.001169555355802524
4944,0.047056342347643776
4945,0.03772908248728754
4946,0.003523393882797616
4947,0.011318744219762577
4948,0.00842541077732012
4949,0.04830782837214295
4950,0.9906266596496566
4951,0.034607556739853856
4952,0.014367467074707038
4953,0.0011604413780322185
4954,0.002822143263381284
4955,0.008733837139987703
4956,0.014229652118053233
4957,0.011101630203379767
4958,0.0015237320507249358
4959,0.0887099230311282
4960,0.4397217178160293
4961,0.0190843593098584
4962,0.012016023594662414
4963,0.11728715449017967
4964,0.021402728367491384
4965,0.004691104016546304
4966,0.012702864047736502
4967,0.15220550427453436
4968,0.003030344521159321
4969,0.35912785208443954
4970,0.9896171102162216
4971,0.004735725844890909
4972,0.012124311679243509
4973,0.016238140102633858
4974,0.001656615483359601
4975,0.04037075059901857
4976,0.0015777324166568127
4977,0.0035053308939759103
4978,0.0020854981881751893
4979,0.021475958218096374
4980,0.0033843188458430023
4981,0.0028547057784489983
4982,0.01290065109255763
4983,0.0009647987915033829
4984,0.0019667113735097478
4985,0.0010198859939829436
4986,0.0016328045878621243
4987,0.0009789884475891217
4988,0.0010774396948545469
4989,0.2849800097141831
4990,0.0024021819975435913
4991,0.18581130574037186
4992,0.11693764656314984
4993,0.06845165825614628
4994,0.0048959889888558015
4995,0.08294950882000914
4996,0.008617694355349424
4997,0.022522126720649144
4998,0.1588467456675698
4999,0.0035901619537789093
5000,0.011997431124144451
5001,0.010281892642090028
5002,0.012783383936324638
5003,0.06315772538276458
5004,0.00804643656276
5005,0.004521188297699604
5006,0.0038413622302019826
5007,0.0021871701179980723
5008,0.002226567181931624
5009,0.004255166447960358
5010,0.0011951916319033154
5011,0.0012023678680448083
5012,0.0045894150091777405
5013,0.12284658304724287
5014,0.9168443405959081
5015,0.0026588190960344896
5016,0.014045256675801095
5017,0.0037705746718198806
5018,0.0028059790440417994
5019,0.06834888268668418
5020,0.11684968219092419
5021,0.0044993092522501365
5022,0.012395916178681096
5023,0.9922857833357587
5024,0.0012803747765014319
5025,0.00509630635514913
5026,0.0033496366318960715
5027,0.0031854349980644783
5028,0.0010225633744059852
5029,0.000923446632064595
5030,0.00204301653899049
5031,0.12382116386676233
5032,0.005069606661836467
5033,0.0021870355149536808
5034,0.02373980773639263
5035,0.17285722257430522
5036,0.0008914002966016807
5037,0.009244105067720427
5038,0.004515304874113602
5039,0.18394392769150186
5040,0.11582967967843555
5041,0.014291492237067929
5042,0.9905965068399569
5043,0.0017059759682480724
5044,0.0031496522329969028
5045,0.004352468496526689
5046,0.9274342449882622
5047,0.00343070217164824
5048,0.12013176659926669
5049,0.010129963131916062
5050,0.007169675651237863
5051,0.9906266596496566
5052,0.0009244884801034541
5053,0.02971595889711566
5054,0.2303073484914313
5055,0.020716373485745326
5056,0.003381138800540605
5057,0.006805129557462634
5058,0.3612819421488909
5059,0.048808556452407
5060,0.002421771252217072
5061,0.027993946614875052
5062,0.16239857521087483
5063,0.08793445359182754
5064,0.03162572413256294
5065,0.018088601936267303
5066,0.005197317852319233
5067,0.02142318969342553
5068,0.16854798606029453
5069,0.0020388386351314594
5070,0.03530108499054443
5071,0.002287937306450621
5072,0.01589651328205794
5073,0.046846150694712076
5074,0.006217919815417808
5075,0.0009903528230832351
5076,0.04063762041041969
5077,0.0056240281313199225
5078,0.05946629421525268
5079,0.001164904593956025
5080,0.9172143633324055
5081,0.007503764832105321
5082,0.0011138234982025204
5083,0.0009805564015339149
5084,0.10905165281212004
5085,0.02648236692958749
5086,0.0640479672974535
5087,0.09724132538847123
5088,0.00246926455196986
5089,0.001086597363405336
5090,0.056867504870343304
5091,0.001179832447150976
5092,0.008434587769022086
5093,0.007652947159285903
5094,0.9906266596496566
5095,0.21839767245676941
5096,0.0009606443021171836
5097,0.06372667678319205
5098,0.013297988035942534
5099,0.02545040254152511
5100,0.006316443235812056
5101,0.0016841722158173267
5102,0.014867535886526015
5103,0.017260447673086803
5104,0.9899916882603007
5105,0.0382988792571311
5106,0.001319878259515458
5107,0.3303366106876435
5108,0.00527291909481006
5109,0.04177652800332992
5110,0.0032185786426417442
5111,0.23053637845509783
5112,0.02649053007632144
5113,0.9901768003709217
5114,0.0010559976409480127
5115,0.08246611153961718
5116,0.002448421864759039
5117,0.039971287467667434
5118,0.009575905843804215
5119,0.003941808356015143
5120,0.0014084200290874775
5121,0.9827295433790852
5122,0.0009897058625296308
5123,0.0011237841494007512
5124,0.04758267408960535
5125,0.08431453572211696
5126,0.05591567150525423
5127,0.001797442465456934
5128,0.0008981753352984808
5129,0.001619088054508119
5130,0.9906266596496566
5131,0.0012218613054084057
5132,0.04646749410431476
5133,0.0072168997281432355
5134,0.0016119281723284223
5135,0.0029899163510237613
5136,0.020071816769207475
5137,0.004893175031012094
5138,0.001117209987716244
5139,0.003359601826670603
5140,0.00784724993484849
5141,0.010027925006422909
5142,0.0010800749278566631
5143,0.007374213290224791
5144,0.9924597483123397
5145,0.007875574129263643
5146,0.7056362938271762
5147,0.18226811720244712
5148,0.0047948203832862794
5149,0.0011691506350438902
5150,0.058975696879685395
5151,0.0010525497866558553
5152,0.9036578499572465
5153,0.0010272045971488324
5154,0.007593752882005865
5155,0.0032164113572033964
5156,0.006556617968053519
5157,0.16331166226924151
5158,0.0018142751987589105
5159,0.0011444968575626462
5160,0.007233259263071765
5161,0.006609902260899501
5162,0.9899814470962512
5163,0.010278675947773284
5164,0.00549529301210223
5165,0.089432080967485
5166,0.0048387250044469214
5167,0.7521107197239086
5168,0.0013494539342794334
5169,0.8730975289801179
5170,0.004042165537744681
5171,0.07457696153327904
5172,0.0016568467378021993
5173,0.045014201255605464
5174,0.0011521365723914916
5175,0.18735451412999257
5176,0.003652205152475339
5177,0.005934278492265604
5178,0.026754680274162255
5179,0.003330191202214272
5180,0.0017475112147094347
5181,0.0010511580447559589
5182,0.10080137577589854
5183,0.0010804396774445706
5184,0.022747909981792526
5185,0.0010271554975058374
5186,0.07172482108940921
5187,0.0606872095484689
5188,0.03997872082970492
5189,0.019391152471440017
5190,0.0036128585762765855
5191,0.004304429028299412
5192,0.0024612780805789423
5193,0.013368387831962912
5194,0.0014298581062539635
5195,0.12149837352015205
5196,0.0043614149050646474
5197,0.005425195868188022
5198,0.004108147465617429
5199,0.9900068166741554
5200,0.0010632359389162245
5201,0.005061699734183798
5202,0.0026067198716410137
5203,0.009178112656541377
5204,0.0027178283916047042
5205,0.002236220711084826
5206,0.006563520406104477
5207,0.0016086099845875129
5208,0.0025777383401497187
5209,0.005472759811325852
5210,0.0009127466038115111
5211,0.0011306345472221787
5212,0.03307123661934859
5213,0.012252168428462355
5214,0.0027080125573300377
5215,0.014988695402133559
5216,0.013047667733227507
5217,0.04300876281239831
5218,0.011410114973481615
5219,0.037909430347421474
5220,0.003455136518366416
5221,0.0009186333450717246
5222,0.006031726097573951
5223,0.007962553492287305
5224,0.125808883194893
5225,0.003438589719810763
5226,0.006606499122889996
5227,0.01805294210478368
5228,0.0052203736134267785
5229,0.04090331889845143
5230,0.03942885677257107
5231,0.017151515004009712
5232,0.007876698210765393
5233,0.9906266596496566
5234,0.00949572626198767
5235,0.0016752769895082406
5236,0.01603906916670324
5237,0.008714594879186443
5238,0.07979351151139372
5239,0.006158276709082983
5240,0.0010764539428195217
5241,0.001068155637508383
5242,0.0032950012113693687
5243,0.011001810243936792
5244,0.0011333637303193522
5245,0.990753345127322
5246,0.05538254894791768
5247,0.0043056549585885435
5248,0.06155358912538473
5249,0.004888828479046137
5250,0.01149251651579856
5251,0.0030611768121778684
5252,0.009281494949239888
5253,0.990753345127322
5254,0.0025405325064753264
5255,0.000912839812605986
5256,0.002226985650503844
5257,0.009805597263296613
5258,0.28707889573778794
5259,0.02899675236762142
5260,0.00672237804770511
5261,0.026132041256783884
5262,0.018357345804937072
5263,0.014926579968193202
5264,0.004160629602239165
5265,0.13283522065162232
5266,0.021814942410154525
5267,0.08294950882000914
5268,0.2994401743563858
5269,0.019875560465359803
5270,0.01749060782488888
5271,0.2562834529413196
5272,0.9779569057211718
5273,0.000985352957955901
5274,0.0036960243203664326
5275,0.0011698072749118348
5276,0.990753345127322
5277,0.5488665022011912
5278,0.014122124114957996
5279,0.05868439051045075
5280,0.2553419430738697
5281,0.06704021569341377
5282,0.3276757134406557
5283,0.06667018578191249
5284,0.010728628630016267
5285,0.0009013687118485292
5286,0.004744051155645115
5287,0.0040727012610880745
5288,0.11380331489539025
5289,0.0016021205487728965
5290,0.010068923032752001
5291,0.3330492217354239
5292,0.05534790186377235
5293,0.004012704759598706
5294,0.0025043147464473775
5295,0.004473529117727699
5296,0.24859809105651975
5297,0.006057952574791901
5298,0.01526373650479588
5299,0.007804014041174364
5300,0.9906266596496566
5301,0.012160095347688454
5302,0.010720241327871746
5303,0.10034905264831351
5304,0.009117860999295254
5305,0.08635527299944884
5306,0.9906266596496566
5307,0.004014831966833554
5308,0.014104917319039838
5309,0.09162726620842652
5310,0.11410685038076031
5311,0.005375103951403496
5312,0.003745665452600363
5313,0.024181493758353937
5314,0.004089161228420301
5315,0.006087953661719738
5316,0.990645676970278
5317,0.19717713498390438
5318,0.0129377171317697
5319,0.9835563826366398
5320,0.026439143269527215
5321,0.009071607626988283
5322,0.029046411480000475
5323,0.05099678949969595
5324,0.0009966268853829202
5325,0.26626920389696956
5326,0.03150853746686746
5327,0.038819227032070844
5328,0.9906266596496566
5329,0.04549356075768536
5330,0.007111489519707566
5331,0.016806299559777128
5332,0.024279241804097407
5333,0.003292350864502029
5334,0.12469193065088818
5335,0.10324860719431966
5336,0.0014852352398476007
5337,0.015751753397458414
5338,0.046571182196293
5339,0.006933869346909871
5340,0.03579244904562812
5341,0.9906266596496566
5342,0.003888704475995759
5343,0.07448188931488853
5344,0.008548030058796634
5345,0.00528757664198347
5346,0.0011208645871476838
5347,0.10758303843677619
5348,0.004093447300816071
5349,0.990753345127322
5350,0.004197571806220302
5351,0.9906266596496566
5352,0.003410945433009425
5353,0.003966629441435013
5354,0.001997274831161044
5355,0.9906266596496566
5356,0.0009433012190941208
5357,0.005095178632284885
5358,0.0040179892531344305
5359,0.013619654568277611
5360,0.01458559982244151
5361,0.0011361073143795032
5362,0.042785388266785
5363,0.005117191579780151
5364,0.0012323025345750637
5365,0.0011291350054852976
5366,0.0008470963375920402
5367,0.0010818988355252304
5368,0.028617594740837596
5369,0.11871403967117804
5370,0.004865054404064902
5371,0.13792314207872897
5372,0.9900997511007716
5373,0.0034847582010377695
5374,0.003790239658524636
5375,0.020317982577171628
5376,0.0009838621199485405
5377,0.010635612805340052
5378,0.0009875204006110022
5379,0.23740248338203582
5380,0.002102496927679168
5381,0.0009256574944109984
5382,0.03537253397544033
5383,0.0017270596968561205
5384,0.00382760616280045
5385,0.0016700500535554704
5386,0.001487854061097295
5387,0.044815670809658634
5388,0.04832813594864728
5389,0.0008385614405779919
5390,0.22017362551186512
5391,0.000994821027301197
5392,0.0017137214067492882
5393,0.0008599989884522394
5394,0.0008471640578875389
5395,0.004035232869472248
5396,0.0009436475682142115
5397,0.0038679238216429543
5398,0.10093918729125179
5399,0.009962999771990048
5400,0.6549113890128917
5401,0.01348051923649722
5402,0.002013316487376199
5403,0.0037742647213160675
5404,0.00505059278363003
5405,0.08607271239897755
5406,0.0010767989847669244
5407,0.01274805668297856
5408,0.0009887549105755146
5409,0.982110086088654
5410,0.0251339272767938
5411,0.12379586490823877
5412,0.0008777034715547038
5413,0.027406334867769663
5414,0.01729135234743319
5415,0.0008385614405779919
5416,0.004628355854766174
5417,0.001968894380997005
5418,0.0009506861861587723
5419,0.0009654964525809545
5420,0.0010244466929340119
5421,0.000918651376908198
5422,0.0009764737867610286
5423,0.9831514672960794
5424,0.0010708007123149492
5425,0.0009354640106587469
5426,0.008297869473745152
5427,0.0032036920668582574
5428,0.0013583613956152868
5429,0.0009944865722677906
5430,0.0009036941521945566
5431,0.007283715266384377
5432,0.0008580904991234287
5433,0.0009192685850258677
5434,0.0008944087885143665
5435,0.006816279489871787
5436,0.6525545958802194
5437,0.0049685776933532
5438,0.012290773421589556
5439,0.0008711845401836467
5440,0.017731793107398048
5441,0.029553128388110306
5442,0.0060112461212596694
5443,0.003042797842506012
5444,0.005994540124897644
5445,0.0012601794001149442
5446,0.0012824220774941726
5447,0.40699468066542666
5448,0.0009767985917044023
5449,0.023263167242010115
5450,0.013837251737635168
5451,0.0008400524789799468
5452,0.00331618117274301
5453,0.004067025278299177
5454,0.0009395376274749634
5455,0.01716992667828959
5456,0.019277454892260484
5457,0.0008837319737287143
5458,0.0030536580086818112
5459,0.9906266596496566
5460,0.048727734681527406
5461,0.0017381335500093618
5462,0.0008700853775936079
5463,0.0013002822883425387
5464,0.003372140425490254
5465,0.0008783496594867935
5466,0.9895385428793291
5467,0.0008548604674033117
5468,0.006516180744668722
5469,0.011550740302550353
5470,0.06606865945637276
5471,0.0013947419794166156
5472,0.0073548035208929234
5473,0.014070435441718486
5474,0.006409213890852199
5475,0.003991180021945297
5476,0.06911483608113407
5477,0.9848888078027357
5478,0.005425681856390352
5479,0.007179939827910836
5480,0.025740098140249863
5481,0.0024846909370390188
5482,0.7603465417342886
5483,0.023051936362011784
5484,0.061255018739258836
5485,0.0008700853775936079
5486,0.05731758791318683
5487,0.02146645889600896
5488,0.0042119314535478455
5489,0.0207447117993269
5490,0.04953848274546624
5491,0.0009391140622172305
5492,0.003207397768454441
5493,0.16344808240589898
5494,0.14759271461958928
5495,0.0011232411603850393
5496,0.10664927407784826
5497,0.0009774480027599738
5498,0.00135985185744457
5499,0.13311404402015228
5500,0.008418342190557489
5501,0.005729387594188057
5502,0.01235132461989152
5503,0.007829876984311505
5504,0.03291618895237991
5505,0.02189746713262726
5506,0.005115560207747142
5507,0.0008818683612330993
5508,0.0009417961990923185
5509,0.0008865814580586438
5510,0.01744035603975176
5511,0.004869930719745859
5512,0.007103619051165538
5513,0.0008419208835383712
5514,0.004192162618803228
5515,0.0008486025389270011
5516,0.004852262384496269
5517,0.002923177645676984
5518,0.009382059537631425
5519,0.014427880183875638
5520,0.039006312578250935
5521,0.08125427081084304
5522,0.04424098869095851
5523,0.0009173459130001691
5524,0.0010479275141268515
5525,0.006111721593895634
5526,0.0010558894545186633
5527,0.0011397519775743436
5528,0.0012491469464737173
5529,0.0011237841494007512
5530,0.0014325375860038112
5531,0.012183299929111695
5532,0.9665920889208777
5533,0.006269285494991925
5534,0.03927843751429415
5535,0.0008624071525975491
5536,0.001049471903988093
5537,0.0009805564015339149
5538,0.0009359952152917625
5539,0.017136829495950766
5540,0.0034252674285838625
5541,0.0009789884475891217
5542,0.006029868406451939
5543,0.0009254564461919082
5544,0.04321040760225228
5545,0.02973875172685659
5546,0.22152247206253492
5547,0.013158795271170351
5548,0.03161577444267178
5549,0.04682866290593897
5550,0.005075109286934328
5551,0.014866520409670689
5552,0.2720829385969274
5553,0.001092732544608066
5554,0.00886232314207315
5555,0.0009947584092846302
5556,0.04390880651321517
5557,0.001291617242650083
5558,0.0034068171617933052
5559,0.028419600267891136
5560,0.0009775128596707446
5561,0.001352403188417137
5562,0.0009618440606324778
5563,0.11487007062851458
5564,0.0010259727378008655
5565,0.0030006284088665955
5566,0.0030186420764993886
5567,0.004512846771074737
5568,0.003572257794229699
5569,0.008618420673630809
5570,0.008873544315237077
5571,0.07360228107154518
5572,0.9165573038423911
5573,0.9838636093669324
5574,0.11014403816939541
5575,0.0028696765170363333
5576,0.5716739692703899
5577,0.990753345127322
5578,0.22806863646743028
5579,0.18044507203981733
5580,0.003416792544772578
5581,0.016565564317983776
5582,0.982911334752958
5583,0.0017671211045212003
5584,0.019533576626496078
5585,0.0019273577028575564
5586,0.006058729896181602
5587,0.0010102673945941928
5588,0.02314116501432898
5589,0.002336807441359812
5590,0.014678471985312242
5591,0.0009368846184768235
5592,0.10965057708594415
5593,0.000989063916855846
5594,0.008340428675237366
5595,0.018089613630884054
5596,0.01077449557546676
5597,0.002571163762982157
5598,0.004922981220877922
5599,0.022240939382702253
5600,0.006277012427370141
5601,0.0008822063936692339
5602,0.0008887677052811875
5603,0.009664244457082555
5604,0.000988932148813934
5605,0.011137603157193766
5606,0.0011375045139101717
5607,0.0009975598143158767
5608,0.016886083765585633
5609,0.029897720250942998
5610,0.06608253152180753
5611,0.037845322147034795
5612,0.0018635370622926506
5613,0.0019537628501196825
5614,0.10225923500629974
5615,0.029769760772243557
5616,0.004153317380545464
5617,0.0009254839901667965
5618,0.22497341496126916
5619,0.05398102750957611
5620,0.026380682199741223
5621,0.0038971645797907695
5622,0.0019699744951588356
5623,0.0010004375516798301
5624,0.016277174268017326
5625,0.0009231823218390775
5626,0.0008734869577921403
5627,0.0047840956811525505
5628,0.02908450900096711
5629,0.0014758129747343542
5630,0.0032660966907740695
5631,0.0010225587530360574
5632,0.0035094251574007405
5633,0.0046212213201838855
5634,0.0010004443059983092
5635,0.0032507535177972316
5636,0.003799243779674931
5637,0.0019780019971040105
5638,0.0010864614750091591
5639,0.0013623820991803485
5640,0.013577537844170238
5641,0.009984513487261735
5642,0.9840445493912277
5643,0.0019970179446168078
5644,0.006839367873506201
5645,0.0023846187505557766
5646,0.06698133876761334
5647,0.0008452164572974293
5648,0.0012576961588188107
5649,0.0008820884869933283
5650,0.0011981504751744203
5651,0.001183781137656155
5652,0.004981330924559801
5653,0.03193443723598644
5654,0.027036710668580762
5655,0.003564891544688417
5656,0.001977715737552367
5657,0.0013809816203681755
5658,0.03372868535142789
5659,0.012029114320425405
5660,0.0008508872755400637
5661,0.0008893344024434551
5662,0.004789081554646916
5663,0.0008989804208146336
5664,0.01121849276944987
5665,0.009226668435053657
5666,0.18811780243695758
5667,0.0009644225236359963
5668,0.0008904232071593226
5669,0.4105279593155743
5670,0.002909442497045642
5671,0.044966763815708535
5672,0.24289289989565155
5673,0.10666830376400925
5674,0.9897572991899167
5675,0.0013652315445728362
5676,0.0009978283658971358
5677,0.0009622153326637033
5678,0.036287862798756496
5679,0.0009930295446068564
5680,0.0009421259120201558
5681,0.0022872159882618335
5682,0.001350861801323832
5683,0.0009805564015339149
5684,0.0042583471220290865
5685,0.023273627544352984
5686,0.0010321660907513604
5687,0.0009383427752320359
5688,0.01880980403049456
5689,0.007962464686575112
5690,0.0010367309750865382
5691,0.017250563239270742
5692,0.030593705689325998
5693,0.008907167902273765
5694,0.9501148640941671
5695,0.04819304225431442
5696,0.000918651376908198
5697,0.0009644225236359963
5698,0.0060818366982149635
5699,0.02000963430777932
5700,0.005228868710016862
5701,0.005156617033016945
5702,0.033197461683170865
5703,0.008809647538832472
5704,0.025078215162714558
5705,0.018663503454008325
5706,0.0008952699922414059
5707,0.0009736374006594626
5708,0.0010361777707149089
5709,0.0012944652428386082
5710,0.006512655741175289
5711,0.02091189802855737
5712,0.1299831600512911
5713,0.04078361036430779
5714,0.004164490640932561
5715,0.001358831917479181
5716,0.0008720205215911988
5717,0.012781212838907393
5718,0.33767798868286686
5719,0.019617348366542428
5720,0.004513459889565173
5721,0.0013018190067637541
5722,0.0059342896771798735
5723,0.0009388253250586583
5724,0.00549909869290838
5725,0.006484449824404653
5726,0.010413859814843269
5727,0.01142196392129358
5728,0.017885607977607552
5729,0.00787653425507825
5730,0.09190685200710165
5731,0.05699074901193823
5732,0.9886655780665649
5733,0.0028661060091211884
5734,0.7690779670206779
5735,0.042613439751178546
5736,0.012138954777832488
5737,0.000877380841591159
5738,0.0013250289580365928
5739,0.0013585202457473918
5740,0.004926968930726806
5741,0.013714110678973948
5742,0.004034722397856467
5743,0.0009157972157837447
5744,0.009025910053773227
5745,0.005499113487965554
5746,0.02027545766033625
5747,0.0008492925908977663
5748,0.01839770535793161
5749,0.000868541079091687
5750,0.0008883527006985374
5751,0.05077686778037694
5752,0.015798530341170833
5753,0.9905748186715903
5754,0.062429202991660944
5755,0.0012339984473630973
5756,0.0012702954737923062
5757,0.0009283499672698746
5758,0.04245646569587544
5759,0.33090232323328594
5760,0.990645676970278
5761,0.05213763800605655
5762,0.021117440357484817
5763,0.021199792753166673
5764,0.024052765938606818
5765,0.01842224309752803
5766,0.004061765651716351
5767,0.0011326829101752757
5768,0.009998761924939889
5769,0.004322202578227071
5770,0.014328689484827146
5771,0.012051705842137984
5772,0.0009039624592056014
5773,0.03961839526150076
5774,0.7134762953235515
5775,0.9859540967337931
5776,0.0018067686131759489
5777,0.3233477409127269
5778,0.007931353838907288
5779,0.01049029759889277
5780,0.05780447652300635
5781,0.008983978445591739
5782,0.006469844504635854
5783,0.06260463425593166
5784,0.01443655906242883
5785,0.013339741401753607
5786,0.990753345127322
5787,0.0010548215049584991
5788,0.0070393208210819255
5789,0.01658057464818768
5790,0.0010957956167073548
5791,0.007953431126044153
5792,0.012036073596554946
5793,0.0072543194934054775
5794,0.02185923233504961
5795,0.0692530967829453
5796,0.003609149897506575
5797,0.010954250436460013
5798,0.013680325278375219
5799,0.0017047206289307682
5800,0.010785701262501507
5801,0.0043043414451375255
5802,0.0013327555677850379
5803,0.0008861846338464826
5804,0.0009644225236359963
5805,0.0010084402584377285
5806,0.0015960818482031395
5807,0.017131112560839275
5808,0.02798795448014428
5809,0.03786097756083805
5810,0.002022162652843265
5811,0.20036899728780722
5812,0.002524179102699957
5813,0.08487475681664156
5814,0.008802343278328316
5815,0.05681733525631804
5816,0.0009025890858916805
5817,0.0016886169656361604
5818,0.04012025124560604
5819,0.03621731056653573
5820,0.007307707687846876
5821,0.21805041962456947
5822,0.0008482757756293326
5823,0.023078342444806325
5824,0.005844044573239207
5825,0.0010090461381218625
5826,0.002439109630379571
5827,0.0019424417839196816
5828,0.0008614830703053246
5829,0.001150208094212922
5830,0.11088215248382921
5831,0.00097936090644244
5832,0.9811686887923062
5833,0.0011867057082966936
5834,0.17969134632870354
5835,0.005324539122249783
5836,0.983221174993699
5837,0.003940177861606558
5838,0.17572747523777277
5839,0.0023912531157850546
5840,0.9840445493912277
5841,0.02549445379083714
5842,0.18936461349310563
5843,0.1274323482126887
5844,0.9247814221302603
5845,0.0012846115308144067
5846,0.001377169101729592
5847,0.005715192776446938
5848,0.4833047284029612
5849,0.002182882885677143
5850,0.0019961164444782485
5851,0.0009634713858955676
5852,0.0010785007213401012
5853,0.014266392915461851
5854,0.001002251233082636
5855,0.0011770390312656328
5856,0.0008832672698504239
5857,0.021050495669465725
5858,0.08384133629089452
5859,0.002108463558469976
5860,0.025162132263048365
5861,0.005353359379702374
5862,0.002942519530863148
5863,0.0026340186077657706
5864,0.0028482057217237176
5865,0.004304919003880092
5866,0.9870713834557879
5867,0.001040370090668585
5868,0.014026344979070366
5869,0.9816399011057536
5870,0.008792337794687185
5871,0.08806697061070866
5872,0.0026384730225088135
5873,0.008880014359327894
5874,0.153755939264334
5875,0.9862968349890383
5876,0.07665057137107348
5877,0.0009805774671647115
5878,0.0011608208354111458
5879,0.005254664674060427
5880,0.03587191216593413
5881,0.009254760429372965
5882,0.010653506118058459
5883,0.0009655146162699766
5884,0.0009442935534053796
5885,0.04360217211617073
5886,0.011579054608986792
5887,0.2681788441639048
5888,0.004724016762020946
5889,0.011924579957597306
5890,0.2068158542220569
5891,0.0009588606897258876
5892,0.006237587484756367
5893,0.042346310852881666
5894,0.005958903030744949
5895,0.9795744387213897
5896,0.989818940145169
5897,0.9859540967337931
5898,0.23181798317861166
5899,0.009314890909391416
5900,0.25662309741842815
5901,0.020445659963790996
5902,0.02973138078900839
5903,0.032291074800497956
5904,0.0009066717543322835
5905,0.013663520783226427
5906,0.007652536685066632
5907,0.00542447847183897
5908,0.013549774898396046
5909,0.09026397435134119
5910,0.002232644808826423
5911,0.9898057287679403
5912,0.005354778628869277
5913,0.9795627712008372
5914,0.020125878794853717
5915,0.004952109054591879
5916,0.0010548215049584991
5917,0.0009774480027599738
5918,0.0012429168502275927
5919,0.9890340795380783
5920,0.011869950853312449
5921,0.02354190707588762
5922,0.0009822293688766933
5923,0.0009622153326637033
5924,0.001270027267978362
5925,0.000918651376908198
5926,0.014220967918398558
5927,0.0049826261402964684
5928,0.12621219089428823
5929,0.007542820450869118
5930,0.06575813895991511
5931,0.9874736431437366
5932,0.9896171102162216
5933,0.000923446632064595
5934,0.0009789884475891217
5935,0.008630846811952054
5936,0.001821440442598983
5937,0.0011983126851884908
5938,0.012974546417398602
5939,0.6625788775040621
5940,0.0034723625569106835
5941,0.011687374564919131
5942,0.061490752249328914
5943,0.0017087070338154314
5944,0.022098531084402056
5945,0.007662218751746535
5946,0.06491343066825848
5947,0.0040423280342775925
5948,0.029346301669715427
5949,0.000994994759619295
5950,0.0012675010184714478
5951,0.05230114570242733
5952,0.018186074307360245
5953,0.01773597271571945
5954,0.990555658669534
5955,0.001273588548860725
5956,0.0027909681639569054
5957,0.020492175601567467
5958,0.007528576425886638
5959,0.007294221709656411
5960,0.0009358558910928398
5961,0.0008942727172008992
5962,0.0009383427752320359
5963,0.003972710916271353
5964,0.0013391020233039209
5965,0.001315038259156279
5966,0.0009489450316545632
5967,0.0008954261560430787
5968,0.0010986009435231467
5969,0.9728463810695719
5970,0.07537672549870762
5971,0.9105029332565366
5972,0.02160045067121983
5973,0.0008794151077688117
5974,0.04191760559432272
5975,0.0010744778297416737
5976,0.0010151647658734944
5977,0.06510075076328103
5978,0.007039931237698339
5979,0.0045797253087385414
5980,0.002329534780689125
5981,0.015814199605489708
5982,0.04136804674511952
5983,0.016007747555523227
5984,0.9846932412490935
5985,0.001179832447150976
5986,0.001262536970536595
5987,0.0012736720353757934
5988,0.006838158784770776
5989,0.0009401267458828668
5990,0.03877669969394769
5991,0.0021164491598770073
5992,0.9840445493912277
5993,0.0009188571438665812
5994,0.0009708461403040844
5995,0.03251785186359657
5996,0.0010834648362429127
5997,0.035674872312803405
5998,0.010385314517302595
5999,0.00629341885643738
6000,0.0038965930471103805
6001,0.029817321442139454
6002,0.0023331743473230166
6003,0.9848888078027357
6004,0.002663143016987259
6005,0.01861437026113455
6006,0.038840936921669574
6007,0.9564518151365462
6008,0.0011752073720555651
6009,0.004024329513784858
6010,0.0010075231230911447
6011,0.0036272175237017285
6012,0.06022295539300759
6013,0.0011375045139101717
6014,0.0010638283708109615
6015,0.014336008456642825
6016,0.0009526512367435689
6017,0.010700979128194378
6018,0.07266784786719802
6019,0.011232633516148305
6020,0.975934601838205
6021,0.0018083395193853428
6022,0.01075917346390626
6023,0.024012726022554404
6024,0.9837947377604706
6025,0.0009774480027599738
6026,0.06743678591524029
6027,0.0011241845076791922
6028,0.0009823733989290733
6029,0.0023073670449974513
6030,0.0010928387556859503
6031,0.0009774480027599738
6032,0.05958082354038155
6033,0.03500711581685057
6034,0.034736698289367575
6035,0.07427717313427576
6036,0.024862094573878158
6037,0.015793751772347327
6038,0.0009270827619963233
6039,0.012770264730647117
6040,0.0011154700217450662
6041,0.014890751636868886
6042,0.024495143570672846
6043,0.021349151862475324
6044,0.02273404425554864
6045,0.006835508248812208
6046,0.015386454976375702
6047,0.006295954800349737
6048,0.0025987156551269927
6049,0.02519780542983675
6050,0.0010527856600219517
6051,0.9840445493912277
6052,0.0017187274773339623
6053,0.004777256770290885
6054,0.9784925823675071
6055,0.0021579364444899753
6056,0.13914520068435152
6057,0.01583695453087753
6058,0.008013610356959576
6059,0.01186778018428794
6060,0.1797835377720851
6061,0.023573599531728537
6062,0.040445792323664596
6063,0.004755182169668987
6064,0.0010665229660386222
6065,0.0008755002740171482
6066,0.009427524061665521
6067,0.9840445493912277
6068,0.0033708895475357244
6069,0.014236969547488036
6070,0.004270785047953109
6071,0.003932404971366879
6072,0.15614381255888635
6073,0.0009383427752320359
6074,0.0009974614070644122
6075,0.027804170821945647
6076,0.0010734207567145825
6077,0.02207925227696289
6078,0.0038660711606793214
6079,0.0010253049165588684
6080,0.03919222421316475
6081,0.0012540284338153319
6082,0.0011326755451993764
6083,0.0010460973061825183
6084,0.06133353580323576
6085,0.02272142107108112
6086,0.004974391633255314
6087,0.008136035101262162
6088,0.00491773367564253
6089,0.0009118269745198436
6090,0.9837947377604706
6091,0.002681971797181282
6092,0.007336459919033257
6093,0.0009785432553815721
6094,0.0038489699984182116
6095,0.015088994867078036
6096,0.0019523298516237358
6097,0.0010520112433454315
6098,0.0016249605075724914
6099,0.22712374148974326
6100,0.008190244393537702
6101,0.9900997511007716
6102,0.008979659753078892
6103,0.013432768638517003
6104,0.006404726157567905
6105,0.49095899419242633
6106,0.869444467949427
6107,0.9840445493912277
6108,0.1355732213307471
6109,0.003713519000972385
6110,0.021767175852044914
6111,0.9906266596496566
6112,0.03776286202939966
6113,0.014753945461252365
6114,0.004987793008767285
6115,0.008850731046506173
6116,0.017011580113167297
6117,0.0009116208215424802
6118,0.0025575869100832637
6119,0.0009969238026818939
6120,0.9897572991899167
6121,0.0034641318921971396
6122,0.15864288883019634
6123,0.009353233003790614
6124,0.03298578801358229
6125,0.0120729037415018
6126,0.004703282452068853
6127,0.049110285576231996
6128,0.2397738322777646
6129,0.0030375405263169003
6130,0.0437297278631643
6131,0.0013710253586647553
6132,0.013803794659173509
6133,0.9906266596496566
6134,0.019102243729808854
6135,0.007805434437252984
6136,0.0012758220394607231
6137,0.0009295756954103226
6138,0.03149909127755949
6139,0.0009541549394693184
6140,0.05139299766080159
6141,0.025720453963505217
6142,0.006102475990755371
6143,0.08200942037675452
6144,0.08820361443345238
6145,0.0030680808918376354
6146,0.961209054574563
6147,0.02346312125668108
6148,0.3796125613413322
6149,0.003319478368342499
6150,0.007764963272147061
6151,0.018795449337314262
6152,0.005542546746019577
6153,0.06857248206442511
6154,0.007734169477346306
6155,0.0108448040773682
6156,0.004452585495879402
6157,0.9760967932803799
6158,0.005624798956633074
6159,0.9896171102162216
6160,0.04199689898767511
6161,0.017346176721988255
6162,0.08930637935373989
6163,0.0066779999887002246
6164,0.00139292183231741
6165,0.0046530739366130325
6166,0.003311301303162648
6167,0.988049840999677
6168,0.0011516898497967594
6169,0.9179729302270083
6170,0.01604583037889981
6171,0.0038182619395550183
6172,0.9900997511007716
6173,0.005684848269978343
6174,0.010617292826552516
6175,0.02759626152826916
6176,0.11808562031870354
6177,0.004943705398201748
6178,0.0018004937634188776
6179,0.7673941037620579
6180,0.019356443144413985
6181,0.03846667421396665
6182,0.9859540967337931
6183,0.007669097309323654
6184,0.0795115690517905
6185,0.003902070924867561
6186,0.0009968750818950493
6187,0.008657328362648578
6188,0.0009460379490125794
6189,0.0009068650352039895
6190,0.007758511587117587
6191,0.02523840108696095
6192,0.0010834648362429127
6193,0.021518405606362142
6194,0.03665575491512179
6195,0.0274675509410008
6196,0.05241429487701838
6197,0.3101337468786081
6198,0.18769859346711382
6199,0.9897572991899167
6200,0.007001986309734721
6201,0.00999299690947138
6202,0.04159977819056653
6203,0.9888503355871499
6204,0.01649623357608673
6205,0.0038676697628821015
6206,0.004432410554445045
6207,0.0009199433712434779
6208,0.05746835513361241
6209,0.012286454965640717
6210,0.05038503403938513
6211,0.9578008882963148
6212,0.021233801009063618
6213,0.14114900940674532
6214,0.005214442837259036
6215,0.003345118588184188
6216,0.9905748186715903
6217,0.054551551450370044
6218,0.01671731298364722
6219,0.01642929824143161
6220,0.023477316903283606
6221,0.0009383427752320359
6222,0.0012705094036591393
6223,0.0011237841494007512
6224,0.10694300001739403
6225,0.013231169673136556
6226,0.00976457283970183
6227,0.000923446632064595
6228,0.009977466485555081
6229,0.012448564955395069
6230,0.7645791830480669
6231,0.04358991624379127
6232,0.06634900766563193
6233,0.0038483498360247386
6234,0.013241692717587298
6235,0.015869654988379153
6236,0.06108124371940829
6237,0.07311312044758322
6238,0.6325179403202815
6239,0.012584524938755143
6240,0.00837382511627019
6241,0.11743942795102241
6242,0.08546410651734807
6243,0.17956657040032686
6244,0.013764952292902938
6245,0.006236112907680463
6246,0.9800234964004946
6247,0.008196276025054502
6248,0.040726118671226864
6249,0.004258073815006578
6250,0.017471444890097578
6251,0.0010536510732261665
6252,0.0009589373262599826
6253,0.0009847867519043945
6254,0.008857077072102698
6255,0.0010065761908743301
6256,0.003558016631525862
6257,0.004033090481638566
6258,0.0031427064316792443
6259,0.11708848849328814
6260,0.0009383427752320359
6261,0.08126357408839945
6262,0.0012672259809545618
6263,0.004223191088513787
6264,0.04394962827051415
6265,0.002367813888887077
6266,0.0018446590426919988
6267,0.001065817302944182
6268,0.0009198178558390359
6269,0.0044940289651795905
6270,0.9425429821748091
6271,0.0023667320169850296
6272,0.9733907059270083
6273,0.001085354716171355
6274,0.006513242646642245
6275,0.0010759320482851894
6276,0.0010665229660386222
6277,0.0010665229660386222
6278,0.01235869501189812
6279,0.03350116674582985
6280,0.16887462947938692
6281,0.9900247990948159
6282,0.004777714949565549
6283,0.006021499067701059
6284,0.03507904045047566
6285,0.008298288101546402
6286,0.008482740813284168
6287,0.004878679911377111
6288,0.0012630518345569045
6289,0.0017822922209895274
6290,0.0009251599656080131
6291,0.0009893404492010577
6292,0.003956750591010147
6293,0.03879831918937153
6294,0.08300051640803881
6295,0.003728744129399575
6296,0.04820089284965785
6297,0.0018561841506114535
6298,0.14492479846559644
6299,0.006672763574147257
6300,0.0011280353184443086
6301,0.00094743712322782
6302,0.0738587168303808
6303,0.0019291544543388215
6304,0.0009475279269256057
6305,0.004655075646255096
6306,0.010247740951324531
6307,0.06127856536288921
6308,0.019204871468072784
6309,0.06804679899609961
6310,0.06621423048803299
6311,0.00131167754124191
6312,0.06180365937165212
6313,0.08446620577152975
6314,0.10708941790922424
6315,0.057885812503535326
6316,0.008095426658976362
6317,0.001016284788471428
6318,0.0009906754850470287
6319,0.007495370106066985
6320,0.02166902753364912
6321,0.004056641093311948
6322,0.0050900924551707995
6323,0.09366093510653206
6324,0.09209872214843355
6325,0.07433645099600845
6326,0.9890746292394059
6327,0.0010986009435231467
6328,0.9822854221614394
6329,0.002471481563830553
6330,0.035534271492999134
6331,0.0033242359344727254
6332,0.0036940141413409257
6333,0.0008920807215469456
6334,0.010503769200768403
6335,0.0010835063592626525
6336,0.0010844559570595295
6337,0.008632101150906612
6338,0.9882337458140014
6339,0.002936321227755836
6340,0.9900997511007716
6341,0.9754021287017006
6342,0.0022601857788976526
6343,0.032054650176958646
6344,0.007035195797248743
6345,0.004286698205085966
6346,0.004161511206350723
6347,0.0013273436651375602
6348,0.002718820785554141
6349,0.9739183283398082
6350,0.002990320269596565
6351,0.006619917641108699
6352,0.10076861286991608
6353,0.9900997511007716
6354,0.001361190614989647
6355,0.9848888078027357
6356,0.05879116204900517
6357,0.002804990102381314
6358,0.3332375346409033
6359,0.028882867210966574
6360,0.023887503103160013
6361,0.9906266596496566
6362,0.004241915884186894
6363,0.9818609748105177
6364,0.04790230904063385
6365,0.020261041626842235
6366,0.018235863226954495
6367,0.08552399724737726
6368,0.9653145939485595
6369,0.003244604628764738
6370,0.05319037784250051
6371,0.9906266596496566
6372,0.0012424458732593507
6373,0.001818429461321055
6374,0.001090781011035981
6375,0.006610711300429058
6376,0.024794529711323038
6377,0.0009459491464324648
6378,0.0032305460226162556
6379,0.002426183913744304
6380,0.001925847683108581
6381,0.0056812486399287
6382,0.07059889863222456
6383,0.002191969555571202
6384,0.02014179999901169
6385,0.04997896580927773
6386,0.03521895408921884
6387,0.0439531394575083
6388,0.23415065599795307
6389,0.010779604709935768
6390,0.0011994855815141729
6391,0.09956344856423345
6392,0.0009918990356366337
6393,0.04395839178315895
6394,0.989638154360356
6395,0.1609682491419465
6396,0.046380648815137204
6397,0.009382943167988773
6398,0.02433680074838474
6399,0.0070480273912287145
6400,0.006493318331753983
6401,0.0014456882824615896
6402,0.0010898201534578662
6403,0.005381260169143711
6404,0.14909905015398367
6405,0.9510688326037323
6406,0.04684171832399969
6407,0.9756400363151696
6408,0.015707691203876228
6409,0.002565090856387218
6410,0.0013582579481539398
6411,0.9844404334382909
6412,0.007937531121647794
6413,0.9906832947366347
6414,0.003394632079676788
6415,0.16632103775769239
6416,0.0011627724746242803
6417,0.14754029030885274
6418,0.00296940980350674
6419,0.9787175369320148
6420,0.11550516357660293
6421,0.0010959733860061729
6422,0.045495160833817536
6423,0.9903435912384874
6424,0.9840445493912277
6425,0.05680841801123792
6426,0.007528147426211751
6427,0.24412101780476905
6428,0.024088147909390907
6429,0.00201727303617207
6430,0.9848888078027357
6431,0.9906266596496566
6432,0.007037113608601513
6433,0.003506409706310675
6434,0.0010957956167073548
6435,0.9900997511007716
6436,0.06058702941235745
6437,0.09897960356200816
6438,0.011800950612224175
6439,0.16735735544550237
6440,0.0018815301430392482
6441,0.0022618592294484387
6442,0.17171124856085426
6443,0.0866302350711831
6444,0.013761506380837308
6445,0.799238128691767
6446,0.9883682630946415
6447,0.038820061219662104
6448,0.0012984801816129895
6449,0.017078656728794807
6450,0.042448627371921364
6451,0.05816358510121236
6452,0.9810245924034583
6453,0.01252838993111202
6454,0.001456061120799633
6455,0.006960914073345315
6456,0.008746152564717922
6457,0.9774713692371464
6458,0.001510744991587343
6459,0.04477793017013409
6460,0.0013960760458703958
6461,0.6012233082226739
6462,0.009207668768274797
6463,0.0039268711250725966
6464,0.9896370861102748
6465,0.0009621083072041899
6466,0.008917963016588643
6467,0.013742721005325115
6468,0.988049840999677
6469,0.9897572991899167
6470,0.9892679884539614
6471,0.006449971493862594
6472,0.011513026266803656
6473,0.0054950539014579315
6474,0.0534542504195327
6475,0.9787175369320148
6476,0.002802469663870404
6477,0.020701287208376287
6478,0.00994072076049142
6479,0.005571223505687
6480,0.005334944040307171
6481,0.0010773808222660913
6482,0.006986467248847881
6483,0.000873903654747754
6484,0.004375854047139097
6485,0.06701551789734349
6486,0.0374104819360572
6487,0.0010958718841547945
6488,0.0009041312305512777
6489,0.003678524157826431
6490,0.40946452935630934
6491,0.005394758072036433
6492,0.0025097729073110917
6493,0.9372909396771885
6494,0.0037217637054941296
6495,0.0069219672951037784
6496,0.0023595066246394013
6497,0.0008901934868861437
6498,0.002490893113558025
6499,0.0009494642041834852
6500,0.004477608957838609
6501,0.0010858434123104037
6502,0.0022565868703126983
6503,0.007284850120774291
6504,0.00861589293678744
6505,0.591410482728317
6506,0.0010001558847367075
6507,0.0032238391818807987
6508,0.007397030332934692
6509,0.002970287084997878
6510,0.005577681035833208
6511,0.0009758716708904915
6512,0.0060530417854473715
6513,0.001219808437357983
6514,0.0012856012819486926
6515,0.17328889687988622
6516,0.00474432678885917
6517,0.0010278510430964218
6518,0.020717488511251422
6519,0.10804426452058806
6520,0.003399410083446712
6521,0.0573510260151707
6522,0.007532011503990148
6523,0.005617534081427164
6524,0.001986324005502642
6525,0.0017475785750693305
6526,0.000941627093614893
6527,0.0008580904991234287
6528,0.008203392769470378
6529,0.023798018161107652
6530,0.002446946402861735
6531,0.0031999056081370796
6532,0.022608822301584473
6533,0.0008754338126642304
6534,0.0018547282899393357
6535,0.0010408644340872864
6536,0.006380757735760439
6537,0.0010006962347836866
6538,0.0016922994416890024
6539,0.011888813004796817
6540,0.9913187699830479
6541,0.01874341611235774
6542,0.005111864617756555
6543,0.009022703489381065
6544,0.0009152235007114368
6545,0.011656706819714346
6546,0.005629264302153007
6547,0.015460174984069364
6548,0.000898505784421108
6549,0.0017920986335655507
6550,0.000886381345305747
6551,0.0012355175561172135
6552,0.0011237841494007512
6553,0.0012712936986048705
6554,0.0010834648362429127
6555,0.0013327555677850379
6556,0.01089335527416519
6557,0.016968812367415903
6558,0.031905757643028096
6559,0.08329177726497121
6560,0.0009178427377979176
6561,0.02970835839833242
6562,0.0836249317163491
6563,0.007658259599199935
6564,0.0008385614405779919
6565,0.003942026711415153
6566,0.0042821469567634
6567,0.006275376768812284
6568,0.001673957697304361
6569,0.0008774509808258037
6570,0.0010358433902601118
6571,0.0038624210373933493
6572,0.010470927779005197
6573,0.0040603229341942505
6574,0.006144704051220818
6575,0.9899916882603007
6576,0.0009595794808817017
6577,0.001161379079233244
6578,0.025519735350864055
6579,0.0016385664433252944
6580,0.013136507811156554
6581,0.008543143391389596
6582,0.0643690638546664
6583,0.0018666281944559099
6584,0.00913912643519473
6585,0.004657905118739549
6586,0.13906120032480096
6587,0.14354294397121423
6588,0.04363386764051679
6589,0.00397707918627302
6590,0.005941817874799459
6591,0.01596810274290376
6592,0.002284609133714235
6593,0.004142211515088361
6594,0.0016469552575135535
6595,0.003065985345071174
6596,0.025949589405853825
6597,0.008285672674447938
6598,0.08299129972877835
6599,0.0048223748470677535
6600,0.0021936308363988397
6601,0.990753345127322
6602,0.010851779213048767
6603,0.013445438859193217
6604,0.00196322044887249
6605,0.005110056924924083
6606,0.053773856705591636
6607,0.0056280121466355595
6608,0.003749870228994155
6609,0.0008375574624056914
6610,0.9919183519373496
6611,0.0009497344657812315
6612,0.0011375045139101717
6613,0.0010762255562411188
6614,0.0011048664405595094
6615,0.009818138832055547
6616,0.004450872773629935
6617,0.004151108557414162
6618,0.03425629191175474
6619,0.0011253367982807108
6620,0.003442723405453769
6621,0.009640698223024642
6622,0.00315892214737144
6623,0.0009138251566575112
6624,0.0009615173108091075
6625,0.0022589621504438984
6626,0.0025779699108693065
6627,0.9916451025231757
6628,0.0027684743642254076
6629,0.001398072926578984
6630,0.0031239697191715534
6631,0.002355026696791934
6632,0.000882477511567968
6633,0.0009512845320370127
6634,0.002750114479165736
6635,0.0037548084573326723
6636,0.10048858978942929
6637,0.0042041961918772
6638,0.0016013410897032425
6639,0.004980150786457956
6640,0.21312324215452272
6641,0.01168123917990658
6642,0.0008887677052811875
6643,0.07770295141756428
6644,0.015962662737058916
6645,0.004546856750230948
6646,0.0031855619400854287
6647,0.03546917774601023
6648,0.004139413692634002
6649,0.0016033569134545889
6650,0.08751184803210779
6651,0.0023367953375555326
6652,0.0013057386174700222
6653,0.0019053210363163236
6654,0.003255085148796958
6655,0.0010792884244429618
6656,0.0019238921560432117
6657,0.03214010900032876
6658,0.0068822854888372234
6659,0.006999919608301829
6660,0.001997635351244749
6661,0.9867925452686857
6662,0.0009561427478845524
6663,0.04021594597249154
6664,0.020342616395283074
6665,0.0009281554688654008
6666,0.011594964663776252
6667,0.943975184750014
6668,0.05222049207083815
6669,0.08079970950604384
6670,0.3269252961817148
6671,0.004953846304196469
6672,0.006618418680549703
6673,0.0044945861582266645
6674,0.000868541079091687
6675,0.0009119342698399007
6676,0.008494849323552399
6677,0.0010907011549614197
6678,0.0009387061843170472
6679,0.011509787122365661
6680,0.00929618494771462
6681,0.4473661546060166
6682,0.18290027837918835
6683,0.11242794081396287
6684,0.009744679437299649
6685,0.0015258536900987097
6686,0.0011755304660241437
6687,0.016556646395462556
6688,0.07155286859569863
6689,0.0035702820005039547
6690,0.9902334878066256
6691,0.0011947410611095764
6692,0.0008774368487118629
6693,0.10699738067376163
6694,0.004377563191247442
6695,0.02003054007064165
6696,0.0009262407970009091
6697,0.006623595409390648
6698,0.0025864020817945007
6699,0.0012710836382557533
6700,0.012293821466044508
6701,0.0017840429330297383
6702,0.012752870986373179
6703,0.0014399586236418247
6704,0.006369677179943955
6705,0.9912635481142047
6706,0.0008394544826610719
6707,0.0011593324556947143
6708,0.004786434387761785
6709,0.00881603836836232
6710,0.004016204131932489
6711,0.003955571818061798
6712,0.003221891923204191
6713,0.0010469248112586972
6714,0.012072546153416226
6715,0.0033535434649516844
6716,0.002038179874632021
6717,0.005391244808904132
6718,0.0028256202941266736
6719,0.030943679914639952
6720,0.2297386813585616
6721,0.0011083812762832273
6722,0.039483325357177156
6723,0.058170270254329415
6724,0.0009735129693897222
6725,0.0010834648362429127
6726,0.009727924746870915
6727,0.13134855118409916
6728,0.990555658669534
6729,0.028018528341450587
6730,0.9905965068399569
6731,0.0039460972801869205
6732,0.00477843863791244
6733,0.0316814193079387
6734,0.001044079233165225
6735,0.010430188520590534
6736,0.09207632684905846
6737,0.0011808992706524904
6738,0.009081244543567351
6739,0.02228497526192837
6740,0.000964817239540123
6741,0.07651905897034203
6742,0.000866613649800237
6743,0.004708756751852165
6744,0.012475040606808723
6745,0.011032770129464152
6746,0.0032180401436219695
6747,0.009665221696490605
6748,0.0010464495804622395
6749,0.9906832947366347
6750,0.12621148154582532
6751,0.0008606100357371151
6752,0.001021946687654671
6753,0.0026053206429116314
6754,0.004156917801304316
6755,0.0027858122644733438
6756,0.0028078327539378285
6757,0.033339452445633286
6758,0.024088116417632196
6759,0.000882944778095008
6760,0.0013398113109834313
6761,0.012462278909866788
6762,0.027350427945743775
6763,0.0034439308744223266
6764,0.0019880403096840774
6765,0.019273096644555975
6766,0.10265540548763312
6767,0.0031313500534058763
6768,0.0018892080247718088
6769,0.0010911050708311625
6770,0.015470667930696087
6771,0.0036738020394103733
6772,0.0031789811727746743
6773,0.00973094206694193
6774,0.003385354101599058
6775,0.0038775117500945908
6776,0.011869359807377
6777,0.022849742764726403
6778,0.028026306585171447
6779,0.9905965068399569
6780,0.20871089772247492
6781,0.0027589650329534945
6782,0.0009237809161235499
6783,0.00480889984919466
6784,0.0008794024921337396
6785,0.004249501536860984
6786,0.003153787341887426
6787,0.9902334878066256
6788,0.016876867166332094
6789,0.03721312535171876
6790,0.030179308338113567
6791,0.0071354292579426885
6792,0.02089462667733486
6793,0.0034517814726234297
6794,0.98314830073356
6795,0.006066328186128426
6796,0.9905088106261747
6797,0.003822747014080021
6798,0.0543048426993517
6799,0.05193625624724316
6800,0.2856446869868609
6801,0.013711537804455436
6802,0.0062591126711453405
6803,0.011018371532546083
6804,0.17879742520595054
6805,0.2460447278507005
6806,0.987204619465602
6807,0.00262029869616412
6808,0.29705244088831373
6809,0.0008883527006985374
6810,0.019958727906340307
6811,0.001292422911844671
6812,0.022290626262997514
6813,0.0008962997586964889
6814,0.7505752798999263
6815,0.028444665903158407
6816,0.990753345127322
6817,0.0023003843653936307
6818,0.004744019235774294
6819,0.0015687276477119423
6820,0.06299876503946449
6821,0.990753345127322
6822,0.9871904928378336
6823,0.9899527476849185
6824,0.3228677321677154
6825,0.004834375077406276
6826,0.990753345127322
6827,0.990753345127322
6828,0.002937301052368671
6829,0.0031404481558197526
6830,0.1874007916971038
6831,0.006245345180348353
6832,0.041742105566268485
6833,0.055625081551256006
6834,0.015147849463404715
6835,0.006825866944994056
6836,0.018225370158291503
6837,0.0034233972122715813
6838,0.9901883744828371
6839,0.03653720624314824
6840,0.02920291128902721
6841,0.173941910181818
6842,0.07660963305759577
6843,0.014474890934939416
6844,0.0008685601340472234
6845,0.0044473432519504625
6846,0.0014272663055970372
6847,0.004748305198998983
6848,0.002287706226404916
6849,0.012655396912470557
6850,0.9895586683361458
6851,0.004580437453260587
6852,0.0018446373445684039
6853,0.000868541079091687
6854,0.000868541079091687
6855,0.010481311155894513
6856,0.00797581543946428
6857,0.003493263586119728
6858,0.0012928192525604035
6859,0.0011375045139101717
6860,0.004629457901814418
6861,0.0016215798793238648
6862,0.0016374042299939294
6863,0.013182832861829145
6864,0.019860608188020167
6865,0.009431884505398983
6866,0.0008580904991234287
6867,0.127175385686994
6868,0.0011420133483998147
6869,0.35967329824920125
6870,0.0010477742280327997
6871,0.005493320574497912
6872,0.006766005669197842
6873,0.001653905534159743
6874,0.0010760378305686323
6875,0.0012860885398394738
6876,0.9892471196833613
6877,0.9893740140025573
6878,0.016633849004854713
6879,0.0023402619111036966
6880,0.002678318614473681
6881,0.990753345127322
6882,0.016683630003005268
6883,0.9668087005912163
6884,0.002337438055943117
6885,0.09123459883047856
6886,0.0032058350444117752
6887,0.012821705924118642
6888,0.029005540634297708
6889,0.002572723651916847
6890,0.012168231212263798
6891,0.9921268591569026
6892,0.002780170053756093
6893,0.01967278559229711
6894,0.013323720193518927
6895,0.0016321962146486455
6896,0.0008517554683626279
6897,0.034929354906892064
6898,0.004747960272667038
6899,0.04063993111388369
6900,0.08798112244749237
6901,0.9905965068399569
6902,0.00829996000767463
6903,0.00874544363942912
6904,0.004791026495348867
6905,0.0023722530239871317
6906,0.0010119879971061377
6907,0.0016421885515196023
6908,0.01157824562265035
6909,0.002519021238833605
6910,0.018844836642985273
6911,0.014649940967739182
6912,0.0010414435726703941
6913,0.0030807230283278423
6914,0.00777305370546554
6915,0.0008823694311708046
6916,0.03373942901555009
6917,0.9901883744828371
6918,0.004053512930378112
6919,0.03181807134507158
6920,0.049995397716988695
6921,0.003201574686705529
6922,0.002608131561599929
6923,0.02697512087794711
6924,0.0018131445481688096
6925,0.0009774480027599738
6926,0.001345811747625071
6927,0.002631039427714156
6928,0.0010638845985997296
6929,0.0013179676956450925
6930,0.0013393014015496228
6931,0.006112019437366274
6932,0.05415236129822605
6933,0.003906369375939894
6934,0.002503573945517867
6935,0.0014286473526465568
6936,0.0025705088653305095
6937,0.015455102599060896
6938,0.004715975739917637
6939,0.001441062094367439
6940,0.040238943701044666
6941,0.0024560142748122336
6942,0.004450615891899444
6943,0.0046394699906256364
6944,0.990753345127322
6945,0.0028240583501807945
6946,0.002213060171933117
6947,0.9911749342253421
6948,0.09520558334882251
6949,0.18640876395173858
6950,0.002627003903787137
6951,0.016645918831884376
6952,0.07442660322549739
6953,0.005555086241105388
6954,0.001694994532509579
6955,0.015611096819906448
6956,0.004331230724154306
6957,0.0026248223722006346
6958,0.005217462729461144
6959,0.9905242930599112
6960,0.010606990377853428
6961,0.9905072501507121
6962,0.0020033886545487837
6963,0.41271076487933417
6964,0.9901073199776731
6965,0.01621027253104707
6966,0.0014498485056255092
6967,0.00110851090370096
6968,0.01198913084011946
6969,0.013034998286291689
6970,0.0018470622551111844
6971,0.002540284445695794
6972,0.01197337684029841
6973,0.006771875433547919
6974,0.0008658251288239359
6975,0.0011593324556947143
6976,0.0014755068209406177
6977,0.0008835031525042963
6978,0.047362898668835744
6979,0.0008474920851201058
6980,0.07133652078863637
6981,0.007413114851222009
6982,0.009181034000545325
6983,0.41003329976812575
6984,0.9894368728283718
6985,0.007472195563693485
6986,0.000862655318130368
6987,0.26607688938106233
6988,0.09555396133447581
6989,0.08532138777016897
6990,0.002076941399821555
6991,0.002443863138980974
6992,0.017780089527849437
6993,0.08129212642453176
6994,0.9596941980560485
6995,0.9901883744828371
6996,0.0026954244481306065
6997,0.2795379186222502
6998,0.1910213837128472
6999,0.07132393646443295
7000,0.00951854391362112
7001,0.9911749342253421
7002,0.002997144073631304
7003,0.9887214347610008
7004,0.9262203326238166
7005,0.990753345127322
7006,0.0014224127953262025
7007,0.021445913484327797
7008,0.00426505658682557
7009,0.0009309826363729946
7010,0.0008993863130000346
7011,0.006135950930301526
7012,0.00898348108998869
7013,0.005523603609907541
7014,0.9901595382208109
7015,0.001626631540646342
7016,0.00499085073800107
7017,0.002081681625257208
7018,0.20200518470532028
7019,0.001386748020804815
7020,0.0011834297983126893
7021,0.0043327562648987445
7022,0.026798260257833956
7023,0.0016341112269993333
7024,0.07605636958803023
7025,0.12211840675176604
7026,0.0033052889020761525
7027,0.004625996356310378
7028,0.003788195494829092
7029,0.990753345127322
7030,0.9905265074212574
7031,0.19762729834574952
7032,0.003841347477003023
7033,0.9894368728283718
7034,0.002069827501002627
7035,0.002374242287787105
7036,0.04197339451244098
7037,0.0016751919246605327
7038,0.003911261330616305
7039,0.011994850357232845
7040,0.021716907790827956
7041,0.008669800908934041
7042,0.0008490482662388586
7043,0.011344744593483166
7044,0.0488047965675432
7045,0.09469480582792424
7046,0.0022400045155624585
7047,0.011889851890245568
7048,0.03467802949575408
7049,0.0010443210477957836
7050,0.03424225490832189
7051,0.024925332003808198
7052,0.0008413029122106292
7053,0.000923965287941815
7054,0.030985181984798396
7055,0.007198332730872725
7056,0.0043902652435523866
7057,0.017998149656515954
7058,0.11752224162635996
7059,0.0027474287739316107
7060,0.9912635481142047
7061,0.0039470343274205
7062,0.025906351076782654
7063,0.011903601250342245
7064,0.9839171946171547
7065,0.00947930909510098
7066,0.0026626535230534396
7067,0.16897978183415457
7068,0.012381871127698143
7069,0.0022521249346088633
7070,0.0034033759221528737
7071,0.0044199424696937314
7072,0.06691356022663854
7073,0.0009563562553891892
7074,0.0013790255563231838
7075,0.6871225573187343
7076,0.004850525780991797
7077,0.009119487353472799
7078,0.025541330201466577
7079,0.0038832699989454606
7080,0.9901883744828371
7081,0.004285313950249903
7082,0.0009863903223953818
7083,0.0036259935895076954
7084,0.0009571997812874261
7085,0.011354181544878418
7086,0.0009564296155825137
7087,0.005509367262778831
7088,0.0016685499089753968
7089,0.28841176290158343
7090,0.0020773251791677927
7091,0.0394989820383982
7092,0.06334498844621538
7093,0.01895417309977714
7094,0.025189306331915903
7095,0.004361742459491277
7096,0.040670262114586776
7097,0.013802757389825431
7098,0.1297034196056347
7099,0.0030831892831990892
7100,0.001136934537340456
7101,0.015056042315958902
7102,0.008028298839483979
7103,0.7121724454632434
7104,0.0029078113746776922
7105,0.4679929500839054
7106,0.0008981781780047785
7107,0.006146434619326417
7108,0.0009979361428102405
7109,0.019512352430096185
7110,0.003958693350255966
7111,0.0009166845212767905
7112,0.0017603539095447534
7113,0.0011447373780009327
7114,0.9885858915626311
7115,0.0026272316185958697
7116,0.08785657131798305
7117,0.0016988052911825803
7118,0.0012130292479406888
7119,0.05989944788124077
7120,0.9857944565879962
7121,0.0010375477098451952
7122,0.0038631408235265657
7123,0.0023813600923817736
7124,0.0032002781717494076
7125,0.018506496050605264
7126,0.010850004256102023
7127,0.014531219621343142
7128,0.017552018831514925
7129,0.010441539463706625
7130,0.0031599127896409325
7131,0.0019594240419866936
7132,0.0014869049627238477
7133,0.004149246442722557
7134,0.010575795665424331
7135,0.0029454129526805418
7136,0.009894077043153433
7137,0.0027111707295991118
7138,0.001608182489479816
7139,0.9879740091714185
7140,0.00687856780956359
7141,0.0010760416042275513
7142,0.024256746013359608
7143,0.0014183077271844096
7144,0.009080711652692183
7145,0.003463546884971868
7146,0.09095827520511053
7147,0.09325508873831999
7148,0.0010290051861147293
7149,0.0026978810548306978
7150,0.0027330722641319455
7151,0.001640252477921726
7152,0.9920188401663205
7153,0.990753345127322
7154,0.0541559538675634
7155,0.009264064055063496
7156,0.009623206625026111
7157,0.0021187085294308355
7158,0.35485557927024525
7159,0.0011929844787239928
7160,0.0038104089595142774
7161,0.0034065079581051417
7162,0.0009189716994172998
7163,0.00244453821228142
7164,0.0010799648700854099
7165,0.0043045656960102536
7166,0.0036466269721922248
7167,0.0018555679566855817
7168,0.990753345127322
7169,0.008207800684828476
7170,0.031188466471245322
7171,0.0022426415601475088
7172,0.000867501238586018
7173,0.01643137839065558
7174,0.018475930489682785
7175,0.0013976799245069632
7176,0.0018957412152434121
7177,0.003732039562370375
7178,0.0241126019598816
7179,0.002200550395328303
7180,0.9906266596496566
7181,0.012953833569358995
7182,0.0038518685658923864
7183,0.0017474195033747534
7184,0.11282747172537858
7185,0.25723489464833965
7186,0.0034749065889106714
7187,0.007697625911068611
7188,0.012474719521497979
7189,0.003885278305937786
7190,0.056226287939042156
7191,0.006772754639712609
7192,0.0026979289838611046
7193,0.004866891756873203
7194,0.007205143473448028
7195,0.004638699823223099
7196,0.9905242930599112
7197,0.006415879492116199
7198,0.0036080562866678276
7199,0.9899218216819652
7200,0.004245899037515354
7201,0.002547800182579322
7202,0.0009045150879296747
7203,0.0009240459833274004
7204,0.0017623354858860357
7205,0.0731513734321351
7206,0.9853968211807589
7207,0.006864106491558819
7208,0.04170335260727922
7209,0.015086922355832028
7210,0.04258514179194608
7211,0.12472102356702214
7212,0.9206797450532113
7213,0.06269580058399817
7214,0.002655715323212498
7215,0.00561161801425829
7216,0.0017808760324000692
7217,0.9914803337088939
7218,0.990753345127322
7219,0.990753345127322
7220,0.0009756389101729432
7221,0.9867103535909835
7222,0.9906130154702262
7223,0.0008367004851070505
7224,0.0027216971730914786
7225,0.9902334878066256
7226,0.0008737025254667127
7227,0.990753345127322
7228,0.2733110233803462
7229,0.006245075480076193
7230,0.00413104691445729
7231,0.005077949787635023
7232,0.0024891468391225837
7233,0.035351226881915734
7234,0.035516425189356014
7235,0.9899987045481642
7236,0.003466488330456292
7237,0.0029302340440826554
7238,0.0026093914340889444
7239,0.0037101931329790775
7240,0.013430244474844682
7241,0.0012636539425994388
7242,0.03875393666945936
7243,0.00437939764640406
7244,0.004466741312514958
7245,0.0034879452948643314
7246,0.0022053433468758833
7247,0.3250435036209371
7248,0.024374921627273522
7249,0.004005845320568819
7250,0.02895195838077658
7251,0.0035263948300792458
7252,0.003800063393445437
7253,0.07958384371007696
7254,0.0028762198292252776
7255,0.9901883744828371
7256,0.03336046283410916
7257,0.0041475614535348634
7258,0.07841445379842556
7259,0.003310314556774889
7260,0.0029700121105619864
7261,0.0008527587742565654
7262,0.007535630166156232
7263,0.06383415543254825
7264,0.022229658490364138
7265,0.003120288106727242
7266,0.004053592389893737
7267,0.015615912236386205
7268,0.012324290102160048
7269,0.010095620371096002
7270,0.002088825998895081
7271,0.0034629388123454934
7272,0.025805130428110227
7273,0.001177052331248861
7274,0.03487093743793132
7275,0.01841246545177237
7276,0.02171395601034409
7277,0.0021733399521313146
7278,0.012492198987941523
7279,0.0013559258580365073
7280,0.0026876796629252226
7281,0.008888515094791377
7282,0.0051925355060246274
7283,0.009936241224002969
7284,0.029930075755194414
7285,0.004194835667757542
7286,0.0034775143943569582
7287,0.0018120480066580672
7288,0.019605000182111424
7289,0.05191374713149112
7290,0.0009521709870368363
7291,0.0009273404476387234
7292,0.9902334878066256
7293,0.001393275947172071
7294,0.0032282087467721218
7295,0.007848494470696759
7296,0.903852347599201
7297,0.9916451025231757
7298,0.0009056645586435746
7299,0.012435863795338929
7300,0.047386111050145015
7301,0.023879013088245367
7302,0.0011847528837640017
7303,0.001734125731752952
7304,0.0009108539853850533
7305,0.007839415652397172
7306,0.9886131714398045
7307,0.020760908984997304
7308,0.025077189139222314
7309,0.01560225492091174
7310,0.058644535477869277
7311,0.0008794217851684885
7312,0.49667324274079794
7313,0.0019086292524444644
7314,0.17078736250052612
7315,0.010063653720998916
7316,0.003146623649561309
7317,0.0020992523759776043
7318,0.03987695658780607
7319,0.01521709649873055
7320,0.9454211771937437
7321,0.005450496216787134
7322,0.003274438113913318
7323,0.07558510851880261
7324,0.0010583894354105141
7325,0.005951613956507981
7326,0.005390948368077985
7327,0.13042395908079876
7328,0.040221042912418674
7329,0.0020751601164208083
7330,0.009062841105699517
7331,0.0029865674984838803
7332,0.004340951659766274
7333,0.0008557864375385946
7334,0.0022581875730226493
7335,0.09280733485625155
7336,0.04430951363928117
7337,0.0009589344925524172
7338,0.009245237654017234
7339,0.007180412669741816
7340,0.00114297317307957
7341,0.0010209393603746542
7342,0.002953642065025699
7343,0.006493387296393542
7344,0.004030644912763565
7345,0.0036599856474494137
7346,0.01631645982591107
7347,0.024236525519062333
7348,0.046714339317501116
7349,0.0038670250585968813
7350,0.007311561459389657
7351,0.004243212319678104
7352,0.0031398526297878207
7353,0.05441551075335445
7354,0.011157076395884615
7355,0.0019361510199736032
7356,0.0013501464091810744
7357,0.007602616631972046
7358,0.01679482452957844
7359,0.003327959730135155
7360,0.011202195686702662
7361,0.00459865097335671
7362,0.029416097749544363
7363,0.01681790585135205
7364,0.0023549574455897703
7365,0.0038843060932175393
7366,0.0014475228415706633
7367,0.0014160880745021252
7368,0.002994892030278632
7369,0.0013514105509489234
7370,0.0053925288156702516
7371,0.021517637206920057
7372,0.9901595382208109
7373,0.0009511118659961184
7374,0.007367908949971091
7375,0.9493006768427942
7376,0.007269473011621559
7377,0.034443133196219874
7378,0.004580199912586186
7379,0.04738473602948675
7380,0.008587018262626272
7381,0.0061742163390196385
7382,0.0014362472503636112
7383,0.010817155606018723
7384,0.0025990354879078187
7385,0.007195474371159383
7386,0.02357348930496228
7387,0.023788285703523867
7388,0.1669393272013714
7389,0.23808499773717615
7390,0.014819458004090607
7391,0.015559094394374612
7392,0.002675622085279604
7393,0.01059311450103858
7394,0.0011758704232982978
7395,0.022180856667308225
7396,0.007980170825044982
7397,0.004177877429098441
7398,0.0036556186897502363
7399,0.004209890807355029
7400,0.35150601480452626
7401,0.002613044111815664
7402,0.0024310677994642724
7403,0.008865496523368207
7404,0.0034947917224759924
7405,0.033020418338675375
7406,0.9905242930599112
7407,0.0017038989682621893
7408,0.0021209983313491667
7409,0.02305379130947961
7410,0.03007696135543083
7411,0.007544488384514703
7412,0.009876413193546825
7413,0.0012825853699411423
7414,0.003917790349922588
7415,0.01849658881844611
7416,0.0008516416279766525
7417,0.09658641040605323
7418,0.04944069412996119
7419,0.0010646686332953772
7420,0.06131531172910586
7421,0.07631687466176487
7422,0.0019958740760565147
7423,0.004942801467956031
7424,0.0009988607204652247
7425,0.08075128928151697
7426,0.004493479424984602
7427,0.0032080360618260747
7428,0.11059540969878232
7429,0.001794883533347579
7430,0.0009140342978613033
7431,0.9207730383488593
7432,0.9782741484647383
7433,0.021868337923561656
7434,0.0030713851910669538
7435,0.0030757891235051074
7436,0.0008574708166162575
7437,0.005190550783237525
7438,0.005297417086829557
7439,0.009221814886477137
7440,0.03466744907473174
7441,0.000851746834557519
7442,0.04128552029458298
7443,0.000918651376908198
7444,0.0009273404476387234
7445,0.34129760899942224
7446,0.0010275323993100638
7447,0.0009284751851214268
7448,0.00935433337318639
7449,0.9904599555214693
7450,0.003714360267049841
7451,0.02409842831012724
7452,0.11325894300148248
7453,0.0010225633744059852
7454,0.024128397374139122
7455,0.05465897829426948
7456,0.025359113593193112
7457,0.41330590648953147
7458,0.9905072501507121
7459,0.0028140022167303155
7460,0.0015852611967362398
7461,0.0009616294814028819
7462,0.0009621999715224837
7463,0.017062538437117303
7464,0.21163323757340913
7465,0.00653411623134952
7466,0.011154845343364077
7467,0.006079053776087175
7468,0.9906832947366347
7469,0.025507994853421236
7470,0.9905088106261747
7471,0.0031852548707420932
7472,0.03564852123744922
7473,0.0030854691487415165
7474,0.41697913651054086
7475,0.005352316598844184
7476,0.017689969378108805
7477,0.0016280125018421003
7478,0.003583832075544178
7479,0.0014779516777986565
7480,0.002722813928082677
7481,0.000898107892132973
7482,0.0030773592064165145
7483,0.040197106020218906
7484,0.008261645401981382
7485,0.0021555938149433675
7486,0.0010692395617089288
7487,0.0018070169199203676
7488,0.04682122453304769
7489,0.07790609769065379
7490,0.12008577869095738
7491,0.028482147230356025
7492,0.00401468383569859
7493,0.022452551115306127
7494,0.9889935822787573
7495,0.016706051849687154
7496,0.00591246135003392
7497,0.02045822681461592
7498,0.004429588014091231
7499,0.012549803812171252
7500,0.0017043204566135248
7501,0.7995420077303478
7502,0.001049782397351081
7503,0.02436384738574883
7504,0.0012555010671690147
7505,0.0037431139415386168
7506,0.0027829223513679926
7507,0.0009885575610278096
7508,0.05028418293120876
7509,0.0034554744804051103
7510,0.014122889911721424
7511,0.906883476181345
7512,0.9902334878066256
7513,0.009483505286458431
7514,0.0039056527551959474
7515,0.0029894133964427773
7516,0.01826280784125105
7517,0.2933011856247544
7518,0.03549903435647628
7519,0.0047906768126707655
7520,0.01909700637543635
7521,0.0010930074874375066
7522,0.003188326723932105
7523,0.03364403419095919
7524,0.06299167015371605
7525,0.0021344945016084278
7526,0.0076986872025434526
7527,0.0009234829805581708
7528,0.009337837398129052
7529,0.019067646819679686
7530,0.059806495008013175
7531,0.0013448180961894499
7532,0.024840943756718383
7533,0.0031608037170847156
7534,0.001828281925961014
7535,0.0028165450806373537
7536,0.008806124277918477
7537,0.013327895001737453
7538,0.0034875888357328664
7539,0.0009988442380660404
7540,0.006813919202110745
7541,0.0075230688564748875
7542,0.004232528771563215
7543,0.004441248691155545
7544,0.0009445345482769593
7545,0.9490636099532158
7546,0.002499328818102508
7547,0.0008922823674553195
7548,0.01571026742073865
7549,0.008826596477033733
7550,0.0030899979986809024
7551,0.0024053793886294997
7552,0.008842030996161767
7553,0.010522371396340009
7554,0.3132029714711506
7555,0.03747371508963661
7556,0.0053034640014449986
7557,0.0036351848597194285
7558,0.0038373490958318298
7559,0.0010074809875886628
7560,0.001118006871984824
7561,0.0018512968665851503
7562,0.2503501121296136
7563,0.006127773346621919
7564,0.0025204367046098505
7565,0.008662694382708272
7566,0.989460211600321
7567,0.016506965035925046
7568,0.0037073144529406613
7569,0.007632569732574632
7570,0.04206161793029871
7571,0.0023858841757496826
7572,0.02602039740574566
7573,0.0009191223728357709
7574,0.0009830928220341767
7575,0.0038932692627907904
7576,0.01836888285480604
7577,0.02333874807366195
7578,0.033346044379993466
7579,0.0011375045139101717
7580,0.0017974462536948022
7581,0.002171114954726307
7582,0.9846660182144119
7583,0.003597787918866024
7584,0.0009911968606881394
7585,0.004168109091431128
7586,0.0010225628389962194
7587,0.006431485951392315
7588,0.0010978956486532964
7589,0.004613190238385751
7590,0.012105674304746449
7591,0.0099831494264276
7592,0.9896370861102748
7593,0.004660765999300337
7594,0.09992636270224477
7595,0.004102948246643236
7596,0.006242859957149887
7597,0.003320111102666549
7598,0.0009531092411044645
7599,0.0011036475360326563
7600,0.0023153323027163084
7601,0.0044359588298002696
7602,0.021197565846669843
7603,0.0008220026634080759
7604,0.006435486210772912
7605,0.003082754716630686
7606,0.25816426059917685
7607,0.0015807527663056896
7608,0.0032179776603633485
7609,0.0024441172421078446
7610,0.000983262837776013
7611,0.004573807152991451
7612,0.0015537432991182304
7613,0.0044317694947360224
7614,0.004553253243867985
7615,0.0033261059166896584
7616,0.0026625255583663633
7617,0.9899987045481642
7618,0.0009225943220192103
7619,0.0009779824429694726
7620,0.0257466225385023
7621,0.014692074351130418
7622,0.0035067238107305714
7623,0.005428447477876468
7624,0.0020544348234412045
7625,0.038695617484169255
7626,0.005135919143862183
7627,0.0024080716985752063
7628,0.9896370861102748
7629,0.5432386096410639
7630,0.0021603922105535274
7631,0.003550162877071403
7632,0.03535434791859987
7633,0.08126993193173289
7634,0.10482522681266737
7635,0.0008973107492349022
7636,0.02569983055981467
7637,0.022530917102854014
7638,0.017036445864689154
7639,0.0019073084675487368
7640,0.005105379893701213
7641,0.0010202433570105811
7642,0.024325721068763056
7643,0.0028292672534566796
7644,0.029146685344581078
7645,0.11666543658646009
7646,0.03555530732151655
7647,0.004787467230057607
7648,0.002219553463838363
7649,0.11060243311547228
7650,0.08172127165391986
7651,0.050089204964289265
7652,0.002908685527099953
7653,0.0023729971012036956
7654,0.02915016835910402
7655,0.486588384527983
7656,0.8739989689828757
7657,0.006814472150424541
7658,0.9901073199776731
7659,0.990753345127322
7660,0.937863697438659
7661,0.98939313954088
7662,0.004177640273601984
7663,0.011446700405935201
7664,0.017599756998382836
7665,0.03780959370243787
7666,0.8524368899092472
7667,0.0023759253846471233
7668,0.003522402493260232
7669,0.002243777795092672
7670,0.3444822248428509
7671,0.013433439770645095
7672,0.0024135401987182173
7673,0.009727210059279609
7674,0.26897936156565694
7675,0.0027149931530612236
7676,0.001383222082678985
7677,0.005015364146569047
7678,0.00468984169912281
7679,0.9905316691046402
7680,0.0035573736541431662
7681,0.05251148087189138
7682,0.0037594824681725634
7683,0.008436011829631697
7684,0.012532081231045598
7685,0.01590816769095789
7686,0.0109812387188146
7687,0.0031042337677776935
7688,0.0036713743520334304
7689,0.0029607560452257734
7690,0.33039319635061903
7691,0.0008728521373251747
7692,0.0024590399486767215
7693,0.0017593624763769563
7694,0.013026481645941626
7695,0.024547981174121946
7696,0.0011587449849761017
7697,0.028271208721385544
7698,0.015630685370602485
7699,0.987555193284894
7700,0.01815371688406523
7701,0.0018246792481954547
7702,0.8912805000556042
7703,0.03742726101895297
7704,0.03353657831308323
7705,0.014454461641514357
7706,0.0009684808222733811
7707,0.004522167333737003
7708,0.02913649212988166
7709,0.056750473205906184
7710,0.025940300229858614
7711,0.0033668534558178517
7712,0.6960088264601044
7713,0.019004407629819003
7714,0.04104810087519684
7715,0.2580006400614748
7716,0.03721150717146631
7717,0.012405815737085511
7718,0.09496510797264557
7719,0.5153162790909794
7720,0.0026605320626156338
7721,0.003619146820049282
7722,0.003283522205378542
7723,0.029759996844495658
7724,0.101026218451509
7725,0.07363953607072976
7726,0.016290377955189634
7727,0.1315094060438368
7728,0.0009874236884895348
7729,0.0032288894861084026
7730,0.0008516805279169324
7731,0.01977329210193307
7732,0.12391828019864563
7733,0.014623663240380152
7734,0.009819156489146398
7735,0.005179314925129323
7736,0.003186550257761451
7737,0.35262542322779067
7738,0.013953249106163941
7739,0.000909682802438387
7740,0.0069330661750280406
7741,0.0010260244966469219
7742,0.9842046142250422
7743,0.02480633832439094
7744,0.04384592011121905
7745,0.9904369255833063
7746,0.020270722087883438
7747,0.03184828504300339
7748,0.04175638492827301
7749,0.009191128159815792
7750,0.05177697600025584
7751,0.023979773202214626
7752,0.0704500349005656
7753,0.9905242930599112
7754,0.015526952097782057
7755,0.0021097690036067027
7756,0.015418422367099406
7757,0.0010802059719373642
7758,0.001978066406882392
7759,0.004354704279125424
7760,0.0017139494024207918
7761,0.02430822745845795
7762,0.017532976835629217
7763,0.001963851283858185
7764,0.006860955398683745
7765,0.0013463747351027881
7766,0.0008662415395432827
7767,0.006684783292118573
7768,0.0025285529185067397
7769,0.0038333860658220404
7770,0.045561606606211336
7771,0.0016117422815798183
7772,0.11582304190349145
7773,0.990753345127322
7774,0.035875291226383485
7775,0.10391323425895731
7776,0.05846734491019604
7777,0.0009375918428967659
7778,0.2746116363430111
7779,0.000918651376908198
7780,0.012514442265268426
7781,0.010676006408233938
7782,0.45669843865045656
7783,0.008810234741871852
7784,0.026723614664303775
7785,0.0011130390780482043
7786,0.001964150060795173
7787,0.24995962679167058
7788,0.0016916274368415994
7789,0.9901883744828371
7790,0.000928413157041169
7791,0.001184013346166205
7792,0.0018627115606477673
7793,0.0015393050939492298
7794,0.004181073717642768
7795,0.003737520738996606
7796,0.05335598683529891
7797,0.005839415672418815
7798,0.18155748381826556
7799,0.9852892005478453
7800,0.06089541898014974
7801,0.009228945095531743
7802,0.05534207342080018
7803,0.03055039527769656
7804,0.015568465719704964
7805,0.9899916882603007
7806,0.0037336980069320813
7807,0.0009170535562144425
7808,0.0022525953005403583
7809,0.003004758218175219
7810,0.0106178950029704
7811,0.013256489176640298
7812,0.21225401789415535
7813,0.10569542276790658
7814,0.000983262837776013
7815,0.0011691506350438902
7816,0.9851045112078747
7817,0.0041269295587262325
7818,0.0016232363821796312
7819,0.9894368728283718
7820,0.004678757966348524
7821,0.002825467398990181
7822,0.005265356207205563
7823,0.5464493761199625
7824,0.003490504850667577
7825,0.0020341809580443327
7826,0.002901270517977766
7827,0.9873904266751214
7828,0.04192542254456299
7829,0.04134672173251947
7830,0.0036838920710546043
7831,0.0044888442473683616
7832,0.031642045169841974
7833,0.0009952038032701364
7834,0.6396145277987715
7835,0.4532207670454315
7836,0.0807070663425011
7837,0.03244454244794943
7838,0.0022064588874371365
7839,0.00807866344350878
7840,0.006840985209269383
7841,0.021632533763268614
7842,0.027241262484897687
7843,0.0015496592207508216
7844,0.0032371887078720806
7845,0.04541161278892336
7846,0.0047235155885658655
7847,0.003675826875408472
7848,0.0013281065029149236
7849,0.990753345127322
7850,0.0013950567148258803
7851,0.01947569436048709
7852,0.0013928436728341802
7853,0.012359840988315489
7854,0.0027873730818577754
7855,0.0010542729726295663
7856,0.003400524719496786
7857,0.008648889139587362
7858,0.9900247990948159
7859,0.0009854730941480565
7860,0.003951627624059173
7861,0.009872020681304652
7862,0.990753345127322
7863,0.00502922097451818
7864,0.0031291572594376992
7865,0.20373795087468022
7866,0.05339577739637663
7867,0.0019363863158909443
7868,0.0047575235261402395
7869,0.0032399482120265533
7870,0.0009934675932627638
7871,0.0027603634020221617
7872,0.0009475196184275212
7873,0.04082639437867438
7874,0.0031659647751595254
7875,0.9273812222569241
7876,0.012017818923524881
7877,0.09162528682205343
7878,0.03471175046645008
7879,0.9899987045481642
7880,0.0009231700491000684
7881,0.0031713319300793116
7882,0.9403579705210703
7883,0.0035374753123129424
7884,0.9901073199776731
7885,0.03412221262508673
7886,0.004088188375709431
7887,0.990753345127322
7888,0.0021756741286892314
7889,0.006638770437452662
7890,0.052475522853487847
7891,0.0033680374033613217
7892,0.04903565024602181
7893,0.0009018231239977596
7894,0.009553542743346128
7895,0.03380975585562098
7896,0.9897237434563809
7897,0.0011830621596218326
7898,0.0038212266847830164
7899,0.0022259305115526424
7900,0.010290726357758405
7901,0.03813766847787653
7902,0.9906266596496566
7903,0.9906266596496566
7904,0.11139218820101683
7905,0.15427699507651516
7906,0.0027786738022396403
7907,0.046922090615188594
7908,0.0008939731918881627
7909,0.001920754057022628
7910,0.008839196623802115
7911,0.00880645985548816
7912,0.0013245417747340207
7913,0.001581142971273201
7914,0.0009819104217921033
7915,0.9906266596496566
7916,0.004049933195502487
7917,0.00617452337238658
7918,0.9901883744828371
7919,0.15743577869599298
7920,0.0032495824503741694
7921,0.05116459453501231
7922,0.030098050275393456
7923,0.0044103637371228546
7924,0.008166966221124825
7925,0.003104658585823171
7926,0.0015569623920584045
7927,0.009820059939409783
7928,0.013472873884387684
7929,0.8988203640055097
7930,0.002395096065072101
7931,0.0012928192525604035
7932,0.0009587812435913425
7933,0.0009587812435913425
7934,0.0019906627144009588
7935,0.1074438425156372
7936,0.006755837595521654
7937,0.003686415005726314
7938,0.0031747603227214346
7939,0.04275792878386772
7940,0.05842550979423887
7941,0.0013776679326705083
7942,0.0010631540628347124
7943,0.0020387141263250538
7944,0.00348040957675773
7945,0.990753345127322
7946,0.001115380639473115
7947,0.005065176511075613
7948,0.05055499318438604
7949,0.13611085416583776
7950,0.000923446632064595
7951,0.000985352957955901
7952,0.03579550763792146
7953,0.007426308750350876
7954,0.0028133271940092163
7955,0.9416085474542217
7956,0.9906266596496566
7957,0.007955621408805312
7958,0.00812336910462729
7959,0.1704870934682878
7960,0.03742507926098762
7961,0.01411597768258702
7962,0.9901883744828371
7963,0.010423495359908308
7964,0.015831555339476385
7965,0.0010266287839840078
7966,0.0010742788699596858
7967,0.0014880878254623022
7968,0.007736381158755477
7969,0.0012860885398394738
7970,0.002236586088698146
7971,0.002470762037610559
7972,0.0010016678394104445
7973,0.00456191948684027
7974,0.0705361524008104
7975,0.005042381920115013
7976,0.06011852184430358
7977,0.0010495713337005741
7978,0.005705265305206179
7979,0.0009033244384959575
7980,0.0013513890650360923
7981,0.001375449884390898
7982,0.0009789884475891217
7983,0.0011274297157123526
7984,0.0010926659311088457
7985,0.032176751789194685
7986,0.0068383471169423775
7987,0.0012800286229233304
7988,0.0035154559420218024
7989,0.0012159271022687428
7990,0.003886832490472167
7991,0.0010517288391635022
7992,0.004296943565966483
7993,0.2165832378702578
7994,0.030542341709505694
7995,0.0036808536162633077
7996,0.0015103175109703157
7997,0.0026404720017917274
7998,0.029228443959439927
7999,0.002635393523836856
8000,0.00110851090370096
8001,0.002373964508896103
8002,0.03476803785476029
8003,0.042409908438623994
8004,0.990753345127322
8005,0.004603560265824836
8006,0.41275018602674723
8007,0.062492550101052424
8008,0.002578531865601948
8009,0.16189757331047383
8010,0.009807191425948132
8011,0.002695051184472645
8012,0.004758372140901706
8013,0.00403335526139624
8014,0.0010707809409011325
8015,0.004203930143597947
8016,0.00616692159643757
8017,0.0055513068564840866
8018,0.0253368959324282
8019,0.010413617852753876
8020,0.02866238091964106
8021,0.053504956176659534
8022,0.8298810759844594
8023,0.00872030232169403
8024,0.002729256561763916
8025,0.10425306884564224
8026,0.0029547396864238345
8027,0.9902334878066256
8028,0.0032757169229591368
8029,0.009393952976857798
8030,0.3439560190974389
8031,0.012817291094068295
8032,0.0024103251983592596
8033,0.001132230928021043
8034,0.0010179915173425778
8035,0.010411009408416837
8036,0.018625708678793044
8037,0.0018215536474669055
8038,0.9902334878066256
8039,0.001159433129663957
8040,0.9843257865181001
8041,0.06395198792063973
8042,0.001669218030566464
8043,0.022090950837822348
8044,0.0037738073785525783
8045,0.6689155370330766
8046,0.004557771050423758
8047,0.9895858680772736
8048,0.990753345127322
8049,0.0058324982061131745
8050,0.0038278728179780537
8051,0.0057922805014616364
8052,0.22676140207193612
8053,0.002707799445700822
8054,0.024542586136036756
8055,0.00954431805487023
8056,0.37872052976282117
8057,0.004702438173746241
8058,0.18632280878441956
8059,0.016435173330573767
8060,0.0009654964525809545
8061,0.007132406706532432
8062,0.9794340561631991
8063,0.04857745935220267
8064,0.9905242930599112
8065,0.050072557512356
8066,0.990753345127322
8067,0.35759279584943093
8068,0.0016641648870716346
8069,0.013062668353578555
8070,0.006747983397446641
8071,0.014659531191182736
8072,0.9894178418742388
8073,0.000918651376908198
8074,0.023487694233228003
8075,0.08268320519425765
8076,0.002921996710622863
8077,0.0034516438540410483
8078,0.9100807837826895
8079,0.005847903826240176
8080,0.001212815819767226
8081,0.0011439880676837736
8082,0.0021691971236855357
8083,0.00831252491906023
8084,0.00531270739867455
8085,0.40605780100459576
8086,0.0034585526635214216
8087,0.0009164955159570868
8088,0.0013696576571116793
8089,0.006916120819681014
8090,0.005030226938315574
8091,0.0009852307418155347
8092,0.00126768385970492
8093,0.0008994498441823079
8094,0.01968970302404441
8095,0.017494339243544578
8096,0.0060849286250048845
8097,0.002239284609154066
8098,0.9899776354173037
8099,0.0011575554888716994
8100,0.001407322350504319
8101,0.04549298400479658
8102,0.005204097084729464
8103,0.006629322142065764
8104,0.0034422888349800633
8105,0.11560038729129654
8106,0.006013195256721019
8107,0.00266889623488736
8108,0.0014405444248976294
8109,0.00861948731641365
8110,0.0038054804587542637
8111,0.0021879878759509704
8112,0.0013854416265244006
8113,0.00685560676297944
8114,0.0034585890440488
8115,0.9900997511007716
8116,0.9902334878066256
8117,0.01380952387803932
8118,0.001781984847628159
8119,0.001352936632907239
8120,0.04872974764959399
8121,0.004164685520983682
8122,0.013655620711568731
8123,0.0019966718847129815
8124,0.002003623396712482
8125,0.001607149602570985
8126,0.09045842981444076
8127,0.009859162660556645
8128,0.0018028740814849242
8129,0.002951551012734434
8130,0.03440392220476361
8131,0.0030103203191794528
8132,0.004939139535758609
8133,0.9921268591569026
8134,0.05279395488152019
8135,0.9902334878066256
8136,0.003918934880446783
8137,0.0016298987042270546
8138,0.0014555063479376282
8139,0.9900679202893254
8140,0.0021743688965110454
8141,0.003297286150359625
8142,0.01989715126195206
8143,0.16647760326182576
8144,0.0032044322246574677
8145,0.0037973798184139447
8146,0.0016794893229642607
8147,0.0037257221183911457
8148,0.01012976737139917
8149,0.00318968667493526
8150,0.00925498911745048
8151,0.006241189213177288
8152,0.0016320765726989509
8153,0.0036954922776416205
8154,0.002438949861598125
8155,0.12154507814334847
8156,0.010520430594885897
8157,0.005652377056359657
8158,0.002817425938222346
8159,0.09348068306889397
8160,0.0010819746301759011
8161,0.03288724473665039
8162,0.032826348053667825
8163,0.0014541707675448912
8164,0.002540961665917139
8165,0.0023334040819329343
8166,0.007663259639005295
8167,0.003043782978777044
8168,0.0009661574830867497
8169,0.033992869890815354
8170,0.0009128284085392665
8171,0.012405081326723414
8172,0.0023601903272446228
8173,0.001094118446764651
8174,0.12181830802548295
8175,0.06231932028156212
8176,0.013772032666610423
8177,0.030760434567863343
8178,0.004470289316641839
8179,0.051312303127109646
8180,0.006715029958706622
8181,0.00507774907468448
8182,0.0018871857240962324
8183,0.011064125159877878
8184,0.022571379814940652
8185,0.9903884234972089
8186,0.9875239554187865
8187,0.16686882864212027
8188,0.003822057205924463
8189,0.013196957138322972
8190,0.0024476107796146556
8191,0.9866123274030076
8192,0.005063966902119205
8193,0.0014773136871225878
8194,0.002827749239473727
8195,0.001154175881565781
8196,0.003908217621795982
8197,0.002971945815023407
8198,0.0013438739469108468
8199,0.990753345127322
8200,0.0029920635946954575
8201,0.0013808626134682136
8202,0.0012759333286422626
8203,0.026768977699866997
8204,0.08148904390667862
8205,0.02162232902209498
8206,0.0054875251664561996
8207,0.0012386196617830661
8208,0.0020595948084313953
8209,0.043577526132680545
8210,0.9902704671370257
8211,0.9919811889390194
8212,0.0012538756010885875
8213,0.9916835741451879
8214,0.003502770638690923
8215,0.0055707443841741125
8216,0.004234016181295285
8217,0.03540473418464623
8218,0.05279905402568111
8219,0.0023802296303553423
8220,0.15143027472158382
8221,0.003505611986287705
8222,0.002351729525478509
8223,0.9901883744828371
8224,0.0010032371260147663
8225,0.0010560477611075577
8226,0.4947602748513318
8227,0.021518940091280525
8228,0.020833538631761527
8229,0.3249391055963854
8230,0.001105423639893564
8231,0.09990221416560133
8232,0.9438957364792158
8233,0.002273276774859016
8234,0.0038550854796278256
8235,0.03057104325426866
8236,0.00459008984909564
8237,0.002247672507077974
8238,0.0024654818346795367
8239,0.002662375468803002
8240,0.018984063136970878
8241,0.0009622269455321629
8242,0.002483955689132373
8243,0.0022102762873134874
8244,0.005758545082550576
8245,0.0030428798440518406
8246,0.003944904185165656
8247,0.002912841626478434
8248,0.0031636859321488658
8249,0.0035612925189209767
8250,0.010531490843272455
8251,0.9901883744828371
8252,0.03078536608193426
8253,0.07552830727462514
8254,0.012163351612272801
8255,0.06407717242056868
8256,0.0011375045139101717
8257,0.004082721688544027
8258,0.0025036335650877864
8259,0.07888777047736438
8260,0.009045621608986828
8261,0.14426375015807924
8262,0.002738246849468213
8263,0.002675502855757203
8264,0.0028264419356304506
8265,0.002257517016751187
8266,0.004014135532340357
8267,0.001297952027556584
8268,0.003231236229895054
8269,0.990753345127322
8270,0.0043487011491834615
8271,0.04047038149382659
8272,0.00458036020064624
8273,0.003695044263494
8274,0.0009341846496296059
8275,0.002443604818442775
8276,0.02297413873065819
8277,0.04175638492827301
8278,0.0032271872710117173
8279,0.004583087899368982
8280,0.0038199263168715845
8281,0.0010838066474886158
8282,0.003765756922422621
8283,0.003489961254088246
8284,0.025524819340450644
8285,0.9902334878066256
8286,0.9905316691046402
8287,0.9894724670930688
8288,0.0017833974199552064
8289,0.002762096901894473
8290,0.12023571672826201
8291,0.003943458988004806
8292,0.9912635481142047
8293,0.0013513890650360923
8294,0.0026279570592188076
8295,0.9899994747075234
8296,0.004975342030024695
8297,0.06501084995815563
8298,0.005327364279308826
8299,0.006418393511689472
8300,0.0020534535587390054
8301,0.004185700725854487
8302,0.990753345127322
8303,0.009064039011334684
8304,0.0010991872896915695
8305,0.0023047197077135655
8306,0.0015999664323746762
8307,0.05009559542466298
8308,0.04605022179695569
8309,0.00896239995126473
8310,0.0315015667677709
8311,0.0027475081298338534
8312,0.0036217004562454167
8313,0.0094277334786615
8314,0.001364052223471258
8315,0.003419084888922264
8316,0.019027723466264863
8317,0.0060704430401944285
8318,0.9910622335350745
8319,0.003285863955098771
8320,0.09120776820139954
8321,0.005891120509508922
8322,0.003598664613099598
8323,0.0016825932824813875
8324,0.0278163857988819
8325,0.0028015789282468573
8326,0.002337438055943117
8327,0.004398982528193663
8328,0.9905088106261747
8329,0.003254701541847573
8330,0.01032309147880207
8331,0.08492194266893206
8332,0.15381883706738717
8333,0.006908604791801796
8334,0.4674276751447308
8335,0.00246047231116834
8336,0.0015543416960191727
8337,0.12566905531019426
8338,0.018375004204524793
8339,0.0014381114630543422
8340,0.0011314809417726731
8341,0.01131309625361306
8342,0.0009654964525809545
8343,0.9902334878066256
8344,0.009206121699750743
8345,0.19005253743121153
8346,0.8553093608374586
8347,0.058229089199304966
8348,0.002973454752631803
8349,0.00303572215837179
8350,0.0017196602212121179
8351,0.00310599515912159
8352,0.007517886117838496
8353,0.0014137248423345473
8354,0.004423705184511274
8355,0.777650930450573
8356,0.009924803736898921
8357,0.018094040334883193
8358,0.00985191409770723
8359,0.0017609708048674055
8360,0.9886484250913214
8361,0.0010834648362429127
8362,0.0020645093349917327
8363,0.04598062320837127
8364,0.011880620159918477
8365,0.012671908949783735
8366,0.1735370535589271
8367,0.0149064754882496
8368,0.0009189716994172998
8369,0.0011208645871476838
8370,0.006506351871739953
8371,0.00229419108322848
8372,0.08742451317423709
8373,0.034597552195018234
8374,0.0010158519949194252
8375,0.0009603991368767179
8376,0.000918651376908198
8377,0.0009164955159570868
8378,0.0009164955159570868
8379,0.08199043656225885
8380,0.13469173721324304
8381,0.0020293152402709176
8382,0.0036294951150889257
8383,0.9892735138858544
8384,0.005019799934855737
8385,0.002784827559525046
8386,0.0050571284717604945
8387,0.0017941908181210605
8388,0.0035798025078393947
8389,0.0008960803830007605
8390,0.9899916882603007
8391,0.0028863774841289586
8392,0.003471177524586036
8393,0.002730481900094586
8394,0.006304288128278984
8395,0.0038667195911102005
8396,0.007571582513808424
8397,0.0036560067826698155
8398,0.003415641944682195
8399,0.0009316322417337848
8400,0.19658367162363422
8401,0.004096334117472843
8402,0.9829175411818996
8403,0.10227276458632037
8404,0.0050548614263887645
8405,0.012989294759710253
8406,0.004126470419246743
8407,0.009226678606801127
8408,0.05287326210717423
8409,0.004500512669263801
8410,0.006315960670610795
8411,0.006005157328327794
8412,0.0057657243866445764
8413,0.012833904036145271
8414,0.0011855063067458065
8415,0.002040593747337773
8416,0.008197647483389095
8417,0.14391042501488632
8418,0.07943129708536731
8419,0.011721182102776999
8420,0.0327291012937284
8421,0.0016552574417010761
8422,0.026231969765304102
8423,0.003163999494529671
8424,0.0022606993002222664
8425,0.9846927360290308
8426,0.0017750596702445413
8427,0.003320201492598159
8428,0.0028474482546763536
8429,0.002836858039471092
8430,0.0009363835061069912
8431,0.0014630031262169204
8432,0.000993581373646823
8433,0.013691168636823597
8434,0.0027438537839343095
8435,0.0019400990545169457
8436,0.24598787730263974
8437,0.0025222423991336637
8438,0.002088324823333778
8439,0.004051419511630889
8440,0.4717900120492601
8441,0.004913280505392877
8442,0.0035338540943798996
8443,0.028583733273127743
8444,0.0026099105198979077
8445,0.0037680594166952866
8446,0.001846958432200075
8447,0.002993910853900421
8448,0.09904288944801895
8449,0.004866883013527661
8450,0.0017154608984080446
8451,0.019492573598664728
8452,0.004346702777129429
8453,0.0032839653652196525
8454,0.021082818415092807
8455,0.004133664801020567
8456,0.9869939198077167
8457,0.001622091073556629
8458,0.000896510198873111
8459,0.013888012410214779
8460,0.0045197361016850665
8461,0.0027908560485746547
8462,0.9901874018762308
8463,0.005682270309097154
8464,0.003262486902566656
8465,0.00509757500398199
8466,0.017197366866971528
8467,0.003198230215947134
8468,0.3471985641972075
8469,0.04684106660480793
8470,0.0024026723216520017
8471,0.0010211888376539724
8472,0.0010387694116250198
8473,0.0039327483049429925
8474,0.00496793059383479
8475,0.9846785278805898
8476,0.08343642838270798
8477,0.0373494122111467
8478,0.0014757391735192359
8479,0.06914881918732199
8480,0.2941434310951858
8481,0.13288454573591393
8482,0.003038608519296087
8483,0.001840863867683982
8484,0.01196146943450774
8485,0.001572984395710988
8486,0.01154043901746824
8487,0.0009360786903323072
8488,0.006941011509204573
8489,0.0073047125455447835
8490,0.0026086547565024464
8491,0.021356197758764402
8492,0.001222541770966588
8493,0.001031736621891868
8494,0.0011995244924134165
8495,0.003953052386224972
8496,0.0014953021226354094
8497,0.004084789175987201
8498,0.004110536451085745
8499,0.0018991401927425308
8500,0.002691825326894115
8501,0.002454225629348639
8502,0.12361010665373301
8503,0.00803843267695718
8504,0.0013565413400100936
8505,0.001398310018984695
8506,0.001424725244661493
8507,0.05780523244497431
8508,0.003527099422802002
8509,0.04858549682432395
8510,0.0065061565392822976
8511,0.003853358071907603
8512,0.0009009405578949284
8513,0.009544896082743719
8514,0.000868369781007327
8515,0.0012259647191061695
8516,0.11752051800024507
8517,0.002457542411176779
8518,0.006183635997629966
8519,0.0032361705579892837
8520,0.002962853844882816
8521,0.002422840253627914
8522,0.004031472920301239
8523,0.9897285738938288
8524,0.01841221093595893
8525,0.00921593271374503
8526,0.08171766738195746
8527,0.0026567709055031813
8528,0.9901073199776731
8529,0.0011008644384052824
8530,0.07086015521371611
8531,0.013958099854893673
8532,0.002354920350293358
8533,0.006674630417259261
8534,0.0025116691842863243
8535,0.0014280117545042343
8536,0.054583823526779304
8537,0.006951759351021571
8538,0.0008302931290916581
8539,0.7464460037692271
8540,0.003717187208220529
8541,0.00099229992572987
8542,0.004748819903663235
8543,0.00963046853635992
8544,0.03521090427356655
8545,0.0016327684109732636
8546,0.00333171679162341
8547,0.9902334878066256
8548,0.01019449651418866
8549,0.004852198696034434
8550,0.003309036576668988
8551,0.006499488661995044
8552,0.0018795465264980458
8553,0.990753345127322
8554,0.15200531299962408
8555,0.10220069174477005
8556,0.0013484076105826925
8557,0.009677394255976277
8558,0.03742507926098762
8559,0.003994713197893088
8560,0.0016528302542517795
8561,0.01988128479693396
8562,0.0033175515024047113
8563,0.7234617003231684
8564,0.002847036499520844
8565,0.051825293736001546
8566,0.008518058116420464
8567,0.016669359529212554
8568,0.01843556783673776
8569,0.4167503447579241
8570,0.0019218839599643815
8571,0.0010260244966469219
8572,0.004058141876848781
8573,0.0014179239689375376
8574,0.02807008751866507
8575,0.6074916837987924
8576,0.0008900709314898931
8577,0.006159664728009049
8578,0.0018610113073141415
8579,0.002388515138204551
8580,0.024439685431700952
8581,0.9901073199776731
8582,0.036002017922187976
8583,0.9899916882603007
8584,0.006026842278768732
8585,0.003401930943806677
8586,0.002452477364399103
8587,0.004199024135920862
8588,0.01882935220340637
8589,0.011181876380599696
8590,0.0009973529377694218
8591,0.003691258730717993
8592,0.0015628535386229714
8593,0.039762938127471864
8594,0.0009882614712777582
8595,0.008623804121858678
8596,0.003778095241763275
8597,0.006383030969369768
8598,0.004657145231171987
8599,0.002615183098345199
8600,0.002935853157448802
8601,0.001285521336356989
8602,0.12818502016135205
8603,0.004355393618118202
8604,0.004240146164324445
8605,0.03396677032436214
8606,0.0028982103685937944
8607,0.990753345127322
8608,0.004116164341226546
8609,0.0043179499168618215
8610,0.007918207891783656
8611,0.0030792161963489385
8612,0.002615998118028677
8613,0.07415849958561191
8614,0.0011889482477522517
8615,0.0012096003641292707
8616,0.0020936657730545125
8617,0.0028017097322660957
8618,0.39741124316791
8619,0.0016462558636101384
8620,0.0022121018321004525
8621,0.008130464029455888
8622,0.008791406743600296
8623,0.0336281755336923
8624,0.004671993090744352
8625,0.07552283561622405
8626,0.5973827267795991
8627,0.001159787278843447
8628,0.003316414100224926
8629,0.014331515013334982
8630,0.005449187717059074
8631,0.02382414260967121
8632,0.012308797920031731
8633,0.005295131778874235
8634,0.003944359485331813
8635,0.7587234498535943
8636,0.0031579812895980663
8637,0.005937342258949979
8638,0.004194157080303248
8639,0.0112211757294707
8640,0.0012942240649578072
8641,0.002149651042653252
8642,0.0008460821495605037
8643,0.015547723500548317
8644,0.0033892600396407744
8645,0.0008480317432397653
8646,0.014513770269869693
8647,0.04969175771397408
8648,0.01402914182021761
8649,0.0009889917759594675
8650,0.006642777721348616
8651,0.0776097857302944
8652,0.0010383211129648996
8653,0.0009779168334947618
8654,0.005497784278520825
8655,0.006697478323207622
8656,0.006722766542532027
8657,0.012900380844470413
8658,0.008003607085626386
8659,0.003731069699804015
8660,0.011409546877804003
8661,0.022941588277677758
8662,0.004552544588706018
8663,0.00723475037010597
8664,0.009753799758327015
8665,0.01254253469085539
8666,0.0013423890229539272
8667,0.00643494859583334
8668,0.03904330497175656
8669,0.003219756012375416
8670,0.0029770791239566016
8671,0.0031741547307741
8672,0.0130918586882965
8673,0.007438129745942349
8674,0.00804399793431954
8675,0.00990322390450253
8676,0.0008520035065554628
8677,0.004568351528744818
8678,0.010267572178858582
8679,0.0054860982878764146
8680,0.003852461190959334
8681,0.0008173706038026671
8682,0.0388193545363682
8683,0.0009123195093943699
8684,0.004184887420645197
8685,0.0009456896163402888
8686,0.005706926167190391
8687,0.0031580773260470214
8688,0.011933645929416639
8689,0.005272338802761014
8690,0.00831419465056967
8691,0.014704421950993824
8692,0.0034874732450784498
8693,0.006882524756335662
8694,0.004419220264873986
8695,0.0031209588148060777
8696,0.00257961028141691
8697,0.0888539517184807
8698,0.03740889968349695
8699,0.017166882694151325
8700,0.3478781942191948
8701,0.0009447753884465611
8702,0.0061640235576586
8703,0.007694297620645256
8704,0.0008447244745203382
8705,0.00112148915202544
8706,0.0038539563081954075
8707,0.060795907336403984
8708,0.3829378173530509
8709,0.003099762229202673
8710,0.006133268378312741
8711,0.009743584492537283
8712,0.006189918875978808
8713,0.007066090018699616
8714,0.00084995246696762
8715,0.0013418853103492646
8716,0.006300686663933809
8717,0.016530320278187568
8718,0.21186352173136172
8719,0.14544351808917352
8720,0.12140255772840934
8721,0.05301909293562274
8722,0.009457001077588605
8723,0.11293173328357714
8724,0.210939972586881
8725,0.017644521964975658
8726,0.06689904729420786
8727,0.024437672994785678
8728,0.002346539466925862
8729,0.009374980176960071
8730,0.0009805564015339149
8731,0.0009752101267106708
8732,0.020153460505756306
8733,0.004906178762200899
8734,0.016800545950450222
8735,0.0027244075544059546
8736,0.005112624801762958
8737,0.10092002841300089
8738,0.0010910867943755862
8739,0.00556961553802911
8740,0.0010411246954770991
8741,0.02195692515321022
8742,0.012898922287067717
8743,0.464581942025794
8744,0.020405003067547448
8745,0.00925270847322818
8746,0.0009460755827247856
8747,0.0008415625351030428
8748,0.008910838095128987
8749,0.04046435758410637
8750,0.017029762076448216
8751,0.0033387317149407136
8752,0.15651456625864954
8753,0.010204527850420673
8754,0.004165793900993184
8755,0.003833642326911215
8756,0.17872697459740022
8757,0.008918424191240166
8758,0.00517765591585875
8759,0.004883276629230916
8760,0.006177094043743208
8761,0.008429760874722574
8762,0.0008375574624056914
8763,0.05936791452380203
8764,0.0016308082694747271
8765,0.5413694706326012
8766,0.00084995246696762
8767,0.005849802469887402
8768,0.001738657794976749
8769,0.0008632904367964659
8770,0.025296796466630654
8771,0.003395960092760976
8772,0.013270475896970316
8773,0.003909792805130513
8774,0.000888607711286169
8775,0.007689631029946295
8776,0.0031542502808416533
8777,0.010352983894321679
8778,0.035401820621862846
8779,0.0042733448674751855
8780,0.011732884495407233
8781,0.00822951683627678
8782,0.2534401255779345
8783,0.015941611394688096
8784,0.10968249719580982
8785,0.07533218172331266
8786,0.0039913066598427525
8787,0.006168504531194359
8788,0.03714912982376327
8789,0.11668536041223715
8790,0.002637167033468856
8791,0.00415763438661181
8792,0.007850261427168386
8793,0.00846924266727275
8794,0.03924530573709455
8795,0.010687641599353464
8796,0.009836424747011938
8797,0.006911053804112969
8798,0.004032083219373904
8799,0.0009228609240870254
8800,0.005342418892860174
8801,0.0012126844418044807
8802,0.01698293164046202
8803,0.017520664756949293
8804,0.0031672452023213454
8805,0.0109038551887239
8806,0.0105721005777705
8807,0.017718041857210536
8808,0.009940650585725075
8809,0.0144085531854199
8810,0.0056546381970226526
8811,0.008799826419772994
8812,0.03813791404476046
8813,0.009341075018923688
8814,0.04274314355733622
8815,0.03388609830307204
8816,0.014901736828599691
8817,0.1421323391044026
8818,0.103023496666767
8819,0.04147887826242597
8820,0.0013760742685863935
8821,0.008099609369836166
8822,0.016515598918820294
8823,0.004387038010860846
8824,0.0023036721199279717
8825,0.007896918127980173
8826,0.007817475710219261
8827,0.0030698700431666033
8828,0.00222563409627899
8829,0.013722000588433121
8830,0.4684855735385366
8831,0.011907019917496616
8832,0.029586402836237993
8833,0.008298870208997925
8834,0.020665576879857366
8835,0.019906528755062023
8836,0.12125509776071772
8837,0.0035022052419079255
8838,0.004928517952274225
8839,0.022389218152446898
8840,0.007054853284503249
8841,0.02095134230660038
8842,0.0045406585662591675
8843,0.006865240329765951
8844,0.0033454458737211647
8845,0.030809197605787153
8846,0.12863221408892
8847,0.025749589955908224
8848,0.005682474086398019
8849,0.006155602162566109
8850,0.0009440342681445779
8851,0.009933549499366364
8852,0.001469234423197843
8853,0.002129471197727358
8854,0.00830683218015613
8855,0.0008834941207625261
8856,0.01816784521959234
8857,0.012011683309760064
8858,0.1940677757901372
8859,0.005316931821428054
8860,0.004594849007305962
8861,0.0009684274484935368
8862,0.008786836868943819
8863,0.005690408368910284
8864,0.0034103862745428148
8865,0.013781704704576262
8866,0.016775708294394474
8867,0.0009353796576634591
8868,0.005551198768487725
8869,0.002120934679271453
8870,0.00562870657101237
8871,0.0008320780688030624
8872,0.015426366026132503
8873,0.023080185526331794
8874,0.003323830641481008
8875,0.004300949772487831
8876,0.0066221823262986364
8877,0.035352210709520174
8878,0.0029740640247973315
8879,0.009213719218116563
8880,0.012273711090741796
8881,0.008312192910121863
8882,0.009081877772672008
8883,0.007377467726740899
8884,0.02469052152276536
8885,0.006749453867694867
8886,0.01187232676970129
8887,0.017879132913450904
8888,0.006156521192738721
8889,0.00509877526638536
8890,0.003081437843358174
8891,0.017354942218436312
8892,0.0036866881605666754
8893,0.0036231583322176987
8894,0.0034193607386072073
8895,0.014293056471911751
8896,0.0008557864375385946
8897,0.003710264930305665
8898,0.03553491812979362
8899,0.004812679462720302
8900,0.012942952963464625
8901,0.0017799257185741114
8902,0.06637993390501495
8903,0.0015366236030206258
8904,0.015879149880550267
8905,0.008978437922963411
8906,0.005234825969700215
8907,0.004230788582994922
8908,0.009708688974145318
8909,0.0476200663168397
8910,0.009600913055870863
8911,0.00880667018013926
8912,0.007880169839594976
8913,0.000935939325506761
8914,0.006953007129980544
8915,0.0014768884231885703
8916,0.14986975906361846
8917,0.0017790252039036154
8918,0.054690303606237604
8919,0.0092560443276624
8920,0.6029790265744399
8921,0.01408463252609461
8922,0.03710015032161759
8923,0.0027832344975970962
8924,0.01651165730818202
8925,0.01332490656496297
8926,0.014993320444837976
8927,0.0036128204366837214
8928,0.00703721560572421
8929,0.015530893307888923
8930,0.0009617672940408537
8931,0.02503841779303403
8932,0.004636078262671127
8933,0.009069775563614199
8934,0.10319431808033193
8935,0.0012369286373364325
8936,0.0010389677901970773
8937,0.005543503247756181
8938,0.014476286844094653
8939,0.0057927721548988445
8940,0.031565261356012876
8941,0.001191712187564333
8942,0.0028891505423655926
8943,0.008768462573373019
8944,0.008322929157113707
8945,0.002884378989541253
8946,0.00636541494097189
8947,0.001039566431672976
8948,0.02166834230297473
8949,0.03273387154461647
8950,0.0008465932848545631
8951,0.0011312266555963794
8952,0.050332141889971614
8953,0.0024120620420914575
8954,0.11661637102433854
8955,0.0653302312079611
8956,0.018791618269406823
8957,0.004936682823119706
8958,0.007611621442937738
8959,0.012586409071438275
8960,0.0034606942441906
8961,0.01246172849356865
8962,0.004851353008087234
8963,0.013336308056412992
8964,0.011280537211834476
8965,0.017192965825869568
8966,0.046833030538041526
8967,0.010146016338782891
8968,0.0023761083210038112
8969,0.006685126496332203
8970,0.006263208309838545
8971,0.007258583568935268
8972,0.1079514059027195
8973,0.24027842370670988
8974,0.008137955957840046
8975,0.004718382449098948
8976,0.006815090549249577
8977,0.0009234303123885048
8978,0.00569840099505361
8979,0.020542319708641982
8980,0.010144312659986556
8981,0.017606622804008695
8982,0.23452529754241805
8983,0.004373325233225749
8984,0.007327621461072644
8985,0.013681272360963056
8986,0.5498965050434363
8987,0.009173481432275575
8988,0.003088417888355575
8989,0.02583169264130733
8990,0.005168577280005752
8991,0.001027297319354559
8992,0.011174489625198162
8993,0.019002676431906083
8994,0.13707020589297975
8995,0.008915898355106415
8996,0.00733059048246471
8997,0.006716895557747782
8998,0.01118476632844348
8999,0.005825549046249309
9000,0.008671272394602435
9001,0.20795671093417684
9002,0.017535309128181124
9003,0.002766725751287854
9004,0.1156014551576227
9005,0.018040069385446413
9006,0.0011930931776776123
9007,0.022333223793793076
9008,0.022255488925438903
9009,0.0011193476678322861
9010,0.0027729421704885846
9011,0.33767782714359845
9012,0.5331835695553342
9013,0.045543098200142344
9014,0.005675189427559979
9015,0.028877496254307022
9016,0.05519082286090729
9017,0.008063243627448457
9018,0.0017339356671930025
9019,0.03394184248714338
9020,0.006070130802375782
9021,0.0011862366713365224
9022,0.005764746971430938
9023,0.08078128408872352
9024,0.01067240045389712
9025,0.010214935769196682
9026,0.014431050149652127
9027,0.014154020985467275
9028,0.035958893504134705
9029,0.004743071434976707
9030,0.005241378124953617
9031,0.005337833788444587
9032,0.005861451691126688
9033,0.001178926011416818
9034,0.0008311892653562237
9035,0.0008872891622558837
9036,0.0029233004264816696
9037,0.007677825123201306
9038,0.005620463411621017
9039,0.016227279270033135
9040,0.0027759681845546938
9041,0.007105545490465949
9042,0.017714738900603117
9043,0.006957769241883191
9044,0.006401557052545992
9045,0.003410140620220113
9046,0.06636791470002192
9047,0.017884021546588594
9048,0.008423719207933748
9049,0.01033143943682429
9050,0.010886356724995454
9051,0.13005414716377692
9052,0.07661432485531465
9053,0.03189800302769635
9054,0.027250528113970364
9055,0.012151432772788354
9056,0.01773420342223879
9057,0.011144364765055769
9058,0.009250954910760308
9059,0.02662847346804735
9060,0.02881231809114627
9061,0.056741176891441335
9062,0.006257778792550107
9063,0.003944285877471875
9064,0.6945633767948544
9065,0.011622185133553396
9066,0.004826949333065774
9067,0.0061793233852581245
9068,0.05225201844555768
9069,0.010183000488067464
9070,0.025976570359903087
9071,0.017010289429989882
9072,0.012021276570843158
9073,0.0011000409687867909
9074,0.002742770312817927
9075,0.0010183430772816454
9076,0.007799802100292479
9077,0.01520708398442531
9078,0.03955201912075179
9079,0.010922931042998636
9080,0.0053995919432214485
9081,0.0032999808951272784
9082,0.009033468060361228
9083,0.008242493726645516
9084,0.18240852315170286
9085,0.027548474789218895
9086,0.008086271507083973
9087,0.009129133144568228
9088,0.044940059028000405
9089,0.07929779505880491
9090,0.06158004246612591
9091,0.006873908342002856
9092,0.011529919184975701
9093,0.003251474089668454
9094,0.006351081535767985
9095,0.004025613216453142
9096,0.6933832958018225
9097,0.24834909680601444
9098,0.009974150027636257
9099,0.0055640101769395605
9100,0.00678733405430231
9101,0.007159834091710635
9102,0.0017698609037956137
9103,0.02000077710615633
9104,0.05913202836900712
9105,0.04756095162501901
9106,0.07407888367375871
9107,0.0067788017299045735
9108,0.013235400744585426
9109,0.007757656889106204
9110,0.018062227806737458
9111,0.01211974658214869
9112,0.008833885697583976
9113,0.007275226156500526
9114,0.06262826776977054
9115,0.19603094345266878
9116,0.0009414900109959807
9117,0.03505444030785117
9118,0.02454238543408741
9119,0.006111416010272518
9120,0.006199583765897747
9121,0.02086408110494126
9122,0.0017620315329658185
9123,0.005878099459150373
9124,0.03293614520327133
9125,0.013363545453548044
9126,0.11391539436527373
9127,0.0048572953343223365
9128,0.10714608073431008
9129,0.019757880753211766
9130,0.007560153469437957
9131,0.019381335166405313
9132,0.00342693994542451
9133,0.007696825408649147
9134,0.24880103772463674
9135,0.00817833770551363
9136,0.004011771608944122
9137,0.007844651600553677
9138,0.0035902133036036293
9139,0.008184893200148572
9140,0.014404454588305377
9141,0.0028220206955790984
9142,0.006900550093912655
9143,0.0008589693659727656
9144,0.008619266546550214
9145,0.008404854522343104
9146,0.009809589764883268
9147,0.005470499210663746
9148,0.005910843601168057
9149,0.0008800440905222832
9150,0.006833796977950009
9151,0.20341855605601203
9152,0.21018729124840935
9153,0.001027297319354559
9154,0.03230270108055478
9155,0.06692137345924955
9156,0.015845331001859444
9157,0.009000438948022988
9158,0.007155403315142718
9159,0.000821800674259607
9160,0.0009820545938427887
9161,0.014011333222171046
9162,0.02045158838502859
9163,0.0008629114513459687
9164,0.03320418861685651
9165,0.006121289745835527
9166,0.005337609806107939
9167,0.1292946031301225
9168,0.017595577797959644
9169,0.018848878794624498
9170,0.015782542512435403
9171,0.006675546236083283
9172,0.01258230456835865
9173,0.10772728601736976
9174,0.21262677971599736
9175,0.15849045382461385
9176,0.01876261640688041
9177,0.07184146670132086
9178,0.014481274423200644
9179,0.014131044895289161
9180,0.0059727702381198525
9181,0.004616554378531428
9182,0.006095977875415522
9183,0.3776317236091919
9184,0.004928748905621693
9185,0.011887613440321092
9186,0.04418829640826173
9187,0.021308337752604403
9188,0.011704335173067654
9189,0.0008526278523324531
9190,0.0008560435998390554
9191,0.0036932354559959116
9192,0.019754870327923918
9193,0.010493559447203274
9194,0.005524275881071904
9195,0.01434952153062814
9196,0.017992688596526085
9197,0.000991654983039978
9198,0.016847727152939227
9199,0.012916210720426067
9200,0.02173220874656029
9201,0.003909156231757021
9202,0.030168100422855077
9203,0.024820144504242126
9204,0.014618677153167585
9205,0.011568228113627614
9206,0.0008668621973090865
9207,0.0012866460985281483
9208,0.016873696156090436
9209,0.012130015060906508
9210,0.01005203366244628
9211,0.10679981440240388
9212,0.009829247346090371
9213,0.010901323175283093
9214,0.004703610753246167
9215,0.0031508006407238026
9216,0.001308271054673465
9217,0.006189996471875647
9218,0.008837170710130153
9219,0.012650176038540992
9220,0.011654260501497777
9221,0.08278849882786088
9222,0.005405620986792073
9223,0.008975438323357156
9224,0.037147301379221294
9225,0.04219222993972045
9226,0.1067893625819743
9227,0.08372497258550626
9228,0.002803707927149651
9229,0.004890409611106842
9230,0.06865012272085587
9231,0.005973904250671026
9232,0.0012787682992053135
9233,0.010213989065801093
9234,0.02122382941846007
9235,0.014801719793725689
9236,0.013819110379205366
9237,0.12280738881228853
9238,0.0031905402423512536
9239,0.009044055480494997
9240,0.015459842135168595
9241,0.0023632295161024517
9242,0.20804522028050518
9243,0.005799365395299287
9244,0.004728588079092716
9245,0.007905064035547816
9246,0.015659402222213264
9247,0.002466436476756959
9248,0.01256660220430267
9249,0.014676106491173367
9250,0.007048430367112334
9251,0.022210852907469138
9252,0.015123198499202004
9253,0.05241414363617086
9254,0.00805909297612093
9255,0.09518610360998056
9256,0.0518464958067809
9257,0.006610334503827069
9258,0.010490875764724511
9259,0.00774148190847528
9260,0.0023393301884246432
9261,0.005038673472916126
9262,0.02204712667216467
9263,0.009972640834696492
9264,0.018226243844286182
9265,0.002205780949864929
9266,0.0011832936152250386
9267,0.04989069732235751
9268,0.02476355866677094
9269,0.00756503627685962
9270,0.0008320406025754242
9271,0.0040200881765979895
9272,0.017752218841297945
9273,0.017695111450075927
9274,0.010971184113471862
9275,0.001105303940935245
9276,0.011166530142722501
9277,0.00826172669935409
9278,0.011759393254032103
9279,0.02127451431221642
9280,0.009315184080037245
9281,0.010682699072524652
9282,0.0008337623399991483
9283,0.0681399682086368
9284,0.0008405091861858546
9285,0.003496433898166977
9286,0.009142833448802202
9287,0.0018358214361437065
9288,0.012152607725338774
9289,0.03027055807651546
9290,0.00981945861286488
9291,0.057110840946681354
9292,0.007155456892290895
9293,0.008184153311901891
9294,0.05950739434523131
9295,0.004633444594443278
9296,0.0023346902976660714
9297,0.016790396499484973
9298,0.0013340316340624075
9299,0.025411415106058436
9300,0.03504233726939011
9301,0.016139115763639567
9302,0.056802728511721766
9303,0.05130093729772937
9304,0.008566803665276365
9305,0.02300220360213977
9306,0.024674121872875782
9307,0.029216480802207373
9308,0.0021622988874579812
9309,0.0196120823734118
9310,0.00477882812434943
9311,0.01700371621206395
9312,0.003992259486562628
9313,0.10564353726472392
9314,0.08937075823934494
9315,0.0008143846130280828
9316,0.0008562889411333825
9317,0.00729730514028416
9318,0.02135421182632629
9319,0.03710647446752963
9320,0.016913360269999664
9321,0.036640896275187754
9322,0.12295592430866861
9323,0.019002913682813174
9324,0.006947126702171476
9325,0.00953954855102789
9326,0.0033804456990892567
9327,0.006580991489357833
9328,0.01425927081942465
9329,0.06367035114512158
9330,0.0010576142818180577
9331,0.01756021157388742
9332,0.02413117264160082
9333,0.006241065012121421
9334,0.030218820238794575
9335,0.002742832686946412
9336,0.004673831210073527
9337,0.02065397391186433
9338,0.004977335387569578
9339,0.005964455044126497
9340,0.016494634151508213
9341,0.0016778435373906012
9342,0.016505866554973152
9343,0.028255862992651995
9344,0.006515741337995836
9345,0.003314788919308365
9346,0.000970975221351626
9347,0.014618964920086077
9348,0.004627000479731874
9349,0.0008506850489689851
9350,0.013904984882358591
9351,0.004103173465432051
9352,0.0018642161161030175
9353,0.010204024186086905
9354,0.004564011259169818
9355,0.00781659980042981
9356,0.008913296206019269
9357,0.00922243025133707
9358,0.0018423157326902912
9359,0.0008854808543287139
9360,0.0008815505178525592
9361,0.0064591890410464784
9362,0.0036468128905987694
9363,0.003914235677531847
9364,0.006048893229298508
9365,0.0010218729220569
9366,0.010576763539764694
9367,0.025399437503116174
9368,0.01483260557281528
9369,0.019332945520649465
9370,0.005143859793236826
9371,0.0009403382180809408
9372,0.011938170584377086
9373,0.11526041449852556
9374,0.0657027855144913
9375,0.00645302904348084
9376,0.01671577824496849
9377,0.011665031966525382
9378,0.011884241433704855
9379,0.02470011412493452
9380,0.0063296422995619255
9381,0.013691399975843952
9382,0.02290133114954575
9383,0.018307207269847223
9384,0.00166902567867256
9385,0.27438382797872396
9386,0.00734800938100189
9387,0.014651683802383544
9388,0.006423277667303497
9389,0.02038241298011546
9390,0.23334276420554795
9391,0.0046854035967456445
9392,0.07322369005256969
9393,0.00940923589870167
9394,0.005790222845585374
9395,0.019294088307655048
9396,0.013195385022617957
9397,0.0008465932848545631
9398,0.008007454097325813
9399,0.01999370433737667
9400,0.011899913450817803
9401,0.01152241209532596
9402,0.008665261745769811
9403,0.27017254256622975
9404,0.1971873565310355
9405,0.008166191584048046
9406,0.0031226340982248102
9407,0.019307207669460893
9408,0.005963720972169003
9409,0.006226642211581945
9410,0.05743760144764755
9411,0.020350106767695633
9412,0.009674665180474324
9413,0.45811234535185846
9414,0.043201507402695544
9415,0.022041159935280625
9416,0.00902920556989712
9417,0.006903480518167983
9418,0.0030872011008760123
9419,0.013721869752400688
9420,0.005675204077508174
9421,0.019294186931602314
9422,0.007313119576724287
9423,0.008152640446773619
9424,0.033517174587701086
9425,0.001167766117215064
9426,0.001259085432835181
9427,0.12441735869494057
9428,0.01755250747749465
9429,0.03904433952614733
9430,0.22412063584286485
9431,0.15490851593218388
9432,0.026407238509849235
9433,0.006047786988715495
9434,0.010772367455709392
9435,0.007245431849393876
9436,0.008746695049764212
9437,0.009839983494730361
9438,0.0008794602284731432
9439,0.14816742580621653
9440,0.07150853257932577
9441,0.02046740074471595
9442,0.0010483355743961887
9443,0.01106108494464366
9444,0.07152230021525488
9445,0.0012332885474339742
9446,0.00851015332976801
9447,0.001964665193540134
9448,0.013484852439491518
9449,0.004316231441798583
9450,0.008961501942957301
9451,0.0076478859472729165
9452,0.03190423856890591
9453,0.0015435185194321444
9454,0.008596978849817314
9455,0.03987165709404804
9456,0.025217446058386928
9457,0.005817883425896977
9458,0.05384865977826958
9459,0.00544208262272987
9460,0.0019813145526076173
9461,0.0184080971029624
9462,0.002261256666048534
9463,0.009984895807213718
9464,0.003549421708173491
9465,0.0026691585722668537
9466,0.015838183886502415
9467,0.002289804991735121
9468,0.007211634235245547
9469,0.008264989336697167
9470,0.0032480685445079485
9471,0.006377068188726841
9472,0.0035589752749807385
9473,0.0027817336365612033
9474,0.005909904739029618
9475,0.003218695841588433
9476,0.02457740753968799
9477,0.030607803428464676
9478,0.01630702280115002
9479,0.21315197942577283
9480,0.001249265167227282
9481,0.0011280282426127449
9482,0.0008483601061602705
9483,0.0720077532995066
9484,0.011503630830114553
9485,0.015913100751161837
9486,0.0041497566629705405
9487,0.0021821817966895204
9488,0.0060585882650742995
9489,0.014820152110247443
9490,0.008661980633007391
9491,0.005943118465495406
9492,0.25328762304277375
9493,0.0898248824998752
9494,0.006400286318209395
9495,0.07704554181445492
9496,0.012418129622988758
9497,0.001105303940935245
9498,0.011128723649063406
9499,0.013168120659769862
9500,0.01795607671989493
9501,0.015551333904739844
9502,0.08195485092534766
9503,0.006686988425953805
9504,0.013628367729206475
9505,0.04089479998728347
9506,0.021034534423289866
9507,0.032919164214687054
9508,0.0008072747214290979
9509,0.17515661691046347
9510,0.0009234584510807829
9511,0.026033950134635806
9512,0.06836674870200118
9513,0.005522683307269752
9514,0.03935593019443914
9515,0.01500389334175776
9516,0.0057306392430460954
9517,0.007410919848287464
9518,0.002237402392497035
9519,0.37638258815820935
9520,0.0402743764291297
9521,0.0011679252200028584
9522,0.5902173439961484
9523,0.03356804936336491
9524,0.01503844477972064
9525,0.011864597206528568
9526,0.00998126192984645
9527,0.0018166542378184511
9528,0.021175913784834514
9529,0.021859389186260906
9530,0.019089478773612698
9531,0.0011389347989154781
9532,0.13026328295496753
9533,0.026808921881397534
9534,0.011760712254306253
9535,0.010924203702540273
9536,0.1739795757184333
9537,0.000956961572530053
9538,0.008389435708397317
9539,0.0074218013697116576
9540,0.015211669183669977
9541,0.0023204471082280123
9542,0.023350974721102324
9543,0.013416675504374384
9544,0.006695064558666358
9545,0.008984971733670447
9546,0.028338949404171584
9547,0.016726254371438022
9548,0.042464661418794805
9549,0.0035368497721546123
9550,0.08872468356576485
9551,0.13386473535480772
9552,0.048841648006763085
9553,0.004242079306178611
9554,0.0046047679288517725
9555,0.00625461455461304
9556,0.015110728934805098
9557,0.008990556283186355
9558,0.005140434487771537
9559,0.013361641890051481
9560,0.017199091301574456
9561,0.003330173888930709
9562,0.0026980752196794073
9563,0.020771451922458797
9564,0.006418141222821876
9565,0.008508741437755435
9566,0.008956427371436641
9567,0.03802488311539474
9568,0.01189295720918617
9569,0.03491848411827074
9570,0.02131590281626238
9571,0.057039468685655084
9572,0.02890544587797363
9573,0.009201913304376499
9574,0.01179215045868454
9575,0.004139267536968203
9576,0.010104758625094147
9577,0.00662000026814886
9578,0.17108709784373025
9579,0.003928874969728525
9580,0.0010416776117529844
9581,0.009449325101446858
9582,0.009043518055741327
9583,0.01282651856177542
9584,0.05714589437966226
9585,0.006567553970491072
9586,0.0066927117363565465
9587,0.19010044697475098
9588,0.010899611754136895
9589,0.17192868312687842
9590,0.0016076751526808422
9591,0.23765595158784067
9592,0.010981365320584862
9593,0.01041978174223427
9594,0.020007301953990156
9595,0.00713677697307015
9596,0.007295190591884203
9597,0.01870602734699882
9598,0.018998688877824594
9599,0.06457196815003305
9600,0.01252611249248465
9601,0.0008570120456740994
9602,0.0008619174584335586
9603,0.005800797616432885
9604,0.029094297044926668
9605,0.0342847310246287
9606,0.021564708833334573
9607,0.01254148014690171
9608,0.0063333969846602195
9609,0.010434758788956404
9610,0.008308615800956314
9611,0.055708813678613224
9612,0.007895321665831961
9613,0.0031931911503191956
9614,0.01772382615182812
9615,0.013412525393749665
9616,0.006449598792150293
9617,0.012504973626754314
9618,0.010656427959131905
9619,0.016914974355747868
9620,0.03302695542756014
9621,0.0017001693081312658
9622,0.028946240202811828
9623,0.002264729020948581
9624,0.03053974738135375
9625,0.0011371505419514392
9626,0.03440047524778797
9627,0.011872047376470666
9628,0.029919313330333003
9629,0.011480927583794084
9630,0.0060276737936399635
9631,0.012877115747432073
9632,0.0027510397898401844
9633,0.15910232645394468
9634,0.08917282365880533
9635,0.0010369628681721717
9636,0.006659224013192011
9637,0.01250149673558491
9638,0.01797401898927309
9639,0.004248907622718176
9640,0.009464756931096378
9641,0.005849199903978891
9642,0.018614010179115927
9643,0.04994557824179303
9644,0.021154934226882235
9645,0.002662720105273283
9646,0.007996832030292814
9647,0.006944778801016477
9648,0.0051684790383459
9649,0.02281987052379973
9650,0.006757334740970902
9651,0.007526112116569472
9652,0.030351296727170688
9653,0.006101686735828379
9654,0.010237060031323573
9655,0.007664586450437837
9656,0.019610119000245344
9657,0.16338677096093804
9658,0.0013658975750443917
9659,0.000995352159954342
9660,0.000993258729094662
9661,0.004924296186941825
9662,0.03525963401512373
9663,0.015285590331350492
9664,0.02268784934786387
9665,0.01409798026516986
9666,0.0009790693159716921
9667,0.012518510378909038
9668,0.010774556959487216
9669,0.011825980390902768
9670,0.05310740057651699
9671,0.11364093443721525
9672,0.0027020442485612495
9673,0.013531319974774508
9674,0.022354931606546186
9675,0.01001683321157021
9676,0.010065919971821357
9677,0.12248778195660061
9678,0.002792137813745112
9679,0.0035639298386455948
9680,0.048584847631829735
9681,0.0162729947328114
9682,0.012703680459244191
9683,0.004469217484776739
9684,0.013122599670209227
9685,0.0033670581397539155
9686,0.09114051164783313
9687,0.006861490492683568
9688,0.06642619171118995
9689,0.004849645776275944
9690,0.006570351467067941
9691,0.06630909350376064
9692,0.0008726228537419476
9693,0.02171431303597938
9694,0.07644537651138153
9695,0.012232994825102778
9696,0.006747811443242661
9697,0.00669358254675326
9698,0.0010239856806519045
9699,0.007123300693950566
9700,0.011787911578761206
9701,0.008882531945787519
9702,0.009967948528424291
9703,0.004950199018489615
9704,0.0011862366713365224
9705,0.008060430713249075
9706,0.006354884104249146
9707,0.0011312266555963794
9708,0.013857854007685307
9709,0.05987303057691126
9710,0.0053901491277088985
9711,0.0010421006170597137
9712,0.010912265934105268
9713,0.0032444396278004067
9714,0.053406838334870706
9715,0.009063005818741322
9716,0.06560721361253748
9717,0.0245003142868053
9718,0.0010002086835188516
9719,0.012616481408025277
9720,0.01139286581200037
9721,0.008505390103230193
9722,0.03888642857206149
9723,0.002313367165714381
9724,0.029076397741292122
9725,0.008215708719795751
9726,0.017049321151580633
9727,0.02319635355675195
9728,0.01508489542358349
9729,0.010425471414811647
9730,0.060639453763972194
9731,0.038851649288407585
9732,0.10649814606338026
9733,0.01337816869393433
9734,0.003533816343871074
9735,0.09845383534723341
9736,0.04592926459748563
9737,0.0008944106698337858
9738,0.2915369848572791
9739,0.003916851529837712
9740,0.030703555033331307
9741,0.002508042142468068
9742,0.005996849539954463
9743,0.005208148000403358
9744,0.019299389667632047
9745,0.0070135054688376655
9746,0.020410285129129634
9747,0.028539553914942346
9748,0.0046545832116785075
9749,0.0010270095116499515
9750,0.002568108394934
9751,0.009105324646534785
9752,0.010383026648745566
9753,0.014591420531099164
9754,0.11213306189637097
9755,0.02788166080684291
9756,0.015232857090609278
9757,0.0652291895539381
9758,0.001658695750019675
9759,0.001105303940935245
9760,0.03219200853516214
9761,0.06995740020335825
9762,0.03974962497449542
9763,0.028143129273423984
9764,0.015237833412618303
9765,0.010418351494470837
9766,0.0022449864717863912
9767,0.049571119493007715
9768,0.5689932527555908
9769,0.01685111969101669
9770,0.08780519435076069
9771,0.01331171334888582
9772,0.056599929694989386
9773,0.006494767921014504
9774,0.0029563600569632287
9775,0.00720206311082464
9776,0.009386911045780114
9777,0.008907446210775015
9778,0.20479350922477832
9779,0.011600988796290007
9780,0.01055390414467775
9781,0.005188791642231281
9782,0.01235977987888874
9783,0.01294050047433143
9784,0.05651051510826933
9785,0.009809160585851049
9786,0.002356591398479422
9787,0.015546702376758523
9788,0.008667839462476854
9789,0.009205225767689675
9790,0.01462008901236539
9791,0.001134680373933442
9792,0.013178325228457043
9793,0.009921932794024726
9794,0.0009356640841536635
9795,0.01896531946460957
9796,0.11886750892949814
9797,0.06238192079805599
9798,0.021481239871260036
9799,0.008056258937779745
9800,0.007591722734622306
9801,0.000827286676468429
9802,0.0072830337531127635
9803,0.004210814864631619
9804,0.008710456769073043
9805,0.01826424579072488
9806,0.01862254305236267
9807,0.0011725426271166847
9808,0.01680806338788496
9809,0.001930597782055543
9810,0.01757572836559226
9811,0.01629357623986895
9812,0.01952986251679802
9813,0.0010790578548242208
9814,0.13905421476858848
9815,0.029452662248380813
9816,0.0009341955631941756
9817,0.04723942908966643
9818,0.00535569434273655
9819,0.022265255370192603
9820,0.09194350396607123
9821,0.15023959083351704
9822,0.010923198462523234
9823,0.019707716867586086
9824,0.011737609683155539
9825,0.30808393581479177
9826,0.004733108939056601
9827,0.005986845041745202
9828,0.056838916476442305
9829,0.008066625236952021
9830,0.015487148564061531
9831,0.0036976746133504795
9832,0.00734647036020466
9833,0.0011221875764911965
9834,0.06174082515455279
9835,0.03232410403035147
9836,0.010023089655162968
9837,0.0033690307559142516
9838,0.0010387694116250198
9839,0.2942489321630288
9840,0.0048473944243189945
9841,0.015489765182130273
9842,0.0037257932806115755
9843,0.010156406088866652
9844,0.0153511711965068
9845,0.013157400680971928
9846,0.004103356602048908
9847,0.008219283063998325
9848,0.021973067566718588
9849,0.018459158127186813
9850,0.009427782169530996
9851,0.019662055543974086
9852,0.0856048112405707
9853,0.007032935849057065
9854,0.003015053982111891
9855,0.001049414281878126
9856,0.009545284901996815
9857,0.009202713812770314
9858,0.01123320104602111
9859,0.006383636336336929
9860,0.000843763433431169
9861,0.004898576239807389
9862,0.018037842934102984
9863,0.02840436113556055
9864,0.015031062093727043
9865,0.008886205360375168
9866,0.02959498434828107
9867,0.02174247695543765
9868,0.010709523699380094
9869,0.00946111940390972
9870,0.006350685858127838
9871,0.0008668264358344386
9872,0.012372103940661136
9873,0.0027013878479326685
9874,0.20116700178877892
9875,0.0009212821565883521
9876,0.018370066167251314
9877,0.019790888307306145
9878,0.005172145619412919
9879,0.009659016023071128
9880,0.0914313902146256
9881,0.0039072522270266275
9882,0.02666984462588024
9883,0.004643082404297227
9884,0.07912206498543164
9885,0.019687077265899272
9886,0.00807259950454594
9887,0.006759244137137442
9888,0.005594193214650775
9889,0.031006876878786848
9890,0.08857011253150314
9891,0.0317834288944618
9892,0.008519906214316796
9893,0.008569708735117544
9894,0.0024875582128681567
9895,0.006466778626539093
9896,0.1753013384373723
9897,0.0011930874064356603
9898,0.000818342821944668
9899,0.014141807767841704
9900,0.009754246946273762
9901,0.008333545989036009
9902,0.013635670593221048
9903,0.00948603496151813
9904,0.23440014591485955
9905,0.023119663873242813
9906,0.023939600014219083
9907,0.012076157394213582
9908,0.01504112327353967
9909,0.019628743354829257
9910,0.004538611626141781
9911,0.0018308726037328331
9912,0.00915696568674216
9913,0.09372313910152891
9914,0.004688933124464707
9915,0.005143102856377264
9916,0.004667018524741408
9917,0.0008503931248911422
9918,0.1357051671368131
9919,0.009570501164079617
9920,0.011987774671778821
9921,0.007402742643950279
9922,0.0194925570703487
9923,0.009072197628706744
9924,0.004045512761164451
9925,0.0012677998164535944
9926,0.001639181329190317
9927,0.01785198040432693
9928,0.01588716838366546
9929,0.0010135879745477375
9930,0.014572580012085556
9931,0.008119100839422437
9932,0.0010449844412293427
9933,0.0009346207809035747
9934,0.03199009099427097
9935,0.00890133114306326
9936,0.01043989815232213
9937,0.13447896889257666
9938,0.018277920371647948
9939,0.001983350775640115
9940,0.020624263295254693
9941,0.009068246904635218
9942,0.0045060389560850804
9943,0.0027521685171732315
9944,0.00417842779944135
9945,0.030062044755801768
9946,0.008971982412610895
9947,0.004419694462233999
9948,0.008623638865106097
9949,0.023924806929488333
9950,0.010141955588342794
9951,0.07712143877516803
9952,0.09277405758351656
9953,0.011414452355468604
9954,0.008325527552819926
9955,0.011273056155380304
9956,0.0009954593392906763
9957,0.15146992379601124
9958,0.045984502810302474
9959,0.0009917311191874716
9960,0.0011312266555963794
9961,0.005254792160484027
9962,0.014006896035096568
9963,0.004123930889210498
9964,0.008268934338932488
9965,0.0022899231116593343
9966,0.05448708675044494
9967,0.008228890418515886
9968,0.007905790140639123
9969,0.0030340957243451126
9970,0.057363066322135094
9971,0.01256002753271461
9972,0.011405600850106338
9973,0.009813542216784666
9974,0.014649712296615278
9975,0.0009802096143185788
9976,0.00442526419943008
9977,0.001043733063210419
9978,0.0515954438033002
9979,0.004451167633952675
9980,0.11919408242892256
9981,0.008750032584800274
9982,0.011349694313518706
9983,0.008963145927408997
9984,0.010692992856097148
9985,0.13740209640690804
9986,0.009200880472181747
9987,0.006149325396998469
9988,0.05299272184722328
9989,0.0020821133842292812
9990,0.001105303940935245
9991,0.02205209353010126
9992,0.025882245514457634
9993,0.006441111801222122
9994,0.011181460960716368
9995,0.00529025943172881
9996,0.017045206865462834
9997,0.0008388466170381976
9998,0.009630032913610935
9999,0.020921251527750845
10000,0.0011141752278912085
10001,0.04517643949595829
10002,0.0011312266555963794
10003,0.0022610887630401216
10004,0.005918258847473474
10005,0.0059294514062450945
10006,0.0012954218249005265
10007,0.007102555046350252
10008,0.005663412976925567
10009,0.0014314451508623087
10010,0.022666588755973112
10011,0.005347181652702779
10012,0.021566252218781095
10013,0.06481978601679594
10014,0.0018803776569776929
10015,0.028177181745761285
10016,0.000875229029275367
10017,0.004235667938298764
10018,0.23088887956841714
10019,0.0167370763465173
10020,0.01443223065973979
10021,0.0008510107717878369
10022,0.042022539471163314
10023,0.0008465932848545631
10024,0.0008652786836019237
10025,0.00087740912665291
10026,0.01204851338344268
10027,0.047662487954662824
10028,0.004911169774631792
10029,0.9283308754270045
10030,0.0008690554446909869
10031,0.0029742502811470994
10032,0.015179617443000485
10033,0.005547188409789849
10034,0.00426398361291595
10035,0.040448906471341306
10036,0.02260562745009464
10037,0.0018938320605527946
10038,0.00203876693329661
10039,0.08892552885158267
10040,0.0039785929932527235
10041,0.008661898290279801
10042,0.0869384016966812
10043,0.06225503516981932
10044,0.004521056989744928
10045,0.003041683811892428
10046,0.001912221464728837
10047,0.0018734748879377801
10048,0.0016900620426554235
10049,0.012523821242407243
10050,0.010492977717606643
10051,0.001592101398827857
10052,0.012944473000733455
10053,0.0014310392556327526
10054,0.03235734804895016
10055,0.002184823764751171
10056,0.0017643185980598145
10057,0.0008629114513459687
10058,0.010611447835976848
10059,0.014280180601860577
10060,0.29583520695703847
10061,0.027305859559050474
10062,0.08133586265831422
10063,0.0008480317432397653
10064,0.0015671498356425284
10065,0.0666509693089452
10066,0.013934361519250878
10067,0.009399927992086062
10068,0.01490269238938588
10069,0.0491131791191039
10070,0.010328316092681037
10071,0.018749725625369532
10072,0.020576508400511388
10073,0.029266869544414268
10074,0.0009596838423018866
10075,0.0032301219297738762
10076,0.038111405778957066
10077,0.07577390487707773
10078,0.002156068738369543
10079,0.0897977096450248
10080,0.0008833242799474708
10081,0.087194029676013
10082,0.006967768091362946
10083,0.00818954056740644
10084,0.018920191690440017
10085,0.004707335150457794
10086,0.03296981917786092
10087,0.010326814367581424
10088,0.05812102093026818
10089,0.012701065048773318
10090,0.09430622688994193
10091,0.030862250799509935
10092,0.04823496721451982
10093,0.0016661726083387974
10094,0.009096088418300856
10095,0.001894998492951323
10096,0.01316909850507979
10097,0.0064899013682742515
10098,0.007441656930065726
10099,0.0029359095939530157
10100,0.043725716220384014
10101,0.008387396749927391
10102,0.015437453331554328
10103,0.0020074340653857777
10104,0.10689322804714582
10105,0.10171055611289681
10106,0.12670344256461202
10107,0.010087018891017329
10108,0.06510185134323243
10109,0.23375992989340696
10110,0.002830990973736032
10111,0.05275632462393596
10112,0.10578630434012283
10113,0.002745651047621241
10114,0.03327630864791163
10115,0.08108429573824287
10116,0.01903646861866736
10117,0.06261580862741357
10118,0.035198904358419054
10119,0.0016478815906679628
10120,0.0008854392061408107
10121,0.0009188571438665812
10122,0.0009654964525809545
10123,0.060331151562375764
10124,0.016507607992094615
10125,0.0009235714101391438
10126,0.0009654964525809545
10127,0.001964775722530336
10128,0.0026651890934448093
10129,0.0602542373255093
10130,0.002153934258345215
10131,0.0033002077811564653
10132,0.2353154089020309
10133,0.0008127419378254573
10134,0.10971314025995449
10135,0.3129383058852669
10136,0.315162006055228
10137,0.001082421527086537
10138,0.001083984358065493
10139,0.016479729020631308
10140,0.012933317727161771
10141,0.0008529717126013722
10142,0.0008783496594867935
10143,0.001031074824583443
10144,0.0011995896032459285
10145,0.05179266609140979
10146,0.11225299755257782
10147,0.044133959612067675
10148,0.005766917475540336
10149,0.004659620017876279
10150,0.0008465932848545631
10151,0.061384474506772035
10152,0.036745531172243225
10153,0.20097897051641575
10154,0.0014386860697299033
10155,0.002692156010129464
10156,0.0009887769033491746
10157,0.0008993863130000346
10158,0.009554128772190843
10159,0.0014463618392943022
10160,0.04375735261624466
10161,0.15364857466104087
10162,0.004975658079994047
10163,0.5090152765504452
10164,0.05205836058888763
10165,0.060992930059391375
10166,0.02348576054907536
10167,0.200301032197347
10168,0.0037324567224819973
10169,0.0016920128018667374
10170,0.18328998680206215
10171,0.042873272422712376
10172,0.00841909686556314
10173,0.0022188149081373673
10174,0.025645513621397727
10175,0.0012056503566584464
10176,0.11358505333838176
10177,0.09511670593926863
10178,0.01111253393769019
10179,0.013162805274766294
10180,0.0022098976382434396
10181,0.0050186739222300835
10182,0.0019319514814657576
10183,0.009986811373938474
10184,0.03375196350795668
10185,0.04444318591242624
10186,0.0069226942500772055
10187,0.0021974287157073055
10188,0.033504597569945116
10189,0.09694434292070112
10190,0.27719909016129224
10191,0.03558772225401556
10192,0.31427453082765455
10193,0.0209399191853791
10194,0.11534581295390191
10195,0.14096441722489103
10196,0.01882223547963625
10197,0.0057373542864370825
10198,0.026898931047457414
10199,0.045159633914717875
10200,0.1427644467817382
10201,0.05958355985423551
10202,0.004570616554895456
10203,0.024594322831540186
10204,0.006110525358438318
10205,0.00612704824396529
10206,0.2182519727955021
10207,0.12149083854598704
10208,0.07644616660196463
10209,0.08652631592993455
10210,0.00594943083376475
10211,0.003541938890919955
10212,0.007160360699143937
10213,0.012085410132238492
10214,0.12775505186785313
10215,0.1206117428520236
10216,0.05072422196669775
10217,0.006960161613298177
10218,0.04738957871293941
10219,0.0008770433573822071
10220,0.00897586487862413
10221,0.017761614354821174
10222,0.13770595404518332
10223,0.12349495670971174
10224,0.0761653818286257
10225,0.2676412192631416
10226,0.021917563617627638
10227,0.027499306740240096
10228,0.06033035726486602
10229,0.002858223505781512
10230,0.057043787406939925
10231,0.015393645215245194
10232,0.002441039188456649
10233,0.0014590390351068997
10234,0.001472638159466849
10235,0.0016700528542985275
10236,0.007209540625181341
10237,0.002220371929713064
10238,0.06368228290101641
10239,0.0010338457065755602
10240,0.001313497415461787
10241,0.04177941335032818
10242,0.0009108609012825269
10243,0.12113544067975054
10244,0.32655261221638543
10245,0.008430458622869298
10246,0.0042588993525753144
10247,0.06136261157621807
10248,0.007300896933726976
10249,0.41144240533430243
10250,0.5476514768097887
10251,0.0008304732648724294
10252,0.15595251360795043
10253,0.011023645819675198
10254,0.06055785473941231
10255,0.04604609070750631
10256,0.006952830017044054
10257,0.004874129427104935
10258,0.1311861242134989
10259,0.1719780205243248
10260,0.013199453477589036
10261,0.1403459153918343
10262,0.16299109810703546
10263,0.09247559002575499
10264,0.0019175505256856056
10265,0.029034351360430543
10266,0.06474846632991944
10267,0.0017294438923696352
10268,0.0008837970680322464
10269,0.011570687709696034
10270,0.010669756230792618
10271,0.06755815031877635
10272,0.009414601900276688
10273,0.03145019387830205
10274,0.08433093356468871
10275,0.0010862736060594945
10276,0.05040336238700936
10277,0.0090760912313629
10278,0.0010381348874421196
10279,0.025865087832229693
10280,0.0010838789363191205
10281,0.02409520216747107
10282,0.050843299705355866
10283,0.0008866476931629387
10284,0.00917042490830294
10285,0.04588662554253636
10286,0.029444545123936485
10287,0.07907028416830225
10288,0.08824738784352158
10289,0.04054913623218466
10290,0.0011042635157114313
10291,0.0016371900299972477
10292,0.08603469916796248
10293,0.019627615528088685
10294,0.0008683192141207504
10295,0.001714267749243269
10296,0.007987156807188967
10297,0.0008794217851684885
10298,0.030474876943987535
10299,0.09661667843035057
10300,0.001084135081806055
10301,0.0009547274101422298
10302,0.0360675161578481
10303,0.0010535742339761686
10304,0.010478060442784496
10305,0.1809974819778946
10306,0.024115739027510595
10307,0.3095126059608094
10308,0.038314712895666056
10309,0.21799834210232102
10310,0.1576062755645045
10311,0.07544974577129669
10312,0.014161213481850048
10313,0.003755473255174955
10314,0.09925838827877022
10315,0.0008566629465630322
10316,0.016233319747275196
10317,0.06775129050591197
10318,0.0008227619761638814
10319,0.0008293928040342662
10320,0.03257852060917503
10321,0.023759142757462954
10322,0.2674361577641534
10323,0.06508406409433241
10324,0.0008924576103591169
10325,0.11733896948769197
10326,0.0616463464481159
10327,0.0009917311048372119
10328,0.10834951237890472
10329,0.025446444919351333
10330,0.3907281205579736
10331,0.022436744773285153
10332,0.2757590248716491
10333,0.009292866565980535
10334,0.004427913051479346
10335,0.008313008620441107
10336,0.11946150415871636
10337,0.04016207358666331
10338,0.04516055895891156
10339,0.0050593816742314154
10340,0.03517238051688887
10341,0.012593636798733265
10342,0.01930776839437983
10343,0.048446610107473184
10344,0.0011435557565204922
10345,0.0009038571524725794
10346,0.00720189240778244
10347,0.0336689742971585
10348,0.11189342644017161
10349,0.00513158211131385
10350,0.002647100801464336
10351,0.06605653068114894
10352,0.0049771472280508355
10353,0.19176028466892026
10354,0.03813740120165787
10355,0.07073041235232502
10356,0.0631971368140731
10357,0.5882447261447972
10358,0.0008566629465630322
10359,0.026313460795532435
10360,0.2130284730540686
10361,0.3406677406773009
10362,0.008839952703106444
10363,0.01853335161287924
10364,0.010378347790236192
10365,0.01589848137124607
10366,0.07930472720717684
10367,0.05902309840313507
10368,0.010843522695401845
10369,0.013976701510424508
10370,0.0041497215822646856
10371,0.19774291332950292
10372,0.14335097943519218
10373,0.001450090557913088
10374,0.0013237886425771497
10375,0.0009041102440835909
10376,0.1864306057779648
10377,0.223649768508098
10378,0.0012617526797783314
10379,0.0009228579416529335
10380,0.004359101970221531
10381,0.08823591393115074
10382,0.0011447316003391074
10383,0.019542312793580718
10384,0.0008510107717878369
10385,0.0036723135445889763
10386,0.0045840459509612535
10387,0.1797416891097814
10388,0.0009210365355816722
10389,0.0008146890045401451
10390,0.008866795638184734
10391,0.012574224590861046
10392,0.01513422171158054
10393,0.14496048142334222
10394,0.014237389469773137
10395,0.08981221490820952
10396,0.06584275965147156
10397,0.0008886838258629402
10398,0.0030925126439853208
10399,0.0008250930257245683
10400,0.022248044880180316
10401,0.383330612729314
10402,0.11206345959529065
10403,0.050682220376411645
10404,0.25453048628190583
10405,0.10860966609814476
10406,0.07901134501927712
10407,0.0721500927367761
10408,0.0008482757756293326
10409,0.0008514290937751538
10410,0.012278828757888756
10411,0.017663422981013192
10412,0.0376411040915162
10413,0.004169845503049398
10414,0.012963609347569268
10415,0.0032526545181219327
10416,0.020958827984923236
10417,0.21340881434483278
10418,0.0014391245957557411
10419,0.0008375574624056914
10420,0.000839717803165121
10421,0.011821349029620749
10422,0.004302225665409884
10423,0.0008894227040062583
10424,0.12396171793696946
10425,0.019086173656444858
10426,0.011279279961728231
10427,0.0036315678525911544
10428,0.053132404313135755
10429,0.001260709307890413
10430,0.21348300413982985
10431,0.026016337890203654
10432,0.000994127874031369
10433,0.01549544631446626
10434,0.02419080184339365
10435,0.007442472030710299
10436,0.010592614898030914
10437,0.007775822777607809
10438,0.0012617526797783314
10439,0.0012955383787099095
10440,0.020559421557586395
10441,0.008645300270282236
10442,0.05862761926835551
10443,0.0009787637282376424
10444,0.0036711255265316415
10445,0.08329460335114733
10446,0.000867501238586018
10447,0.0010614776572363438
10448,0.12196063196057783
10449,0.004007701241041002
10450,0.011828783749792576
10451,0.019154230999443626
10452,0.012027455069491603
10453,0.07708130744670762
10454,0.02820933536382457
10455,0.01830647684711073
10456,0.18082124377674608
10457,0.3657786185570279
10458,0.01895741061226943
10459,0.04319139349800581
10460,0.0009195055876468321
10461,0.07874146288408301
10462,0.09418570875134293
10463,0.007437377210566947
10464,0.008510402118176453
10465,0.03292671028201267
10466,0.12341735962347568
10467,0.10199470000076595
10468,0.010401463636305078
10469,0.04575175033976696
10470,0.0009319921663119222
10471,0.009335618322283044
10472,0.04229147843675428
10473,0.05150845924614099
10474,0.014749463372718902
10475,0.019911753554280667
10476,0.07185643553981308
10477,0.0008630649554667181
10478,0.014505247303497157
10479,0.020644766326362994
10480,0.0294239311940371
10481,0.004571704444116038
10482,0.05588730562141246
10483,0.002680441685826633
10484,0.025816351537837998
10485,0.016902344622816572
10486,0.0009747196087591896
10487,0.0010033884676038766
10488,0.034029215183626185
10489,0.0015699021289294008
10490,0.004254549781961379
10491,0.036239933996351455
10492,0.07633602684986955
10493,0.0008783496594867935
10494,0.0008563888364800129
10495,0.001170759104971403
10496,0.04557286073813682
10497,0.019722971761729196
10498,0.03341059771211144
10499,0.03759070700376024
10500,0.184705676862707
10501,0.1720862323135893
10502,0.11721203086590731
10503,0.0010923361495070076
10504,0.012753358238527373
10505,0.02039097038977483
10506,0.005770589444169885
10507,0.10640402832697708
10508,0.1099745246659651
10509,0.006322700888414189
10510,0.0371091495154697
10511,0.0008783496594867935
10512,0.013070077326444716
10513,0.020847786281017983
10514,0.095646919210395
10515,0.00815106188733562
10516,0.42007431298887105
10517,0.03919972148210093
10518,0.10976151094265463
10519,0.09118215421714757
10520,0.3274449679604132
10521,0.0009000507694446419
10522,0.0011170748538682738
10523,0.0009832605047210877
10524,0.02453847977951637
10525,0.049149704816711645
10526,0.046428417343172795
10527,0.0024226497748095475
10528,0.0025276562358822557
10529,0.1090081898193414
10530,0.3583112725813186
10531,0.06612750849151669
10532,0.0008606100357371151
10533,0.003830355721422679
10534,0.000962588936873247
10535,0.02116323870671141
10536,0.033440582921119774
10537,0.0016544172953161303
10538,0.16356456173515255
10539,0.0041200551211767284
10540,0.009036612852093229
10541,0.006665535279113213
10542,0.05713456230898411
10543,0.07791514732018787
10544,0.08410432241049796
10545,0.0054767856525213335
10546,0.0023726448803912175
10547,0.005588989622644253
10548,0.009882737429319532
10549,0.0037611241211228342
10550,0.0018159765451023103
10551,0.010213380982841528
10552,0.0017863224294603908
10553,0.0028784400961054417
10554,0.0018183253980914797
10555,0.19476226751343242
10556,0.09490100312757073
10557,0.03383921077928333
10558,0.0013153289677033959
10559,0.0017759858334663577
10560,0.26626544096611815
10561,0.03263928764175482
10562,0.01571111485205755
10563,0.03711426018161064
10564,0.010114217375220806
10565,0.0514209896829274
10566,0.0012839816728709636
10567,0.01304856456143007
10568,0.037647474016178475
10569,0.001022590562418858
10570,0.0008089987311464924
10571,0.029239353061305706
10572,0.08387600878740814
10573,0.007338170780275196
10574,0.008675838168965489
10575,0.000867672958049371
10576,0.044606469486879845
10577,0.004379403895160079
10578,0.004842858301804438
10579,0.0011706975503617614
10580,0.021162445811205872
10581,0.000892886035153518
10582,0.32621870627400795
10583,0.018798164306010858
10584,0.0026830244466846806
10585,0.08461272477044668
10586,0.035619303722931754
10587,0.020114708515772284
10588,0.05944314133140125
10589,0.0275764742896039
10590,0.011829561878239577
10591,0.0016415114130465284
10592,0.23412296900093413
10593,0.012522766109457642
10594,0.008893189600090721
10595,0.0349607844465216
10596,0.0072976387420246175
10597,0.005361305569357235
10598,0.002461129977794781
10599,0.040149506590804795
10600,0.005671108544932045
10601,0.005989102788463647
10602,0.14548920773667448
10603,0.005130566886654024
10604,0.23945345382270206
10605,0.007893383574882418
10606,0.012080236666466704
10607,0.20116954145864618
10608,0.24606354154486237
10609,0.009055106684565472
10610,0.0009893404492010577
10611,0.0009547274101422298
10612,0.00557629901761074
10613,0.0035487403702052405
10614,0.3868325782911282
10615,0.0562733898532254
10616,0.05844113090821653
10617,0.002650206589656661
10618,0.08769931467344709
10619,0.0012528865344750453
10620,0.16974964522157293
10621,0.06911143259982667
10622,0.007962371160320468
10623,0.04045885954370057
10624,0.003730419723477943
10625,0.0068147698912958965
10626,0.01704895097562154
10627,0.023743081567169377
10628,0.9159209962915432
10629,0.18265522923591912
10630,0.006878443048832883
10631,0.0013135497533734674
10632,0.002985298024051118
10633,0.0008574271312436362
10634,0.016358251287409083
10635,0.005621959146236252
10636,0.019472205529755527
10637,0.025169958398181525
10638,0.013595790481057296
10639,0.15188339570170709
10640,0.23893756303751204
10641,0.013160357068238381
10642,0.08300319127022873
10643,0.0008974442955960155
10644,0.07154685501813798
10645,0.41452245359457546
10646,0.002410275067128019
10647,0.0009965074197058417
10648,0.017820304166587246
10649,0.1419131248065734
10650,0.006920480247733839
10651,0.16013991307356604
10652,0.07664926415871105
10653,0.0011084042546245989
10654,0.0840648661044897
10655,0.11051679559908624
10656,0.16890042309331094
10657,0.013334791856282375
10658,0.007003892320262087
10659,0.2357649842837756
10660,0.006784066043719124
10661,0.006773879321119227
10662,0.04086386276874563
10663,0.001193753690583694
10664,0.06847165052893696
10665,0.519971769699926
10666,0.012124233358154997
10667,0.03632165039072741
10668,0.01166296863899521
10669,0.19719165510710876
10670,0.04866042960288585
10671,0.0015357929842913004
10672,0.0010385813787522444
10673,0.08571475712952974
10674,0.04710207380678491
10675,0.0008586056390494575
10676,0.07190387658935628
10677,0.01069300190488156
10678,0.04494939796929342
10679,0.031236403106695287
10680,0.018427505246470584
10681,0.17689641589241004
10682,0.48413197572225936
10683,0.8468416420605297
10684,0.0008874115081634828
10685,0.01211993282097012
10686,0.027100528326204226
10687,0.07151532750390142
10688,0.008951495475128895
10689,0.12558235488981773
10690,0.011710660640855927
10691,0.019649687432204535
10692,0.009858533164678959
10693,0.02876163619251839
10694,0.05735913193560133
10695,0.47525686257887106
10696,0.02672471107260366
10697,0.015849606907743882
10698,0.10905412471949179
10699,0.0008480317432397653
10700,0.035931890493158404
10701,0.05150235101717487
10702,0.01615532050404259
10703,0.003529133041676503
10704,0.006050545439230216
10705,0.3220098106530554
10706,0.0008928132070795829
10707,0.033571048074885576
10708,0.004328008049279447
10709,0.015828119675294232
10710,0.009522643855923937
10711,0.01212758551814958
10712,0.07820563640254827
10713,0.008896134503647096
10714,0.1458444900041931
10715,0.23422737591252035
10716,0.061205431121614355
10717,0.00305011971039982
10718,0.17354599840625973
10719,0.22670238796930225
10720,0.09126605000746693
10721,0.009411146366527649
10722,0.0010801111992590846
10723,0.015373494146789133
10724,0.0056788705673896
10725,0.004249346537481036
10726,0.01714907197891064
10727,0.0009031721469007823
10728,0.0009063029909624198
10729,0.08157997246953694
10730,0.17856702834168825
10731,0.054457302518408905
10732,0.0394327763086441
10733,0.0008802191401066338
10734,0.02160050668396652
10735,0.025932588847196184
10736,0.07856349064977863
10737,0.0156619064712693
10738,0.06615026293826183
10739,0.0009682288680199446
10740,0.04944033446723911
10741,0.12449373269769189
10742,0.02119698387201766
10743,0.07738568709132457
10744,0.014086631440295583
10745,0.19514151202565186
10746,0.00974623942573441
10747,0.005854433751846109
10748,0.014234462883086224
10749,0.0029857902910037522
10750,0.06282552763729511
10751,0.043029002274083954
10752,0.017160891141991506
10753,0.0023630932185355422
10754,0.0023619643785848274
10755,0.0035905196410628087
10756,0.21182028911286802
10757,0.02824049319341926
10758,0.052290305456287905
10759,0.019006656379749052
10760,0.0100906572726944
10761,0.038101277268163966
10762,0.004277946297911294
10763,0.013223471126743998
10764,0.008927732793391319
10765,0.0022363581444576615
10766,0.0028226267674955363
10767,0.010349923736917852
10768,0.010234155756266307
10769,0.10236599980367553
10770,0.004053417474965339
10771,0.009327621675566953
10772,0.045175837138746434
10773,0.4358195776501936
10774,0.09830058170469645
10775,0.015491687863674917
10776,0.0046981232046309634
10777,0.04621509187219406
10778,0.11622850180095448
10779,0.4479191357576806
10780,0.0613944436650283
10781,0.006762889919640067
10782,0.0018935429197561066
10783,0.0008327706656383738
10784,0.0059117790571136435
10785,0.18409134257650803
10786,0.04464552711174301
10787,0.028390918666732712
10788,0.2708467227477582
10789,0.4174086999773787
10790,0.008982689803084237
10791,0.000838362401138588
10792,0.0010084402584377285
10793,0.025654029496864437
10794,0.25996741972049653
10795,0.0759174522297993
10796,0.0013319815440883667
10797,0.004269182214867505
10798,0.06305315810575488
10799,0.06963673787870607
10800,0.04321819498941922
10801,0.012818070197982903
10802,0.01603556460881146
10803,0.5452148844783965
10804,0.13559762400163144
10805,0.011278404815139722
10806,0.014426853065377568
10807,0.045426717072441884
10808,0.044321972222618036
10809,0.31944438840400097
10810,0.09531956688046653
10811,0.08095972856270896
10812,0.016296159340287147
10813,0.01621485462009687
10814,0.08752378370711832
10815,0.020748784059554954
10816,0.0015694209865457132
10817,0.000861653151201873
10818,0.029068337426852577
10819,0.0009798055723055123
10820,0.0009519309602853028
10821,0.0014852900966977425
10822,0.002068710567473412
10823,0.03930097117646402
10824,0.15328296222431603
10825,0.015067893601173317
10826,0.004397944640062959
10827,0.07961585871777148
10828,0.042789625612149995
10829,0.023483693458799717
10830,0.06301896601856287
10831,0.013081583503286877
10832,0.05955950279055536
10833,0.03917420108207419
10834,0.007760296151386614
10835,0.014280328422725492
10836,0.09393499613592118
10837,0.22364292720737175
10838,0.15242952439605725
10839,0.08612299110870884
10840,0.0684211460095169
10841,0.1553024738038484
10842,0.2934810135221369
10843,0.20928914008943866
10844,0.027738801941336853
10845,0.30998014939141955
10846,0.024282665930614202
10847,0.048749247077296665
10848,0.4488149358483138
10849,0.0876810733497038
10850,0.044199889603682915
10851,0.07387201079390437
10852,0.002202890353482524
10853,0.008497901949344931
10854,0.011983418885490404
10855,0.008297030941592785
10856,0.0033590328258942576
10857,0.007710489698820198
10858,0.05404871034880364
10859,0.024730488853720464
10860,0.0009161843746289477
10861,0.11765817200459382
10862,0.012963609347569268
10863,0.09870238937021564
10864,0.04699109962395804
10865,0.013992594972275894
10866,0.0077480888488873035
10867,0.018593246580866373
10868,0.0017520125690276157
10869,0.009623610644968058
10870,0.019681751261150064
10871,0.33237473505726084
10872,0.0035012259820289917
10873,0.152214064921587
10874,0.005309291133721519
10875,0.03805947764750579
10876,0.013711399890444861
10877,0.003963915099900816
10878,0.0013212818355777158
10879,0.039463904686713375
10880,0.04398870724249444
10881,0.021612602563348224
10882,0.14548015112275794
10883,0.004657809955143894
10884,0.0010612103158975938
10885,0.223404356001616
10886,0.01232630464133242
10887,0.08280186682584381
10888,0.01321774359339798
10889,0.05854300638412983
10890,0.0037011363952007244
10891,0.3655660040081749
10892,0.019163582988424487
10893,0.12681266838114394
10894,0.0010359364964964458
10895,0.0010228366640598454
10896,0.004298052358670612
10897,0.0013122782755958895
10898,0.14885921279223413
10899,0.20720212432797155
10900,0.01414548366168469
10901,0.09483263932343323
10902,0.030881431390314462
10903,0.017216334842891767
10904,0.056246474141328266
10905,0.09326078483832843
10906,0.13636850420410196
10907,0.012660264842451661
10908,0.007469353923467926
10909,0.3068145927257981
10910,0.0008376063170980099
10911,0.007818571032367144
10912,0.030149936204996
10913,0.004571525458850851
10914,0.012516234513344634
10915,0.2598253524026632
10916,0.001450443010988939
10917,0.18834435685882883
10918,0.00745084422523434
10919,0.10598444596104098
10920,0.018524717124135417
10921,0.08989466846520845
10922,0.05303574733945875
10923,0.008802585121582647
10924,0.2367941344904332
10925,0.08057480480032884
10926,0.036931522653430006
10927,0.0011743489158329789
10928,0.019683032152714122
10929,0.12577536126887615
10930,0.03948711862167788
10931,0.007172258843622425
10932,0.006633779633271091
10933,0.007896538046804319
10934,0.07120730109392552
10935,0.006346636008264242
10936,0.0017636411766621327
10937,0.009925043355219623
10938,0.028651899626080255
10939,0.007591067711248493
10940,0.04896438620725679
10941,0.009124089068777867
10942,0.021831721876306102
10943,0.11243574302381203
10944,0.07775770012142019
10945,0.012145683342629733
10946,0.035914592804771925
10947,0.0008720768064054453
10948,0.03175676080804325
10949,0.2799265507083699
10950,0.013981488235690528
10951,0.06620829708021402
10952,0.16872399834834956
10953,0.39924859891316533
10954,0.0018068738854412096
10955,0.009515673311492208
10956,0.08285714082039569
10957,0.0403840404544454
10958,0.019544820063146395
10959,0.009632544847794472
10960,0.003334801149022898
10961,0.0008152304944090434
10962,0.0026337439184200883
10963,0.030013728940477765
10964,0.010933526587447076
10965,0.04452221438276235
10966,0.0010498307592246678
10967,0.6292182798814939
10968,0.01123742008322868
10969,0.12493215462076948
10970,0.010656690738774377
10971,0.06118155271837443
10972,0.08282386684530191
10973,0.00915002594711095
10974,0.0015494351097477244
10975,0.11375312226649131
10976,0.1032579501638372
10977,0.21773568516264377
10978,0.07992757891863718
10979,0.9914946667937711
10980,0.020909555558705818
10981,0.14207409662703618
10982,0.03846456522716218
10983,0.02995985095972941
10984,0.16967846422627944
10985,0.02904347894815209
10986,0.011322007427632595
10987,0.10085067681016219
10988,0.012156316963708964
10989,0.00753610124319423
10990,0.01347734026573869
10991,0.13288299832708325
10992,0.04973380148278146
10993,0.001172967541339305
10994,0.6477919459446561
10995,0.0028696381092524334
10996,0.2667923103326412
10997,0.1605478341623532
10998,0.11847819266723474
10999,0.0010993442334943516
11000,0.0016865790540510064
11001,0.9913520073779362
11002,0.07614794444645268
11003,0.012723382017666516
11004,0.0020161399684958635
11005,0.0024278230272683277
11006,0.027666128170759068
11007,0.20274252372950524
11008,0.03627582378756607
11009,0.019929321427437523
11010,0.08952195093116833
11011,0.060540223541077874
11012,0.03892367648380679
11013,0.03499752474179291
11014,0.0014852361312339953
11015,0.0008428101000798666
11016,0.10891855071471579
11017,0.0041667841778465515
11018,0.0521068006293923
11019,0.0008176871042641007
11020,0.04362207925646856
11021,0.006546100048028553
11022,0.0010786117479939883
11023,0.0012932566387844524
11024,0.055227945082353555
11025,0.09500020533761439
11026,0.0008718536924000993
11027,0.05165322545300828
11028,0.01072573663011798
11029,0.012788694176377251
11030,0.018239078188049863
11031,0.018020460926489564
11032,0.017310593816506296
11033,0.3564572300341519
11034,0.0008683192141207504
11035,0.06792387236767279
11036,0.05596675439856894
11037,0.001466677689065641
11038,0.02250773556899155
11039,0.04086193843850579
11040,0.0023731045766348133
11041,0.0008428687575461826
11042,0.0008832086176162255
11043,0.012436352097322273
11044,0.004982308712040958
11045,0.0012159080797447574
11046,0.3394282781815366
11047,0.023333316453942887
11048,0.027247209096346064
11049,0.018640782990820934
11050,0.0033942344075368882
11051,0.003909358488993004
11052,0.286825322408334
11053,0.05104295217967494
11054,0.021202550836903353
11055,0.5369917479507789
11056,0.17188488032559981
11057,0.017197531029776794
11058,0.0009131640249836076
11059,0.03591836889552362
11060,0.0343808764272892
11061,0.2571619993788808
11062,0.0036084614567148563
11063,0.0009029140068574491
11064,0.023404900351753227
11065,0.02117168465008504
11066,0.044955947196691944
11067,0.027872286667460288
11068,0.04522679696863777
11069,0.2462587282736595
11070,0.07955379220506623
11071,0.3501223307330996
11072,0.011877447603510397
11073,0.06523325881621399
11074,0.03995082536563421
11075,0.032104291772337305
11076,0.23114782577140477
11077,0.005958490582359295
11078,0.0016336982108830153
11079,0.08300016787602292
11080,0.005143098612035483
11081,0.0031211264176836885
11082,0.058623606776428604
11083,0.05917918803286282
11084,0.0026334586849764245
11085,0.000918651376908198
11086,0.029138782525693834
11087,0.04093829176496587
11088,0.10736179190423406
11089,0.10836191129919442
11090,0.06725886847057519
11091,0.1109493351191269
11092,0.010758967018750065
11093,0.06958179654966755
11094,0.010184834295128977
11095,0.004844162604635599
11096,0.5073227436583184
11097,0.015928188835701337
11098,0.0325168457367004
11099,0.03581360604120439
11100,0.013120236438831518
11101,0.3233548941610209
11102,0.008308574718951162
11103,0.014388592583542931
11104,0.12903581542935952
11105,0.04433505631668574
11106,0.13757200705468176
11107,0.018436683773380078
11108,0.15567008655449432
11109,0.0009784344007547038
11110,0.0701292483005968
11111,0.01013183581749865
11112,0.0919879207712415
11113,0.006537654755248996
11114,0.0049398628860053044
11115,0.12036405675040113
11116,0.029093576003614587
11117,0.26425533438331733
11118,0.02316502955933669
11119,0.18434154287510762
11120,0.143538714736277
11121,0.0014770194745328087
11122,0.03769032112392353
11123,0.01291241093399605
11124,0.10487221041925106
11125,0.3529036738827161
11126,0.10993174482007609
11127,0.15334005708476967
11128,0.26159804550148974
11129,0.008054178337865224
11130,0.01005730804490607
11131,0.009697312459617788
11132,0.011339326627983592
11133,0.09496428559582794
11134,0.06529758060537404
11135,0.03969200749724837
11136,0.2805949082365353
11137,0.017288744849239545
11138,0.0022726012630150108
11139,0.0063868495038718505
11140,0.014806315251610618
11141,0.04231576731851221
11142,0.043771057279933724
11143,0.1206544552518483
11144,0.054513054901449955
11145,0.017557254264672428
11146,0.023523072446055646
11147,0.1264435327863249
11148,0.007860300628802722
11149,0.007602723582241131
11150,0.0064222340257337135
11151,0.06855661961001008
11152,0.14923942627969458
11153,0.060289002787727364
11154,0.1267475180942387
11155,0.0015673211131779553
11156,0.05433591939960002
11157,0.006199763475199085
11158,0.009752758872038254
11159,0.12280204035711473
11160,0.0019970321155062965
11161,0.0010165935833325482
11162,0.0008924415980625942
11163,0.0032795461720698505
11164,0.01124053798520794
11165,0.0008521847995094546
11166,0.006449949523167432
11167,0.022013944832973514
11168,0.007111025693055871
11169,0.005577768218987649
11170,0.00114349690170634
11171,0.3139697705731289
11172,0.0032503589334116484
11173,0.010372743986648872
11174,0.27808257665653013
11175,0.007988764838681078
11176,0.007190651387228206
11177,0.0010470277557038052
11178,0.01399999969088518
11179,0.0034811066535488343
11180,0.0021504121764252125
11181,0.012686971579625344
11182,0.028925039564999765
11183,0.35240799473299295
11184,0.0070592248820580145
11185,0.0030056438709340494
11186,0.3759598811483141
11187,0.4251150933275707
11188,0.0019626680290264834
11189,0.006374970735673246
11190,0.004056444440857164
11191,0.2535361839965731
11192,0.0009789884475891217
11193,0.000923446632064595
11194,0.01925117387313456
11195,0.11035740266056603
11196,0.003203348104985495
11197,0.000889705727748837
11198,0.024109797717661138
11199,0.12768583009850987
11200,0.019117652543881914
11201,0.004685209849004581
11202,0.1912247812949088
11203,0.00450815341165658
11204,0.00336556572323387
11205,0.04848200835229551
11206,0.22457061363831632
11207,0.003889997903804734
11208,0.005391798292009539
11209,0.15411456018459063
11210,0.005006780168870884
11211,0.0011099522240142897
11212,0.01358190462865603
11213,0.004599441264783546
11214,0.027181858467323464
11215,0.04328530303522568
11216,0.0035554688637244084
11217,0.004421093100452917
11218,0.03611955216409263
11219,0.014491892232299792
11220,0.048953545196240816
11221,0.3325790089096227
11222,0.017403376628437984
11223,0.018673021534868245
11224,0.015261143521948302
11225,0.4973357150496366
11226,0.23188689871426915
11227,0.0061724685776865665
11228,0.007381705862092507
11229,0.32528794623134394
11230,0.0031054933206983663
11231,0.04043330827971799
11232,0.11116746719077218
11233,0.015445293128078222
11234,0.020361612632495998
11235,0.0011358734470659675
11236,0.005272068299304045
11237,0.05069441205248062
11238,0.03772462563787892
11239,0.022330478099994926
11240,0.014962995489851225
11241,0.016410008910144835
11242,0.014441174947236486
11243,0.04174072012671492
11244,0.002202013597269223
11245,0.002755376190239941
11246,0.11849150993024479
11247,0.028358080820185438
11248,0.021956382554890765
11249,0.08858381090856607
11250,0.0008261245339814163
11251,0.01891017851651977
11252,0.00739775206728649
11253,0.07896726434943756
11254,0.042679340338735196
11255,0.0010380563335397831
11256,0.03091405993151478
11257,0.09168446327784043
11258,0.01342863810536007
11259,0.22714485008560872
11260,0.03534349033666124
11261,0.18582991698361234
11262,0.12122428673438525
11263,0.0010341238683731564
11264,0.0015988617558349916
11265,0.046569134738616895
11266,0.31952906875884535
11267,0.1818154332047327
11268,0.13852919585826642
11269,0.005358502607274018
11270,0.013169221858490808
11271,0.26188096126524163
11272,0.2001411677597206
11273,0.009029549906415975
11274,0.07797256586433207
11275,0.05278731585145944
11276,0.06603787275871628
11277,0.0346148597069584
11278,0.09719622415999025
11279,0.0008592387840245409
11280,0.13246473404087394
11281,0.34414152173706214
11282,0.007842713748501654
11283,0.01366826823344247
11284,0.056328806575920896
11285,0.018282081908896124
11286,0.0016679804016833612
11287,0.02022762288739396
11288,0.01030766664945003
11289,0.013582746519895076
11290,0.0025691178896231114
11291,0.07770319035724736
11292,0.0022154258222648556
11293,0.024582543522244173
11294,0.05520460490624874
11295,0.0010641120460694552
11296,0.0015530052696137169
11297,0.029295580841515175
11298,0.6182400620033123
11299,0.016305116414302743
11300,0.0755864854450297
11301,0.6164984137132453
11302,0.024924059231296466
11303,0.042139261105494555
11304,0.015512092007679987
11305,0.002820562280442507
11306,0.0520316884761346
11307,0.06096157639178257
11308,0.002986528319120528
11309,0.0010448459142485612
11310,0.023990430010891056
11311,0.11763459731150794
11312,0.008150113099156043
11313,0.0010803497107709649
11314,0.0008471045426467127
11315,0.003179437907537473
11316,0.025934710543251516
11317,0.07068224991336765
11318,0.0013026567220244837
11319,0.18401684257959638
11320,0.06320532893155396
11321,0.011069252985086802
11322,0.1092197232057203
11323,0.0069549976112909745
11324,0.10577089888626527
11325,0.0011485480154095845
11326,0.03084178445209682
11327,0.009376915725951122
11328,0.019481636714096317
11329,0.22564187344288628
11330,0.0014104613750766674
11331,0.014356209110368211
11332,0.04262957937546662
11333,0.011578740355839128
11334,0.016326312900127385
11335,0.007708379545314494
11336,0.016173686913517536
11337,0.5005679146598431
11338,0.14183315083921683
11339,0.04616157620524873
11340,0.004351240634000878
11341,0.060268776165317284
11342,0.0034328226423746768
11343,0.0008606100357371151
11344,0.0008680567459184605
11345,0.016074236943094584
11346,0.05516330005880256
11347,0.05602881318368146
11348,0.03177358883406497
11349,0.019114085095613197
11350,0.057658577162485354
11351,0.33642613654247605
11352,0.04670037661792197
11353,0.06519328874072283
11354,0.03946085723316207
11355,0.1987766335583196
11356,0.03966739163991503
11357,0.05181650384290657
11358,0.013313083308376565
11359,0.05097922471228644
11360,0.33646517882533883
11361,0.0039015773647450226
11362,0.06030622889670133
11363,0.019486826419426645
11364,0.03501761260178788
11365,0.07129568372016186
11366,0.0017923265013408424
11367,0.22241757038248094
11368,0.013437601266937447
11369,0.03608467681797871
11370,0.0011166738134799747
11371,0.019021638527634655
11372,0.000854520072743041
11373,0.013950064166775593
11374,0.014441469659353718
11375,0.011068316807602145
11376,0.002867335980677393
11377,0.011991044896920164
11378,0.001724949996597268
11379,0.014835940139037527
11380,0.00108582233815602
11381,0.007819285512435837
11382,0.004480821884673198
11383,0.01936098235281438
11384,0.05521427656537894
11385,0.0642820740728814
11386,0.0019069327465809265
11387,0.024297145792009454
11388,0.40241066029868955
11389,0.21592424421659695
11390,0.10493322224648007
11391,0.018855715680024084
11392,0.001188859762610734
11393,0.2052673238790422
11394,0.24407493579567943
11395,0.0026393075384384193
11396,0.03485963528681691
11397,0.053373421432637944
11398,0.2841257759083186
11399,0.002548714855239701
11400,0.0026683425020506283
11401,0.005287431502676609
11402,0.006140128693613069
11403,0.0743257292110885
11404,0.7870902760319762
11405,0.2776862229545127
11406,0.004532447545190683
11407,0.07206738715472578
11408,0.6071351541443736
11409,0.005365785420782292
11410,0.010941972793097249
11411,0.011658667306205722
11412,0.0621895499690106
11413,0.07823563153905677
11414,0.002939177916339425
11415,0.014323066936913374
11416,0.05133169228125706
11417,0.0019443440637641218
11418,0.0024363061491702756
11419,0.013548850547868982
11420,0.0076732500415570785
11421,0.0012347445639563103
11422,0.07517568385620349
11423,0.09185911663514355
11424,0.05800858322079138
11425,0.002424851271653778
11426,0.11850782300899568
11427,0.0011618443313942907
11428,0.020634172169576102
11429,0.008618128287881072
11430,0.14358333364961198
11431,0.006056586741799293
11432,0.6562067363889966
11433,0.03579151250607789
11434,0.2065941544147892
11435,0.01759801243962229
11436,0.013801833421349257
11437,0.01413246371832481
11438,0.13991225084668757
11439,0.1274934026131048
11440,0.007504993143471851
11441,0.21464103365105708
11442,0.014937273937135565
11443,0.14365774731208897
11444,0.16848379133827504
11445,0.2061256329639377
11446,0.01522711475630604
11447,0.003566018409710469
11448,0.02145064302447958
11449,0.06267578558239963
11450,0.10805869639460271
11451,0.0026598373960684298
11452,0.022319519376661916
11453,0.4950330038547473
11454,0.003242676064161735
11455,0.00119229584167845
11456,0.033642079017451906
11457,0.020167531861307916
11458,0.003414002041071382
11459,0.0030747765146353027
11460,0.04671923372926286
11461,0.09978574930229081
11462,0.004283170721718669
11463,0.006017919595339263
11464,0.07901622565611213
11465,0.0008514290937751538
11466,0.013309108365265058
11467,0.003638730905072653
11468,0.18557777588486835
11469,0.044960501063696756
11470,0.04121159006828597
11471,0.022981533307855753
11472,0.026689339448206215
11473,0.06218263867508351
11474,0.7213749413661691
11475,0.07186739395699025
11476,0.03546932860448873
11477,0.01208295946059372
11478,0.015111432572599453
11479,0.011302071292646121
11480,0.004667768298214655
11481,0.022116590991168746
11482,0.14942517409139772
11483,0.0036966878229666134
11484,0.07281447427834539
11485,0.0016599641206671205
11486,0.5677956752512345
11487,0.004132044293914233
11488,0.06386151110804036
11489,0.043510906142647125
11490,0.026411527954351838
11491,0.01586902593223783
11492,0.03745202670600537
11493,0.008409089755323753
11494,0.015027220851960852
11495,0.080970616318123
11496,0.009426562743520755
11497,0.019762937054180356
11498,0.12200213619945927
11499,0.4037373472779441
11500,0.01027835648316119
11501,0.023397340774760994
11502,0.0026805792750877995
11503,0.02397257191972055
11504,0.1763157112042268
11505,0.024680912399961896
11506,0.403721434721819
11507,0.013935726389741653
11508,0.007427534172468585
11509,0.007927363678881364
11510,0.004489198371875755
11511,0.022754204901538136
11512,0.0122265930834175
11513,0.007498152278394932
11514,0.5950549518513837
11515,0.010233761509069725
11516,0.05918437514941725
11517,0.024274904292753422
11518,0.007426436977786337
11519,0.10233931397526078
11520,0.0008307491994234245
11521,0.0020051108733035138
11522,0.0009580481027549228
11523,0.009411333276622136
11524,0.13619826243045785
11525,0.0012116294105171464
11526,0.10635504497994154
11527,0.0017477834076115074
11528,0.03354993101829147
11529,0.28693450534835185
11530,0.009246402819800256
11531,0.004957717550064674
11532,0.0008890634250807604
11533,0.003461915471463775
11534,0.03688777446088624
11535,0.0021342447524895667
11536,0.0008743377695026478
11537,0.10425702647487568
11538,0.13294895389893216
11539,0.020824993221140942
11540,0.008695099068339918
11541,0.0008438309063069754
11542,0.00262785668795411
11543,0.009590423049154514
11544,0.012656023221639008
11545,0.007828937464357462
11546,0.0010665229660386222
11547,0.06695452890805867
11548,0.003891610030600932
11549,0.012312602116912638
11550,0.009155629329052221
11551,0.10514438984163876
11552,0.0009622153326637033
11553,0.055947285023085935
11554,0.0033738681706596382
11555,0.06702407126915684
11556,0.019534195812399607
11557,0.0842107085028991
11558,0.029114554021081422
11559,0.004918523529315585
11560,0.00192729584968665
11561,0.09766292274303282
11562,0.011323673583962964
11563,0.3920418541662104
11564,0.012950187735305698
11565,0.9914146573634107
11566,0.008815187385859102
11567,0.003157341841207974
11568,0.0028703554397712704
11569,0.001880840568703525
11570,0.01998887838880185
11571,0.001050326765034755
11572,0.035869361012093676
11573,0.006524160722579559
11574,0.0018241100809232881
11575,0.3420054179682175
11576,0.055583399766782976
11577,0.002865474585142475
11578,0.4042878620488096
11579,0.007529369173555538
11580,0.010524044444327597
11581,0.0027771280185456626
11582,0.009800544521923235
11583,0.0012532025881115518
11584,0.012656813886080495
11585,0.007245375632631629
11586,0.12133993400532
11587,0.002210428644778746
11588,0.07841788797176967
11589,0.07120601760100927
11590,0.0010019871756680768
11591,0.016328373288916
11592,0.00556426504919907
11593,0.005322334829771068
11594,0.1465535665492945
11595,0.1580873397744569
11596,0.008767030443617251
11597,0.0028187690263341966
11598,0.0362758025497253
11599,0.001179832447150976
11600,0.0843462684141543
11601,0.0010192648040334522
11602,0.23059078695024054
11603,0.29733808956167723
11604,0.2298010217872795
11605,0.0010189110857504481
11606,0.0011875298013026277
11607,0.01818976312787966
11608,0.035573771535188904
11609,0.02710647384781943
11610,0.0012284977084275686
11611,0.0009953316250363707
11612,0.0016495972471752992
11613,0.0009285999155125529
11614,0.0010475822040063342
11615,0.0015949229705405185
11616,0.0010348093799393003
11617,0.6877364373646717
11618,0.030997498469587728
11619,0.001037599112858646
11620,0.03868215403372138
11621,0.14522255104743098
11622,0.0010115046412441458
11623,0.0015975855270930906
11624,0.0044523061910473885
11625,0.0034254102942165693
11626,0.00510989158604998
11627,0.001027163711139914
11628,0.0009220887501102324
11629,0.0012853061157645771
11630,0.11050683574653615
11631,0.009719983993641235
11632,0.015916052517289996
11633,0.35307285556898477
11634,0.16817737881694658
11635,0.043596114899594876
11636,0.0017934304543724621
11637,0.000900597895676165
11638,0.0008460821495605037
11639,0.0011156338585333048
11640,0.003060144268019229
11641,0.048924837619016046
11642,0.11384973531778488
11643,0.0010516470909466317
11644,0.3908081570330577
11645,0.24668276644047143
11646,0.0011519652829122702
11647,0.0009694626830687263
11648,0.0010648245973253995
11649,0.0009020574081937942
11650,0.0010433868851879651
11651,0.023983815325391993
11652,0.0025482240143057575
11653,0.01013611430005483
11654,0.001199365498565125
11655,0.0008864707008215795
11656,0.0009031721469007823
11657,0.1209949612830907
11658,0.0009313724393771922
11659,0.005846703758540221
11660,0.0019404818759706927
11661,0.0008598448393078612
11662,0.23989706144256825
11663,0.0008603006557449829
11664,0.0008913005691801355
11665,0.000847406280283763
11666,0.012932079433768656
11667,0.0010297336527884502
11668,0.004162162972949693
11669,0.0009255284412919449
11670,0.01181038155795
11671,0.0015952652199903478
11672,0.005997353260725201
11673,0.0013346590394561085
11674,0.003856845678483825
11675,0.002751600107111693
11676,0.005229575232882191
11677,0.0010228200599146978
11678,0.0009623571393950139
11679,0.001373109963736263
11680,0.0016695595334680498
11681,0.0029269810982845224
11682,0.0030716280338995757
11683,0.0011013171928376969
11684,0.001159526798254195
11685,0.0026041672480002936
11686,0.0009506540867650677
11687,0.001545955723512633
11688,0.00132093291864776
11689,0.015128581031964345
11690,0.001027163711139914
11691,0.0010854808671330882
11692,0.002477885896642486
11693,0.2717891167001558
11694,0.10889795209146658
11695,0.0008443767268051633
11696,0.0009655268829949617
11697,0.061277893630306585
11698,0.0009915179798478558
11699,0.12271385088647631
11700,0.0050961444491650215
11701,0.0009092109192453767
11702,0.002940100432920088
11703,0.0008621683494542482
11704,0.04672927081257422
11705,0.40377362462109345
11706,0.05150764826208544
11707,0.0008620741169346362
11708,0.003542089888072293
11709,0.009513378413578313
11710,0.0026303435537426553
11711,0.0032238118315334623
11712,0.001613392746680579
11713,0.010434589143577774
11714,0.01831602774456716
11715,0.001237849201135685
11716,0.005081464504176385
11717,0.0008658377590471003
11718,0.0009064079443078713
11719,0.0010329896687695831
11720,0.0008940893770369636
11721,0.0009564443995760768
11722,0.12661242760490773
11723,0.005140733705846004
11724,0.00802855446786778
11725,0.013635502610831017
11726,0.001966006171249197
11727,0.0051570087927117385
11728,0.0008570700430683485
11729,0.10476898794131193
11730,0.00835056109115768
11731,0.00620378951311299
11732,0.0222530814998468
11733,0.04527009621556454
11734,0.04469944131568554
11735,0.2618138718840273
11736,0.008814362143196466
11737,0.0022993258152138327
11738,0.003012431872018645
11739,0.0009497852466157037
11740,0.15671346329302802
11741,0.009047860497122848
11742,0.001065686198975802
11743,0.0009809760104639118
11744,0.0009759947371795527
11745,0.0015429234440756244
11746,0.002260144107432766
11747,0.028530128944215048
11748,0.0008924576103591169
11749,0.00095767407820986
11750,0.0012724209254978789
11751,0.001413979406597506
11752,0.001834497424351674
11753,0.010927221849799891
11754,0.09222766177868717
11755,0.0008598448393078612
11756,0.0008663230207344136
11757,0.0008729415008701697
11758,0.0008876913111548617
11759,0.18979104690823626
11760,0.0008476676924459586
11761,0.0010921291293814672
11762,0.02354637231406738
11763,0.0018151483252991628
11764,0.0031396669051246837
11765,0.000881315250441995
11766,0.006137858010585793
11767,0.000935797839598917
11768,0.008660097770300025
11769,0.003193629409434442
11770,0.002641550554532543
11771,0.0010655515763561352
11772,0.0028247478101727716
11773,0.001221486548629846
11774,0.0010600885628722283
11775,0.0010190661580128275
11776,0.0016062186031685806
11777,0.0016922994416890024
11778,0.0816625421288424
11779,0.3922872173688408
11780,0.239073589389623
11781,0.07511226470932239
11782,0.04559795646133365
11783,0.015440740192086848
11784,0.12669752542192517
11785,0.03687323584039718
11786,0.0009693969696386662
11787,0.005589436945030618
11788,0.04858414447222565
11789,0.008246086202266375
11790,0.0010108138586537368
11791,0.00313978079581779
11792,0.0022780307910313267
11793,0.013998780875037914
11794,0.016873997314476894
11795,0.015312197028169343
11796,0.002879813676451604
11797,0.7462671152017863
11798,0.00316862116425295
11799,0.007864502041723932
11800,0.0011928784928491975
11801,0.00087592088110156
11802,0.0024515645251129026
11803,0.021986061258972765
11804,0.07421337914281602
11805,0.22359512044628496
11806,0.0009229870022639784
11807,0.004642861737712133
11808,0.06893939377044367
11809,0.26265683237438625
11810,0.005817328584076227
11811,0.0016763853127476286
11812,0.0015645565705831503
11813,0.0011967518359440525
11814,0.0009280222540361443
11815,0.0008831457972195416
11816,0.09831722903875822
11817,0.06582439001184039
11818,0.0009838408316315238
11819,0.0035128059368992183
11820,0.004609151758034545
11821,0.0013555548055094635
11822,0.0008480317432397653
11823,0.0008430865314858094
11824,0.028330285744612254
11825,0.0015945109495067132
11826,0.002826989530785746
11827,0.01797944122427253
11828,0.0055134853455522355
11829,0.004747788675597557
11830,0.017903532732529627
11831,0.001933330977833079
11832,0.07571044031645842
11833,0.0010716440663856327
11834,0.01127207352348546
11835,0.0016218723409010527
11836,0.0024368676827596263
11837,0.0036011312008189136
11838,0.0008699571077298083
11839,0.0010150922296652107
11840,0.001202882185909855
11841,0.023971421769376035
11842,0.0009715373566232306
11843,0.02003939274124653
11844,0.004148549231780613
11845,0.0008703692040998942
11846,0.0033578191488555565
11847,0.0015832665696229116
11848,0.0009318860086375299
11849,0.0010469895135266705
11850,0.0010321228123094035
11851,0.04790796086570411
11852,0.0033254801712699605
11853,0.016103042036098206
11854,0.007115976705677559
11855,0.0018683619714036346
11856,0.0021510887126489817
11857,0.003362933954699338
11858,0.0009062651906805346
11859,0.0009759947371795527
11860,0.001212428982011868
11861,0.0009512705263591986
11862,0.0009892063718224848
11863,0.0008786897513603423
11864,0.0039934266700038445
11865,0.0021978413366809113
11866,0.002901987648865456
11867,0.00544656239228868
11868,0.11443342188230546
11869,0.031234476904930492
11870,0.11958145039827346
11871,0.0063157603150896455
11872,0.0028792058491947936
11873,0.002031897264611414
11874,0.014661236062565891
11875,0.0038152252316308944
11876,0.03672755852819709
11877,0.0037400892828683046
11878,0.02819832563400911
11879,0.0013932573007072633
11880,0.003367789835630872
11881,0.0019433760578067693
11882,0.00087984104691805
11883,0.09369623610536845
11884,0.24704712554565564
11885,0.0010864027300351152
11886,0.001872449100836532
11887,0.00992820924392066
11888,0.13632323628427395
11889,0.2868403992347938
11890,0.24139475351948209
11891,0.02067633955282354
11892,0.005749134321129125
11893,0.0008649116332876829
11894,0.003334958332486166
11895,0.0024429586338642795
11896,0.02476778343523658
11897,0.003091342255680698
11898,0.038710779856638955
11899,0.000900597895676165
11900,0.0056007214757767924
11901,0.013349419014993065
11902,0.008199298793743244
11903,0.07418861375042747
11904,0.0032591124414992774
11905,0.0010227757790434646
11906,0.0011531456316506913
11907,0.005031462143049448
11908,0.01326982340844458
11909,0.007964337141255797
11910,0.0017306140413575514
11911,0.0030370440391660563
11912,0.2263774309042008
11913,0.0012443791934683157
11914,0.0012752514417469132
11915,0.3601665181325393
11916,0.004988774023578083
11917,0.005380185561478315
11918,0.001168770534607567
11919,0.0013802836811202034
11920,0.0011199734374208307
11921,0.0009247104916093758
11922,0.004254368122780325
11923,0.0027767221037415034
11924,0.0012416140628254294
11925,0.0010925209556400834
11926,0.0010530294659849748
11927,0.002966636588483643
11928,0.0008814350970953375
11929,0.0017077509155491199
11930,0.0026537040373168733
11931,0.13439699591833887
11932,0.03750548022595677
11933,0.0011600718409558604
11934,0.0008949351813656056
11935,0.00544377776541995
11936,0.02340054282117352
11937,0.08465640074659429
11938,0.0026211368834364707
11939,0.6184544392465386
11940,0.004820946969077209
11941,0.004133458152988975
11942,0.018951122144910907
11943,0.007900642870534226
11944,0.008013754101891589
11945,0.0019479312631293841
11946,0.0015671816875547815
11947,0.012204978654473269
11948,0.022051019317052414
11949,0.0412355564212347
11950,0.0010853105457676582
11951,0.0017891957304612524
11952,0.0009079747256796099
11953,0.04066772646266571
11954,0.0019299993675343848
11955,0.0008928987892816333
11956,0.0016295324766407264
11957,0.01126615554219925
11958,0.011872064991412754
11959,0.0009602719399266651
11960,0.0009032150980604795
11961,0.001499620345207142
11962,0.000888309269583116
11963,0.0014135781087445177
11964,0.19931930671900672
11965,0.024630770183896714
11966,0.002449971627100236
11967,0.0009323452238696659
11968,0.5584408288519173
11969,0.026888308042258346
11970,0.0020699645920675643
11971,0.022584509674902026
11972,0.6583800513241161
11973,0.015480952778367467
11974,0.036354769168770174
11975,0.017338904610226923
11976,0.0008612627580166285
11977,0.04361226575880851
11978,0.0010011757337036126
11979,0.004069280852443453
11980,0.002970377755547829
11981,0.0025565019153562965
11982,0.0008979771935389984
11983,0.32476831638330794
11984,0.3791456926241558
11985,0.0017141523490618695
11986,0.015086877285317641
11987,0.007552594723084945
11988,0.001233792678449719
11989,0.0010925209556400834
11990,0.006191304016259395
11991,0.02680005059958047
11992,0.008804322380848844
11993,0.011143724479494596
11994,0.001612119531853193
11995,0.003396793227806717
11996,0.0009286381579879522
11997,0.0008955396475319523
11998,0.03366569779865854
11999,0.03680298808254876
12000,0.045032240043211484
12001,0.0010256000749317912
12002,0.0012638923325844129
12003,0.0013310746191279494
12004,0.0008797068520346501
12005,0.0012432696602283494
12006,0.07235697047510437
12007,0.6824141780980156
12008,0.14732315246515332
12009,0.07490708769605048
12010,0.00984189040017096
12011,0.062331375424651975
12012,0.01904912468835488
12013,0.007088877676648059
12014,0.004925374800701003
12015,0.0010211557140021685
12016,0.0009861498634140002
12017,0.06789409629774829
12018,0.16401227014125747
12019,0.0010688282902206938
12020,0.010930412921884968
12021,0.16960383324225747
12022,0.04341774729552271
12023,0.0026547866946730406
12024,0.017920762094545562
12025,0.000833238701056397
12026,0.0009556533472628735
12027,0.014520304028474892
12028,0.0008635388562827006
12029,0.00837365666154054
12030,0.0010717393568916284
12031,0.942677080284391
12032,0.0008837203012169656
12033,0.0037505884497403066
12034,0.12216209520496682
12035,0.012769606819448586
12036,0.0008822615856065139
12037,0.0012610815972298676
12038,0.0008577591289909656
12039,0.0009003388247969933
12040,0.013915714729084977
12041,0.00846636242116047
12042,0.0011836979567745886
12043,0.0010397474453877063
12044,0.07088307315310513
12045,0.0033160527022283084
12046,0.0008576891802902193
12047,0.0016192847621478324
12048,0.0013967118748382428
12049,0.1863230367592503
12050,0.0766856438251953
12051,0.0051159879891292705
12052,0.25564498525295204
12053,0.005106227785808833
12054,0.006411311123828242
12055,0.0008566629465630322
12056,0.0013636792230893864
12057,0.007483570807811776
12058,0.0009453352454598997
12059,0.0018414854283651792
12060,0.0009691715854277836
12061,0.0026417721357441075
12062,0.0008783496594867935
12063,0.07380705291385428
12064,0.17844543017022635
12065,0.05434940520189305
12066,0.0009263333169470124
12067,0.007950182053475285
12068,0.014944150386825285
12069,0.002051537461495408
12070,0.001047259244658551
12071,0.1256009261018185
12072,0.07330146093795281
12073,0.0010925209556400834
12074,0.0013398959317502419
12075,0.042663703826246784
12076,0.3679213146870855
12077,0.11441591930539353
12078,0.0008814350970953375
12079,0.0013649731738858747
12080,0.0010978646036108668
12081,0.02891932362990634
12082,0.03046532079704419
12083,0.001401884845695519
12084,0.0011863172443889996
12085,0.004873320102526021
12086,0.002565649362863173
12087,0.0013313556815923193
12088,0.001224786781296066
12089,0.001263282472356748
12090,0.0018215852854182983
12091,0.2967218669459206
12092,0.009286395215122933
12093,0.029092520272420853
12094,0.0021251471189603233
12095,0.0017152165517648978
12096,0.006218210507706136
12097,0.23205514644315028
12098,0.11396352267910669
12099,0.005108824814943949
12100,0.0034885931561868993
12101,0.004982293660050121
12102,0.0026569295623082743
12103,0.0032974579949055197
12104,0.010929846976670949
12105,0.010101439400670013
12106,0.10356090736169185
12107,0.003996407815865828
12108,0.04714949360999121
12109,0.1523622041056799
12110,0.04931622551728622
12111,0.0038888781291303064
12112,0.00743646552532413
12113,0.025841373751631636
12114,0.02668427710238069
12115,0.039380839068138246
12116,0.009068735072406521
12117,0.057255459364068284
12118,0.00835374426892464
12119,0.018315599868690045
12120,0.005365593109265943
12121,0.0009085748308631791
12122,0.008641951601730558
12123,0.002488283873915434
12124,0.0018315739732223998
12125,0.13338560446656397
12126,0.08586236001757117
12127,0.02105538439641634
12128,0.0017939758299550194
12129,0.006116966025038549
12130,0.0011959263601032174
12131,0.24346770232081066
12132,0.011519530935069662
12133,0.004122356956765279
12134,0.024591391724449154
12135,0.06286741209891532
12136,0.014762081838600593
12137,0.03663058956406744
12138,0.00127738695343777
12139,0.003113729837172316
12140,0.004762134711362012
12141,0.000867095815188868
12142,0.0008760500295163291
12143,0.0014153257944586198
12144,0.004917953573549363
12145,0.0016818528194689844
12146,0.022541248245426613
12147,0.028839283413629846
12148,0.006914733367181658
12149,0.00398627771818936
12150,0.2810974637723335
12151,0.20982844813488333
12152,0.0010126001419737964
12153,0.024206907712034865
12154,0.004875235136280234
12155,0.18067179933336952
12156,0.0008493490100430419
12157,0.001016094729447524
12158,0.0028990069398809348
12159,0.0009208706370479259
12160,0.0009516058314683766
12161,0.012095341905185042
12162,0.0060837231676587385
12163,0.001385715464907731
12164,0.03729293272034041
12165,0.0010925209556400834
12166,0.11336604333412785
12167,0.3738212619080368
12168,0.003997207976893461
12169,0.0008590508258590887
12170,0.001146176826756045
12171,0.019147538476051277
12172,0.2715135420137488
12173,0.05915464597532772
12174,0.0034739295313113007
12175,0.004300989275254647
12176,0.028235414113370903
12177,0.026584829602994825
12178,0.0011733217649462194
12179,0.2760690388806133
12180,0.001436072047731998
12181,0.0015558389047096524
12182,0.11109071177967796
12183,0.027353718180912583
12184,0.0027190957958498777
12185,0.0008872319238710889
12186,0.007034394158057774
12187,0.009630901316790149
12188,0.026819456786407573
12189,0.002959961396855573
12190,0.07413164784551193
12191,0.023627985043907337
12192,0.03236868737257774
12193,0.002906738276257983
12194,0.001615657119904852
12195,0.001697476882822191
12196,0.0010496915664064185
12197,0.05536335402282368
12198,0.0038778123455418907
12199,0.0352425285078581
12200,0.002251718072065536
12201,0.0009861498634140002
12202,0.0009293744282170669
12203,0.16289860267280312
12204,0.0015230565502236594
12205,0.16811758797638038
12206,0.005891898465188002
12207,0.1663581728302564
12208,0.07827067634416704
12209,0.0008911014198115134
12210,0.0008388719331165361
12211,0.0009202520854747083
12212,0.003102895386965073
12213,0.0014529524892649102
12214,0.011658944119323698
12215,0.001071010369712271
12216,0.0010664011691397144
12217,0.001362544640241449
12218,0.5964516473827938
12219,0.0013002491959201224
12220,0.02691268143675704
12221,0.0018527905312325796
12222,0.07817394156256471
12223,0.0008882540643037992
12224,0.0015623584885048833
12225,0.006887955280127614
12226,0.0038054138365687814
12227,0.0009035134875273134
12228,0.0009065707529214601
12229,0.006047146579214675
12230,0.04202327615036645
12231,0.03509146230559867
12232,0.02812338759529282
12233,0.009769579063639572
12234,0.1263333779938718
12235,0.0009628141507718217
12236,0.050752698987510225
12237,0.1709618038695679
12238,0.0024175408198033876
12239,0.04681482284749087
12240,0.011421275898933969
12241,0.11891270839564773
12242,0.005169378737061686
12243,0.006953554782875768
12244,0.0014704056927163853
12245,0.004940973525522462
12246,0.13212179050457915
12247,0.023680701246232814
12248,0.0009448716115517329
12249,0.024757065056443386
12250,0.0009654964525809545
12251,0.6041091422865644
12252,0.11878015436143978
12253,0.004242005857932985
12254,0.0010968135398766077
12255,0.0011746711530508697
12256,0.0031888161900444872
12257,0.0008840066164568587
12258,0.0016295734011315473
12259,0.007430721780954982
12260,0.10564597823688508
12261,0.02165062855682688
12262,0.21066563002823485
12263,0.002713093243665025
12264,0.003323281797666239
12265,0.06965703751803
12266,0.010826897164986686
12267,0.0008219470919970278
12268,0.0013681387220006674
12269,0.16226667496018993
12270,0.004125437666400796
12271,0.032855841915663146
12272,0.034879963437895185
12273,0.013067893220108937
12274,0.7825483089835572
12275,0.0010562615155445742
12276,0.005575997095456187
12277,0.002463558024480801
12278,0.33455574509217473
12279,0.0008760500295163291
12280,0.039538510461699476
12281,0.026238465328649575
12282,0.0008902948577340956
12283,0.006061389057118071
12284,0.2316147574339973
12285,0.22411590308210108
12286,0.13413167932435427
12287,0.09366793415481783
12288,0.004150185289434705
12289,0.008192481105599395
12290,0.012721922454701171
12291,0.10962329439581871
12292,0.6037857814774711
12293,0.5222179567462805
12294,0.0031837380471572674
12295,0.013491724350424882
12296,0.0009369625989136782
12297,0.0008680567459184605
12298,0.04905766855224377
12299,0.0022473564202909915
12300,0.002620523956381035
12301,0.01890674616437303
12302,0.003198095692457129
12303,0.004408797408909953
12304,0.005141166152197101
12305,0.0012072640969656805
12306,0.022993192722771633
12307,0.006116222787287466
12308,0.0011303621320803905
12309,0.002026639836337488
12310,0.00400479941593226
12311,0.002914236147547638
12312,0.011588698142746944
12313,0.012875399996173596
12314,0.0013636871855733526
12315,0.002310487089478044
12316,0.2632494451795321
12317,0.0017624004352466164
12318,0.011180054078168898
12319,0.0010055889470957412
12320,0.000969028024453832
12321,0.0044633611704945715
12322,0.004299186113365293
12323,0.003709364800055378
12324,0.015906183399887374
12325,0.003253571043849042
12326,0.09605947948446873
12327,0.006252966265079318
12328,0.0011105989324443563
12329,0.001325877390636755
12330,0.005123625907464479
12331,0.0009629037709316787
12332,0.06920945819960668
12333,0.002217849046118988
12334,0.05302890106648645
12335,0.00100939026603381
12336,0.0014930514916504409
12337,0.040313464146667775
12338,0.025524168229380622
12339,0.0024483662203334
12340,0.0035519954435718776
12341,0.0012520826260187573
12342,0.0021361059485620164
12343,0.02259431572520618
12344,0.0011998779163827397
12345,0.009257633945850888
12346,0.11466494257065005
12347,0.0013097974167264634
12348,0.003193623287829481
12349,0.00088570941964054
12350,0.2780594170081794
12351,0.0010132405392693654
12352,0.003575403132128133
12353,0.0009686083902808785
12354,0.001542258209741661
12355,0.0187486079635232
12356,0.08735639379190832
12357,0.1460268786276832
12358,0.008762003110030793
12359,0.0009753215274582464
12360,0.03376106006454424
12361,0.0027436002671051203
12362,0.0026555318340838827
12363,0.005073601844824088
12364,0.007709650432736803
12365,0.0917764388224713
12366,0.014530053188668283
12367,0.0009888312218239398
12368,0.003705237490799181
12369,0.012252635046947171
12370,0.0048022190494916815
12371,0.0056993139820996465
12372,0.002306353917301247
12373,0.12110984880892571
12374,0.005954245551510494
12375,0.027236238920782096
12376,0.00556104225968685
12377,0.008769890098431017
12378,0.00504161830378851
12379,0.0008847033104793091
12380,0.1194794874360383
12381,0.19740875809508598
12382,0.0012788511096763651
12383,0.030617699963658537
12384,0.0008544200465814339
12385,0.000866300754963502
12386,0.0009654476401322366
12387,0.0008937608550173402
12388,0.04149213108427761
12389,0.03160299066568603
12390,0.05548271744138389
12391,0.04912384387734299
12392,0.22757872255346284
12393,0.18106780565284847
12394,0.023294913591546368
12395,0.06582439001184039
12396,0.01127543427963929
12397,0.13961793576429946
12398,0.05930013199930508
12399,0.0012660651237419822
12400,0.44554338388160364
12401,0.0013335203311492733
12402,0.0017231334493380494
12403,0.2501606322903314
12404,0.00430318832940765
12405,0.001038835675508763
12406,0.03843899408846929
12407,0.0020548557169714006
12408,0.0603586502487343
12409,0.0036417197884881752
12410,0.0014392562936278526
12411,0.0013163476253415932
12412,0.027703631465079297
12413,0.001093692751440264
12414,0.6270019786897202
12415,0.36172028840941384
12416,0.04383953868027376
12417,0.06348527063894525
12418,0.0008794308423122283
12419,0.00111078744361536
12420,0.0025963316442003223
12421,0.010779807956600662
12422,0.015480952778367467
12423,0.002129424012870363
12424,0.07117071728259088
12425,0.004351098287770935
12426,0.32075449266456935
12427,0.007429391289142867
12428,0.16205747151475877
12429,0.0012428027528093254
12430,0.1636213992501913
12431,0.003092214572643749
12432,0.0008181397912385572
12433,0.000904115647159846
12434,0.5912304545628878
12435,0.001207165761918241
12436,0.12961561739434235
12437,0.006320238540928323
12438,0.13935371271797534
12439,0.0008871338822975852
12440,0.0009834201729105845
12441,0.006710333514450472
12442,0.35609423502306153
12443,0.001059662886231266
12444,0.0009520344413682879
12445,0.11342787471472644
12446,0.07042416707193519
12447,0.013654362851176723
12448,0.002760508482509528
12449,0.2349412569369531
12450,0.006186342535298542
12451,0.27230716711744646
12452,0.0767401687718188
12453,0.17414735727875466
12454,0.00440666429314168
12455,0.08391236122445338
12456,0.0310809267884569
12457,0.02590775560363344
12458,0.009834001209892631
12459,0.035008091997869285
12460,0.05202020591777358
12461,0.03337132815488908
12462,0.018653242134182763
12463,0.040756903822123464
12464,0.001421580128260784
12465,0.00473826473965473
12466,0.001377042910773821
12467,0.0032831276442509497
12468,0.006606887372807584
12469,0.010441325114914336
12470,0.015639859129936113
12471,0.0010227757790434646
12472,0.3814070107027672
12473,0.0012165121082993642
12474,0.04483366438357175
12475,0.018726712561549116
12476,0.07958097027818355
12477,0.001709767489305425
12478,0.15776376438048864
12479,0.010451330063434752
12480,0.09879792697872015
12481,0.0013620112316204776
12482,0.025909790372339824
12483,0.0011539422737190362
12484,0.0011305441360129004
12485,0.003368529583662587
12486,0.04042173674078183
12487,0.09671327326253877
12488,0.002358047178415532
12489,0.20172702233169046
12490,0.4283497257005276
12491,0.0009047970123229221
12492,0.001885719316294316
12493,0.00482541762687448
12494,0.0046372665626941015
12495,0.0010126001419737964
12496,0.002773158487974772
12497,0.12746406294661025
12498,0.1562707406036698
12499,0.16020659571217605
12500,0.001190388542950894
12501,0.2776382639652957
12502,0.014854643183406383
12503,0.011728149946116491
12504,0.00110851090370096
12505,0.0017371257905931083
12506,0.0030216312962393953
12507,0.01547246881277592
12508,0.003577644446897464
12509,0.22356615655668344
12510,0.09262557162640214
12511,0.005845572329415824
12512,0.002506194448226242
12513,0.0012825135774612421
12514,0.0022231107049819573
12515,0.30350664119269505
12516,0.0022760436924318546
12517,0.007319977656675198
12518,0.0017634342092269027
12519,0.007202127718972264
12520,0.021921693266262445
12521,0.3732403089701929
12522,0.0008936113275979851
12523,0.001287936919548826
12524,0.03379666091728243
12525,0.5612399904322078
12526,0.0019685958886955786
12527,0.001398137735283417
12528,0.004903269940424302
12529,0.03248563204483955
12530,0.149241842855855
12531,0.09634691057668468
12532,0.0024895707788776286
12533,0.001239470344049392
12534,0.4455483723800552
12535,0.0032602071872528094
12536,0.005773392787244437
12537,0.002446461617326402
12538,0.0010822292591507585
12539,0.05146043653343605
12540,0.005429627161108533
12541,0.0035496816338778294
12542,0.002416384705339448
12543,0.004760656776231072
12544,0.007330281455767977
12545,0.3388806326796172
12546,0.0009758868244840542
12547,0.007285331641669456
12548,0.0016002812210614155
12549,0.14282827567514442
12550,0.2362606638132848
12551,0.022626350289135167
12552,0.00707330514953003
12553,0.054296005008008956
12554,0.0011850839524197548
12555,0.009870120188171906
12556,0.051214027351793145
12557,0.0022838713915516763
12558,0.0009712415268117793
12559,0.0011602016513529623
12560,0.0009759947371795527
12561,0.0031785649361203024
12562,0.0011938120680053846
12563,0.0018046556091642948
12564,0.07364388574550035
12565,0.015708856746051065
12566,0.004629049550955898
12567,0.07467968666507085
12568,0.005963166937488479
12569,0.2530924797082848
12570,0.4261093051823225
12571,0.00396533046961331
12572,0.016544124350245725
12573,0.005157438879998586
12574,0.06226099093164934
12575,0.0011601421269989763
12576,0.0018782401847558402
12577,0.01953993574949297
12578,0.014680898253725715
12579,0.16648894548824333
12580,0.0024246149581345472
12581,0.00421737998632761
12582,0.006615370203436993
12583,0.004203007753685255
12584,0.001218380415401211
12585,0.0009536258558196123
12586,0.00598406293757718
12587,0.03930797218396758
12588,0.05488533403442653
12589,0.0014995858278710622
12590,0.03526327471599283
12591,0.0035467899826180653
12592,0.006139274378261555
12593,0.0041864468116059
12594,0.0015451449000423508
12595,0.03476504033675699
12596,0.006364140041697157
12597,0.16416719132872565
12598,0.005404973163090603
12599,0.0008606100357371151
12600,0.021002944010392908
12601,0.012224402778655916
12602,0.29548123124896764
12603,0.053924302234588065
12604,0.0010513457462965827
12605,0.007576933739339929
12606,0.0010815018640437787
12607,0.014613500557102048
12608,0.018641408987202904
12609,0.013436890678114339
12610,0.0013921138432042553
12611,0.0013310746191279494
12612,0.002249194523435475
12613,0.002415348694058205
12614,0.15277535277774376
12615,0.014673891656734878
12616,0.008770736717114898
12617,0.0010220638046787402
12618,0.1247710492209069
12619,0.0038932641296408666
12620,0.002291597918357354
12621,0.02984892863134695
12622,0.29316540019846654
12623,0.03191447637595775
12624,0.621600908574421
12625,0.003335441484633953
12626,0.005144296785125683
12627,0.5771926007321971
12628,0.0008870208325839323
12629,0.16974100716058976
12630,0.0013996219560617278
12631,0.09061081321704373
12632,0.02906111631631593
12633,0.034884384658803023
12634,0.005285525531695932
12635,0.18728120814919955
12636,0.00490373925360301
12637,0.00439426621522574
12638,0.0017568681067013615
12639,0.004411860776461101
12640,0.1816861154571923
12641,0.005570454510642453
12642,0.0008456800687990613
12643,0.008380629797701203
12644,0.0038612938117704564
12645,0.0009891094375917846
12646,0.004466038682089538
12647,0.01615816234028107
12648,0.002294145725445298
12649,0.030408059618396262
12650,0.0024455438733371852
12651,0.01365571827148763
12652,0.04097702228029067
12653,0.054029080901306134
12654,0.0047144815682691
12655,0.012903343521486522
12656,0.7893734484659694
12657,0.05572958440705789
12658,0.0073001549562329935
12659,0.04672017589545611
12660,0.024749850271577094
12661,0.0048335310961156175
12662,0.008779406336185873
12663,0.0032577583878510958
12664,0.08141623368873988
12665,0.0034602297185447
12666,0.0026220532206895387
12667,0.00829337529683249
12668,0.0038823535217212667
12669,0.08003368479681566
12670,0.0008898402564502197
12671,0.0009631332759222495
12672,0.11221895802084864
12673,0.0375729655905627
12674,0.0370793569876989
12675,0.0011241018540703457
12676,0.003452219718599646
12677,0.0013105052399084664
12678,0.039935401593723246
12679,0.015876195945233
12680,0.003668950711087321
12681,0.24082218279859297
12682,0.007050481032278371
12683,0.005984683523073905
12684,0.004505042557244677
12685,0.025920075013509035
12686,0.002858934740232176
12687,0.013017612491076351
12688,0.011499797958871912
12689,0.002293909655364058
12690,0.062485946604147094
12691,0.0010756918434118464
12692,0.003203637864156635
12693,0.00259355093840211
12694,0.001975845480865455
12695,0.08208894650784375
12696,0.0010059310806565793
12697,0.0031445179236723863
12698,0.0009042473012645622
12699,0.0010906668700260641
12700,0.003325699883698577
12701,0.006634087773814372
12702,0.013529166046818593
12703,0.030251115099180246
12704,0.05044168091562836
12705,0.00321301640213685
12706,0.009099910790925958
12707,0.0021159630731842757
12708,0.001900035791611175
12709,0.0008553940961503834
12710,0.00175666483844135
12711,0.004635496775272607
12712,0.04607032823294896
12713,0.0009220901094969139
12714,0.0008936563807950838
12715,0.06663574952332013
12716,0.0010890580121558548
12717,0.2970921116676484
12718,0.013648287345706733
12719,0.0009861498634140002
12720,0.2171382247754152
12721,0.02070786167526058
12722,0.062212347673265965
12723,0.010397268554942048
12724,0.06691393366886997
12725,0.1427250946148682
12726,0.06582594162895186
12727,0.08821497840672525
12728,0.08376808557207623
12729,0.07301965381637361
12730,0.14427402391922353
12731,0.006159929990128363
12732,0.0059554969961939
12733,0.0010256981838445824
12734,0.12138310918666517
12735,0.0010132405392693654
12736,0.0067704139900218036
12737,0.0011559786344626979
12738,0.0100259860619415
12739,0.0010603312226217742
12740,0.002829572986532302
12741,0.07851146042518442
12742,0.0027119985086532196
12743,0.01680425237591518
12744,0.054237808712743064
12745,0.004174288122571033
12746,0.03610068914390355
12747,0.23942375409767316
12748,0.0009421290745027264
12749,0.0008519681769227452
12750,0.0009534715337638088
12751,0.0015654693393097046
12752,0.04834559932856989
12753,0.010407727014383401
12754,0.0970166234077577
12755,0.014109061782803979
12756,0.6140590147213105
12757,0.09179642294999533
12758,0.002927098989892145
12759,0.1675715650927924
12760,0.012891003720198408
12761,0.0009602827290593316
12762,0.04454483585975845
12763,0.35925650714296536
12764,0.14692352537563377
12765,0.13593802286552503
12766,0.040307605202244357
12767,0.3564749840031841
12768,0.0027092197182730384
12769,0.02992242413672953
12770,0.011048305589521357
12771,0.012964728805635189
12772,0.2080173645903765
12773,0.005829874976048569
12774,0.08416274214171565
12775,0.001109662084917803
12776,0.0034527584594333132
12777,0.024270257337859327
12778,0.0009011659290137308
12779,0.000868031529556864
12780,0.26704941861027887
12781,0.7013662542046758
12782,0.09119490890453649
12783,0.0009750556611947981
12784,0.010313552035775877
12785,0.0025783808198224564
12786,0.0036868574685447793
12787,0.0031964627910215826
12788,0.002755709724192485
12789,0.12901097560997088
12790,0.0010884553076086145
12791,0.0034676550634994445
12792,0.0009826775343143932
12793,0.5786358131769267
12794,0.0025208873815444695
12795,0.16684207691402173
12796,0.0008613300637692281
12797,0.003309603964971841
12798,0.002663070031033501
12799,0.0010686996276406814
12800,0.03690965205149948
12801,0.010251502386168263
12802,0.3795011469459005
12803,0.13045985549983516
12804,0.001152527682021099
12805,0.005989999112921397
12806,0.008004632952720853
12807,0.0010618539017076324
12808,0.22571672961390135
12809,0.07102347530319467
12810,0.0635454881061114
12811,0.0010239900401127113
12812,0.004512808459006082
12813,0.09125780636995416
12814,0.013661697875038868
12815,0.006556239721232388
12816,0.672203498718814
12817,0.0041140220952869
12818,0.007884430048539524
12819,0.0011236723534738756
12820,0.0010059310806565793
12821,0.0009861498634140002
12822,0.007546196612193316
12823,0.1225210702098735
12824,0.002228690018181917
12825,0.0010056175600679216
12826,0.0011369328809952514
12827,0.006296100521261147
12828,0.0032676915291927453
12829,0.18633446793730793
12830,0.023427092588168757
12831,0.00440283809475974
12832,0.001893290054642076
12833,0.0009765951189336455
12834,0.007819985224036414
12835,0.0011205117005178376
12836,0.007421577090305035
12837,0.0008577468301454948
12838,0.004464874785179148
12839,0.010352964246390891
12840,0.0009733964643163449
12841,0.002453386101250159
12842,0.08960301498399795
12843,0.000898140449263115
12844,0.04706091055912615
12845,0.061737190224141425
12846,0.0017643185980598145
12847,0.0038659530986637045
12848,0.007269302048081073
12849,0.0038334349328033347
12850,0.0008883527006985374
12851,0.004037221690650343
12852,0.006256540271143033
12853,0.20318070115677916
12854,0.0010361747412158168
12855,0.001125198762649656
12856,0.0029300727459587407
12857,0.0012175112779979807
12858,0.004295798015446257
12859,0.02929030079136335
12860,0.0009843956860617932
12861,0.007016259357522811
12862,0.0012591519614392989
12863,0.0024135145171482793
12864,0.002348418588683003
12865,0.0009781126432228202
12866,0.005630406406583437
12867,0.0029534970849339442
12868,0.026679887244903045
12869,0.003610748986141523
12870,0.0021592965788884673
12871,0.0014604530209997735
12872,0.06768348530243577
12873,0.8736178285852627
12874,0.008171954281533469
12875,0.0016690378264918575
12876,0.16948759446262404
12877,0.25518953552980844
12878,0.0623356864134519
12879,0.017983068489618968
12880,0.0016540251966976171
12881,0.0013817854957953054
12882,0.032783897205496626
12883,0.0009913776241795285
12884,0.024889990101780946
12885,0.012536188856226335
12886,0.010296410941900293
12887,0.0010993513920338684
12888,0.0008275941641426916
12889,0.0010820489598654052
12890,0.01103090659515217
12891,0.0011750631506287094
12892,0.0009888319544939567
12893,0.007483839345217956
12894,0.001354414162115631
12895,0.008774805014634643
12896,0.0023869049899695443
12897,0.009710683571098744
12898,0.020750748902676867
12899,0.6326089847346827
12900,0.003162549771541081
12901,0.005137579399385871
12902,0.0047577362830269875
12903,0.0035291217134688696
12904,0.0010132405392693654
12905,0.001091450475818813
12906,0.005286015160039379
12907,0.001724949116125532
12908,0.021829437779501974
12909,0.0014804393014005192
12910,0.0038695217763766985
12911,0.005078747880556064
12912,0.06625256876958187
12913,0.0015220843936166856
12914,0.7354531127015566
12915,0.06559997875709925
12916,0.005254215055848473
12917,0.016656987485693803
12918,0.014214813533023517
12919,0.018026548795348978
12920,0.001366458500196161
12921,0.0036017753769829173
12922,0.08737547685669213
12923,0.0015010590713294978
12924,0.0008547759654368514
12925,0.0009799285961299552
12926,0.1514637761186331
12927,0.0009640811961295708
12928,0.0061004243127399625
12929,0.0029166824194846864
12930,0.0023754093662994562
12931,0.0009191816972055628
12932,0.0035862760962370103
12933,0.001068774323918703
12934,0.005315107046963714
12935,0.0015901938985495997
12936,0.0026726618390933016
12937,0.006197502380504317
12938,0.0071911854444694015
12939,0.0018093994199062306
12940,0.004036169050841131
12941,0.02270676256371186
12942,0.003008544470594225
12943,0.0049284969331881475
12944,0.0032038355992652016
12945,0.0008542951417234623
12946,0.0016634121531603728
12947,0.005242524847895422
12948,0.006349387097062878
12949,0.0024311859972595026
12950,0.0015605610094509826
12951,0.015305651827430553
12952,0.0035279395525790597
12953,0.0032230310038591646
12954,0.002501320621049591
12955,0.97052665521033
12956,0.0030137598469329474
12957,0.010907431486173057
12958,0.026760758312180877
12959,0.0070820089729929205
12960,0.3560678578601038
12961,0.2941977770510043
12962,0.0038438910472769526
12963,0.0032925574805481635
12964,0.00327043580177645
12965,0.009923693053916561
12966,0.0027286149771682585
12967,0.005152414921583649
12968,0.0770216800275097
12969,0.001106150152286882
12970,0.0009534016009546674
12971,0.02738731248026324
12972,0.19483414406165625
12973,0.0022733188140568916
12974,0.07014398586015373
12975,0.025507940386659583
12976,0.00794897835805016
12977,0.0028422535159860823
12978,0.001171213654274901
12979,0.7531567735251423
12980,0.6896060266223091
12981,0.029593002820378706
12982,0.07806663681839018
12983,0.010353355613026805
12984,0.0009919980350034541
12985,0.003569499620875858
12986,0.07044196808464075
12987,0.0015987263559353395
12988,0.0022194417845856906
12989,0.15420474205737608
12990,0.20491981175794644
12991,0.003736000582141223
12992,0.027968804466771843
12993,0.009825810168889032
12994,0.0037469482149507997
12995,0.0010787260857892781
12996,0.0031778675771944615
12997,0.2488571616229006
12998,0.6927472721781088
12999,0.006365651709437583
13000,0.025549566717747222
13001,0.346648295275848
13002,0.00822269451930103
13003,0.0015581569042118228
13004,0.0029762961324565278
13005,0.00969264461016851
13006,0.002088411938823895
13007,0.001801996007630792
13008,0.30700996505889205
13009,0.017520702818278576
13010,0.1544045362831782
13011,0.004308810566724226
13012,0.0035279011554742064
13013,0.021441036830305894
13014,0.08249198308061607
13015,0.0009004606030835214
13016,0.0010872993297163585
13017,0.0016633898650132673
13018,0.0038974082273720546
13019,0.0036550871746537047
13020,0.0032795106975404688
13021,0.0026151553234499097
13022,0.0010734884797077508
13023,0.000866300754963502
13024,0.00389862962482215
13025,0.0035662938643056166
13026,0.002754611691620308
13027,0.0018742255725364377
13028,0.008861972535473514
13029,0.0008883527006985374
13030,0.006240330026638195
13031,0.0033025152574950515
13032,0.004316582391671395
13033,0.0038891764177668214
13034,0.007261511958817889
13035,0.27129950808917935
13036,0.4403470922658261
13037,0.009336588458064583
13038,0.46429752091632825
13039,0.008858069872556702
13040,0.001067875581441797
13041,0.023581800233955338
13042,0.003051514912392153
13043,0.004964576009012939
13044,0.004038673016212773
13045,0.02956918583803016
13046,0.01269020848105317
13047,0.002481793131994678
13048,0.08512443341519962
13049,0.011044456138312763
13050,0.16941991386411168
13051,0.006104086207088894
13052,0.17494579771223276
13053,0.0030600838082380883
13054,0.06835467615373764
13055,0.010368366326894534
13056,0.031549536427502606
13057,0.002824645703698457
13058,0.007786762147093379
13059,0.0031714168209205995
13060,0.006724595660465252
13061,0.7407040752873706
13062,0.0043402700752771745
13063,0.009251494321859077
13064,0.003800518373541595
13065,0.008917555262475797
13066,0.2626765023025184
13067,0.006151010365475786
13068,0.0033783675833262473
13069,0.0010007778114817074
13070,0.0009191197079347489
13071,0.0035707764142885075
13072,0.002459664959501244
13073,0.002201374707439294
13074,0.03277478040620889
13075,0.017702732938121957
13076,0.0028245080528103796
13077,0.03155284599308918
13078,0.003034713701793473
13079,0.3122882492287156
13080,0.0008907443633233721
13081,0.0008794024921337396
13082,0.004296164014829367
13083,0.0022500239781942733
13084,0.004412957970018722
13085,0.0033603836247477767
13086,0.03604329346492451
13087,0.005907846319641225
13088,0.04457768027305621
13089,0.0010132405392693654
13090,0.004686239308257102
13091,0.005081526424641617
13092,0.0009494372615319026
13093,0.3918292559848507
13094,0.00576869968252238
13095,0.002092970998494864
13096,0.00480228339614238
13097,0.021239312330146705
13098,0.03008161314063269
13099,0.01626726310483046
13100,0.004946618696700309
13101,0.0009037249857611938
13102,0.0010145305509218884
13103,0.34206914699634255
13104,0.0010156081863251668
13105,0.0009789699188891621
13106,0.0011952647142653362
13107,0.23105317908846548
13108,0.017751885892737462
13109,0.0017808279043489185
13110,0.015564809295383565
13111,0.011491125481755904
13112,0.051064963142133095
13113,0.7311668664653503
13114,0.004899088347504789
13115,0.004875219481331314
13116,0.0008421580719097275
13117,0.003960301511534626
13118,0.0738457456159134
13119,0.0010011544026311903
13120,0.004026800954661784
13121,0.0034087011302224163
13122,0.02397489038080674
13123,0.0010794979836445825
13124,0.001201539325651557
13125,0.002390447045238738
13126,0.05112619067407297
13127,0.0011483562803151065
13128,0.0607519823818098
13129,0.004050643442994488
13130,0.005523611202287152
13131,0.1553260656458793
13132,0.43442944134422085
13133,0.3697157722795519
13134,0.15063657912674744
13135,0.00959099250091674
13136,0.0037519344334506852
13137,0.005409702375079961
13138,0.0009004606030835214
13139,0.001271580299388143
13140,0.00631804657438021
13141,0.0047883385235118784
13142,0.027145678758254427
13143,0.0010350484773207335
13144,0.013051875324862707
13145,0.0041478095663797345
13146,0.005464256058568883
13147,0.018404981911563284
13148,0.14599232908698
13149,0.002390345817434781
13150,0.0032392201544661236
13151,0.005651459252816556
13152,0.001031859859993406
13153,0.008852591236485179
13154,0.0064425298528914465
13155,0.007778106324542514
13156,0.019322026675620003
13157,0.0015940987367350922
13158,0.35170869854837505
13159,0.03810722897202064
13160,0.007371205481354525
13161,0.00988765059649521
13162,0.002931630026255888
13163,0.0038555760563405246
13164,0.003927861706032176
13165,0.003771111607723899
13166,0.0010112367567870588
13167,0.0012126322528326935
13168,0.010985820521052304
13169,0.001269975488812389
13170,0.002348282874289925
13171,0.0026122829524117164
13172,0.006757624406210955
13173,0.002364454554664817
13174,0.01269559553226981
13175,0.0010281170101845386
13176,0.003252711195251067
13177,0.0040391147915843605
13178,0.0022574837216878204
13179,0.004373323393566666
13180,0.0025819126413541495
13181,0.0033151835459665165
13182,0.0031642551838284294
13183,0.0032642632464026946
13184,0.004574060034149856
13185,0.4895237668061201
13186,0.2587345410963629
13187,0.005713085415754504
13188,0.0009119908645916151
13189,0.0025484049651800906
13190,0.001288703533937659
13191,0.001023134035423991
13192,0.004003589259772405
13193,0.003436582058336593
13194,0.556749572858371
13195,0.1900847443724206
13196,0.0015404406124668514
13197,0.007375730492102093
13198,0.0038867649668195762
13199,0.0015283571406948184
13200,0.03053773076879948
13201,0.006621286250282013
13202,0.0030319605718978266
13203,0.003073562006095244
13204,0.004600906071131034
13205,0.004257245248227021
13206,0.0010322707957991664
13207,0.015611631552346185
13208,0.003514958701027926
13209,0.0032882624096360565
13210,0.011277885151250588
13211,0.001150423973344564
13212,0.001009781211007787
13213,0.0054788404025135394
13214,0.4129743325709055
13215,0.0009759914388932955
13216,0.014034907132167275
13217,0.010886497756566672
13218,0.0035534439073909296
13219,0.004053636256832336
13220,0.05522198266601146
13221,0.059461927425887906
13222,0.021230073514797432
13223,0.005059446182592582
13224,0.004133367847375693
13225,0.002602486892741792
13226,0.0026018923150085893
13227,0.0041836761249572415
13228,0.0013780454998928574
13229,0.0033276167823307855
13230,0.006167734049650779
13231,0.0038609274606160194
13232,0.005586138599420981
13233,0.0072119391212291184
13234,0.006678717293526973
13235,0.0055530127159389795
13236,0.04154257574418744
13237,0.001527749746254745
13238,0.014364745936493518
13239,0.0038683976604285426
13240,0.3268090094629674
13241,0.005775430439995922
13242,0.014205450023222274
13243,0.01677883926031202
13244,0.00100175624527435
13245,0.008787821983434448
13246,0.003775451177860385
13247,0.0009875476383640598
13248,0.0009646358089945719
13249,0.004533084071152251
13250,0.01211125114551067
13251,0.005223386041789661
13252,0.004140365709906239
13253,0.005825148290748446
13254,0.0010278788252506756
13255,0.0013460609332286494
13256,0.08251282918445885
13257,0.1327219909187922
13258,0.0013454816707656504
13259,0.0011686097022146147
13260,0.004628178997738245
13261,0.004735523263171928
13262,0.022368581622151783
13263,0.0070293828866243085
13264,0.0015228018744461989
13265,0.0010354135808311193
13266,0.0038651653904779575
13267,0.0016195335502777945
13268,0.008041681906025748
13269,0.2257061141048605
13270,0.006863740706797968
13271,0.0026707765852998612
13272,0.007608801127769575
13273,0.012689321927133112
13274,0.004511413541794108
13275,0.0021514156424367434
13276,0.003006278357057989
13277,0.0035696094785000066
13278,0.004265364026647767
13279,0.004183056564548081
13280,0.0016255646605638778
13281,0.003685117654785378
13282,0.0011280943892096648
13283,0.005436392850629685
13284,0.0014786584336935874
13285,0.007216103356603128
13286,0.0014228535246504385
13287,0.016093539420222302
13288,0.012215697008675572
13289,0.008466303988734275
13290,0.0030453631037344886
13291,0.002132564252443267
13292,0.005959494206513759
13293,0.003080871776048159
13294,0.0011019166469597068
13295,0.028146031510623826
13296,0.0026690423975151575
13297,0.004396482151289054
13298,0.0022927639590163344
13299,0.0012808729300530651
13300,0.002285535081363157
13301,0.004594804268197661
13302,0.005896187437568741
13303,0.0010132405392693654
13304,0.0032164398895806155
13305,0.001142649554842449
13306,0.002876667083071185
13307,0.0018740290580664207
13308,0.01144574307390349
13309,0.026707467969339052
13310,0.004055318020078927
13311,0.07885276080732957
13312,0.0029427257932585524
13313,0.0028223342550956977
13314,0.0032118487947920093
13315,0.003665202249481618
13316,0.0010905057700248096
13317,0.001053695029477564
13318,0.020972487817905037
13319,0.0024346925018539464
13320,0.003782836087808456
13321,0.002507140007806789
13322,0.004449753900120059
13323,0.002911335349535816
13324,0.003521506726985285
13325,0.00417570084432682
13326,0.03437593362704403
13327,0.01907906857208196
13328,0.0055954474339183075
13329,0.0009911060708665575
13330,0.004006775198010651
13331,0.0009745577951452679
13332,0.0639748330749496
13333,0.005379559396246373
13334,0.001104012596256585
13335,0.026840402830829974
13336,0.0011488703672546214
13337,0.0009413674996294012
13338,0.2780270293645762
13339,0.0017593271664997014
13340,0.0038961961817036055
13341,0.007558646280462088
13342,0.003247624639115672
13343,0.011327016183045059
13344,0.0036372304790180054
13345,0.002615456358681052
13346,0.0019953172535097123
13347,0.004795313805683084
13348,0.26619350696803723
13349,0.003598580466983114
13350,0.0009815134764953437
13351,0.0026113804929547577
13352,0.0009640811961295708
13353,0.0010369072160549171
13354,0.0012586591203157397
13355,0.0039001713793424602
13356,0.0032150957043179645
13357,0.0009209202681880074
13358,0.004259863040502026
13359,0.0009003817013548463
13360,0.004826478600965657
13361,0.0032117445986536222
13362,0.002201397868630869
13363,0.0009135328191735067
13364,0.010036777893733998
13365,0.005074084741435577
13366,0.0010856505645731758
13367,0.0018877715782667432
13368,0.004508648063218626
13369,0.04469996746206167
13370,0.0032605132193375234
13371,0.0038297923998237026
13372,0.02484851861878588
13373,0.012680767312614532
13374,0.005138844375651555
13375,0.0009707534061186708
13376,0.06390332168166446
13377,0.00696850762950132
13378,0.24673306611190607
13379,0.0009518519115838554
13380,0.0013672968496641167
13381,0.0010462253496127177
13382,0.002450478606483298
13383,0.0011895984572221044
13384,0.0063846049783298905
13385,0.011020322112500978
13386,0.0368599118905918
13387,0.003793376458690264
13388,0.05395933912391816
13389,0.09061575420947142
13390,0.5359710115248755
13391,0.003074847319778788
13392,0.015530060560855315
13393,0.00099825603110494
13394,0.0043831658177459504
13395,0.001173155293045456
13396,0.0010035590884974526
13397,0.004012705211655658
13398,0.003333244539461601
13399,0.0009414973622827381
13400,0.005742989280117167
13401,0.007012419109289056
13402,0.003279690195783078
13403,0.002421427521102053
13404,0.01701893793153514
13405,0.0044971568483278615
13406,0.0012164745182672576
13407,0.0036954526721235136
13408,0.003894750972968357
13409,0.0040270100427699795
13410,0.0009803046054504838
13411,0.018586492131522227
13412,0.11687611357153342
13413,0.001012808305890927
13414,0.0010930007913705594
13415,0.0031595719137554787
13416,0.005469031586308419
13417,0.03790742490255733
13418,0.0034685825083424346
13419,0.0028425344457138394
13420,0.0013636848080827806
13421,0.003948246934813825
13422,0.0010132405392693654
13423,0.00360001701242874
13424,0.003594938167232983
13425,0.03233662965532313
13426,0.026551878070253127
13427,0.0009629037709316787
13428,0.004052178064792586
13429,0.0030436531812233648
13430,0.0031066844430128948
13431,0.002668825730841417
13432,0.0029326969522110273
13433,0.004471180907231289
13434,0.02242384154758761
13435,0.002897201684706491
13436,0.001033420755220138
13437,0.034428686972119066
13438,0.0034667309179637618
13439,0.003364605571503965
13440,0.006810828873969101
13441,0.005178343517693081
13442,0.0010270533377199369
13443,0.007487410470576428
13444,0.07538484422289533
13445,0.003995684118750999
13446,0.24316076528621935
13447,0.003571803421346188
13448,0.004312348766071849
13449,0.048766218443330574
13450,0.009656729109463965
13451,0.0015618332415525313
13452,0.0025667529366767542
13453,0.004389707768278929
13454,0.06072581896695762
13455,0.12268320294097873
13456,0.011853919460933365
13457,0.003084833201599658
13458,0.0010055439481688638
13459,0.0008873513624174646
13460,0.05552600060341574
13461,0.004328511758446974
13462,0.004078804715821847
13463,0.006383349931577555
13464,0.0035460368173866872
13465,0.0010132405392693654
13466,0.0009629037709316787
13467,0.0027500595728730272
13468,0.003305890228426232
13469,0.00422381830955938
13470,0.00244876326405262
13471,0.0023889645934783623
13472,0.0009718800507299142
13473,0.005276170673328965
13474,0.002177557683100577
13475,0.003794732674568746
13476,0.003359537179863722
13477,0.01036132918463354
13478,0.006576655917820882
13479,0.010881247800363708
13480,0.0199230164830951
13481,0.004119010021388637
13482,0.004592297480966616
13483,0.0187045490061162
13484,0.03181375537243342
13485,0.17971810270384403
13486,0.003385724302871491
13487,0.002718424140369211
13488,0.0038637780163950663
13489,0.003804684662522294
13490,0.0008832452583715411
13491,0.009589290682214322
13492,0.003637456975221977
13493,0.0034247124841104044
13494,0.002954146306801242
13495,0.0008777294416267567
13496,0.001863630659276575
13497,0.004108625980276518
13498,0.0478376394714292
13499,0.009114161873878016
13500,0.0038685878485022356
13501,0.003344397564450504
13502,0.002532867215408488
13503,0.003764300069681895
13504,0.005171764772499024
13505,0.0016917554360126792
13506,0.09729801684467596
13507,0.0031262986625150797
13508,0.0022068692146865773
13509,0.0066919462620528315
13510,0.0055403679915293465
13511,0.003455573390469522
13512,0.0020617686985098917
13513,0.004298466902908105
13514,0.004280491903281494
13515,0.018766238654820508
13516,0.001898074853516598
13517,0.0049287910572108715
13518,0.0066447344632518624
13519,0.005963334101386056
13520,0.007823446488355154
13521,0.0021495653549740493
13522,0.0029385983826217973
13523,0.0010645604002560846
13524,0.003060375011797591
13525,0.0014508196653429267
13526,0.004003572609049555
13527,0.002485597687063111
13528,0.0016659124622680572
13529,0.003600523265516111
13530,0.0025416185826503393
13531,0.005597480851966253
13532,0.00557566673184163
13533,0.0009440927143341403
13534,0.0033436762588106624
13535,0.008156879386939769
13536,0.0009788716188487436
13537,0.0013148445701132608
13538,0.0010876626757690632
13539,0.0008898231839381222
13540,0.0033306979388685997
13541,0.0009981425388995943
13542,0.0010113336305408198
13543,0.0009157031856755932
13544,0.004164262291997841
13545,0.0010642974346896233
13546,0.0008710610970302794
13547,0.0010750838266424263
13548,0.001011603258444578
13549,0.0042532857045513095
13550,0.0008470963375920402
13551,0.005019665861602636
13552,0.0010293000184076239
13553,0.0010537597179203276
13554,0.006961082956001207
13555,0.0009943767612144421
13556,0.0025870684926842893
13557,0.0010647673376471046
13558,0.013701696808732018
13559,0.0037848967364977736
13560,0.050479585950230624
13561,0.08140551888618018
13562,0.014523983359012003
13563,0.002031699156089864
13564,0.0014646653502107779
13565,0.008916659149580841
13566,0.005833946819366667
13567,0.0010017899090223844
13568,0.0011079462484066928
13569,0.000943764998418428
13570,0.0012765410414996095
13571,0.009103487793100103
13572,0.0031999977616229036
13573,0.0012685659563693727
13574,0.000990856368041799
13575,0.0014190264401259304
13576,0.0010132405392693654
13577,0.0011461392080230682
13578,0.011001278360649654
13579,0.0010477702493059435
13580,0.0010470143215420633
13581,0.0008474920851201058
13582,0.0033918572201554077
13583,0.02215209497084196
13584,0.013167326080254343
13585,0.000876621200055855
13586,0.020411644892613767
13587,0.004144863237485171
13588,0.001046004793700958
13589,0.0016922994416890024
13590,0.001003245841090387
13591,0.0007756937277732497
13592,0.0009157972157837447
13593,0.0010832730756213313
13594,0.0012708872716179853
13595,0.0011304608035787227
13596,0.017365837200896274
13597,0.009260115989835553
13598,0.0009476906299691025
13599,0.0009395544225917276
13600,0.017745523394352213
13601,0.0012431734155420387
13602,0.0013601411875872325
13603,0.0011515601557138594
13604,0.018263515071181024
13605,0.0010377744157940598
13606,0.0014292127533008972
13607,0.09765578589444604
13608,0.08717670266405969
13609,0.0008145142212006797
13610,0.0010969479479986828
13611,0.002599308531581797
13612,0.0503237145925305
13613,0.003925053711974291
13614,0.010611194850642125
13615,0.03918645939248456
13616,0.0009419924535489011
13617,0.0011661281742889604
13618,0.00090563057581991
13619,0.0009137317486186415
13620,0.0010086756961902163
13621,0.0008312683454854415
13622,0.0035069984687807164
13623,0.0010864855044330098
13624,0.004683209225186462
13625,0.000902678811050639
13626,0.041858927511787034
13627,0.012684485050563715
13628,0.00801769747882357
13629,0.0010813236804482916
13630,0.0011031069103758014
13631,0.0010132405392693654
13632,0.0018650943104106857
13633,0.0037325890287323855
13634,0.024668217358281848
13635,0.08548440509123412
13636,0.008926448378056432
13637,0.0009605040452606608
13638,0.003774499788433517
13639,0.017320032046273925
13640,0.0011059975009361047
13641,0.0011167582583154329
13642,0.0012931773713974713
13643,0.0010422577452844516
13644,0.028685172033507428
13645,0.027103817118649898
13646,0.0009161843746289477
13647,0.0010132405392693654
13648,0.0014737754112770479
13649,0.005391269238426396
13650,0.0640730822525677
13651,0.0493645492424648
13652,0.008761486595136652
13653,0.025145169434687382
13654,0.0010115046412441458
13655,0.0436046594481084
13656,0.0010845800400470233
13657,0.0010490394472061997
13658,0.004916510658938594
13659,0.001227823201456641
13660,0.013423423744287148
13661,0.003569339927371376
13662,0.0017847398156194659
13663,0.016920696702365325
13664,0.00379431544330955
13665,0.0016263504449396393
13666,0.002220280119456049
13667,0.0013210807032292692
13668,0.0010923448881097135
13669,0.028049876799780694
13670,0.0024026392893313334
13671,0.002727991338997547
13672,0.0036909968864478728
13673,0.06201490991884359
13674,0.07776554630829147
13675,0.000873807919567002
13676,0.0009044010889805997
13677,0.0009793893278163858
13678,0.0015541764342643844
13679,0.008771483721113395
13680,0.0012696660713677214
13681,0.005896172331673911
13682,0.2969194605403857
13683,0.010776364908718127
13684,0.046371718546865365
13685,0.0016616311391249882
13686,0.005918561275126847
13687,0.005642078769500812
13688,0.0031896911297111317
13689,0.001277696966003983
13690,0.006047977613750746
13691,0.026077922108679444
13692,0.001077184563779197
13693,0.0008959254862277641
13694,0.0009099524597326327
13695,0.0011816929818497183
13696,0.0011319292679445824
13697,0.0020259897139741105
13698,0.001538739601768788
13699,0.0017733664829890881
13700,0.0277031357621608
13701,0.0010785781694469074
13702,0.0019821857260664843
13703,0.0009843189623540956
13704,0.0008821212231880685
13705,0.0008566629465630322
13706,0.017386752093919322
13707,0.0009385330350880134
13708,0.000918651376908198
13709,0.0009170904127040774
13710,0.006413715088556512
13711,0.0016960206011878665
13712,0.0012225235922590232
13713,0.00205436967804758
13714,0.0908513628724613
13715,0.44760695916081583
13716,0.01502298804521293
13717,0.007838606658947504
13718,0.03351007111698281
13719,0.0022754791399591397
13720,0.0010838327148596778
13721,0.005947379974324105
13722,0.03665323109099566
13723,0.002506249355248551
13724,0.02113561770457711
13725,0.013987914131123108
13726,0.0011687884898634278
13727,0.009297636789362327
13728,0.0017144460721382783
13729,0.0016029525082700033
13730,0.0394957022147464
13731,0.004640932490376508
13732,0.004515799027957637
13733,0.004232772110751914
13734,0.029723272537897538
13735,0.0009719681788750111
13736,0.0011032870576937936
13737,0.02155265620897133
13738,0.0008267965177828783
13739,0.010662102938283959
13740,0.010008928651249986
13741,0.019029014814689413
13742,0.0012686543216965987
13743,0.0010730503914009716
13744,0.014459082045057841
13745,0.009961184786532037
13746,0.007538741280802473
13747,0.0010451823853707626
13748,0.00107217138478312
13749,0.0010461273641951467
13750,0.0009861498634140002
13751,0.00116653393484111
13752,0.07304150905332421
13753,0.005462820044213362
13754,0.004510793707792589
13755,0.03307791859652984
13756,0.007654899088884016
13757,0.0856482935894383
13758,0.002736050235412108
13759,0.014715030006800849
13760,0.0010782605928189798
13761,0.03304868288504687
13762,0.00400846216675252
13763,0.015271477578888276
13764,0.0011723258075841511
13765,0.0010813331272063287
13766,0.0013416629693411004
13767,0.0297440424006427
13768,0.01916174577006
13769,0.0008996112983885815
13770,0.0010274092747624573
13771,0.0009520953586888193
13772,0.014378019025495542
13773,0.05856405429911874
13774,0.003615955837741262
13775,0.0010748487019666376
13776,0.020158320006160184
13777,0.0375742210402693
13778,0.47490046339325964
13779,0.0008960406321604869
13780,0.0009115115020734787
13781,0.0009220727378421036
13782,0.008646304394852498
13783,0.02471586143617619
13784,0.012786471210521736
13785,0.0008794259470014472
13786,0.0010295307998795962
13787,0.007225179920892437
13788,0.00104635548357889
13789,0.0020250821787251823
13790,0.0031734626318267035
13791,0.0052830285138946225
13792,0.005858016700528173
13793,0.09049129662112765
13794,0.07431425925389777
13795,0.003742507404774376
13796,0.05874509472296009
13797,0.000866300754963502
13798,0.0023203063466026236
13799,0.0009980755632013085
13800,0.0011331719580701615
13801,0.0009173038897389028
13802,0.004789654698945912
13803,0.0010132405392693654
13804,0.05478619746900016
13805,0.0024196270526917725
13806,0.00784619813831077
13807,0.003441787356999358
13808,0.0010745986854829028
13809,0.028478466871935764
13810,0.001088257324586545
13811,0.0009694227963611568
13812,0.04492813464531754
13813,0.004948848082930156
13814,0.008063941759651217
13815,0.02580124782165979
13816,0.0008711845401836467
13817,0.0009342755771084745
13818,0.0011521058236940475
13819,0.0009746178465036175
13820,0.0008232565483263669
13821,0.0008409982887991777
13822,0.0009603741186697053
13823,0.0009964080359039001
13824,0.0011602694515911072
13825,0.001109084816446776
13826,0.10799181339339999
13827,0.002123344369755228
13828,0.012786446417665019
13829,0.002497007765764778
13830,0.04668181266996548
13831,0.01236777655470042
13832,0.06384030654995645
13833,0.0009606952436329144
13834,0.0016160228736158762
13835,0.002394760123546446
13836,0.06080007851419133
13837,0.07046480095480817
13838,0.1349145653064114
13839,0.001027367024264752
13840,0.0011716937692398462
13841,0.003708842168098669
13842,0.9695349668039271
13843,0.016054666347351504
13844,0.001995369829449825
13845,0.004174849992278014
13846,0.017537606535762473
13847,0.0008165140342487793
13848,0.004897544519488826
13849,0.338673428765574
13850,0.05575241345516296
13851,0.044823525859658334
13852,0.0009105587000454259
13853,0.000881190887443864
13854,0.0009314684750554649
13855,0.0008553157610153249
13856,0.003057963711174769
13857,0.017916131502348196
13858,0.000886381345305747
13859,0.0016534381689870153
13860,0.05314603091003394
13861,0.000984715634944579
13862,0.0012482196571864952
13863,0.020582214528195312
13864,0.38884231063599656
13865,0.00108582233815602
13866,0.0011593324556947143
13867,0.0008636757777388313
13868,0.005342085334578689
13869,0.0020849703156552274
13870,0.008289304073161297
13871,0.0011216968340678143
13872,0.0048062552528487824
13873,0.0010595025043929516
13874,0.0012420538531281824
13875,0.02506059357490738
13876,0.03887716330019511
13877,0.0009728350959526101
13878,0.0012952586334386538
13879,0.0011694527403568176
13880,0.0026103683861335306
13881,0.011004778930297002
13882,0.07264575144725466
13883,0.001025886458616551
13884,0.0013141392776934695
13885,0.009938448618935036
13886,0.0010024482960821841
13887,0.005364151332355505
13888,0.05548780444815448
13889,0.0008283643315180106
13890,0.015772873541098707
13891,0.005667046964810637
13892,0.005530153370257091
13893,0.0021691249695519744
13894,0.008137541676153102
13895,0.014136781554796406
13896,0.09322694727796796
13897,0.03233965056392692
13898,0.0028156670793110386
13899,0.0009611266316154963
13900,0.015809595923985943
13901,0.01925063774550051
13902,0.0011943586788953275
13903,0.09617175727646193
13904,0.05624648115976483
13905,0.0009354417396908697
13906,0.0009541509008446539
13907,0.030336823860378326
13908,0.0023483960963057117
13909,0.002325907199428371
13910,0.0010890201628764899
13911,0.05578235269352402
13912,0.003001561886283587
13913,0.015586706230503036
13914,0.0037177957224069744
13915,0.03345898472459815
13916,0.0586855800423017
13917,0.0012264645163445013
13918,0.0011989604400514861
13919,0.005193641723413554
13920,0.005518522143660529
13921,0.007915091568584949
13922,0.0011976945371559638
13923,0.0052482669528514155
13924,0.011470227259471447
13925,0.01664619664666346
13926,0.0016542202511909468
13927,0.0011548905641790336
13928,0.0014436013634425075
13929,0.004103678299828322
13930,0.0010739583172922449
13931,0.0016849985520954916
13932,0.032209352813505454
13933,0.0015068330050423506
13934,0.0010262305117873657
13935,0.5610542166475141
13936,0.07515559107869589
13937,0.003452615919922453
13938,0.0047029764547929925
13939,0.03400220850792354
13940,0.007909101643325825
13941,0.0013623166213910412
13942,0.0015563063532781343
13943,0.0464587154972647
13944,0.004973460955405624
13945,0.025502727195011832
13946,0.0020605667400521526
13947,0.0011047204371015648
13948,0.19916099126340925
13949,0.0010567438263152603
13950,0.0020162772958808154
13951,0.010621408263917425
13952,0.01885856407157795
13953,0.0009031721469007823
13954,0.03206004451846994
13955,0.0012538006391908027
13956,0.006756869682017174
13957,0.0011017876314742237
13958,0.059696931859350724
13959,0.13531581799167666
13960,0.03106927268429594
13961,0.05476636818661726
13962,0.0010537597179203276
13963,0.0054844083561352555
13964,0.0009718800507299142
13965,0.0009322215996562054
13966,0.0008716028830209364
13967,0.41942657089825613
13968,0.009402289747726248
13969,0.005402905879209545
13970,0.011938445660180973
13971,0.0009718800507299142
13972,0.03151688097168896
13973,0.1323082423432824
13974,0.00335907177121104
13975,0.0016204556871510724
13976,0.022999729974218088
13977,0.23487489634221262
13978,0.036450164668753476
13979,0.002813599972852978
13980,0.0011672350769482871
13981,0.0023486823788926334
13982,0.00098109256347027
13983,0.0009491024378540889
13984,0.006421193307817834
13985,0.01056906080019646
13986,0.0010027070498990166
13987,0.0010223685005122521
13988,0.03998280994001821
13989,0.0010033236746270482
13990,0.023112243880817472
13991,0.01376378630117169
13992,0.006197913559249394
13993,0.0010023764092622345
13994,0.07388270081370972
13995,0.02464934498244033
13996,0.002261626515393314
13997,0.06135556060030505
13998,0.0008885825857512362
13999,0.000844913779780026
14000,0.024548518942570208
14001,0.027088960805819292
14002,0.004383268112876753
14003,0.005074954739452384
14004,0.010304743864122735
14005,0.001342983844229197
14006,0.0010815460543393259
14007,0.0008606100357371151
14008,0.001348840365968899
14009,0.006075635579537602
14010,0.0880795715135276
14011,0.005743223577895584
14012,0.02973854097418869
14013,0.03160807273883106
14014,0.0009031721469007823
14015,0.018221986076470333
14016,0.014530109116400087
14017,0.0013968684208892715
14018,0.008480955629528972
14019,0.006368515839064035
14020,0.0016861732731662273
14021,0.0010421489862784997
14022,0.0010459496153678916
14023,0.007140685249185039
14024,0.005676667050942521
14025,0.0010387556718122473
14026,0.0013621906275969467
14027,0.03251508968405508
14028,0.20361075950949092
14029,0.014555471582701682
14030,0.000993148888336801
14031,0.0009305922557426867
14032,0.01939433153946831
14033,0.002795719120266343
14034,0.0025579284818851985
14035,0.025190379128291678
14036,0.001213625979524307
14037,0.0009334465626973259
14038,0.014039825134208235
14039,0.05088544519656753
14040,0.002239329321268267
14041,0.004790153496925567
14042,0.024802481460893415
14043,0.02293303677961633
14044,0.005297838982743725
14045,0.022637492212932313
14046,0.0013334733223488153
14047,0.014331947979059649
14048,0.11566766580331951
14049,0.007979762954533863
14050,0.0010334039001335651
14051,0.05400704633490043
14052,0.001167021471022393
14053,0.000997278036214415
14054,0.12266655940481833
14055,0.0013176117777677478
14056,0.004503438680701929
14057,0.012620436606459578
14058,0.001419002033136981
14059,0.011588939744067285
14060,0.005469121486989785
14061,0.06699908845932671
14062,0.0010646486677539355
14063,0.008557439083705373
14064,0.30143496385115565
14065,0.07489619292379766
14066,0.0012830617605854606
14067,0.001259078286176152
14068,0.4953398630528344
14069,0.006283883118908929
14070,0.001103258143320575
14071,0.0011741843199969194
14072,0.001016094729447524
14073,0.0010236225295074343
14074,0.0011366799265164207
14075,0.01149194807249447
14076,0.0029738945189843654
14077,0.0009717395622609126
14078,0.0008568240035552562
14079,0.0008341107509514456
14080,0.0011746822596629873
14081,0.030333667716738778
14082,0.019113322803016856
14083,0.0014096159541459137
14084,0.07013909354689746
14085,0.0011388289755282735
14086,0.007271316469697534
14087,0.03533743536675676
14088,0.020747439301475656
14089,0.001011464724875494
14090,0.0010269386330696568
14091,0.0009654964525809545
14092,0.11206083072301454
14093,0.05443608729157911
14094,0.005190321473924937
14095,0.0010396288377098046
14096,0.005055432671096199
14097,0.0008453930011836136
14098,0.015016031429472379
14099,0.08301918266588386
14100,0.3532512493016263
14101,0.007724124800695863
14102,0.0011300702909952246
14103,0.0012929754170806888
14104,0.025479907196567335
14105,0.0039417841796160836
14106,0.005319638911499177
14107,0.0009401704322661021
14108,0.0013416629693411004
14109,0.07942250737422821
14110,0.007138969215265067
14111,0.004594734037513942
14112,0.0015013272358937702
14113,0.009380615095687217
14114,0.0011167582583154329
14115,0.001168815490718986
14116,0.010815219550258002
14117,0.001037504293328074
14118,0.009810099937016651
14119,0.006444017196913181
14120,0.004847448340548516
14121,0.18621412410214838
14122,0.0009157600378074132
14123,0.0010546243049664973
14124,0.0010339701661067993
14125,0.06715449252193482
14126,0.002443392642140062
14127,0.0011928592645654814
14128,0.0010857743101177493
14129,0.0020261768099858264
14130,0.000976459952061746
14131,0.001466240173682404
14132,0.10401527975344016
14133,0.0009686962238873645
14134,0.0010261501942708802
14135,0.03978268895463898
14136,0.0010763846606201735
14137,0.004211785657292438
14138,0.14847459921586323
14139,0.0010173822538756155
14140,0.004533710847455981
14141,0.00459416134860892
14142,0.006617801321736058
14143,0.000947101023284087
14144,0.0010519866128140363
14145,0.00110851090370096
14146,0.0009145549102110576
14147,0.022327159736170672
14148,0.0009637413082121542
14149,0.0383016896356343
14150,0.006501762156925367
14151,0.0025584430041179374
14152,0.0020641891627330143
14153,0.0010289609380897931
14154,0.0013776646460130514
14155,0.0008177930763711711
14156,0.0010600467838562185
14157,0.0010726786725218159
14158,0.058765826931415736
14159,0.062045536796092475
14160,0.005021718047746405
14161,0.010223585588835508
14162,0.001923407724908655
14163,0.0009344117506041269
14164,0.0037688091466563534
14165,0.014133627371101298
14166,0.0010055439481688638
14167,0.01420691818570763
14168,0.0011406324080490027
14169,0.0010929945084441324
14170,0.002147166178203973
14171,0.0010429759470815525
14172,0.0011140182751906125
14173,0.016632642005194213
14174,0.0022280438934603906
14175,0.0222293519697856
14176,0.006284801639646757
14177,0.011901397048430058
14178,0.0021321441169245134
14179,0.027694185941674786
14180,0.00373634246864407
14181,0.028605245015096422
14182,0.009422466864921092
14183,0.10831592247505273
14184,0.0030558488713821673
14185,0.00777204071104238
14186,0.0011392836869232497
14187,0.012006109940256013
14188,0.01800310338276476
14189,0.04825714950542193
14190,0.0020387330608506128
14191,0.01383355699996419
14192,0.021543355190374387
14193,0.01314168424185938
14194,0.34732263127121143
14195,0.008143478521555694
14196,0.01873512638224566
14197,0.015427895974052192
14198,0.006480148361612228
14199,0.02104227059453589
14200,0.04101605478734056
14201,0.05865322697854309
14202,0.0030704194558455575
14203,0.0032443526399835664
14204,0.009274636049667415
14205,0.0017964025732243453
14206,0.009235487063605188
14207,0.016797598596436033
14208,0.0015913504335269195
14209,0.04509903238868011
14210,0.0011208645871476838
14211,0.0009395325061107945
14212,0.006747413654693223
14213,0.0037649362510658872
14214,0.0011140182751906125
14215,0.03718750546057462
14216,0.0010740530202373595
14217,0.013486053691013902
14218,0.4394150577386581
14219,0.0012613326866645611
14220,0.0009858233177462306
14221,0.0009934506318705115
14222,0.015832973464006857
14223,0.06613038111899579
14224,0.003410907561271682
14225,0.007049666247278809
14226,0.006994538077972437
14227,0.014460629628818175
14228,0.01199723927913447
14229,0.019989765639558055
14230,0.001701222169751937
14231,0.055111020099549345
14232,0.009604675131610663
14233,0.007375041372265252
14234,0.004151423058797106
14235,0.13318965501709545
14236,0.03790726992843545
14237,0.007698328862581653
14238,0.008563394757486848
14239,0.0009070236765443724
14240,0.0009480616613431344
14241,0.0559239433379135
14242,0.005436616781445587
14243,0.3791231697552551
14244,0.38679328011621006
14245,0.002898826324047425
14246,0.011396720988095146
14247,0.001957702462548409
14248,0.0012862245405080228
14249,0.021040550040663263
14250,0.008352688947988532
14251,0.04688661773193795
14252,0.0013147928724282802
14253,0.0010609074765866955
14254,0.10028013581781194
14255,0.08476421180272621
14256,0.03774010839730122
14257,0.0070278178225245316
14258,0.0010132405392693654
14259,0.000969178398552477
14260,0.0010692850478023167
14261,0.009701199926551085
14262,0.03354228091881705
14263,0.004178793686257965
14264,0.0009136196494495924
14265,0.03266232607732499
14266,0.014718535914245571
14267,0.0010180770187305616
14268,0.00338428132652004
14269,0.0010745986854829028
14270,0.06675461729872524
14271,0.0010915688201818719
14272,0.00098693914830159
14273,0.0009053932034583367
14274,0.04340815060184199
14275,0.004621957479777838
14276,0.001257595446141459
14277,0.23775082580992682
14278,0.003080343656660205
14279,0.00098543046129036
14280,0.005087322290141711
14281,0.0779861321129205
14282,0.019872537957107562
14283,0.0010421766682426705
14284,0.00110851090370096
14285,0.00645796541247461
14286,0.00594529834711361
14287,0.0010124950419644646
14288,0.12818325852883372
14289,0.000901332264407607
14290,0.0011371086195403543
14291,0.0014539418513318336
14292,0.309509869202812
14293,0.0009365647987547108
14294,0.0010745986854829028
14295,0.007038703558342331
14296,0.0057998378226032325
14297,0.04401028565175383
14298,0.0011683032201476142
14299,0.006310017401881054
14300,0.008783497112207748
14301,0.010930354728465824
14302,0.008778760832646207
14303,0.0010302127255999885
14304,0.0924210173904689
14305,0.0012175859849572412
14306,0.0163810468632655
14307,0.5435509208051875
14308,0.021380915084428173
14309,0.01930857469201665
14310,0.001111598333816379
14311,0.01154478139929535
14312,0.002790792337977208
14313,0.0009718800507299142
14314,0.0060868164530383006
14315,0.017534918252580207
14316,0.04109206968807947
14317,0.0009658031671774405
14318,0.002329881044283203
14319,0.05044545644982742
14320,0.0012080185593544117
14321,0.014307247278488588
14322,0.09253296027708337
14323,0.0011583771962166663
14324,0.03257352095926903
14325,0.0013803495376215806
14326,0.0043010881391056304
14327,0.004358143165305513
14328,0.0010745986854829028
14329,0.015195344562838272
14330,0.0026470065531395523
14331,0.000983645896990982
14332,0.12453620615357792
14333,0.044881694218271165
14334,0.0012072695128473965
14335,0.0012545421564124175
14336,0.0015447796360548215
14337,0.03515935124255012
14338,0.001120066856456848
14339,0.003761334091147744
14340,0.0034165084106088984
14341,0.007086424330488478
14342,0.001990348060705173
14343,0.02351475204468962
14344,0.03932347625625362
14345,0.09316247484820493
14346,0.020687829520851103
14347,0.0008644971862237588
14348,0.0033188973193548446
14349,0.0011140182751906125
14350,0.013764840143905617
14351,0.06586053243981421
14352,0.053562287571967904
14353,0.0011661281742889604
14354,0.012130877315406699
14355,0.0009709650205004371
14356,0.017229972919480543
14357,0.011506226996249286
14358,0.0018779935725511392
14359,0.01522352811032984
14360,0.04474407177542191
14361,0.021311190313371062
14362,0.18200404155451286
14363,0.010948981771545865
14364,0.0009474214574843161
14365,0.021937346395429658
14366,0.07607238612655619
14367,0.017232225577834707
14368,0.251280301389431
14369,0.0009116705179128819
14370,0.0008420527987917178
14371,0.003636087354058192
14372,0.03359841359247526
14373,0.021286213243875068
14374,0.16807478770579587
14375,0.002268256905268097
14376,0.09709021233337047
14377,0.009266786981940016
14378,0.12961759822913524
14379,0.001154691330741433
14380,0.007439863599795178
14381,0.00140958848558728
14382,0.0008718171350992873
14383,0.0009505786520642626
14384,0.04364025706739748
14385,0.003178263959052282
14386,0.0099862742162011
14387,0.010585897944167732
14388,0.0010325505949005083
14389,0.0027127214100983892
14390,0.0010265352044011768
14391,0.0034399534147293584
14392,0.037594970227754036
14393,0.014736627313765965
14394,0.0035673030527437763
14395,0.00300802636200125
14396,0.0009476427780269529
14397,0.0036848516675367132
14398,0.1536847148736399
14399,0.011679374338595979
14400,0.002430672407101563
14401,0.0013099839880630728
14402,0.004764613874609354
14403,0.0015800223700909435
14404,0.0008841507306181851
14405,0.014798846560907868
14406,0.0024869299973182737
14407,0.0008493228813108808
14408,0.2518319840518878
14409,0.004390548732426943
14410,0.00145041983437422
14411,0.001557981573529568
14412,0.004967395309610736
14413,0.0010565433674509395
14414,0.0034676555959100965
14415,0.001950023889402985
14416,0.0010015731722322514
14417,0.021039085682761697
14418,0.18619681772667346
14419,0.3335821078039359
14420,0.0043642581533874115
14421,0.0008350011009410346
14422,0.0011269613298215686
14423,0.0032524616546769558
14424,0.003973262081784684
14425,0.029491751084936017
14426,0.14234369625920412
14427,0.0010739779113932107
14428,0.0012532755697956934
14429,0.012132588003258806
14430,0.005951754847842416
14431,0.08526827809016813
14432,0.005607777693934427
14433,0.008201591836795039
14434,0.0026633030018882965
14435,0.008185481372987094
14436,0.002687097106170204
14437,0.002379090196991528
14438,0.001252163958231354
14439,0.0010621608835215159
14440,0.0008588805984660328
14441,0.0009193281408761231
14442,0.0011514329064858195
14443,0.0018101028330147818
14444,0.007039569959752523
14445,0.05106534178042051
14446,0.0012955308618134225
14447,0.0009826288142093535
14448,0.0009685874909806828
14449,0.003608099499388794
14450,0.059042535232216524
14451,0.6172286870818511
14452,0.0016060351987962633
14453,0.0009696538366891657
14454,0.0009411934889370405
14455,0.0038606517153611727
14456,0.002085772079019336
14457,0.0014426035186990195
14458,0.0009380710009202079
14459,0.001672201648842083
14460,0.020550018914368157
14461,0.0013252948754449408
14462,0.0011967697889915026
14463,0.0010785481894635327
14464,0.03805522844681542
14465,0.0009881711651750626
14466,0.0016574398300736037
14467,0.03579194669642688
14468,0.0009546292784105307
14469,0.0013071004309817196
14470,0.0015594232915970994
14471,0.0016678584003694279
14472,0.0011583355119653299
14473,0.000980597047913124
14474,0.012250558801187174
14475,0.001010439643550049
14476,0.0011431973866448334
14477,0.004857714775016945
14478,0.005646966018138845
14479,0.0022245587519409806
14480,0.0013608571612908043
14481,0.06999179643503496
14482,0.004245948982273677
14483,0.0037691724970938187
14484,0.06872760194365768
14485,0.0014440113856046771
14486,0.01546794386898687
14487,0.12956356763240132
14488,0.0020666924466925707
14489,0.3833988163494775
14490,0.0011356995554105758
14491,0.0012247901015485692
14492,0.002142986622916243
14493,0.01875596821988903
14494,0.24691781223807982
14495,0.004933927957540296
14496,0.0220583262008033
14497,0.0008919664453238897
14498,0.0014101673991163508
14499,0.002819121274975953
14500,0.002371934877688338
14501,0.026172600868442142
14502,0.0011166125199874412
14503,0.001247693184236294
14504,0.0009766120068018021
14505,0.0025827963034888942
14506,0.003271071683736531
14507,0.0044607385682461295
14508,0.002159966335679227
14509,0.14475062618892087
14510,0.013027897580786907
14511,0.0029960198872558573
14512,0.0008766739689619745
14513,0.0032543540140881977
14514,0.001010439643550049
14515,0.0008677117949202017
14516,0.001051324615996081
14517,0.0012728159061019067
14518,0.0008060273991783569
14519,0.0022451538488890907
14520,0.029299210791852884
14521,0.07112397867396769
14522,0.028473792360029154
14523,0.0015036839073376308
14524,0.019517590819509576
14525,0.002575365395969099
14526,0.001199355641930621
14527,0.001101296099723702
14528,0.0008361085683360319
14529,0.002579443987849274
14530,0.002711732961897258
14531,0.015770013266413235
14532,0.001204780494859005
14533,0.00401440494268674
14534,0.0012023968961345167
14535,0.0009051188232953277
14536,0.001016218458387916
14537,0.0010082400893049487
14538,0.09017724347207577
14539,0.0010392724950371822
14540,0.004525722415924217
14541,0.0009685874909806828
14542,0.00469739151246377
14543,0.1479446176060169
14544,0.01175181261955958
14545,0.0011442444689782557
14546,0.0026796137636639146
14547,0.03549041216756956
14548,0.010565414493108327
14549,0.005584541539309297
14550,0.004801450267818529
14551,0.00566271938235758
14552,0.0010930182033646047
14553,0.010306467348255442
14554,0.004337440223878217
14555,0.011588088093218544
14556,0.006936847486428172
14557,0.005678999550669525
14558,0.027664546475821825
14559,0.0016872527211396365
14560,0.007307816414111751
14561,0.0020461673138277496
14562,0.0030107294745198333
14563,0.008489896979881659
14564,0.004506424582785782
14565,0.003785413830717168
14566,0.0007705263641591858
14567,0.0009578839035881772
14568,0.011631292591235763
14569,0.0008202420120575173
14570,0.001016094729447524
14571,0.0009640811961295708
14572,0.004336005931924534
14573,0.0010432980707033032
14574,0.001802267954891759
14575,0.003731407835414282
14576,0.005318638861641696
14577,0.003744661775169635
14578,0.0016920375586673801
14579,0.002439845430392304
14580,0.01553259557890217
14581,0.037475391806285424
14582,0.0021104038377908795
14583,0.018780623763235124
14584,0.08342395487939874
14585,0.009196615672947894
14586,0.0014248189057067655
14587,0.14235573410280675
14588,0.003006551453081271
14589,0.0016553213873088607
14590,0.0036377638024695518
14591,0.0018967542981569681
14592,0.004763125251874315
14593,0.0011841015898146445
14594,0.0014848618247433902
14595,0.004009731200237767
14596,0.091135659917278
14597,0.0013556179954777262
14598,0.0011425668941649873
14599,0.008985494078693748
14600,0.006705423609620409
14601,0.006370368659457961
14602,0.0012836269040629044
14603,0.0017284947917179088
14604,0.004885186709073185
14605,0.0047709831465964254
14606,0.0013159606955753381
14607,0.0008407450161603618
14608,0.0024132287088301234
14609,0.0008849661482725279
14610,0.0009079182586610475
14611,0.032990193175512224
14612,0.006735922142279262
14613,0.005223680765309513
14614,0.009868517741562444
14615,0.0049500408770665975
14616,0.003685749259996012
14617,0.0014189269902181102
14618,0.0038788389686925883
14619,0.0026249310359184336
14620,0.0039021723508149125
14621,0.005097577949833535
14622,0.0014377743662978707
14623,0.007145907817021954
14624,0.005581407865697125
14625,0.002779035368899941
14626,0.0026753415915366048
14627,0.004083025586221641
14628,0.007308056738490799
14629,0.013067490487219053
14630,0.0010537597179203276
14631,0.002680282110383085
14632,0.0009974752272311452
14633,0.001034585569630357
14634,0.006994440701005475
14635,0.0038718338313379766
14636,0.003759488298878145
14637,0.0015318656397685924
14638,0.0010851619958936786
14639,0.0010173253123915754
14640,0.0049670138570790286
14641,0.007228453950624992
14642,0.010425597691425084
14643,0.0008513498682275165
14644,0.0009629037709316787
14645,0.003442962969389735
14646,0.00460907665525941
14647,0.009675934376715658
14648,0.007132812018304185
14649,0.004977936645230118
14650,0.0009580894068642483
14651,0.008771747332453858
14652,0.01669510069480606
14653,0.0009058426642414437
14654,0.0020417009322913644
14655,0.004186283523372971
14656,0.02376428222115029
14657,0.0013196063617146338
14658,0.04702722789738437
14659,0.01141012547135757
14660,0.001000603494245369
14661,0.0038999756443757385
14662,0.016703327465732328
14663,0.09377536261278607
14664,0.0008402744718353225
14665,0.0012487103213937225
14666,0.00207725306205457
14667,0.002283990139914754
14668,0.0639492638392066
14669,0.00606738703200305
14670,0.05882040824958799
14671,0.09332180914631812
14672,0.0024336613974102
14673,0.20988352781354971
14674,0.1280898592988216
14675,0.0039263095000199935
14676,0.09436168756197853
14677,0.0033805817613477636
14678,0.0009596314534579767
14679,0.0012886864428687146
14680,0.039362699831400685
14681,0.0421802650795092
14682,0.06576100673898497
14683,0.25021934591720424
14684,0.16823735630726813
14685,0.0027236264405655166
14686,0.0013553184650427297
14687,0.0025054809041182356
14688,0.00942996645664542
14689,0.0012769690902596125
14690,0.007246901683702187
14691,0.018129052776279058
14692,0.007871955340095903
14693,0.003354830612725211
14694,0.0015712020787710906
14695,0.018993877427572938
14696,0.055822244642681304
14697,0.0013465008669745133
14698,0.06499372559849326
14699,0.0009928420182432449
14700,0.002750829421954809
14701,0.0023496873707778915
14702,0.0029242928277904623
14703,0.0011515866394973214
14704,0.024010139918316877
14705,0.006790011835512684
14706,0.0008709346904952766
14707,0.004888154086175127
14708,0.0024581459971838126
14709,0.004557268942421345
14710,0.0022662166147201786
14711,0.02029661398485231
14712,0.003116174523444717
14713,0.004900005505607314
14714,0.0019851571275672653
14715,0.06537248711217546
14716,0.0012823074858551691
14717,0.00419883512943909
14718,0.005535464786231821
14719,0.04733046840850856
14720,0.03818317902600602
14721,0.001087949772771968
14722,0.0013046635279043695
14723,0.005761582219365229
14724,0.0008648535629591378
14725,0.0018474958954279906
14726,0.07888231373784586
14727,0.002696186639558861
14728,0.002160209097298098
14729,0.06298993557626674
14730,0.015607457181004277
14731,0.003154014914107251
14732,0.0031998904183321137
14733,0.0010107092358665585
14734,0.032874443297775634
14735,0.0017618826411956094
14736,0.003442197839668039
14737,0.0010132405392693654
14738,0.00976605393567627
14739,0.07744151051575854
14740,0.02374416892164962
14741,0.0063548528874751865
14742,0.0014354200000023603
14743,0.004050363591851423
14744,0.005515001438430104
14745,0.0009774981597318324
14746,0.007059396579720609
14747,0.08543713015008038
14748,0.008339500638228907
14749,0.003939792780962806
14750,0.003939624928315084
14751,0.0032834337947451673
14752,0.013246795613233492
14753,0.00389684000800275
14754,0.05239998668918379
14755,0.010251143001706601
14756,0.004874193616620075
14757,0.03061861962798159
14758,0.008049634583990687
14759,0.0014348115470978803
14760,0.003351742472841407
14761,0.004544467514183908
14762,0.0031766584828454084
14763,0.08198012806695286
14764,0.00454265190035175
14765,0.009101872011998996
14766,0.011550451394542305
14767,0.0013310746191279494
14768,0.0012905440399378868
14769,0.0008456831231731785
14770,0.00093978170939415
14771,0.02394661105911261
14772,0.0038550535229386735
14773,0.0017426386044471942
14774,0.035638160708975804
14775,0.0013009906816376202
14776,0.002263210495173866
14777,0.0020928297919317845
14778,0.04300724158525809
14779,0.031607326810330405
14780,0.04422096918763849
14781,0.0026553218224259654
14782,0.0026668681764514656
14783,0.0014699469876856125
14784,0.0009238975944012637
14785,0.021682428677564744
14786,0.002337921272174346
14787,0.1301480927016071
14788,0.0014169574818371311
14789,0.0019063297377855393
14790,0.004081849178686458
14791,0.03292156474879244
14792,0.02899659603789031
14793,0.0070854146463076445
14794,0.1320312865617404
14795,0.0017945116042891668
14796,0.034002519247988125
14797,0.042605337234274045
14798,0.005433181293547133
14799,0.002486195582644569
14800,0.005375924030556486
14801,0.0023735523111808004
14802,0.0033425017409663246
14803,0.0010078869799249423
14804,0.020028252129251637
14805,0.017842609799072262
14806,0.0027610542140733426
14807,0.004436401347614389
14808,0.1068371793716863
14809,0.0021895235722967023
14810,0.0013483716434306242
14811,0.0032337912317536356
14812,0.003963053387797254
14813,0.0037703145345225043
14814,0.0071298013469202615
14815,0.0024969997080089065
14816,0.030174911923837405
14817,0.006535143614043923
14818,0.022311392558625104
14819,0.003841678235458559
14820,0.38738686302256925
14821,0.0008308048741112008
14822,0.024282513271212294
14823,0.02266227203624764
14824,0.010730765804587232
14825,0.0015938726062208434
14826,0.0008739402084165052
14827,0.0016128665939499729
14828,0.022833833542351748
14829,0.021855893631399833
14830,0.005327949982702449
14831,0.006580277695117308
14832,0.0058252569258947446
14833,0.006218566922171917
14834,0.019630129383702257
14835,0.006897789170275273
14836,0.003843144130833427
14837,0.01088945212787593
14838,0.004281409112584348
14839,0.004158376768942146
14840,0.006523992581811468
14841,0.0022097119096874743
14842,0.005280765442667945
14843,0.0009148316779805425
14844,0.018644960718226657
14845,0.4841280605164579
14846,0.002749104474894437
14847,0.0027629685325504896
14848,0.01910704527662702
14849,0.0052426425921366804
14850,0.003585408121934594
14851,0.0055086465300990045
14852,0.0016688883857548826
14853,0.002470947247225628
14854,0.0013860783284031163
14855,0.0011645123827057893
14856,0.0010149606151439907
14857,0.003959958349979417
14858,0.001611619620003587
14859,0.0010787317105351915
14860,0.001582670229997416
14861,0.005147013904760847
14862,0.0012304209588910704
14863,0.008184187490215964
14864,0.0009514172145815583
14865,0.0009117635508128725
14866,0.0015728809811721962
14867,0.0013338557286739414
14868,0.0010132405392693654
14869,0.003996380840932633
14870,0.005642999106196058
14871,0.0010140865719100234
14872,0.001087186415648553
14873,0.0023261940623781788
14874,0.002367134508751089
14875,0.018107466304005514
14876,0.04428324789912815
14877,0.00745281430982046
14878,0.0011346454599175688
14879,0.0011088705202375048
14880,0.004438018084071865
14881,0.022213552396180895
14882,0.001293007774989056
14883,0.008984470512232879
14884,0.0016340224826099088
14885,0.0051161383929593865
14886,0.5641980210507004
14887,0.0009766120068018021
14888,0.013381649736890025
14889,0.0011427346389303087
14890,0.0018843047420902459
14891,0.0010047040483692079
14892,0.001035749526035816
14893,0.0016573740096476179
14894,0.01786633108314353
14895,0.006225806252953547
14896,0.1603886261800601
14897,0.8841403637481517
14898,0.1439206730127537
14899,0.0015838323562670817
14900,0.000915589078688062
14901,0.0008808813771618351
14902,0.001454350389696553
14903,0.0010782728657895925
14904,0.002641884924569336
14905,0.0038848022824287945
14906,0.03353019125148337
14907,0.001561500703268654
14908,0.0009640811961295708
14909,0.0009766120068018021
14910,0.026561949474296985
14911,0.2832838770055825
14912,0.0013744701793918365
14913,0.001454350389696553
14914,0.022503706243083812
14915,0.004854663819914446
14916,0.003007646276053563
14917,0.00126586964081306
14918,0.0012841797748468686
14919,0.001062037797172091
14920,0.00241493076000082
14921,0.7310552046063405
14922,0.02865414609296702
14923,0.003987399441618768
14924,0.0011389471791117582
14925,0.0012385869165238248
14926,0.0012112627061204504
14927,0.0010970893217713163
14928,0.0008705975975585113
14929,0.0013416344068882197
14930,0.008543659799651599
14931,0.004711176294678593
14932,0.0019973879962573607
14933,0.00106564816583176
14934,0.001088395378596957
14935,0.05155048435840043
14936,0.001458367357202208
14937,0.000966609629024407
14938,0.0010378707035337295
14939,0.06220155038948522
14940,0.0031426042713903826
14941,0.0024988981228635495
14942,0.07722452118143798
14943,0.0019099699521197603
14944,0.010460649089838188
14945,0.005054518326567854
14946,0.0016064416173714536
14947,0.0012664553476362072
14948,0.0011035151147699028
14949,0.01158545839665746
14950,0.0019693369771384595
14951,0.004804795066770911
14952,0.0011933833976713413
14953,0.004789911559723208
14954,0.0944751079721415
14955,0.49507546028880295
14956,0.08834218072385193
14957,0.008170481395532997
14958,0.001259255540086384
14959,0.006726557387735558
14960,0.07077716081425955
14961,0.0641714189060237
14962,0.0017383603031430855
14963,0.0014102962545779706
14964,0.0009859559027800592
14965,0.17658973887462176
14966,0.0013092860837673709
14967,0.0009640811961295708
14968,0.0013486317404682382
14969,0.0011177051524559548
14970,0.000939647225216189
14971,0.06322117591597291
14972,0.0016144781523262427
14973,0.001018032949131117
14974,0.0011566517381668634
14975,0.0009766120068018021
14976,0.0009232837661034785
14977,0.0022514366963097537
14978,0.0019191601940103627
14979,0.004340919968127377
14980,0.03688105337009904
14981,0.01920707449006757
14982,0.0009140342978613033
14983,0.0015129872565495626
14984,0.0035726166083577624
14985,0.006971455089563631
14986,0.011773698540813716
14987,0.0024409001444040614
14988,0.001419733587743092
14989,0.0009766120068018021
14990,0.001369720743819846
14991,0.0014286271066191862
14992,0.001936603436929151
14993,0.001344122843968577
14994,0.12029472118695482
14995,0.0008785476906912209
14996,0.0012996864749418853
14997,0.0010132405392693654
14998,0.0014733616813736481
14999,0.0024224651253228094
15000,0.11298430057174269
15001,0.001085807827628397
15002,0.0014586089015608847
15003,0.3328633331796787
15004,0.38721248708051315
15005,0.0008555410001379241
15006,0.000897294279740841
15007,0.0010132405392693654
15008,0.0008872481508474315
15009,0.001520517017246307
15010,0.0015970348982161772
15011,0.009882100306119608
15012,0.0656890110530991
15013,0.03191309784067675
15014,0.0009930254138573917
15015,0.020552808086416477
15016,0.12312388622047495
15017,0.2286921118797038
15018,0.0010786117479939883
15019,0.0015242467425599876
15020,0.0009654964525809545
15021,0.000863782889689948
15022,0.0018322752820323957
15023,0.2949491893625647
15024,0.0016453266091462774
15025,0.07819810737524124
15026,0.0015029077355304548
15027,0.001402576049817384
15028,0.0009074509991695111
15029,0.0014228562681682059
15030,0.0013514242702683606
15031,0.027413310975562086
15032,0.1019738037398408
15033,0.0010884087018593958
15034,0.001221412483064276
15035,0.3558030554465669
15036,0.0017912131487586315
15037,0.00989332021205479
15038,0.017301919254414704
15039,0.001525747097591202
15040,0.0011940276774958032
15041,0.0010483355743961887
15042,0.0009031721469007823
15043,0.000866300754963502
15044,0.15561018717401146
15045,0.015269935287871437
15046,0.0029047072859393857
15047,0.007034028822607133
15048,0.0008963915205969617
15049,0.00120591100399786
15050,0.0009152626794843258
15051,0.0014138176674305817
15052,0.047402150019809075
15053,0.0010580810190754417
15054,0.0010667777953010406
15055,0.02502640519377153
15056,0.014901856164414142
15057,0.22398515941261163
15058,0.001108679862777014
15059,0.013337969036411641
15060,0.09498976281895359
15061,0.0011523445712205193
15062,0.001009781211007787
15063,0.005649139251724224
15064,0.008155554107769362
15065,0.011737542695922467
15066,0.004639761229823089
15067,0.0009064462327551061
15068,0.08918998857519511
15069,0.027037184188762813
15070,0.009499803365854577
15071,0.13106468166431967
15072,0.0009654964525809545
15073,0.07134746304867597
15074,0.0044468828839406005
15075,0.0009121499803980391
15076,0.0009766120068018021
15077,0.004960301122808549
15078,0.0012841797748468686
15079,0.0008963108868941047
15080,0.0010380083691732683
15081,0.00106564816583176
15082,0.7721353776804535
15083,0.31495034171762504
15084,0.001450667859628574
15085,0.0013914764547812172
15086,0.0008993986249869882
15087,0.0074330683444174765
15088,0.0008996112983885815
15089,0.012048370607193092
15090,0.004604592562367672
15091,0.2808782609315455
15092,0.0872279691013715
15093,0.08151521756636118
15094,0.0028679069308132246
15095,0.0009640811961295708
15096,0.045787993037600346
15097,0.001244369503832325
15098,0.0014328910778380224
15099,0.0010694803613111833
15100,0.006825065754003331
15101,0.0012057133007014164
15102,0.0009312783969952388
15103,0.0013281577415560019
15104,0.003173914677968714
15105,0.08470729213181968
15106,0.170750134735728
15107,0.0012111813653871313
15108,0.0031442824773121702
15109,0.003176804005963594
15110,0.005536892118842571
15111,0.04971956890673487
15112,0.0092790538714904
15113,0.0010132405392693654
15114,0.0009675758693075243
15115,0.0009792415625975894
15116,0.0162742652315539
15117,0.0009974752272311452
15118,0.0013832975866970528
15119,0.0010164045138637142
15120,0.0010516326167622355
15121,0.024908616908091902
15122,0.6612331078658732
15123,0.0013420212302978026
15124,0.0011345442828427192
15125,0.0013161197231161064
15126,0.0011087829092644357
15127,0.001182632860084623
15128,0.0009516915070796571
15129,0.003588300916807126
15130,0.036613486686596225
15131,0.001131186368857999
15132,0.00612980806733939
15133,0.050693539112249254
15134,0.0012026158894523713
15135,0.011362521178712537
15136,0.02247052314142711
15137,0.17579158344862206
15138,0.017375272516553474
15139,0.0009766120068018021
15140,0.0010132405392693654
15141,0.0010667777953010406
15142,0.0014562594550699452
15143,0.0009570919905277927
15144,0.0203565527109057
15145,0.0008831903650288145
15146,0.0011109278005335048
15147,0.000905502376307118
15148,0.03134549446427087
15149,0.011505390568409804
15150,0.007102588145139384
15151,0.001581310863520676
15152,0.0009073370947048956
15153,0.0010667777953010406
15154,0.012193201108714193
15155,0.02487613019674596
15156,0.006014127000353589
15157,0.2301673016457317
15158,0.011134743419838394
15159,0.42012673051980987
15160,0.0042739513136119105
15161,0.007424535325243225
15162,0.0010140865719100234
15163,0.0008931200891759048
15164,0.027031092621329387
15165,0.02501259376146955
15166,0.003391839763267418
15167,0.006373270651588409
15168,0.0013782233942506246
15169,0.0009475361876821997
15170,0.20398474814727796
15171,0.007218684915264851
15172,0.016237618039619817
15173,0.003225295544119393
15174,0.04395265018646905
15175,0.004172840904216389
15176,0.014300425421633454
15177,0.0016782256819350642
15178,0.0009953760641696744
15179,0.003982116165511749
15180,0.023611672313569632
15181,0.00091835242325179
15182,0.032912911628463645
15183,0.003003107129699713
15184,0.0012554809570926734
15185,0.0034200611428754323
15186,0.0008995462670585138
15187,0.0012108096371520585
15188,0.004180009780192555
15189,0.017132972653708386
15190,0.0010900971250258629
15191,0.42178279509371763
15192,0.0015385273792753683
15193,0.0014848618247433902
15194,0.0008252513523947346
15195,0.0017727410815995275
15196,0.01196266680183343
15197,0.007346140321929198
15198,0.000865479254928862
15199,0.04082859424740558
15200,0.0023570544536339667
15201,0.001451829123094085
15202,0.0011467469952457531
15203,0.0029118254544354843
15204,0.033907535424434095
15205,0.002046995039911755
15206,0.1561637725945382
15207,0.6734710819771715
15208,0.07193196664315983
15209,0.6481581269134061
15210,0.0029973672218136286
15211,0.0010132405392693654
15212,0.001510398703830339
15213,0.15390235951687067
15214,0.0054056217818190585
15215,0.33791596634045407
15216,0.5802828187347422
15217,0.005849848720300327
15218,0.0037699583853559315
15219,0.011970507964620828
15220,0.0010540205157309147
15221,0.026874906444338546
15222,0.0029615117839283003
15223,0.0009712980194947289
15224,0.004028177691304881
15225,0.0011035151147699028
15226,0.008187505703476424
15227,0.014532212268375254
15228,0.05016069686307397
15229,0.06857304074732096
15230,0.0012882600625791843
15231,0.0010132405392693654
15232,0.0011265529078672161
15233,0.0039593460305762575
15234,0.006091863105657679
15235,0.0013892525020322629
15236,0.0011124523149369891
15237,0.0009633076930752638
15238,0.018252030169383898
15239,0.004099458207155158
15240,0.012374706528472662
15241,0.0010667777953010406
15242,0.009352371812110221
15243,0.023793198804488238
15244,0.000873427107303381
15245,0.019251827445104876
15246,0.006370179893657641
15247,0.0013914764547812172
15248,0.006250708679043633
15249,0.0009757668346987012
15250,0.012797788599323576
15251,0.001740087246252553
15252,0.0015042208995534124
15253,0.21073876328920865
15254,0.0016201775004129188
15255,0.0013004990804084957
15256,0.010379752107357532
15257,0.015188805412725012
15258,0.561171559383267
15259,0.0012451225144890898
15260,0.053006334038636145
15261,0.008125107884526916
15262,0.07296351396235981
15263,0.01876616221237751
15264,0.021960751851837573
15265,0.0072870235446787215
15266,0.16788007272306427
15267,0.014886813090519679
15268,0.0011433268765721485
15269,0.001327384266415174
15270,0.03192833997238717
15271,0.0014328910778380224
15272,0.0011061595762465667
15273,0.0011062980552464022
15274,0.001406780032328113
15275,0.004697255527533524
15276,0.3158629348306593
15277,0.0011178247492049638
15278,0.06746932839702956
15279,0.0010921381120799674
15280,0.017841554233381365
15281,0.5064968321914319
15282,0.001040122305185555
15283,0.005777661846670097
15284,0.0029581903849166926
15285,0.011133641040598562
15286,0.12388203440514159
15287,0.001289298370908792
15288,0.0009212432856651249
15289,0.010537760364152434
15290,0.3023565125405582
15291,0.0032640059374693183
15292,0.0016784894154034478
15293,0.0010732136248727685
15294,0.005589888420922349
15295,0.0015324845564845568
15296,0.013728986543140137
15297,0.0009753904214248294
15298,0.00577650753471275
15299,0.001333615992273592
15300,0.0010212702808340697
15301,0.0009766120068018021
15302,0.011468237981052273
15303,0.044006553081898846
15304,0.0012026158894523713
15305,0.005708317541776031
15306,0.011318101861210222
15307,0.0009546292784105307
15308,0.15860610461306382
15309,0.001373761212704339
15310,0.004171864048462896
15311,0.03647384617451969
15312,0.02746757634711373
15313,0.0009215251645393331
15314,0.009573940802131644
15315,0.006666376996742793
15316,0.012969591451390169
15317,0.2125783010113802
15318,0.0011749640478252458
15319,0.04983259608737572
15320,0.13857618616662173
15321,0.01566826145441965
15322,0.0011893145319134136
15323,0.14124579630572429
15324,0.0009751035292054231
15325,0.005264655380680431
15326,0.0810937927270243
15327,0.0011940276774958032
15328,0.022767867029591108
